Emitente;Nome fantasia emitente;Nota;Série;Modelo;Total Nota;uso contabil;Data emissão;Data vencimento;Ctrle;Unidade;Nome unidade;Unidade autorização;Nome unidade autorização;Centro atividade;Nome centro atividade;Situação;Situação;Nome usuário;Data inclusão;Observações;Observações CSC;Data autorização;Observações autorização;Data ult sit fechada;Autorizador;LANCAMENTO TESF0028
02427026/0009-01;ALIANÇA NAVEGAÇÃO E LOGISTICA LTDA;185377;4;57;10.008,20;171,00;03/12/2025;10/01/2026;28;92;FAC;28;U.V. RECIFE/CB.ST.AG;698;LOGISTICA SECUNDARIA A;LANÇADA;Solicitação autorizada por: MICHAEL DUARTE DA LUZ em: 31/12/2025 11:23:41 Nota lançada por ADRIANA APARECIDA DOS SANTOS em: 05/01/2026;GUSTAVO LUIZ GOMES DOS SANTOS;31/12/2025;CTE 185377 NFS 41592 / 41593 CARGA 14232511;;31/12/2025;;05/01/2026 14:15;MICHAEL DUARTE DA LUZ;
04368898/0001-06;COPEL DISTRIBUICAO S.A.;316122;2;66;839.887,47;30,00;18/12/2025;01/01/2026;12;92;FAC;92;FAC;2054;ADMINISTRACAO;LANÇADA;Solicitação autorizada por: VANESSA CORREA DE MORAES MARTINI em: 30/12/2025 16:49:20 Nota lançada por ADRIANA APARECIDA DOS SANTOS em: 30/12/2025;ADRIANA APARECIDA DOS SANTOS;30/12/2025;ENERGIA ELÉTRICA;;30/12/2025;;30/12/2025 17:06;VANESSA CORREA DE MORAES MARTINI;
00428307/0012-40;EXPRESSO SAO MIGUEL S/A;192109;11;57;267;242;29/12/2025;19/01/2026;1;92;FAC;92;FAC;2054;ADMINISTRACAO;LANÇADA;Solicitação autorizada por: VANESSA CORREA DE MORAES MARTINI em: 30/12/2025 16:04:08 Nota lançada por ADRIANA APARECIDA DOS SANTOS em: 30/12/2025;ADRIANA APARECIDA DOS SANTOS;30/12/2025;REFERENTE ENVIO PARA CONSERTO;;30/12/2025;;30/12/2025 16:08;VANESSA CORREA DE MORAES MARTINI;
00428307/0012-40;EXPRESSO SAO MIGUEL S/A;192110;11;57;102;242;29/12/2025;19/01/2026;1;92;FAC;92;FAC;2054;ADMINISTRACAO;LANÇADA;Solicitação autorizada por: VANESSA CORREA DE MORAES MARTINI em: 30/12/2025 16:04:08 Nota lançada por ADRIANA APARECIDA DOS SANTOS em: 30/12/2025;ADRIANA APARECIDA DOS SANTOS;30/12/2025;REFERENTE ENVIO PARA CONSERTO;;30/12/2025;;30/12/2025 16:10;VANESSA CORREA DE MORAES MARTINI;
00428307/0012-40;EXPRESSO SAO MIGUEL S/A;192037;11;57;124;242;22/12/2025;12/01/2026;8;92;FAC;92;FAC;2054;ADMINISTRACAO;LANÇADA;Solicitação autorizada por: VANESSA CORREA DE MORAES MARTINI em: 30/12/2025 15:51:21 Nota lançada por ADRIANA APARECIDA DOS SANTOS em: 30/12/2025;ADRIANA APARECIDA DOS SANTOS;30/12/2025;REFERENTE ENVIO PARA CONSERTO;;30/12/2025;;30/12/2025 15:59;VANESSA CORREA DE MORAES MARTINI;
00428307/0012-40;EXPRESSO SAO MIGUEL S/A;191936;11;57;114;242;19/12/2025;09/01/2026;11;92;FAC;92;FAC;2054;ADMINISTRACAO;LANÇADA;Solicitação autorizada por: VANESSA CORREA DE MORAES MARTINI em: 30/12/2025 15:51:21 Nota lançada por ADRIANA APARECIDA DOS SANTOS em: 30/12/2025;ADRIANA APARECIDA DOS SANTOS;30/12/2025;REFERENTE ENVIO PARA CONSERTO;;30/12/2025;;30/12/2025 16:02;VANESSA CORREA DE MORAES MARTINI;
42278291/0001-24;LOG-IN - LOGISTICA INTERMODAL S/A;40721;S;99;3.900,00;233,00;11/12/2025;11/01/2026;19;92;FAC;69;U.V. FORTALEZA;698;LOGISTICA SECUNDARIA A;LANÇADA;Solicitação autorizada por: DIRCEU ANGNES em: 30/12/2025 14:13:02 Nota lançada por ADRIANA APARECIDA DOS SANTOS em: 30/12/2025;ANDERSON PERES MARTINS;30/12/2025;CUSTO EXTRA DE DEMURRAGE - CONTAINER DE Nº MEDU9664997 - (NFS  39037 / 39038  - CARGA: 14076429) FRETE DA LOG-IN - CTE COMPLEMENTAR 98274;;30/12/2025;;30/12/2025 15:30;DIRCEU ANGNES;
09461508/0001-61;STEEL COMERCIO DE PECAS E EQUIP. INDUSTRIAIS LTDA;11788;1;55;7.985,60;;26/12/2025;23/01/2026;4;92;FAC;92;FAC;1155;ENGENHARIA E MANUTENCAO;LANÇADA;Solicitação autorizada por: VANESSA CORREA DE MORAES MARTINI em: 30/12/2025 14:05:09 Nota lançada por WILLIAN MARCONDES DOS SANTOS em: 30/12/2025;WILLIAN MARCONDES DOS SANTOS;30/12/2025;;;30/12/2025;Autorizado automaticamente através do pedido de compra 4456807 em 29/12/2025.;30/12/2025 14:05;VANESSA CORREA DE MORAES MARTINI;
42278291/0035-73;LOG-IN - LOGISTICA INTERMODAL S/A;103781;59;57;5.161,29;233,00;11/12/2025;11/01/2026;19;92;FAC;69;U.V. FORTALEZA;698;LOGISTICA SECUNDARIA A;LANÇADA;Solicitação autorizada por: DIRCEU ANGNES em: 30/12/2025 14:13:02 Nota lançada por ADRIANA APARECIDA DOS SANTOS em: 30/12/2025;ANDERSON PERES MARTINS;30/12/2025;CUSTO EXTRA DE MONITORAMENTO E ENERGIA - CONTAINER DE Nº MEDU9664997 - (NFS  39037 / 39038  - CARGA: 14076429) FRETE DA LOG-IN - CTE COMPLEMENTAR 98274;;30/12/2025;;30/12/2025 15:10;DIRCEU ANGNES;
42278291/0035-73;LOG-IN - LOGISTICA INTERMODAL S/A;103773;59;57;3.225,81;233,00;11/12/2025;11/01/2026;19;92;FAC;69;U.V. FORTALEZA;698;LOGISTICA SECUNDARIA A;LANÇADA;Solicitação autorizada por: DIRCEU ANGNES em: 30/12/2025 14:13:02 Nota lançada por ADRIANA APARECIDA DOS SANTOS em: 30/12/2025;ANDERSON PERES MARTINS;30/12/2025;CUSTO EXTRA DE ARMAZENAGEM - CONTAINER DE Nº MEDU9664997 - (NFS  39037 / 39038  - CARGA: 14076429) FRETE DA LOG-IN - CTE COMPLEMENTAR 98274;;30/12/2025;;30/12/2025 14:59;DIRCEU ANGNES;
59376166/0001-50;59.376.166 JOSE AMILTON RODRIGUES DE LIMA;179;S;99;1.240,00;114,00;26/12/2025;;4;92;FAC;92;FAC;1759;CONTROLE DE QUALIDADE;LANÇADA;Solicitação autorizada por: VANESSA CORREA DE MORAES MARTINI em: 30/12/2025 13:58:52 Nota lançada por ADRIANA APARECIDA DOS SANTOS em: 30/12/2025;RODRIGO WALTER;30/12/2025;FOI NECESSÁRIO TRANSPORTE DE DOCUMENTEÇÃO DO SIF URGENTE PARA CURITIBA, PRESTADOR EMITIU NOTA DE SERVIÇO E NÃO CONSEGUIU CANCELAR DEVIDO RECESSO DA PREFEITURA SENDO ASSIM NÃO CONSEGUIU EMITIR O CTE, SENDO NECESSÁRIO SEGUIR COM O RETIRADO PARA LANÇAMENTO DA NOTA DE SERVIÇOS PRESTADOS.;;30/12/2025;Autorizado automaticamente através do pedido de compra 4456761 em 29/12/2025.;30/12/2025 16:35;VANESSA CORREA DE MORAES MARTINI;
76803766/0001-76;VIACAO SANTANA IAPO LTDA;1318;2;67;218.057,60;211,00;30/12/2025;02/01/2026;0;92;FAC;16;MATRIZ;452;CSC GESTAO PESSOAS;LANÇADA;Solicitação autorizada por: PAULA FERNANDA DA SILVA GIACOMELLI em: 30/12/2025 13:42:19 Nota lançada por ADRIANA APARECIDA DOS SANTOS em: 30/12/2025;GUSTAVO NATHAN ALVES DA COSTA;30/12/2025;;;30/12/2025;;30/12/2025 14:47;PAULA FERNANDA DA SILVA GIACOMELLI;
76803766/0001-76;VIACAO SANTANA IAPO LTDA;1317;2;67;73.290,00;211,00;30/12/2025;02/01/2026;0;92;FAC;16;MATRIZ;452;CSC GESTAO PESSOAS;LANÇADA;Solicitação autorizada por: PAULA FERNANDA DA SILVA GIACOMELLI em: 30/12/2025 13:42:19 Nota lançada por ADRIANA APARECIDA DOS SANTOS em: 30/12/2025;GUSTAVO NATHAN ALVES DA COSTA;30/12/2025;;;30/12/2025;;30/12/2025 14:50;PAULA FERNANDA DA SILVA GIACOMELLI;
08722245/0001-34;EMS EQUIPAMENTOS;11072;1;1;133.023,78;327,00;30/12/2025;;0;92;FAC;92;FAC;2054;ADMINISTRACAO;LANÇADA;Solicitação autorizada por: VANESSA CORREA DE MORAES MARTINI em: 30/12/2025 14:39:00 Nota lançada por ADRIANA APARECIDA DOS SANTOS em: 30/12/2025;ADRIANA APARECIDA DOS SANTOS;30/12/2025;LANÇAMENTO NA OPERAÇÃO 999 - NF 11072 LANÇADA COMO MATERIAL UTILIZADA EM SERVIÇO, PORÉM DEVERIA SER IMOBILIZADO;;30/12/2025;;30/12/2025 15:01;VANESSA CORREA DE MORAES MARTINI;
08270727/0001-09;SOFTWAREONE COMERCIO E SERVICOS DE INFORMATICA LTDA;39951;S;99;192.000,54;336,00;15/12/2025;22/01/2026;15;92;FAC;16;MATRIZ;655;INFORMATICA;LANÇADA;Solicitação autorizada por: PABLO RODRIGO SEMPREBOM em: 30/12/2025 08:29:51 Nota lançada por ADRIANA APARECIDA DOS SANTOS em: 30/12/2025;GUSTAVO LORENZETT;30/12/2025;MPSA: VMWARE CASTRO;;30/12/2025;;30/12/2025 14:16;PABLO RODRIGO SEMPREBOM;
45227419/0001-19;POTENCIAL ELETRICA INDUSTRIAL;239;E;99;70.258,56;332,00;23/12/2025;01/01/2026;7;92;FAC;92;FAC;1155;ENGENHARIA E MANUTENCAO;LANÇADA;Solicitação autorizada por: VANESSA CORREA DE MORAES MARTINI em: 30/12/2025 07:55:05 Nota lançada por ADRIANA APARECIDA DOS SANTOS em: 30/12/2025;CAMILA RAMOS;30/12/2025;INSTALAÇÕES ELÉTRICAS DO LAVADOR DE CONTENTORES, BARREIRA SANITÁRIA, CÂMARA DE MATÉRIA PRIMA E AMPLIAÇÃO DA CENTRAL DE ÁGUA QUENTE.;;30/12/2025;;30/12/2025 09:15;VANESSA CORREA DE MORAES MARTINI;
75584110/0001-47;EXAL;63037;3;55;464.362,20;288,00;29/12/2025;19/01/2026;0;92;FAC;92;FAC;2054;ADMINISTRACAO;LANÇADA;Solicitação autorizada por: VANESSA CORREA DE MORAES MARTINI em: 29/12/2025 17:03:51 Nota lançada por ADRIANA APARECIDA DOS SANTOS em: 30/12/2025;CELINA CASSIA CASTRO SOARES;29/12/2025;NOTA REFERENTE A REFEIÇÕES CONSUMIDAS NO RESTAURANTE TERCEIRO EXAL EM DEZEMBRO/2025;;29/12/2025;;30/12/2025 11:24;VANESSA CORREA DE MORAES MARTINI;
45283886/0001-66;ANACLETO SOCIEDADE INDIVIDUAL DE ADVOCACIA;156;S;99;3.020,00;286,00;23/12/2025;;6;92;FAC;92;FAC;2054;ADMINISTRACAO;LANÇADA;Solicitação autorizada por: VANESSA CORREA DE MORAES MARTINI em: 29/12/2025 16:35:45 Nota lançada por ADRIANA APARECIDA DOS SANTOS em: 30/12/2025;ALANA TELES SURRASKI;29/12/2025;DEFINIÇÃO JURÍDICO CORPORATIVO PARA ACOMPANHAMENTO DE AUDIÊNCIAS QUE SÃO AGENDADAS.NA NF CONSTA 4 INSTRUÇÕES, 5 INICIAIS E 1 CONCILIAÇÃO REALIZADAS  NO MÊS DE DEZEMBRO.;;29/12/2025;Autorizado automaticamente através do pedido de compra 4456048 em 29/12/2025.;30/12/2025 08:45;VANESSA CORREA DE MORAES MARTINI;
10341936/0001-30;DORTA ASSESSORIA OCUPACIONAL;762;S;99;270;169,00;23/12/2025;05/01/2026;6;92;FAC;92;FAC;2101;SEGURANCA E SAUDE;LANÇADA;Solicitação autorizada por: VANESSA CORREA DE MORAES MARTINI em: 29/12/2025 16:33:05 Nota lançada por ADRIANA APARECIDA DOS SANTOS em: 30/12/2025;MARIANE TAVARES FLORA;29/12/2025;REFERNTE A EXAMES DEMISSIONAIS JOVENS APRENDIZES DE LONDRINA;;29/12/2025;;30/12/2025 09:02;VANESSA CORREA DE MORAES MARTINI;
50529571/0001-96;WEBER FOOD TECHNOLOGY DO BRASIL LTDA;193;A1;99;5.164,25;242,00;29/12/2025;01/01/2026;0;92;FAC;92;FAC;1155;ENGENHARIA E MANUTENCAO;LANÇADA;Solicitação autorizada por: VANESSA CORREA DE MORAES MARTINI em: 29/12/2025 15:13:27 Nota lançada por ADRIANA APARECIDA DOS SANTOS em: 29/12/2025;CAMILA RAMOS;29/12/2025;ATENDIMENTO REALIZADO IN-LOCO, ASSISTÊNCIA TÉCNICA NO EQUIPAMENTO TEXTOR.;;29/12/2025;;29/12/2025 16:18;VANESSA CORREA DE MORAES MARTINI;
58146236/0001-10;PHDS COMERCIO DE FERRAGENS LTDA;518;S;99;6.403,76;242,00;26/12/2025;09/02/2026;3;92;FAC;92;FAC;1155;ENGENHARIA E MANUTENCAO;LANÇADA;Solicitação autorizada por: VANESSA CORREA DE MORAES MARTINI em: 29/12/2025 14:06:19 Nota lançada por ADRIANA APARECIDA DOS SANTOS em: 29/12/2025;CAMILA RAMOS;29/12/2025;TORNO - USINAGEM BUCHA FUSO ABERTURA DA TAMPA DO DIGESTOR DE PELOS.;;29/12/2025;;29/12/2025 14:15;VANESSA CORREA DE MORAES MARTINI;
58146236/0001-10;PHDS COMERCIO DE FERRAGENS LTDA;519;S;99;1.860,00;242,00;26/12/2025;09/02/2026;3;92;FAC;92;FAC;1155;ENGENHARIA E MANUTENCAO;LANÇADA;Solicitação autorizada por: VANESSA CORREA DE MORAES MARTINI em: 29/12/2025 14:06:19 Nota lançada por ADRIANA APARECIDA DOS SANTOS em: 29/12/2025;CAMILA RAMOS;29/12/2025;TORNO - FABRICAÇÃO DE BUCHA EM AÇO INOX E USINAGEM EM FLANGE DO TUMBLER DE MASSAS 02 DA PRESUNTARIA.;;29/12/2025;;29/12/2025 14:24;VANESSA CORREA DE MORAES MARTINI;
80229461/0001-70;VIACAO CAMPOS GERAIS LTDA;11020112;S;99;3.970,00;40,00;29/12/2025;;0;92;FAC;16;MATRIZ;452;CSC GESTAO PESSOAS;LANÇADA;Solicitação autorizada por: PAULA FERNANDA DA SILVA GIACOMELLI em: 29/12/2025 13:26:56 Nota lançada por ADRIANA APARECIDA DOS SANTOS em: 29/12/2025;GUSTAVO NATHAN ALVES DA COSTA;29/12/2025;NF PAGA VIA ADTO 4418136;;29/12/2025;;29/12/2025 14:05;PAULA FERNANDA DA SILVA GIACOMELLI;
77557635/0001-19;TRANSPORTES COLETIVOS GRANDE LONDRINA LTDA;49875238;S;99;6.618,25;40,00;29/12/2025;;0;92;FAC;16;MATRIZ;452;CSC GESTAO PESSOAS;LANÇADA;Solicitação autorizada por: PAULA FERNANDA DA SILVA GIACOMELLI em: 29/12/2025 13:26:56 Nota lançada por ADRIANA APARECIDA DOS SANTOS em: 29/12/2025;GUSTAVO NATHAN ALVES DA COSTA;29/12/2025;NF PAGA VIA ADTO 5499860;;29/12/2025;;29/12/2025 14:07;PAULA FERNANDA DA SILVA GIACOMELLI;
51190248/0001-01;51.190.248 PEDRO PAULO PEDROZO;13;555;57;6.350,00;114,00;26/12/2025;;3;92;FAC;92;FAC;2208;GESTAO DE PRODUCAO;LANÇADA;Solicitação autorizada por: VANESSA CORREA DE MORAES MARTINI em: 29/12/2025 15:12:37 Nota lançada por ADRIANA APARECIDA DOS SANTOS em: 29/12/2025;KARIME PODOLAN;29/12/2025;AUXÍLIO MUDANÇA (FRETE) DA ENCARREGADA RENATA SANDRIN (FAAL) QUE FOI SELECIONADA PARA A VAGA DO FAC.;;29/12/2025;;29/12/2025 16:28;VANESSA CORREA DE MORAES MARTINI;
34028316/0028-23;AC GUARACIABA;1144746;S;99;27,63;254,00;29/12/2025;;0;92;FAC;92;FAC;2054;ADMINISTRACAO;LANÇADA;Solicitação autorizada por: VANESSA CORREA DE MORAES MARTINI em: 29/12/2025 15:12:45 Nota lançada por ADRIANA APARECIDA DOS SANTOS em: 29/12/2025;CELINA CASSIA CASTRO SOARES;29/12/2025;FATURA/BOLETO CORREIO REFERENTE A ENVIO DE CORRESPONDÊNCIA;;29/12/2025;;29/12/2025 16:22;VANESSA CORREA DE MORAES MARTINI;
58146236/0001-10;PHDS COMERCIO DE FERRAGENS LTDA;537;S;99;3.768,00;242,00;26/12/2025;09/02/2026;3;92;FAC;92;FAC;1155;ENGENHARIA E MANUTENCAO;LANÇADA;Solicitação autorizada por: VANESSA CORREA DE MORAES MARTINI em: 29/12/2025 14:06:27 Nota lançada por ADRIANA APARECIDA DOS SANTOS em: 29/12/2025;CAMILA RAMOS;29/12/2025;TORNO - USINAGEM EM CONJUNTO CUBO MOEDOR / TROCAR PARAFUSO DA CARCAÇA/ TROCAR ROLAMENTO 30209 ROLOS CONICO, TROCAR RETENTOR 45/60-7 ROLOS CONICOS/ VERIFICAR EIXO COM DESGASTE JATEAR E PINTAR RODA E CX REDUTORA;;29/12/2025;;29/12/2025 14:18;VANESSA CORREA DE MORAES MARTINI;
58146236/0001-10;PHDS COMERCIO DE FERRAGENS LTDA;538;S;99;395;242,00;26/12/2025;09/02/2026;3;92;FAC;92;FAC;1155;ENGENHARIA E MANUTENCAO;LANÇADA;Solicitação autorizada por: VANESSA CORREA DE MORAES MARTINI em: 29/12/2025 14:06:19 Nota lançada por ADRIANA APARECIDA DOS SANTOS em: 29/12/2025;CAMILA RAMOS;29/12/2025;TORNO - USINAGEM DE ENGRENAGEM ASA TRIPARIA MAQUINA FINITTY;;29/12/2025;;29/12/2025 14:21;VANESSA CORREA DE MORAES MARTINI;
55989583/0001-17;OS TAURAS DO AR;355;1;55;2.140,00;242,00;17/12/2025;31/01/2026;12;92;FAC;92;FAC;2054;ADMINISTRACAO;LANÇADA;Solicitação autorizada por: VANESSA CORREA DE MORAES MARTINI em: 29/12/2025 14:06:19 Nota lançada por ADRIANA APARECIDA DOS SANTOS em: 29/12/2025;RAFAEL SALVI DOS SANTOS;29/12/2025;CONSERTO EM AR CONDICIONADO: SPRINGER 18000 BTUS (SALA FATURAMENTO) 30000 BTUS (SALA DE REUNIÃO) 48000 BTUS (SALA CQ) 18000 BTUS (SALA DO ENCARREGADO DE PRODUÇÃO);;29/12/2025;;29/12/2025 14:53;VANESSA CORREA DE MORAES MARTINI;
75210187/0001-57;CARAMCAR;24013;1;55;7;8,00;26/12/2025;;3;92;FAC;92;FAC;728;GESTAO DE VEICULOS;LANÇADA;Solicitação autorizada por: VANESSA CORREA DE MORAES MARTINI em: 29/12/2025 08:58:36 Nota lançada por ADRIANA APARECIDA DOS SANTOS em: 29/12/2025;RODRIGO WALTER;29/12/2025;CONSERTO DE PNEU - MONTANA BBV2926;;29/12/2025;;29/12/2025 13:14;VANESSA CORREA DE MORAES MARTINI;
58146236/0001-10;PHDS COMERCIO DE FERRAGENS LTDA;536;S;99;3.687,00;242,00;26/12/2025;09/02/2026;3;92;FAC;92;FAC;1155;ENGENHARIA E MANUTENCAO;LANÇADA;Solicitação autorizada por: VANESSA CORREA DE MORAES MARTINI em: 29/12/2025 08:58:37 Nota lançada por ADRIANA APARECIDA DOS SANTOS em: 29/12/2025;CAMILA RAMOS;29/12/2025;TORNO - USINAGEM NO CONJUNTO DO SUPORTE DO SISTEMA DE ABERTURA DA TAMPA DO TUMBLER DE MASSAS 02 DA PRESUNTARIA;;29/12/2025;;29/12/2025 09:28;VANESSA CORREA DE MORAES MARTINI;
60619202/0035-97;MESSER GASES LTDA;87787294;S;99;1.595,88;153,00;27/12/2025;26/01/2026;2;92;FAC;92;FAC;1155;ENGENHARIA E MANUTENCAO;LANÇADA;Solicitação autorizada por: VANESSA CORREA DE MORAES MARTINI em: 29/12/2025 08:02:59 Nota lançada por ADRIANA APARECIDA DOS SANTOS em: 29/12/2025;CAMILA RAMOS;29/12/2025;LOCAÇÃO TANQUE C.O2;;29/12/2025;;29/12/2025 11:30;VANESSA CORREA DE MORAES MARTINI;
24231350/0001-27;LABORATORIO DE ANALISES CLINICAS DE CASTRO LTDA;152;U;99;316;168,00;26/12/2025;05/01/2026;0;92;FAC;92;FAC;2101;SEGURANCA E SAUDE;LANÇADA;Solicitação autorizada por: VANESSA CORREA DE MORAES MARTINI em: 29/12/2025 08:03:06 Nota lançada por ADRIANA APARECIDA DOS SANTOS em: 29/12/2025;MARIANE TAVARES FLORA;26/12/2025;REFERNTE A 19 EXAMES LABORATORIAIS, SENDO: 12 BETA HCG, 5 COPROCULTURA,  1 HEPATITE B-HBSAG E 1 HEPATITE B ANTI HBS;;29/12/2025;;29/12/2025 15:01;VANESSA CORREA DE MORAES MARTINI;
04088208/0001-65;CGMP-CENTRO DE GESTAO DE MEIOS DE PAGAMENTO S.A.;671508098;S;99;685,9;102,00;23/12/2025;30/12/2025;3;92;FAC;92;FAC;2054;ADMINISTRACAO;LANÇADA;Solicitação autorizada por: VANESSA CORREA DE MORAES MARTINI em: 29/12/2025 08:03:21 Nota lançada por ADRIANA APARECIDA DOS SANTOS em: 29/12/2025;CELINA CASSIA CASTRO SOARES;26/12/2025;BOLETO/NF REF A DESPESAS COM PEDÁGIO VEÍCULOS AURORA - TAG SEM PARAR DEZEMBRO/2025;;29/12/2025;;29/12/2025 09:21;VANESSA CORREA DE MORAES MARTINI;
50087169/0001-07;50.087.169 RAFAEL JOSE CASTANHO;54;S;99;240;8,00;23/12/2025;;3;92;FAC;92;FAC;728;GESTAO DE VEICULOS;LANÇADA;Solicitação autorizada por: VANESSA CORREA DE MORAES MARTINI em: 29/12/2025 17:03:52 Nota lançada por ADRIANA APARECIDA DOS SANTOS em: 30/12/2025;RODRIGO WALTER;26/12/2025;LAVAGEM COMPLETA DE VEICULOS DE PLACAS RXS7C66,RYK2H98,RXS7C66,RYK2H98;;29/12/2025;;30/12/2025 09:04;VANESSA CORREA DE MORAES MARTINI;
05013050/0001-27;MAREL BRASIL COMERCIAL E INDUSTRIAL LTDA;310247;1;55;15.484,56;;17/12/2025;31/01/2026;9;92;FAC;92;FAC;1155;ENGENHARIA E MANUTENCAO;LANÇADA;Solicitação autorizada por: ADRIANO TOMALOK em: 26/12/2025 15:45:25 Nota lançada por WILLIAN MARCONDES DOS SANTOS em: 26/12/2025;WILLIAN MARCONDES DOS SANTOS;26/12/2025;;;26/12/2025;Autorizado automaticamente através do pedido de compra 4449142 em 19/12/2025.;26/12/2025 16:24;ADRIANO TOMALOK;
04518259/0001-80;ELECTRA COMERCIALIZADORA DE ENERGIA LTDA;14738;S;99;1.321,15;30,00;15/12/2025;08/01/2026;11;92;FAC;92;FAC;1155;ENGENHARIA E MANUTENCAO;LANÇADA;Solicitação autorizada por: VANESSA CORREA DE MORAES MARTINI em: 26/12/2025 15:22:39 Nota lançada por ADRIANA APARECIDA DOS SANTOS em: 26/12/2025;CAMILA RAMOS;26/12/2025;REFERENTE A ENERGIA ELETRICA DA SUBESTAÇÃO;;26/12/2025;;26/12/2025 15:44;VANESSA CORREA DE MORAES MARTINI;
24012574/0001-48;CICASTRO;28103;U;99;240;167,00;22/12/2025;05/01/2026;4;92;FAC;92;FAC;2101;SEGURANCA E SAUDE;LANÇADA;Solicitação autorizada por: ADRIANO TOMALOK em: 26/12/2025 15:09:30 Nota lançada por ADRIANA APARECIDA DOS SANTOS em: 26/12/2025;MARIANE TAVARES FLORA;26/12/2025;REFERENTE A 3 EXAMES DE RAIO X, DEVIDO ACIDENTE DE TRABALHO;;26/12/2025;Autorizado automaticamente através do pedido de compra 4451917 em 23/12/2025.;26/12/2025 15:27;ADRIANO TOMALOK;
36652020/0001-94;ACESSO EMPRESARIAL;2632;U;99;200;169,00;22/12/2025;05/01/2026;4;92;FAC;92;FAC;2101;SEGURANCA E SAUDE;LANÇADA;Solicitação autorizada por: VANESSA CORREA DE MORAES MARTINI em: 29/12/2025 15:12:23 Nota lançada por ADRIANA APARECIDA DOS SANTOS em: 29/12/2025;MARIANE TAVARES FLORA;26/12/2025;REFERENTE A AVALIAÇÃO OFTALMOLOGICA, REFRENTE A ENQUADRAMENTO PCD;;29/12/2025;;29/12/2025 15:32;VANESSA CORREA DE MORAES MARTINI;
81488926/0003-31;ROLAGRIN;1240;1;55;1.382,41;242,00;18/12/2025;15/01/2026;8;92;FAC;92;FAC;1155;ENGENHARIA E MANUTENCAO;LANÇADA;Solicitação autorizada por: ADRIANO TOMALOK em: 26/12/2025 13:23:45 Nota lançada por BARBARA REGINA LIPPERT em: 26/12/2025;BARBARA REGINA LIPPERT;26/12/2025;<<EMERGENCIAL>> MOEDOR VELATI -;;26/12/2025;Autorizado automaticamente através do pedido de compra 4451051 em 23/12/2025.;26/12/2025 13:44;ADRIANO TOMALOK;
78706751/0014-30;TRANSPEN ENCOMENDAS;169596;1;57;262,35;242,00;23/12/2025;13/01/2026;3;92;FAC;92;FAC;2054;ADMINISTRACAO;LANÇADA;Solicitação autorizada por: ADRIANO TOMALOK em: 26/12/2025 13:53:03 Nota lançada por ADRIANA APARECIDA DOS SANTOS em: 26/12/2025;ADRIANA APARECIDA DOS SANTOS;26/12/2025;REFERENTE ENVIO PARA CONSERTO;;26/12/2025;;26/12/2025 16:40;ADRIANO TOMALOK;
78706751/0014-30;TRANSPEN ENCOMENDAS;169597;1;57;232,39;242,00;23/12/2025;12/01/2026;3;92;FAC;92;FAC;2054;ADMINISTRACAO;LANÇADA;Solicitação autorizada por: ADRIANO TOMALOK em: 26/12/2025 13:53:03 Nota lançada por ADRIANA APARECIDA DOS SANTOS em: 26/12/2025;ADRIANA APARECIDA DOS SANTOS;26/12/2025;REFERENTE ENVIO PARA CONSERTO;;26/12/2025;;26/12/2025 14:10;ADRIANO TOMALOK;
78706751/0014-30;TRANSPEN ENCOMENDAS;169451;1;57;97,35;242,00;22/12/2025;12/01/2026;4;92;FAC;92;FAC;2054;ADMINISTRACAO;LANÇADA;Solicitação autorizada por: ADRIANO TOMALOK em: 26/12/2025 13:53:03 Nota lançada por ADRIANA APARECIDA DOS SANTOS em: 26/12/2025;ADRIANA APARECIDA DOS SANTOS;26/12/2025;REFERENTE ENVIO PARACONSERTO;;26/12/2025;;26/12/2025 14:10;ADRIANO TOMALOK;
06272575/0011-11;LAVEBRAS GESTAO DE TEXTEIS S.A.;16867;S;99;150.447,40;98,00;26/12/2025;05/01/2026;0;92;FAC;92;FAC;2178;VESTIARIOS/LAVANDERIA TERCEIRIZADA;LANÇADA;Solicitação autorizada por: ADRIANO TOMALOK em: 26/12/2025 13:23:11 Nota lançada por ADRIANA APARECIDA DOS SANTOS em: 26/12/2025;ELENARA MOSNA;26/12/2025;112117;;26/12/2025;;26/12/2025 14:39;ADRIANO TOMALOK;
00428307/0012-40;EXPRESSO SAO MIGUEL S/A;192035;11;57;205;242,00;22/12/2025;12/01/2026;4;92;FAC;92;FAC;2054;ADMINISTRACAO;LANÇADA;Solicitação autorizada por: ADRIANO TOMALOK em: 26/12/2025 13:53:03 Nota lançada por ADRIANA APARECIDA DOS SANTOS em: 26/12/2025;ADRIANA APARECIDA DOS SANTOS;26/12/2025;REFERENTE ENVIO PARA CONSERTO;;26/12/2025;;26/12/2025 14:09;ADRIANO TOMALOK;
00428307/0012-40;EXPRESSO SAO MIGUEL S/A;191865;11;57;65;242,00;19/12/2025;09/01/2026;7;92;FAC;92;FAC;2054;ADMINISTRACAO;LANÇADA;Solicitação autorizada por: VANESSA CORREA DE MORAES MARTINI em: 26/12/2025 11:30:19 Nota lançada por ADRIANA APARECIDA DOS SANTOS em: 26/12/2025;ADRIANA APARECIDA DOS SANTOS;26/12/2025;REFERENTE ENVIO PARA CONSERTO;;26/12/2025;;26/12/2025 13:19;VANESSA CORREA DE MORAES MARTINI;
00428307/0012-40;EXPRESSO SAO MIGUEL S/A;191866;11;57;142;242,00;19/12/2025;09/01/2026;7;92;FAC;92;FAC;2054;ADMINISTRACAO;LANÇADA;Solicitação autorizada por: VANESSA CORREA DE MORAES MARTINI em: 26/12/2025 11:25:38 Nota lançada por ADRIANA APARECIDA DOS SANTOS em: 26/12/2025;ADRIANA APARECIDA DOS SANTOS;26/12/2025;ENVIO PARA CONSERTO;;26/12/2025;;26/12/2025 13:17;VANESSA CORREA DE MORAES MARTINI;
78706751/0014-30;TRANSPEN ENCOMENDAS;169292;1;57;724,31;242,00;19/12/2025;09/01/2026;7;92;FAC;92;FAC;2054;ADMINISTRACAO;LANÇADA;Solicitação autorizada por: VANESSA CORREA DE MORAES MARTINI em: 26/12/2025 11:24:42 Nota lançada por ADRIANA APARECIDA DOS SANTOS em: 26/12/2025;ADRIANA APARECIDA DOS SANTOS;26/12/2025;REFERENTE ENVIO PARA CONSERTO;;26/12/2025;;26/12/2025 13:18;VANESSA CORREA DE MORAES MARTINI;
78706751/0014-30;TRANSPEN ENCOMENDAS;168875;1;57;272,67;242,00;17/12/2025;05/01/2026;9;92;FAC;92;FAC;2054;ADMINISTRACAO;LANÇADA;Solicitação autorizada por: VANESSA CORREA DE MORAES MARTINI em: 26/12/2025 11:24:42 Nota lançada por ADRIANA APARECIDA DOS SANTOS em: 26/12/2025;ADRIANA APARECIDA DOS SANTOS;26/12/2025;REFERENTE ENVIO PARA CONSERTO;;26/12/2025;;26/12/2025 13:21;VANESSA CORREA DE MORAES MARTINI;
82110818/0002-02;ALFA TRANSPORTES LTDA;8044104;0;57;190;177,00;16/12/2025;06/01/2026;10;92;FAC;92;FAC;2054;ADMINISTRACAO;LANÇADA;Solicitação autorizada por: VANESSA CORREA DE MORAES MARTINI em: 26/12/2025 11:24:42 Nota lançada por ADRIANA APARECIDA DOS SANTOS em: 26/12/2025;ADRIANA APARECIDA DOS SANTOS;26/12/2025;DEVOLUÇÃO;;26/12/2025;;26/12/2025 13:20;VANESSA CORREA DE MORAES MARTINI;
29051630/0001-77;REFRIGERAÇÃO IAPÓ;117;S;99;900;242,00;23/12/2025;23/01/2026;1;92;FAC;92;FAC;1155;ENGENHARIA E MANUTENCAO;LANÇADA;Solicitação autorizada por: VANESSA CORREA DE MORAES MARTINI em: 26/12/2025 11:25:28 Nota lançada por ADRIANA APARECIDA DOS SANTOS em: 29/12/2025;CAMILA RAMOS;24/12/2025;SUBSTITUIÇÃO DO COMPRESSOR DO BEBEDOURO DA RECEPÇÃO DE SUÍNOS.;;26/12/2025;;29/12/2025 14:34;VANESSA CORREA DE MORAES MARTINI;
11913842/0001-50;J ORTIZ CONSTRUTORA;2100;S;99;8.500,00;242,00;22/12/2025;22/01/2026;2;92;FAC;92;FAC;1155;ENGENHARIA E MANUTENCAO;LANÇADA;Solicitação autorizada por: VANESSA CORREA DE MORAES MARTINI em: 26/12/2025 11:26:23 Nota lançada por ADRIANA APARECIDA DOS SANTOS em: 26/12/2025;CAMILA RAMOS;24/12/2025;SERVIÇOS DE MUNCK NORMAL PARA RETIRADA DE ESTEIRAS, MONTAGEM DE VENTILADOR, DESCARREGAMENTO DE TANQUE, COLOCAR BOIA NA LAGOA, MOVIMENTAÇÃO DE MOTOR,MONTAGEM DE MOTOR, RETIRADA DE MOTOR COM COMPRESSOR SALA DE MÁQUINAS - O.S. 714-715-718-719-720-693-694;;26/12/2025;;26/12/2025 13:50;VANESSA CORREA DE MORAES MARTINI;
07804544/0002-36;GESTEC EQUIPAMENTOS E PRECISAO EIRELI;2622;S;99;2.139,82;242,00;23/12/2025;06/02/2026;1;92;FAC;92;FAC;1155;ENGENHARIA E MANUTENCAO;LANÇADA;Solicitação autorizada por: VANESSA CORREA DE MORAES MARTINI em: 26/12/2025 11:30:51 Nota lançada por ADRIANA APARECIDA DOS SANTOS em: 26/12/2025;CAMILA RAMOS;24/12/2025;CONSERTO DE INTERFACE DE LEITURA DE TEMPERATURA DAS SONDAS UTILIZADAS PARA VALIDAÇÃO TÉRMICA. SERVIÇO EXECUTADO FORA DA UNIDADE NO EQUIPAMENTO ENVIADO PARA CONSERTO CONFORME;;26/12/2025;;26/12/2025 13:31;VANESSA CORREA DE MORAES MARTINI;
15077251/0001-41;RGM MANUTENCAO DE MAQUINAS LTDA;2532;E1;99;7.895,77;242,00;22/12/2025;21/01/2026;2;92;FAC;92;FAC;1155;ENGENHARIA E MANUTENCAO;LANÇADA;Solicitação autorizada por: VANESSA CORREA DE MORAES MARTINI em: 26/12/2025 11:26:23 Nota lançada por ADRIANA APARECIDA DOS SANTOS em: 26/12/2025;CAMILA RAMOS;24/12/2025;SERVIÇO DE CONSERTO INVERSOR SIEMENS SINAMICS CL-6SL3210-1PE27-5UL0;;26/12/2025;;26/12/2025 14:01;VANESSA CORREA DE MORAES MARTINI;
58146236/0001-10;PHDS COMERCIO DE FERRAGENS LTDA;517;S;99;1.400,00;242,00;23/12/2025;06/02/2026;1;92;FAC;92;FAC;1155;ENGENHARIA E MANUTENCAO;LANÇADA;Solicitação autorizada por: VANESSA CORREA DE MORAES MARTINI em: 26/12/2025 11:24:42 Nota lançada por ADRIANA APARECIDA DOS SANTOS em: 26/12/2025;CAMILA RAMOS;24/12/2025;TORNO - , USINAGEM EM GUIA DA PONTE ROLANTE PRESUNTARIA;;26/12/2025;;26/12/2025 13:34;VANESSA CORREA DE MORAES MARTINI;
58146236/0001-10;PHDS COMERCIO DE FERRAGENS LTDA;514;S;99;680;242,00;22/12/2025;05/02/2026;2;92;FAC;92;FAC;1155;ENGENHARIA E MANUTENCAO;LANÇADA;Solicitação autorizada por: VANESSA CORREA DE MORAES MARTINI em: 26/12/2025 11:24:42 Nota lançada por ADRIANA APARECIDA DOS SANTOS em: 26/12/2025;CAMILA RAMOS;24/12/2025;TORNO - USINAGEM EM ACOPLAMENTO BOMBA HIDRÁULICA TUMBLER.;;26/12/2025;;26/12/2025 13:35;VANESSA CORREA DE MORAES MARTINI;
58146236/0001-10;PHDS COMERCIO DE FERRAGENS LTDA;513;S;99;1.390,00;242,00;22/12/2025;05/02/2026;2;92;FAC;92;FAC;1155;ENGENHARIA E MANUTENCAO;LANÇADA;Solicitação autorizada por: VANESSA CORREA DE MORAES MARTINI em: 26/12/2025 11:24:42 Nota lançada por ADRIANA APARECIDA DOS SANTOS em: 26/12/2025;CAMILA RAMOS;24/12/2025;TORNO - USINAGEM EM EIXO E POLIA EMBALADORA TACTAP;;26/12/2025;;26/12/2025 13:38;VANESSA CORREA DE MORAES MARTINI;
52025018/0001-41;CONSTRUTORA DE PAULA;387;U;99;36.000,00;332,00;23/12/2025;20/01/2026;1;92;FAC;92;FAC;1155;ENGENHARIA E MANUTENCAO;LANÇADA;Solicitação autorizada por: ADRIANO TOMALOK em: 26/12/2025 13:53:03 Nota lançada por ADRIANA APARECIDA DOS SANTOS em: 26/12/2025;CAMILA RAMOS;24/12/2025;CONFECÇÃO DOS PILARES DE ANCORAGEM DA LAGOA.;;26/12/2025;;26/12/2025 15:10;ADRIANO TOMALOK;
03420356/0001-72;EMPRESA DE TRANSPORTE PGTUR LTDA;5984;S;99;466.713,24;211,00;23/12/2025;02/01/2026;1;92;FAC;16;MATRIZ;452;CSC GESTAO PESSOAS;LANÇADA;Solicitação autorizada por: PAULA FERNANDA DA SILVA GIACOMELLI em: 26/12/2025 09:30:16 Nota lançada por ADRIANA APARECIDA DOS SANTOS em: 26/12/2025;JOÃO PEDRO BARNINSKI;24/12/2025;;;26/12/2025;;26/12/2025 09:56;PAULA FERNANDA DA SILVA GIACOMELLI;
01897898/0001-05;TRANSFLUGEL;4013;1;67;171.392,00;211,00;23/12/2025;02/01/2026;1;92;FAC;16;MATRIZ;452;CSC GESTAO PESSOAS;LANÇADA;Solicitação autorizada por: PAULA FERNANDA DA SILVA GIACOMELLI em: 26/12/2025 09:30:13 Nota lançada por ADRIANA APARECIDA DOS SANTOS em: 26/12/2025;JOÃO PEDRO BARNINSKI;24/12/2025;;;26/12/2025;;26/12/2025 14:09;PAULA FERNANDA DA SILVA GIACOMELLI;
50529571/0001-96;WEBER FOOD TECHNOLOGY DO BRASIL LTDA;1865;1;55;37.741,43;242,00;22/12/2025;20/02/2026;1;92;FAC;92;FAC;1155;ENGENHARIA E MANUTENCAO;LANÇADA;Solicitação autorizada por: ADRIANO TOMALOK em: 23/12/2025 16:52:00 Nota lançada por BARBARA REGINA LIPPERT em: 23/12/2025;BARBARA REGINA LIPPERT;23/12/2025;SERVO MOTOR VA SC005/H23/B0/P0 COD.1010174,WEBER;;23/12/2025;Autorizado automaticamente através do pedido de compra 4451730 em 23/12/2025.;23/12/2025 16:52;ADRIANO TOMALOK;
76174911/0001-05;ELETROMOTOR;8401;S;99;685;;23/12/2025;;0;92;FAC;92;FAC;1155;ENGENHARIA E MANUTENCAO;LANÇADA;Solicitação autorizada por: VANESSA CORREA DE MORAES MARTINI em: 26/12/2025 11:24:42 Nota lançada por ADRIANA APARECIDA DOS SANTOS em: 26/12/2025;FELIPE LOPES CANALLI;23/12/2025;MOTOR DO VENTILADOR FUMEIRO OS 95712;;26/12/2025;;26/12/2025 13:29;VANESSA CORREA DE MORAES MARTINI;
03448670/0001-63;ARGUS COMERCIAL;57139;1;55;5.501,20;242,00;18/12/2025;22/01/2026;5;92;FAC;92;FAC;1155;ENGENHARIA E MANUTENCAO;LANÇADA;Solicitação autorizada por: ADRIANO TOMALOK em: 23/12/2025 15:16:21 Nota lançada por BARBARA REGINA LIPPERT em: 23/12/2025;BARBARA REGINA LIPPERT;23/12/2025;RETIRADO MANGUEIRAS DO SISTEMA HIDRÁULICO ELEVADOR TOMBADOR DE MASSA PRESUNTO;;23/12/2025;Autorizado automaticamente através do pedido de compra 4449156 em 20/12/2025.;23/12/2025 15:46;ADRIANO TOMALOK;
04647090/0001-68;CETRIC S.A.;505219;E;99;37.256,00;290,00;23/12/2025;23/01/2026;0;92;FAC;92;FAC;1244;OPERACAO ESTACAO TRATAMENTO AGUA;LANÇADA;Solicitação autorizada por: VANESSA CORREA DE MORAES MARTINI em: 23/12/2025 15:26:01 Nota lançada por ADRIANA APARECIDA DOS SANTOS em: 26/12/2025;TIAGO FARIAS DOS SANTOS;23/12/2025;N/F REFERENTE A COLETA E DESTINAÇÃO FINAL DE RESÍDUOS NÃO RECICLAVEIS CLASSE II INDUSTRIA, CINZAS, TRANSPORTE DE LODO PARA O BIODIGESTOR E LOCAÇÃO DE CAÇAMBAS;;23/12/2025;;26/12/2025 09:17;VANESSA CORREA DE MORAES MARTINI;
37647030/0001-02;TECNICONTROL PEST LTDA;223;S;99;10.841,59;9,00;22/12/2025;05/02/2026;1;92;FAC;92;FAC;1759;CONTROLE DE QUALIDADE;LANÇADA;Solicitação autorizada por: VANESSA CORREA DE MORAES MARTINI em: 29/12/2025 17:03:52 Nota lançada por ADRIANA APARECIDA DOS SANTOS em: 30/12/2025;GABRIELLE APARECIDA CARVALHO;23/12/2025;SERVIÇO CONTROLE DE PRAGAS;;29/12/2025;;30/12/2025 09:04;VANESSA CORREA DE MORAES MARTINI;
11578258/0001-96;KPM LOGISTICA;85078;A1;99;2.646,64;;18/12/2025;02/01/2026;5;92;FAC;26;U.V. IMP/EXP ITAJAI;6068;LICENCIAMENTO ME;LANÇADA;Solicitação autorizada por: ALISSON MARCELO DE LIMA em: 30/12/2025 10:54:20 Nota lançada por ADRIANA APARECIDA DOS SANTOS em: 30/12/2025;TIAGO HENRIQUE CORNIANI;23/12/2025;IMPORTAÇÃO 376DI25 - NOTAR E-MAIL DE ORIENTAÇÃO RETENÇÃO DE IR;;30/12/2025;;30/12/2025 11:07;ALISSON MARCELO DE LIMA;
03666421/0001-44;MYCOM CHEMICAL;126415;2;55;2.210,58;242,00;16/12/2025;01/03/2026;7;92;FAC;92;FAC;1155;ENGENHARIA E MANUTENCAO;LANÇADA;Solicitação autorizada por: ADRIANO TOMALOK em: 23/12/2025 10:40:20 Nota lançada por BARBARA REGINA LIPPERT em: 23/12/2025;BARBARA REGINA LIPPERT;23/12/2025;MYCOM,ELEMENTO FILTRO FSS300 COD.103354033;;23/12/2025;Autorizado automaticamente através do pedido de compra 4448657 em 19/12/2025.;23/12/2025 10:42;ADRIANO TOMALOK;
01886598/0001-20;ULMA PACKAGING LTDA.;129158;3;55;1.695.000,00;327,00;22/12/2025;20/01/2026;1;92;FAC;92;FAC;1155;ENGENHARIA E MANUTENCAO;LANÇADA;Solicitação autorizada por: VANESSA CORREA DE MORAES MARTINI em: 23/12/2025 15:00:44 Nota lançada por WILLIAN MARCONDES DOS SANTOS em: 30/12/2025;WILLIAN MARCONDES DOS SANTOS;23/12/2025;OBRAS EM ANDAMENTO;;23/12/2025;;30/12/2025 08:38;VANESSA CORREA DE MORAES MARTINI;
11913842/0001-50;J ORTIZ CONSTRUTORA;2099;S;99;3.520,00;242,00;22/12/2025;22/01/2026;1;92;FAC;92;FAC;1155;ENGENHARIA E MANUTENCAO;LANÇADA;Solicitação autorizada por: VANESSA CORREA DE MORAES MARTINI em: 23/12/2025 15:01:02 Nota lançada por ADRIANA APARECIDA DOS SANTOS em: 26/12/2025;CAMILA RAMOS;23/12/2025;SERVIÇOS DE MUNCK COM CADEIRINHA PARA MEDIÇÃO DE GASES DA CALDEIRA E COLOCAÇÃO DE TELA BIODIGESTOR;;23/12/2025;;26/12/2025 08:17;VANESSA CORREA DE MORAES MARTINI;
58146236/0001-10;PHDS COMERCIO DE FERRAGENS LTDA;515;S;99;1.985,00;242,00;22/12/2025;05/02/2026;1;92;FAC;92;FAC;1155;ENGENHARIA E MANUTENCAO;LANÇADA;Solicitação autorizada por: VANESSA CORREA DE MORAES MARTINI em: 23/12/2025 15:01:12 Nota lançada por ADRIANA APARECIDA DOS SANTOS em: 26/12/2025;CAMILA RAMOS;23/12/2025;TORNO - SERVIÇO DE USINAGEM ACOPLAMENTOS CONFORME AMOSTRAS / RECUPERAÇAO DE CONJUNTO DE ACOPLAMENTO / FABRICAÇÃO DE ACOPLAMENTO.;;23/12/2025;;26/12/2025 07:55;VANESSA CORREA DE MORAES MARTINI;
09375382/0001-02;VOLT ELETRONICA INDUSTRIAL;5176;S;99;6.240,00;242,00;22/12/2025;05/02/2026;1;92;FAC;92;FAC;1155;ENGENHARIA E MANUTENCAO;LANÇADA;Solicitação autorizada por: VANESSA CORREA DE MORAES MARTINI em: 23/12/2025 15:01:02 Nota lançada por ADRIANA APARECIDA DOS SANTOS em: 26/12/2025;CAMILA RAMOS;23/12/2025;CONSERTO ELETRÔNICO EM IHM HANDTMANN VF630;;23/12/2025;;26/12/2025 07:49;VANESSA CORREA DE MORAES MARTINI;
51057772/0001-09;JL RIBEIRO SOLUCOES LTDA;55;S;99;2.443,70;167,00;21/12/2025;05/01/2026;1;92;FAC;92;FAC;2101;SEGURANCA E SAUDE;LANÇADA;Solicitação autorizada por: VANESSA CORREA DE MORAES MARTINI em: 23/12/2025 08:20:46 Nota lançada por ADRIANA APARECIDA DOS SANTOS em: 29/12/2025;MARIANE TAVARES FLORA;22/12/2025;REFERENTE A TRANSPORTE DE COLABOARDORES PARA ATENDIEMTNO EXTERNO;;23/12/2025;;29/12/2025 10:14;VANESSA CORREA DE MORAES MARTINI;
24012574/0001-48;CICASTRO;28102;U;99;2.560,00;169,00;22/12/2025;05/01/2026;0;92;FAC;92;FAC;2101;SEGURANCA E SAUDE;LANÇADA;Solicitação autorizada por: VANESSA CORREA DE MORAES MARTINI em: 23/12/2025 08:20:41 Nota lançada por ADRIANA APARECIDA DOS SANTOS em: 23/12/2025;MARIANE TAVARES FLORA;22/12/2025;REFERNTE A 32 EXAMES DE RAIO X LOMBO SACRA;;23/12/2025;;23/12/2025 13:14;VANESSA CORREA DE MORAES MARTINI;
46016473/0002-69;ELETROMOTORES BADAN LIMITADA;1406;S;99;846,25;242,00;22/12/2025;;0;92;FAC;92;FAC;1155;ENGENHARIA E MANUTENCAO;LANÇADA;Solicitação autorizada por: VANESSA CORREA DE MORAES MARTINI em: 23/12/2025 08:20:30 Nota lançada por ADRIANA APARECIDA DOS SANTOS em: 23/12/2025;FELIPE LOPES CANALLI;22/12/2025;MOTOR TRIPARIA ESTÁGIO 05 OS 95277;;23/12/2025;;23/12/2025 09:09;VANESSA CORREA DE MORAES MARTINI;
46016473/0002-69;ELETROMOTORES BADAN LIMITADA;1395;S;99;484,55;242,00;18/12/2025;;4;92;FAC;92;FAC;1155;ENGENHARIA E MANUTENCAO;LANÇADA;Solicitação autorizada por: VANESSA CORREA DE MORAES MARTINI em: 23/12/2025 08:20:51 Nota lançada por ADRIANA APARECIDA DOS SANTOS em: 23/12/2025;FELIPE LOPES CANALLI;22/12/2025;MOTOR ESTEIRA DE OSSOS X-HAM OS 88478;;23/12/2025;;23/12/2025 09:11;VANESSA CORREA DE MORAES MARTINI;
51057772/0001-09;JL RIBEIRO SOLUCOES LTDA;8;1;57;3.000,00;97,00;19/12/2025;10/01/2026;3;92;FAC;92;FAC;1759;CONTROLE DE QUALIDADE;LANÇADA;Solicitação autorizada por: VANESSA CORREA DE MORAES MARTINI em: 22/12/2025 16:08:55 Nota lançada por ADRIANA APARECIDA DOS SANTOS em: 23/12/2025;GABRIELLE APARECIDA CARVALHO;22/12/2025;FRETE DE ANÁLISE LABORATORIAL;;22/12/2025;;23/12/2025 10:44;VANESSA CORREA DE MORAES MARTINI;
54551520/0001-11;ATIVA PRO SERVICE;150;E;99;5.710,00;242,00;22/12/2025;12/01/2026;0;92;FAC;92;FAC;1155;ENGENHARIA E MANUTENCAO;LANÇADA;Solicitação autorizada por: VANESSA CORREA DE MORAES MARTINI em: 22/12/2025 16:07:20 Nota lançada por ADRIANA APARECIDA DOS SANTOS em: 23/12/2025;CAMILA RAMOS;22/12/2025;SERVIÇO DE TERCEIRO COM MÃO DE OBRA E MATERIAL PARA CONSERTO EM IHM HANDTMANN;;22/12/2025;;23/12/2025 10:05;VANESSA CORREA DE MORAES MARTINI;
17276099/0001-51;AGRO BOMBAS CAMPOS GERAIS LTDA;700;U;99;1.098,00;242,00;19/12/2025;;3;92;FAC;92;FAC;1155;ENGENHARIA E MANUTENCAO;LANÇADA;Solicitação autorizada por: VANESSA CORREA DE MORAES MARTINI em: 22/12/2025 16:08:17 Nota lançada por ADRIANA APARECIDA DOS SANTOS em: 22/12/2025;FELIPE LOPES CANALLI;22/12/2025;MOTOR VENTILAÇÃO ABSORÇÃO (SALA MÁQUINAS) OS 94862;;22/12/2025;;22/12/2025 17:07;VANESSA CORREA DE MORAES MARTINI;
30870055/0001-13;METALÚRGICA CIPRIANO;2004;S;99;5.234,00;5,00;22/12/2025;22/01/2026;0;92;FAC;92;FAC;1244;OPERACAO ESTACAO TRATAMENTO AGUA;LANÇADA;Solicitação autorizada por: VANESSA CORREA DE MORAES MARTINI em: 22/12/2025 16:07:47 Nota lançada por ADRIANA APARECIDA DOS SANTOS em: 22/12/2025;TORBIM DE GEUS;22/12/2025;N/F REFERENTE A TRANSFERENCIA DO MEDIDOR DE VAZÃO DO BIODIGESTOR PARA TUBULÇAO DE LODO ETE;;22/12/2025;;22/12/2025 17:24;VANESSA CORREA DE MORAES MARTINI;
30870055/0001-13;METALÚRGICA CIPRIANO;2003;S;99;18.770,00;5,00;22/12/2025;22/01/2026;0;92;FAC;92;FAC;1244;OPERACAO ESTACAO TRATAMENTO AGUA;LANÇADA;Solicitação autorizada por: VANESSA CORREA DE MORAES MARTINI em: 22/12/2025 16:07:33 Nota lançada por ADRIANA APARECIDA DOS SANTOS em: 23/12/2025;TORBIM DE GEUS;22/12/2025;N/F REFERENTE A INSTALAÇÃO DA TELA DE PROTEÇÃO BIODIGESTOR;;22/12/2025;;23/12/2025 08:00;VANESSA CORREA DE MORAES MARTINI;
11194919/0001-80;USIMEC BALANCEAMENTO DINÂMICO;2768;S;99;5.200,00;242,00;19/12/2025;02/02/2026;3;92;FAC;92;FAC;1155;ENGENHARIA E MANUTENCAO;LANÇADA;Solicitação autorizada por: VANESSA CORREA DE MORAES MARTINI em: 22/12/2025 16:08:04 Nota lançada por ADRIANA APARECIDA DOS SANTOS em: 22/12/2025;CAMILA RAMOS;22/12/2025;REALIZAR O BALANCEAMENTO DE EXAUSTOR UTILIZADO NO SANFONAMENTO DE TRIPAS DO FRESCAL.;;22/12/2025;;22/12/2025 17:12;VANESSA CORREA DE MORAES MARTINI;
06985217/0001-84;MONTAGENS INDUSTRIAIS CHAPECO LTDA;494;E;99;72.000,00;332,00;19/12/2025;19/01/2026;3;92;FAC;92;FAC;1155;ENGENHARIA E MANUTENCAO;LANÇADA;Solicitação autorizada por: VANESSA CORREA DE MORAES MARTINI em: 22/12/2025 16:10:11 Nota lançada por ADRIANA APARECIDA DOS SANTOS em: 23/12/2025;CAMILA RAMOS;22/12/2025;MÃO DE OBRA E MATERIAL AUXILIAR PARA INSTALAÇÃO DE UM EVAPORADOR PARA CÂMARA DE MATÉRIA PRIMA FORNECIDO PELA AURORA CONFORME MEMORIAL DESCRITIVO ANEXO.;;22/12/2025;;23/12/2025 08:08;VANESSA CORREA DE MORAES MARTINI;
58146236/0001-10;PHDS COMERCIO DE FERRAGENS LTDA;506;S;99;1.350,00;242,00;19/12/2025;02/02/2026;3;92;FAC;92;FAC;1155;ENGENHARIA E MANUTENCAO;LANÇADA;Solicitação autorizada por: VANESSA CORREA DE MORAES MARTINI em: 22/12/2025 16:08:18 Nota lançada por ADRIANA APARECIDA DOS SANTOS em: 22/12/2025;CAMILA RAMOS;22/12/2025;TORNO - SERVIÇO DE USINAGEM ABRIR ACOPLAMENTO BOMBA CAPTAÇÃO ETE.;;22/12/2025;;22/12/2025 17:18;VANESSA CORREA DE MORAES MARTINI;
58146236/0001-10;PHDS COMERCIO DE FERRAGENS LTDA;505;S;99;1.680,00;242,00;19/12/2025;02/02/2026;3;92;FAC;92;FAC;1155;ENGENHARIA E MANUTENCAO;LANÇADA;Solicitação autorizada por: VANESSA CORREA DE MORAES MARTINI em: 22/12/2025 16:08:17 Nota lançada por ADRIANA APARECIDA DOS SANTOS em: 22/12/2025;CAMILA RAMOS;22/12/2025;TORNO - SERVIÇO DE USINAGEM ABRIR ACOPLAMENTO BOMBA DE RESFRIAMENTO DA ABSORÇÃO (24MMX25MM) CHAVETA 8MM.;;22/12/2025;;22/12/2025 17:15;VANESSA CORREA DE MORAES MARTINI;
50685378/0001-44;MECANICA VALENGA LTDA;422;U;99;550;242,00;18/12/2025;01/01/2026;4;92;FAC;92;FAC;1155;ENGENHARIA E MANUTENCAO;LANÇADA;Solicitação autorizada por: VANESSA CORREA DE MORAES MARTINI em: 22/12/2025 16:09:10 Nota lançada por ADRIANA APARECIDA DOS SANTOS em: 23/12/2025;CAMILA RAMOS;22/12/2025;SERVIÇO DE CONSERTO DE MANGUEIRAS HIDRÁULICAS PRENSADA.;;22/12/2025;;23/12/2025 13:23;VANESSA CORREA DE MORAES MARTINI;
36288404/0001-70;STEAM PRIME  MANUTENÇÃO E CONSERVAÇÃO DE ENERGIA;1609;S;99;9.544,00;242,00;16/12/2025;13/01/2026;6;92;FAC;92;FAC;1155;ENGENHARIA E MANUTENCAO;LANÇADA;Solicitação autorizada por: VANESSA CORREA DE MORAES MARTINI em: 22/12/2025 16:09:24 Nota lançada por ADRIANA APARECIDA DOS SANTOS em: 23/12/2025;CAMILA RAMOS;22/12/2025;"SERVIÇO DE CONSERTO DE VÁLVULA DE GAVETA 4"" DA CALDEIRA CONFORME NF DE SAÍDA Nº 40999";;22/12/2025;;23/12/2025 09:52;VANESSA CORREA DE MORAES MARTINI;
82662263/0007-16;BERMO;10614;S;99;3.960,00;242,00;19/12/2025;17/02/2026;3;92;FAC;92;FAC;1155;ENGENHARIA E MANUTENCAO;LANÇADA;Solicitação autorizada por: VANESSA CORREA DE MORAES MARTINI em: 22/12/2025 16:08:55 Nota lançada por ADRIANA APARECIDA DOS SANTOS em: 22/12/2025;CAMILA RAMOS;22/12/2025;SERVIÇO DE MANUTENÇÃO CORRETIVA VÁLVULA DESCARGA DE FUNDO DN50 CL300 C/ ALAVANCAMODELO DFA40 MARCA BERMO;;22/12/2025;;22/12/2025 17:10;VANESSA CORREA DE MORAES MARTINI;
11429623/0001-09;AVF;1803;S;99;10.519,80;242,00;11/12/2025;01/01/2026;11;92;FAC;92;FAC;1155;ENGENHARIA E MANUTENCAO;LANÇADA;Solicitação autorizada por: VANESSA CORREA DE MORAES MARTINI em: 26/12/2025 11:26:00 Nota lançada por ADRIANA APARECIDA DOS SANTOS em: 26/12/2025;CAMILA RAMOS;22/12/2025;TORNO-USINAGEM- RECUPERAÇÃO MOLDE EM ALUMÍNIO AERONÁUTICO PARA SOLDA COM UMA FACE TEFLONADA.;;26/12/2025;;26/12/2025 14:03;VANESSA CORREA DE MORAES MARTINI;
42278291/0035-73;LOG-IN - LOGISTICA INTERMODAL S/A;100633;59;57;9.896,46;171,00;05/11/2025;27/12/2025;47;92;FAC;69;U.V. FORTALEZA;698;LOGISTICA SECUNDARIA A;LANÇADA;Solicitação autorizada por: DIRCEU ANGNES em: 22/12/2025 15:43:56 Nota lançada por ADRIANA APARECIDA DOS SANTOS em: 23/12/2025;ANDERSON PERES MARTINS;22/12/2025;FRETE DE CABOTAGEM RECEBIDO NA UNIDADE-69 (FORTALEZA-CE) EM DEZEMBRO DE 2025, CONTAINER DE Nº TCLU1162107 (NFS 40224 / 40225 CARGA: 14141609) ¿ LOGIN;;22/12/2025;;23/12/2025 10:30;DIRCEU ANGNES;
18597494/0001-07;DR SOLUCOES AMBIENTAIS;6470;U;99;12.300,00;9,00;22/12/2025;22/01/2026;0;92;FAC;92;FAC;1244;OPERACAO ESTACAO TRATAMENTO AGUA;LANÇADA;Solicitação autorizada por: VANESSA CORREA DE MORAES MARTINI em: 22/12/2025 13:23:07 Nota lançada por ADRIANA APARECIDA DOS SANTOS em: 22/12/2025;TIAGO FARIAS DOS SANTOS;22/12/2025;NF REFERENTE A 2 DIARIAS PARA LIMPEZA E SUÇÃO DOS RESIDUOS TANQUE DE EQUALIZAÇÃO BIODIGESTOR PARA POSTERIORMENTE SER REFORMADO;;22/12/2025;;22/12/2025 14:26;VANESSA CORREA DE MORAES MARTINI;
10713502/0001-13;LL AMBIENTAL;6301;S;99;6.500,00;97,00;17/12/2025;17/01/2026;5;92;FAC;92;FAC;1244;OPERACAO ESTACAO TRATAMENTO AGUA;LANÇADA;Solicitação autorizada por: VANESSA CORREA DE MORAES MARTINI em: 22/12/2025 13:23:18 Nota lançada por ADRIANA APARECIDA DOS SANTOS em: 22/12/2025;TIAGO FARIAS DOS SANTOS;22/12/2025;N/F REFERENTE AS ANÁLISES ATMOSFERICAS CALDEIRA E GERADOR BIODIGESTOR;;22/12/2025;;22/12/2025 15:07;VANESSA CORREA DE MORAES MARTINI;
03666421/0001-44;MYCOM CHEMICAL;126523;2;55;1.360.000,00;327,00;19/12/2025;04/03/2026;3;92;FAC;92;FAC;1155;ENGENHARIA E MANUTENCAO;LANÇADA;Solicitação autorizada por: VANESSA CORREA DE MORAES MARTINI em: 26/12/2025 15:23:01 Nota lançada por BARBARA REGINA LIPPERT em: 30/12/2025;BARBARA REGINA LIPPERT;22/12/2025;MAQUINAS E EQUIPAMENTOS;;26/12/2025;;30/12/2025 11:49;VANESSA CORREA DE MORAES MARTINI;
35215015/0001-51;PROJECT;541;S;99;61.472,99;18,00;16/12/2025;;4;92;FAC;92;FAC;2054;ADMINISTRACAO;LANÇADA;Solicitação autorizada por: VANESSA CORREA DE MORAES MARTINI em: 22/12/2025 07:54:01 Nota lançada por ADRIANA APARECIDA DOS SANTOS em: 23/12/2025;CELINA CASSIA CASTRO SOARES;20/12/2025;NOTA REFERENTE A PRESTAÇÃO DE SERVIÇOS DE VIGILÂNCIA PORTARIAS E RONDA EM DEZEMBRO/2025;;22/12/2025;;23/12/2025 10:05;VANESSA CORREA DE MORAES MARTINI;
34688029/0001-20;PROJECT SERVICOS TERCEIRIZADOS LTDA;7471;S;99;62.261,24;18,00;16/12/2025;;4;92;FAC;92;FAC;2054;ADMINISTRACAO;LANÇADA;Solicitação autorizada por: VANESSA CORREA DE MORAES MARTINI em: 22/12/2025 07:54:01 Nota lançada por ADRIANA APARECIDA DOS SANTOS em: 23/12/2025;CELINA CASSIA CASTRO SOARES;20/12/2025;NOTA REFERENTE A PRESTAÇÃO DE SERVIÇOS DE VIGIA PORTEIRO EM DEZEMBRO/2025;;22/12/2025;;23/12/2025 10:06;VANESSA CORREA DE MORAES MARTINI;
34688029/0001-20;PROJECT SERVICOS TERCEIRIZADOS LTDA;7472;S;99;1.563,02;18,00;16/12/2025;;4;92;FAC;92;FAC;2054;ADMINISTRACAO;LANÇADA;Solicitação autorizada por: VANESSA CORREA DE MORAES MARTINI em: 22/12/2025 07:54:01 Nota lançada por ADRIANA APARECIDA DOS SANTOS em: 22/12/2025;CELINA CASSIA CASTRO SOARES;20/12/2025;NOTA REFERENTE A DESCONTO INDEVIDO DA NOTA DE OUTUBRO/25 PRESTAÇÃO DE SERVIÇOS DE VIGIA PORTEIRO;;22/12/2025;;22/12/2025 13:41;VANESSA CORREA DE MORAES MARTINI;
49009424/0007-00;NORCOAST LOGISTICA S.A;2848;1;57;10.784,79;171,00;21/11/2025;30/12/2025;29;92;FAC;28;U.V. RECIFE/CB.ST.AG;698;LOGISTICA SECUNDARIA A;LANÇADA;Solicitação autorizada por: GISELE BRUZZI PORTO em: 22/12/2025 11:21:55 Nota lançada por ADRIANA APARECIDA DOS SANTOS em: 22/12/2025;GUSTAVO LUIZ GOMES DOS SANTOS;20/12/2025;CTE 2848 NFS 40909 / 40910 E 40911 CARGA 14183506;;22/12/2025;;22/12/2025 14:54;GISELE BRUZZI PORTO;
77037331/0001-20;ARCA EXTINTORES COM E REPRESENTACAO;41275;S;99;3.160,00;5,00;15/12/2025;05/01/2026;4;92;FAC;92;FAC;2101;SEGURANCA E SAUDE;LANÇADA;Solicitação autorizada por: VANESSA CORREA DE MORAES MARTINI em: 20/12/2025 08:12:47 Nota lançada por ADRIANA APARECIDA DOS SANTOS em: 23/12/2025;SANDERSON GUILHERME BUENO DA LUZ;19/12/2025;RECAGA E MANUTENÇÃO EM EXTINTORES.;;20/12/2025;;23/12/2025 13:09;VANESSA CORREA DE MORAES MARTINI;
75210187/0001-57;CARAMCAR;23977;1;55;475,2;8,00;16/12/2025;16/01/2026;3;92;FAC;92;FAC;728;GESTAO DE VEICULOS;LANÇADA;Solicitação autorizada por: VANESSA CORREA DE MORAES MARTINI em: 19/12/2025 17:32:13 Nota lançada por ADRIANA APARECIDA DOS SANTOS em: 26/12/2025;RODRIGO WALTER;19/12/2025;URGENTE DEVIDO O VEÍCULO NÃO ESTAR LIGANDO POIS DEVE SER FEITA A TROCA DA BATERIA.;;19/12/2025;;26/12/2025 15:56;VANESSA CORREA DE MORAES MARTINI;
42278291/0035-73;LOG-IN - LOGISTICA INTERMODAL S/A;103728;59;57;3.440,86;233,00;11/12/2025;11/01/2026;8;92;FAC;28;U.V. RECIFE/CB.ST.AG;1902;OPERACIONAL;LANÇADA;Solicitação autorizada por: GISELE BRUZZI PORTO em: 26/12/2025 08:19:04 Nota lançada por ADRIANA APARECIDA DOS SANTOS em: 26/12/2025;BRUNA KARLA LIRA GOMES;19/12/2025;REFERENTE A CUSTO COM MONITORAMENTO E ENERGIA, CARGA: 14068145 NOTA: 103728.;;26/12/2025;;26/12/2025 09:31;GISELE BRUZZI PORTO;
42278291/0035-73;LOG-IN - LOGISTICA INTERMODAL S/A;103735;59;57;3.440,86;233,00;11/12/2025;11/01/2026;8;92;FAC;28;U.V. RECIFE/CB.ST.AG;1902;OPERACIONAL;LANÇADA;Solicitação autorizada por: GISELE BRUZZI PORTO em: 26/12/2025 14:13:30 Nota lançada por ADRIANA APARECIDA DOS SANTOS em: 26/12/2025;BRUNA KARLA LIRA GOMES;19/12/2025;REFERENTE A CUSTO COM MONITORAMENTO E ENERGIA, CARGA: 14667371 NOTA: 103735.;;26/12/2025;;26/12/2025 14:31;GISELE BRUZZI PORTO;
23872438/0001-65;VEETIL ELETRO MOTORES;4663;S;99;1.541,49;242,00;17/12/2025;;2;92;FAC;92;FAC;1155;ENGENHARIA E MANUTENCAO;LANÇADA;Solicitação autorizada por: VANESSA CORREA DE MORAES MARTINI em: 19/12/2025 17:33:30 Nota lançada por ADRIANA APARECIDA DOS SANTOS em: 22/12/2025;FELIPE LOPES CANALLI;19/12/2025;MOTOR CENTRIFUGA DE ESTOMAGO ABT OS 93960;;19/12/2025;;22/12/2025 08:48;VANESSA CORREA DE MORAES MARTINI;
23872438/0001-65;VEETIL ELETRO MOTORES;4662;S;99;806,35;242,00;17/12/2025;;2;92;FAC;92;FAC;1155;ENGENHARIA E MANUTENCAO;LANÇADA;Solicitação autorizada por: VANESSA CORREA DE MORAES MARTINI em: 19/12/2025 17:33:37 Nota lançada por ADRIANA APARECIDA DOS SANTOS em: 22/12/2025;FELIPE LOPES CANALLI;19/12/2025;MOTOR ESTEIRA DA PALETA OS 94040;;19/12/2025;;22/12/2025 08:32;VANESSA CORREA DE MORAES MARTINI;
23872438/0001-65;VEETIL ELETRO MOTORES;4661;S;99;2.803,45;242,00;17/12/2025;;2;92;FAC;92;FAC;1155;ENGENHARIA E MANUTENCAO;LANÇADA;Solicitação autorizada por: VANESSA CORREA DE MORAES MARTINI em: 19/12/2025 17:33:43 Nota lançada por ADRIANA APARECIDA DOS SANTOS em: 22/12/2025;FELIPE LOPES CANALLI;19/12/2025;MOTOR DE ELEVADOR DA GALERIA OS 91389;;19/12/2025;;22/12/2025 08:34;VANESSA CORREA DE MORAES MARTINI;
18597494/0001-07;DR SOLUCOES AMBIENTAIS;6467;U;99;5.541,67;9,00;19/12/2025;19/01/2026;0;92;FAC;92;FAC;1244;OPERACAO ESTACAO TRATAMENTO AGUA;LANÇADA;Solicitação autorizada por: VANESSA CORREA DE MORAES MARTINI em: 20/12/2025 08:30:33 Nota lançada por ADRIANA APARECIDA DOS SANTOS em: 22/12/2025;TIAGO FARIAS DOS SANTOS;19/12/2025;N/F REFERENTE A LIMPEZA E SUCÇÃO DO TANQUE DE EQUALIZAÇÃO BIODIGESTOR - PEDIDO VARIAVEL POIS PASSOU 70 MINUTOS DE MEIA DIARIA;;20/12/2025;;22/12/2025 09:47;VANESSA CORREA DE MORAES MARTINI;
23872438/0001-65;VEETIL ELETRO MOTORES;4660;S;99;906,12;242,00;17/12/2025;;2;92;FAC;92;FAC;1155;ENGENHARIA E MANUTENCAO;LANÇADA;Solicitação autorizada por: VANESSA CORREA DE MORAES MARTINI em: 19/12/2025 17:33:30 Nota lançada por ADRIANA APARECIDA DOS SANTOS em: 22/12/2025;FELIPE LOPES CANALLI;19/12/2025;BOMBA DA ETE P/ BIO GÁS OS 2321;;19/12/2025;;22/12/2025 08:38;VANESSA CORREA DE MORAES MARTINI;
23872438/0001-65;VEETIL ELETRO MOTORES;4659;S;99;3.249,77;242,00;17/12/2025;;2;92;FAC;92;FAC;1155;ENGENHARIA E MANUTENCAO;LANÇADA;Solicitação autorizada por: VANESSA CORREA DE MORAES MARTINI em: 19/12/2025 17:33:37 Nota lançada por ADRIANA APARECIDA DOS SANTOS em: 22/12/2025;FELIPE LOPES CANALLI;19/12/2025;MOTOR DA BOMBA DA LAGOA DE ÁGUA BRUTA OS 1228;;19/12/2025;;22/12/2025 08:42;VANESSA CORREA DE MORAES MARTINI;
15829061/0001-33;HAASEN BRASIL LTDA;12570;1;55;48.600,00;303,00;19/12/2025;;0;92;FAC;92;FAC;1155;ENGENHARIA E MANUTENCAO;LANÇADA;Solicitação autorizada por: VANESSA CORREA DE MORAES MARTINI em: 22/12/2025 08:11:20 Nota lançada por BARBARA REGINA LIPPERT em: 23/12/2025;WILLIAN MARCONDES DOS SANTOS;19/12/2025;"TROCADOR DE CALOR H10W AISI316L JUNTAS VITONG BOCAL 4"" 25M3";;22/12/2025;;23/12/2025 16:41;VANESSA CORREA DE MORAES MARTINI;
23872438/0001-65;VEETIL ELETRO MOTORES;4658;S;99;838,59;;17/12/2025;;2;92;FAC;92;FAC;1155;ENGENHARIA E MANUTENCAO;LANÇADA;Solicitação autorizada por: VANESSA CORREA DE MORAES MARTINI em: 19/12/2025 17:33:38 Nota lançada por ADRIANA APARECIDA DOS SANTOS em: 22/12/2025;FELIPE LOPES CANALLI;19/12/2025;OS 91388 MOTOR DA BOMBA DE RESFRIAMENTO COLUNA RETIFICADORA;;19/12/2025;;22/12/2025 08:45;VANESSA CORREA DE MORAES MARTINI;
46016473/0002-69;ELETROMOTORES BADAN LIMITADA;1389;S;99;1.788,94;242,00;18/12/2025;;1;92;FAC;92;FAC;1155;ENGENHARIA E MANUTENCAO;LANÇADA;Solicitação autorizada por: VANESSA CORREA DE MORAES MARTINI em: 20/12/2025 08:30:16 Nota lançada por ADRIANA APARECIDA DOS SANTOS em: 22/12/2025;FELIPE LOPES CANALLI;19/12/2025;MOTOR DESOSSA DE PEZINHO EPJ OS96961;;20/12/2025;;22/12/2025 13:52;VANESSA CORREA DE MORAES MARTINI;
18597494/0001-07;DR SOLUCOES AMBIENTAIS;6465;U;99;2.604,17;9,00;19/12/2025;19/01/2026;0;92;FAC;92;FAC;1244;OPERACAO ESTACAO TRATAMENTO AGUA;LANÇADA;Solicitação autorizada por: VANESSA CORREA DE MORAES MARTINI em: 20/12/2025 08:30:33 Nota lançada por ADRIANA APARECIDA DOS SANTOS em: 22/12/2025;TIAGO FARIAS DOS SANTOS;19/12/2025;N/F REFERENTE A LIMPEZA COM SUCÇÃO E HIDROJATO TANQUE DE EQUALIZAÇÃO BIODIGESTOR;;20/12/2025;;22/12/2025 09:31;VANESSA CORREA DE MORAES MARTINI;
10743183/0001-99;FREITAG LABORATORIOS;85565;S;99;1.225,48;97,00;19/12/2025;19/01/2026;0;92;FAC;92;FAC;1244;OPERACAO ESTACAO TRATAMENTO AGUA;LANÇADA;Solicitação autorizada por: VANESSA CORREA DE MORAES MARTINI em: 19/12/2025 17:32:13 Nota lançada por ADRIANA APARECIDA DOS SANTOS em: 23/12/2025;TIAGO FARIAS DOS SANTOS;19/12/2025;N/F REFERENTE ANÁLISES QUINZENAL CONFORME LEGISLAÇÃO AMBIENTAL;;19/12/2025;;23/12/2025 08:13;VANESSA CORREA DE MORAES MARTINI;
11318959/0001-96;METAL C;746;S;99;14.400,00;242,00;19/12/2025;01/01/2026;0;92;FAC;92;FAC;1155;ENGENHARIA E MANUTENCAO;LANÇADA;Solicitação autorizada por: VANESSA CORREA DE MORAES MARTINI em: 19/12/2025 13:37:41 Nota lançada por ADRIANA APARECIDA DOS SANTOS em: 19/12/2025;CAMILA RAMOS;19/12/2025;SERVIÇOS DE MECÂNICA EM GERAL, CORREÇÃO DE SOLDAS EM ESTRUTURAS DE ESTEIRAS, CHAPAS E PROTEÇÕES DA LINHA DE EVISCERAÇÃO E DO ESPOSTEJAMENTO E CONSERTO DE GAIOLAS E CARRINHOS DE MIUDOS E DE COZIMENTO DAS ESTUFAS. TODOS OS SERVIÇOS SERÃO EXECUTADOS DENTRO DA UNIDADE EM DIAS UTEIS E FINAIS DE SEMANA CONFORME DEMANDA.;;19/12/2025;;19/12/2025 14:12;VANESSA CORREA DE MORAES MARTINI;
44433080/0001-44;MAM RECICLAGEM;214;S;99;26.250,00;9,00;17/12/2025;;2;92;FAC;92;FAC;2054;ADMINISTRACAO;LANÇADA;Solicitação autorizada por: VANESSA CORREA DE MORAES MARTINI em: 19/12/2025 10:36:56 Nota lançada por ADRIANA APARECIDA DOS SANTOS em: 19/12/2025;CELINA CASSIA CASTRO SOARES;19/12/2025;NOTA REFERENTE A LIMPEZA RESIDUOS - PRESTAÇÃO DE SERVIÇO E FRETE DEZEMBRO/2025;;19/12/2025;;19/12/2025 13:55;VANESSA CORREA DE MORAES MARTINI;
55989583/0001-17;OS TAURAS DO AR;728;E;99;150;242,00;17/12/2025;01/01/2026;2;92;FAC;92;FAC;1155;ENGENHARIA E MANUTENCAO;LANÇADA;Solicitação autorizada por: VANESSA CORREA DE MORAES MARTINI em: 19/12/2025 10:37:10 Nota lançada por ADRIANA APARECIDA DOS SANTOS em: 26/12/2025;CAMILA RAMOS;19/12/2025;SERVIÇO DE CONSERTO EM AR CONDICIONADO SPRINGER 18 BTUS / 30000 BTUS / 48000 BTUS / 18000 BTUS.;;19/12/2025;;26/12/2025 14:02;VANESSA CORREA DE MORAES MARTINI;
58146236/0001-10;PHDS COMERCIO DE FERRAGENS LTDA;489;S;99;7.850,00;242,00;17/12/2025;01/01/2026;2;92;FAC;92;FAC;1155;ENGENHARIA E MANUTENCAO;LANÇADA;Solicitação autorizada por: VANESSA CORREA DE MORAES MARTINI em: 19/12/2025 10:37:19 Nota lançada por ADRIANA APARECIDA DOS SANTOS em: 19/12/2025;CAMILA RAMOS;19/12/2025;TORNO  -  USINAGEM ROSCA HELICOIDAL E REFORÇO NA PONTEIRA.;;19/12/2025;;19/12/2025 14:04;VANESSA CORREA DE MORAES MARTINI;
21557110/0001-29;JARDIM SOLAR;287;U;99;32.000,00;60,00;16/12/2025;22/01/2026;2;92;FAC;92;FAC;2054;ADMINISTRACAO;LANÇADA;Solicitação autorizada por: VANESSA CORREA DE MORAES MARTINI em: 19/12/2025 08:13:22 Nota lançada por ADRIANA APARECIDA DOS SANTOS em: 19/12/2025;CELINA CASSIA CASTRO SOARES;18/12/2025;NOTA REFERENTE A JARDINAGEM DA UNIDADE NO MÊS DE DEZEMBRO/2025;;19/12/2025;;19/12/2025 09:24;VANESSA CORREA DE MORAES MARTINI;
11041796/0001-47;MASTER CONSTRUCOES LTDA;514;S;99;262.291,31;326,00;17/12/2025;01/01/2026;1;92;FAC;92;FAC;1155;ENGENHARIA E MANUTENCAO;LANÇADA;Solicitação autorizada por: VANESSA CORREA DE MORAES MARTINI em: 18/12/2025 13:32:43 Nota lançada por ADRIANA APARECIDA DOS SANTOS em: 30/12/2025;CAMILA RAMOS;18/12/2025;CONTRATAÇÃO DE EMPRESA DE CONSTRUÇÃO CIVIL PARA FORNECIMENTO DE MATERIAL E MÃO DE OBRA NA EXECUÇÃO, DE ENTRADA SANITÁRIA, CÂMARA DE MATÉRIA PRIMA, LAVAGEM DE CONTENTORES E AMPLIAÇÃO DA SALA DE MÁQUINAS DO FRIGORÍFICO AURORA COOP DE CASTRO (FAC).;;18/12/2025;;30/12/2025 15:19;VANESSA CORREA DE MORAES MARTINI;
42600723/0001-71;MONTAGGIO ENGENHARIA INDUSTRIAL.;932;S;99;24.658,00;287,00;18/12/2025;01/02/2026;0;92;FAC;92;FAC;1155;ENGENHARIA E MANUTENCAO;LANÇADA;Solicitação autorizada por: VANESSA CORREA DE MORAES MARTINI em: 18/12/2025 13:33:39 Nota lançada por ADRIANA APARECIDA DOS SANTOS em: 29/12/2025;CAMILA RAMOS;18/12/2025;SERVIÇO DE INSPEÇÃO NAS ESTRUTURAS DE ARMAZENAMENTO DA EXPEDIÇÃO. SERVIÇO A SER REALIZADO DENTRO DA UNIDADE EM DIAS NORMAIS E FINAL DE SEMANA.;;18/12/2025;;29/12/2025 09:43;VANESSA CORREA DE MORAES MARTINI;
49216042/0001-53;MARITSA MENON DA SILVA;7582906;895;55;520;22,00;15/12/2025;14/01/2026;3;92;FAC;92;FAC;2054;ADMINISTRACAO;LANÇADA;Solicitação autorizada por: ADRIANO TOMALOK em: 18/12/2025 11:21:05 Nota lançada por ADRIANA APARECIDA DOS SANTOS em: 18/12/2025;RAFAEL SALVI DOS SANTOS;18/12/2025;BOLACHAS COMPRADAS PARA CONFRATERNIZAÇÃO DE GESTORES;;18/12/2025;Autorizado automaticamente através do pedido de compra 4444318 em 16/12/2025.;18/12/2025 11:35;ADRIANO TOMALOK;
58146236/0001-10;PHDS COMERCIO DE FERRAGENS LTDA;490;U;99;2.000,00;242,00;17/12/2025;01/01/2026;1;92;FAC;92;FAC;1155;ENGENHARIA E MANUTENCAO;LANÇADA;Solicitação autorizada por: VANESSA CORREA DE MORAES MARTINI em: 18/12/2025 13:33:05 Nota lançada por ADRIANA APARECIDA DOS SANTOS em: 19/12/2025;CAMILA RAMOS;18/12/2025;TORNO - USINAGEM DE PONTEIRA DE EIXO E AJUSTE;;18/12/2025;;19/12/2025 08:31;VANESSA CORREA DE MORAES MARTINI;
77037331/0001-20;ARCA EXTINTORES COM E REPRESENTACAO;41276;S;99;420;5,00;15/12/2025;;2;92;FAC;92;FAC;2101;SEGURANCA E SAUDE;LANÇADA;Solicitação autorizada por: VANESSA CORREA DE MORAES MARTINI em: 18/12/2025 08:38:31 Nota lançada por ADRIANA APARECIDA DOS SANTOS em: 18/12/2025;SANDERSON GUILHERME BUENO DA LUZ;17/12/2025;RECARGA DE EXTINTORES;;18/12/2025;;18/12/2025 09:12;VANESSA CORREA DE MORAES MARTINI;
77037331/0001-20;ARCA EXTINTORES COM E REPRESENTACAO;41274;S;99;745;5,00;15/12/2025;05/01/2026;2;92;FAC;92;FAC;2101;SEGURANCA E SAUDE;LANÇADA;Solicitação autorizada por: VANESSA CORREA DE MORAES MARTINI em: 18/12/2025 08:38:31 Nota lançada por ADRIANA APARECIDA DOS SANTOS em: 18/12/2025;SANDERSON GUILHERME BUENO DA LUZ;17/12/2025;RECARGA DE EXTINTORES;;18/12/2025;;18/12/2025 09:11;VANESSA CORREA DE MORAES MARTINI;
77037331/0001-20;ARCA EXTINTORES COM E REPRESENTACAO;41273;S;99;245;5,00;15/12/2025;05/01/2026;2;92;FAC;92;FAC;2101;SEGURANCA E SAUDE;LANÇADA;Solicitação autorizada por: VANESSA CORREA DE MORAES MARTINI em: 18/12/2025 08:38:31 Nota lançada por ADRIANA APARECIDA DOS SANTOS em: 18/12/2025;SANDERSON GUILHERME BUENO DA LUZ;17/12/2025;RECARGA DE EXTINTORES;;18/12/2025;;18/12/2025 09:25;VANESSA CORREA DE MORAES MARTINI;
77037331/0001-20;ARCA EXTINTORES COM E REPRESENTACAO;41272;S;99;340;5,00;15/12/2025;05/01/2026;2;92;FAC;92;FAC;2101;SEGURANCA E SAUDE;LANÇADA;Solicitação autorizada por: VANESSA CORREA DE MORAES MARTINI em: 18/12/2025 08:38:31 Nota lançada por ADRIANA APARECIDA DOS SANTOS em: 18/12/2025;SANDERSON GUILHERME BUENO DA LUZ;17/12/2025;RECARGA DE EXTINTORES;;18/12/2025;;18/12/2025 09:27;VANESSA CORREA DE MORAES MARTINI;
54551520/0001-11;ATIVA PRO SERVICE;149;E;99;3.525,40;242,00;03/12/2025;19/01/2026;14;92;FAC;92;FAC;1155;ENGENHARIA E MANUTENCAO;LANÇADA;Solicitação autorizada por: VANESSA CORREA DE MORAES MARTINI em: 18/12/2025 08:39:30 Nota lançada por ADRIANA APARECIDA DOS SANTOS em: 18/12/2025;CAMILA RAMOS;17/12/2025;CONSERTO DO MÓDULO DAS EMBUTIDEIRAS HANDTMANN;;18/12/2025;;18/12/2025 09:45;VANESSA CORREA DE MORAES MARTINI;
39871419/0001-54;3D MULTISERVICOS LTDA;503;E;99;34.991,25;9,00;16/12/2025;;1;92;FAC;92;FAC;2054;ADMINISTRACAO;LANÇADA;Solicitação autorizada por: VANESSA CORREA DE MORAES MARTINI em: 18/12/2025 08:31:48 Nota lançada por ADRIANA APARECIDA DOS SANTOS em: 18/12/2025;CELINA CASSIA CASTRO SOARES;17/12/2025;NOTA FISCAL REFERENTE A PRESTAÇÃO DE LIMPEZA E SERVIÇOS EM GERAL DEZEMBRO/2025;;18/12/2025;;18/12/2025 09:33;VANESSA CORREA DE MORAES MARTINI;
39871419/0001-54;3D MULTISERVICOS LTDA;77;S1;99;14.996,25;9,00;16/12/2025;;1;92;FAC;92;FAC;2054;ADMINISTRACAO;LANÇADA;Solicitação autorizada por: VANESSA CORREA DE MORAES MARTINI em: 18/12/2025 08:31:48 Nota lançada por ADRIANA APARECIDA DOS SANTOS em: 18/12/2025;CELINA CASSIA CASTRO SOARES;17/12/2025;RECIBO REFERENTE A PRESTAÇÃO DE LIMPEZA E SERVIÇOS EM GERAL DEZEMBRO/2025;;18/12/2025;;18/12/2025 09:38;VANESSA CORREA DE MORAES MARTINI;
08283039/0001-75;MECANICA INDUSTRIAL VELOTANO;3214;S;99;8.740,00;242,00;16/12/2025;01/01/2026;1;92;FAC;92;FAC;1155;ENGENHARIA E MANUTENCAO;LANÇADA;Solicitação autorizada por: VANESSA CORREA DE MORAES MARTINI em: 18/12/2025 08:35:31 Nota lançada por ADRIANA APARECIDA DOS SANTOS em: 18/12/2025;CAMILA RAMOS;17/12/2025;TORNO - CONSERTO EM ALGEMAS UTILIZADAS NA NÓREA AÉREA DE PERNIL DA X-HAM, NO SETOR DE ESPOSTEJAMENTO;;18/12/2025;;18/12/2025 11:52;VANESSA CORREA DE MORAES MARTINI;
27412570/0001-45;CGL INOX;5499;1;55;165.996,74;327,00;15/12/2025;29/01/2026;2;92;FAC;92;FAC;1155;ENGENHARIA E MANUTENCAO;LANÇADA;Solicitação autorizada por: ADRIANO TOMALOK em: 19/12/2025 11:48:46 Nota lançada por BARBARA REGINA LIPPERT em: 23/12/2025;WILLIAN MARCONDES DOS SANTOS;17/12/2025;SILOS CENTRAL DE ÁGUA QUENTE;;19/12/2025;;23/12/2025 17:31;ADRIANO TOMALOK;
27880008/0001-46;AWITE BIOENERGIA;405;1;55;1.992,73;242,00;17/12/2025;01/01/2026;0;92;FAC;92;FAC;1155;ENGENHARIA E MANUTENCAO;LANÇADA;Solicitação autorizada por: ADRIANO TOMALOK em: 19/12/2025 11:48:18 Nota lançada por BARBARA REGINA LIPPERT em: 26/12/2025;WILLIAN MARCONDES DOS SANTOS;17/12/2025;ASSISTÊNCIA TÉCNICA SERVIÇO DE  MANUTENÇÃO E CALIBRAÇÃO DO MEDIDOR DE GASES DO BIODIGESTOR.;;19/12/2025;;26/12/2025 13:09;ADRIANO TOMALOK;
42278291/0035-73;LOG-IN - LOGISTICA INTERMODAL S/A;103853;59;57;4.731,18;233,00;12/12/2025;12/01/2026;5;92;FAC;28;U.V. RECIFE/CB.ST.AG;698;LOGISTICA SECUNDARIA A;LANÇADA;Solicitação autorizada por: GISELE BRUZZI PORTO em: 18/12/2025 18:22:29 Nota lançada por ADRIANA APARECIDA DOS SANTOS em: 19/12/2025;TATIANA CAVALCANTE DA SILVA;17/12/2025;REFERENTE A CUSTO COM MONITORAMENTO E ENERGIA, CARGA: 1404423 NOTA: 103853.;;18/12/2025;;19/12/2025 08:41;GISELE BRUZZI PORTO;
42278291/0035-73;LOG-IN - LOGISTICA INTERMODAL S/A;103851;59;57;2.494,62;233,00;12/12/2025;12/01/2026;5;92;FAC;28;U.V. RECIFE/CB.ST.AG;698;LOGISTICA SECUNDARIA A;LANÇADA;Solicitação autorizada por: GISELE BRUZZI PORTO em: 18/12/2025 08:59:38 Nota lançada por ADRIANA APARECIDA DOS SANTOS em: 18/12/2025;TATIANA CAVALCANTE DA SILVA;17/12/2025;REFERENTE AO CUSTO COM ARMAZENAGEMCARGA: 14044023 NOTA:103851;;18/12/2025;;18/12/2025 09:54;GISELE BRUZZI PORTO;
42278291/0001-24;LOG-IN - LOGISTICA INTERMODAL S/A;40839;S;99;600;233,00;12/12/2025;12/01/2026;5;92;FAC;28;U.V. RECIFE/CB.ST.AG;698;LOGISTICA SECUNDARIA A;LANÇADA;Solicitação autorizada por: GISELE BRUZZI PORTO em: 17/12/2025 13:41:02 Nota lançada por ADRIANA APARECIDA DOS SANTOS em: 18/12/2025;TATIANA CAVALCANTE DA SILVA;17/12/2025;CUSTO COM DEMURRAGEM, CONT: TCLU1162180, EM VIRTUDE DA NÃO CAPACIDADE DE RECEBIMENTO, ARMAZEM CHEIO. CARGA: 14044023;;17/12/2025;;18/12/2025 08:04;GISELE BRUZZI PORTO;
11318959/0001-96;METAL C;743;S;99;103.000,00;332,00;16/12/2025;01/01/2026;1;92;FAC;92;FAC;1155;ENGENHARIA E MANUTENCAO;LANÇADA;Solicitação autorizada por: VANESSA CORREA DE MORAES MARTINI em: 17/12/2025 13:35:10 Nota lançada por ADRIANA APARECIDA DOS SANTOS em: 18/12/2025;CAMILA RAMOS;17/12/2025;MATERIAL E MÃO DE OBRA PARA REALIZAÇÃO DE MONTAGEM DE REDE DE UTILIDADES CONTEMPLANDO, REDE DE VAPOR, REDE DE ÁGUA TEMPERATURA 38ºC, REDE DE ÁGUA TEMPERATURA 45ºC, REDE DE VAPOR E REDE DE AR COMPRIMIDO CONTENDO AS DERIVAÇÕES NECESSÁRIAS PARA LIGAÇÃO DOS EQUIPAMENTOS DA BARREIRA SANITÁRIA (TRÊS UNIDADES DE LAVADORES DE MÃO E TRÊS UNIDADES DE LAVADORES DE BOTAS),  LIGAÇÃO DE MÁQUINA LAVADORA DE CONTENTORES E INSTALAÇÃO DE PONTO DE HIGINIZAÇÃO NAS SALAS.;;17/12/2025;;18/12/2025 11:03;VANESSA CORREA DE MORAES MARTINI;
04337111/0001-49;CBO ASSESSORIA E ANALISE;50683;S;99;965,3;97,00;17/12/2025;14/01/2026;0;92;FAC;92;FAC;1759;CONTROLE DE QUALIDADE;LANÇADA;Solicitação autorizada por: VANESSA CORREA DE MORAES MARTINI em: 17/12/2025 13:34:43 Nota lançada por ADRIANA APARECIDA DOS SANTOS em: 17/12/2025;GABRIELLE APARECIDA CARVALHO;17/12/2025;SERVIÇOS DE ANÁLISES BROMATOLÓGICA;;17/12/2025;;17/12/2025 17:10;VANESSA CORREA DE MORAES MARTINI;
08283039/0001-75;MECANICA INDUSTRIAL VELOTANO;3211;S;99;665;242,00;10/12/2025;01/01/2026;7;92;FAC;92;FAC;1155;ENGENHARIA E MANUTENCAO;LANÇADA;Solicitação autorizada por: VANESSA CORREA DE MORAES MARTINI em: 17/12/2025 13:34:36 Nota lançada por ADRIANA APARECIDA DOS SANTOS em: 18/12/2025;CAMILA RAMOS;17/12/2025;TORNO - USINAGEM EM RODA GUIA DA NÓREAS DO ABATE.;;17/12/2025;;18/12/2025 10:56;VANESSA CORREA DE MORAES MARTINI;
00428307/0012-40;EXPRESSO SAO MIGUEL S/A;191141;11;57;120;97,00;15/12/2025;05/01/2026;2;92;FAC;92;FAC;1155;ENGENHARIA E MANUTENCAO;LANÇADA;Solicitação autorizada por: VANESSA CORREA DE MORAES MARTINI em: 17/12/2025 13:33:50 Nota lançada por ADRIANA APARECIDA DOS SANTOS em: 17/12/2025;ADRIANA APARECIDA DOS SANTOS;17/12/2025;REFERENTE ENVIO PARA CONSERTO;;17/12/2025;;17/12/2025 14:45;VANESSA CORREA DE MORAES MARTINI;
09375382/0001-02;VOLT ELETRONICA INDUSTRIAL;5150;S;99;2.640,00;242,00;09/12/2025;23/01/2026;8;92;FAC;92;FAC;1155;ENGENHARIA E MANUTENCAO;LANÇADA;Solicitação autorizada por: VANESSA CORREA DE MORAES MARTINI em: 17/12/2025 13:34:37 Nota lançada por ADRIANA APARECIDA DOS SANTOS em: 17/12/2025;CAMILA RAMOS;17/12/2025;CONSERTO ELETRÔNICO EM INVERSOR DE FREQUÊNCIA LENZE 8400 2.4 A;;17/12/2025;;17/12/2025 17:00;VANESSA CORREA DE MORAES MARTINI;
09135637/0001-60;GN9V LTDA;290;S;99;1.500,00;153,00;03/11/2025;18/12/2025;44;92;FAC;92;FAC;1155;ENGENHARIA E MANUTENCAO;LANÇADA;Solicitação autorizada por: VANESSA CORREA DE MORAES MARTINI em: 17/12/2025 13:34:11 Nota lançada por ADRIANA APARECIDA DOS SANTOS em: 17/12/2025;CAMILA RAMOS;17/12/2025;LOCAÇÃO DE DETECTOR DE METAIS PARA A LINHA DA TERMOFORMADORA F200. ORÇAMENTO É REFERENTE AOS DIAS RESIDUAIS DE OUTUBRO EM QUE O DETECTOR FICOU LOCADO EM NOSSA UNIDADE.;;17/12/2025;;17/12/2025 15:09;VANESSA CORREA DE MORAES MARTINI;
57443549/0001-78;C&E SERVICE;100;U;99;30.974,08;242,00;15/12/2025;01/01/2026;2;92;FAC;92;FAC;1155;ENGENHARIA E MANUTENCAO;LANÇADA;Solicitação autorizada por: VANESSA CORREA DE MORAES MARTINI em: 22/12/2025 16:09:39 Nota lançada por ADRIANA APARECIDA DOS SANTOS em: 23/12/2025;CAMILA RAMOS;17/12/2025;MANUTENÇÃO PREVENTIVA EM 37 CABINES ELÉTRICAS DA UNIDADE;;22/12/2025;;23/12/2025 07:55;VANESSA CORREA DE MORAES MARTINI;
78706751/0014-30;TRANSPEN ENCOMENDAS;168158;1;57;248,6;242,00;12/12/2025;02/01/2026;5;92;FAC;92;FAC;1155;ENGENHARIA E MANUTENCAO;LANÇADA;Solicitação autorizada por: VANESSA CORREA DE MORAES MARTINI em: 17/12/2025 13:33:50 Nota lançada por ADRIANA APARECIDA DOS SANTOS em: 17/12/2025;ADRIANA APARECIDA DOS SANTOS;17/12/2025;REFERENTE ENVIO PARA CONSERTO;;17/12/2025;;17/12/2025 14:47;VANESSA CORREA DE MORAES MARTINI;
00428307/0012-40;EXPRESSO SAO MIGUEL S/A;191053;11;57;1.452,00;7,00;12/12/2025;02/01/2026;5;92;FAC;92;FAC;1155;ENGENHARIA E MANUTENCAO;LANÇADA;Solicitação autorizada por: VANESSA CORREA DE MORAES MARTINI em: 17/12/2025 13:33:50 Nota lançada por ADRIANA APARECIDA DOS SANTOS em: 17/12/2025;ADRIANA APARECIDA DOS SANTOS;17/12/2025;REFERENTE ENVIO PARA CONSERTO DE CADEIRAS;;17/12/2025;;17/12/2025 14:47;VANESSA CORREA DE MORAES MARTINI;
78706751/0014-30;TRANSPEN ENCOMENDAS;168162;1;57;287,27;242,00;12/12/2025;02/01/2026;5;92;FAC;92;FAC;1155;ENGENHARIA E MANUTENCAO;LANÇADA;Solicitação autorizada por: VANESSA CORREA DE MORAES MARTINI em: 17/12/2025 13:33:50 Nota lançada por ADRIANA APARECIDA DOS SANTOS em: 17/12/2025;ADRIANA APARECIDA DOS SANTOS;17/12/2025;DEVOLUÇÃO DE RÁDIO COM DEFEITO PARA ABIX;;17/12/2025;;17/12/2025 14:46;VANESSA CORREA DE MORAES MARTINI;
01341776/0011-00;MERCOSUL LINE NAVEGACAO E LOGISTICA LTDA;66460;3;57;716,42;233,00;14/11/2025;22/12/2025;33;92;FAC;28;U.V. RECIFE/CB.ST.AG;1902;OPERACIONAL;LANÇADA;Solicitação autorizada por: GISELE BRUZZI PORTO em: 17/12/2025 10:28:31 Nota lançada por ADRIANA APARECIDA DOS SANTOS em: 17/12/2025;BRUNA KARLA LIRA GOMES;17/12/2025;REFERENTE AO CUSTO COM ARMAZENAGEM CARGA: 14050066 NOTA: 66460.;;17/12/2025;;17/12/2025 16:51;GISELE BRUZZI PORTO;
78706751/0014-30;TRANSPEN ENCOMENDAS;168179;1;57;217,67;242,00;12/12/2025;02/01/2026;5;92;FAC;92;FAC;1155;ENGENHARIA E MANUTENCAO;LANÇADA;Solicitação autorizada por: VANESSA CORREA DE MORAES MARTINI em: 17/12/2025 13:34:36 Nota lançada por ADRIANA APARECIDA DOS SANTOS em: 17/12/2025;ADRIANA APARECIDA DOS SANTOS;17/12/2025;REFERENTE ENVIO PARA CONSERTO;;17/12/2025;;17/12/2025 14:46;VANESSA CORREA DE MORAES MARTINI;
76174911/0001-05;ELETROMOTOR;8393;S;99;1.140,00;242,00;16/12/2025;;1;92;FAC;92;FAC;1171;ENGENHARIA E MANUTENCAO MECANICA;LANÇADA;Solicitação autorizada por: ADRIANO TOMALOK em: 19/12/2025 11:48:33 Nota lançada por ADRIANA APARECIDA DOS SANTOS em: 19/12/2025;FELIPE LOPES CANALLI;17/12/2025;MOTOR DETECTOR DE METAL DA PELE OS 96838;;19/12/2025;;19/12/2025 15:06;ADRIANO TOMALOK;
18640674/0001-16;KUGLER SOLUCOES GRAFICAS;986;U;99;435;3,00;25/11/2025;22/12/2025;21;92;FAC;92;FAC;2101;SEGURANCA E SAUDE;LANÇADA;Solicitação autorizada por: VANESSA CORREA DE MORAES MARTINI em: 18/12/2025 08:39:45 Nota lançada por ADRIANA APARECIDA DOS SANTOS em: 30/12/2025;GLEICIANE DOS SANTOS PEIXOTO;16/12/2025;PLACAS DE SINALIZAÇÃO 20X30 ACM;;18/12/2025;;30/12/2025 08:46;VANESSA CORREA DE MORAES MARTINI;
00664761/0001-48;RUFATTO EQUIPAMENTOS LTDA - ME;494;S;99;4.236,29;57,00;16/12/2025;;0;92;FAC;92;FAC;2054;ADMINISTRACAO;LANÇADA;Solicitação autorizada por: VANESSA CORREA DE MORAES MARTINI em: 18/12/2025 08:33:12 Nota lançada por ADRIANA APARECIDA DOS SANTOS em: 18/12/2025;NAVIER NUNES RESENDE;16/12/2025;IMPRESSÃO UNIDADE CASTRO;;18/12/2025;;18/12/2025 14:24;VANESSA CORREA DE MORAES MARTINI;
77781706/0001-62;HOSPITAL GERAL UNIMED;875651;S;99;108.990,14;151,00;05/12/2025;24/12/2025;11;92;FAC;16;MATRIZ;452;CSC GESTAO PESSOAS;LANÇADA;Solicitação autorizada por: PAULA FERNANDA DA SILVA GIACOMELLI em: 16/12/2025 16:26:04 Nota lançada por ADRIANA APARECIDA DOS SANTOS em: 18/12/2025;JOSIANE DE ALMEIDA OSMARIN;16/12/2025;PLANO NACIONAL - NÃO PAGAR VIA DEPÓSITO / PAGAR SOMENTE VIA BOLETO;;16/12/2025;;18/12/2025 11:29;PAULA FERNANDA DA SILVA GIACOMELLI;
77781706/0001-62;HOSPITAL GERAL UNIMED;875652;S;99;188.909,75;151,00;05/12/2025;24/12/2025;11;92;FAC;16;MATRIZ;452;CSC GESTAO PESSOAS;LANÇADA;Solicitação autorizada por: PAULA FERNANDA DA SILVA GIACOMELLI em: 16/12/2025 16:26:04 Nota lançada por ADRIANA APARECIDA DOS SANTOS em: 18/12/2025;JOSIANE DE ALMEIDA OSMARIN;16/12/2025;PLANO REGIONAL - NÃO PAGAR VIA DEPÓSITO / PAGAR SOMENTE VIA BOLETO;;16/12/2025;;18/12/2025 11:29;PAULA FERNANDA DA SILVA GIACOMELLI;
13704733/0001-59;TRÊS QUADROS FILMES;472;E;99;235.000,00;;15/12/2025;20/12/2025;1;92;FAC;92;FAC;2054;ADMINISTRACAO;LANÇADA;Solicitação autorizada por: VANESSA CORREA DE MORAES MARTINI em: 16/12/2025 17:29:49 Nota lançada por ADRIANA APARECIDA DOS SANTOS em: 26/12/2025;RAFAEL SALVI DOS SANTOS;16/12/2025;CRIAÇÃO E PRODUÇÃO FILME TURMINHA DA RECICLAGEMREF. AO INCENTIVO DE  CONTRIBUIÇÃO DE 3% - PARANA COMPETITIVO (CRÉDITO PRESUMIDO DE COMPRA) - CONFORME ORIENTAÇÃO FISCAL;;16/12/2025;;26/12/2025 16:53;VANESSA CORREA DE MORAES MARTINI;
07175849/0001-45;HANNA INSTRUMENTS BRASIL IMPORTACAO E EXPORTACAO LTDA;192855;2;55;11.978,47;308,00;29/11/2025;26/12/2025;17;92;FAC;92;FAC;1155;ENGENHARIA E MANUTENCAO;LANÇADA;Solicitação autorizada por: ADRIANO TOMALOK em: 19/12/2025 11:49:06 Nota lançada por BARBARA REGINA LIPPERT em: 23/12/2025;WILLIAN MARCONDES DOS SANTOS;16/12/2025;MEDIDOR FOTOMETRO MULTIPARAMETRO DE BANCADA HI83399 HANNA I;;19/12/2025;;23/12/2025 16:10;ADRIANO TOMALOK;
08050646/0001-95;AUTO POSTO SUL PARANA LTDA;75492;1;55;1.235,46;12,00;16/12/2025;25/12/2025;0;92;FAC;92;FAC;728;GESTAO DE VEICULOS;LANÇADA;Solicitação autorizada por: VANESSA CORREA DE MORAES MARTINI em: 16/12/2025 17:15:10 Nota lançada por ADRIANA APARECIDA DOS SANTOS em: 17/12/2025;RODRIGO WALTER;16/12/2025;REFERENTE ABASTECIMENTO DA FROTA DA UNIDADE DA PRIMEIRA QUINZENA DE DEZEMBRO;;16/12/2025;;17/12/2025 17:24;VANESSA CORREA DE MORAES MARTINI;
58146236/0001-10;PHDS COMERCIO DE FERRAGENS LTDA;475;U;99;100.000,00;326,00;15/12/2025;15/01/2026;1;92;FAC;92;FAC;1155;ENGENHARIA E MANUTENCAO;LANÇADA;Solicitação autorizada por: VANESSA CORREA DE MORAES MARTINI em: 16/12/2025 17:21:44 Nota lançada por ADRIANA APARECIDA DOS SANTOS em: 17/12/2025;CAMILA RAMOS;16/12/2025;INSTALAÇÃO DE PLATAFORMAS E ESCADAS PARA ACESSO AOS PAINÉIS DE VÁLVULA DE AMONIA NOS SETORES DE CORTES, PALETIZAÇÃO E ESTOCAGEM PARA FACILIAR A MANUTENÇÃO E MANOBRAS NAS VÁLVULAS;;16/12/2025;;17/12/2025 08:15;VANESSA CORREA DE MORAES MARTINI;
51057772/0001-09;JL RIBEIRO SOLUCOES LTDA;6;1;57;2.800,00;97,00;12/12/2025;02/01/2026;4;92;FAC;92;FAC;1759;CONTROLE DE QUALIDADE;LANÇADA;Solicitação autorizada por: VANESSA CORREA DE MORAES MARTINI em: 16/12/2025 17:15:16 Nota lançada por ADRIANA APARECIDA DOS SANTOS em: 18/12/2025;GABRIELLE APARECIDA CARVALHO;16/12/2025;FRETE DE ANÁLISE LABORATORIAL;;16/12/2025;;18/12/2025 10:49;VANESSA CORREA DE MORAES MARTINI;
12390636/0001-76;MILTON GERALDO WOLINSKI JUNIOR;13982;S;99;2.015,00;242,00;09/12/2025;;7;92;FAC;92;FAC;2054;ADMINISTRACAO;LANÇADA;Solicitação autorizada por: VANESSA CORREA DE MORAES MARTINI em: 16/12/2025 10:43:14 Nota lançada por ADRIANA APARECIDA DOS SANTOS em: 17/12/2025;ALANA TELES SURRASKI;16/12/2025;CONSERTO CATRACAS DA PORTARIA PATRIMÔNIO 255472 E RESTAURANTE PATRIMÔNIO 259512.;;16/12/2025;Autorizado automaticamente através do pedido de compra 4439508 em 11/12/2025.;17/12/2025 15:14;VANESSA CORREA DE MORAES MARTINI;
12026980/0003-42;COMERCIAL LUCOL LTDA;2756;U;99;62.697,50;326,00;10/11/2025;18/12/2025;36;92;FAC;92;FAC;1155;ENGENHARIA E MANUTENCAO;LANÇADA;Solicitação autorizada por: VANESSA CORREA DE MORAES MARTINI em: 16/12/2025 09:57:37 Nota lançada por ADRIANA APARECIDA DOS SANTOS em: 19/12/2025;CAMILA RAMOS;16/12/2025;CONTRATAÇÃO DE EMPRESA DE CONSTRUÇÃO CIVIL PARA FORNECIMENTO DE MATERIAL E MÃO DE OBRA NA EXECUÇÃO, DE ENTRADA SANITÁRIA, CÂMARA DE MATÉRIA PRIMA, LAVAGEM DE CONTENTORES E AMPLIAÇÃO DA SALA DE MÁQUINAS DO FRIGORÍFICO AURORA COOP DE CASTRO (FAC).;;16/12/2025;;19/12/2025 17:12;VANESSA CORREA DE MORAES MARTINI;
51207785/0001-09;BRAPENTA ELETRONICA LTDA;17971;5;55;33.000,00;242,00;10/12/2025;09/01/2026;6;92;FAC;92;FAC;1155;ENGENHARIA E MANUTENCAO;LANÇADA;Solicitação autorizada por: ADRIANO TOMALOK em: 16/12/2025 08:17:03 Nota lançada por ADRIANA APARECIDA DOS SANTOS em: 16/12/2025;ADRIANA APARECIDA DOS SANTOS;16/12/2025;PAINEL PLASTICO P/DETECTOR STEALTH COD.NCPLB01STSP,FORTRESS;;16/12/2025;Autorizado automaticamente através do pedido de compra 4440243 em 10/12/2025.;16/12/2025 08:18;ADRIANO TOMALOK;
06113322/0001-23;ABIX TECNOLOGIA LTDA;74838;S;99;6.250,23;262,00;15/12/2025;30/01/2026;0;92;FAC;92;FAC;1155;ENGENHARIA E MANUTENCAO;LANÇADA;Solicitação autorizada por: VANESSA CORREA DE MORAES MARTINI em: 16/12/2025 09:56:47 Nota lançada por ADRIANA APARECIDA DOS SANTOS em: 17/12/2025;CAMILA RAMOS;15/12/2025;SERVIÇO DE LOCAÇÃO DE RADIOTRANSMISSORES E CENTRAL, COMPOSTA POR UM SISTEMA DE REPETIDORAS E BATERIAS ESTACIONÁRIAS, PARA A PLANTA.CONTRATO 114402 - 9654;;16/12/2025;;17/12/2025 08:11;VANESSA CORREA DE MORAES MARTINI;
03068511/0001-33;CRICOM DO BRASIL LTDA;1254;62;62;415;71,00;15/12/2025;30/01/2026;0;92;FAC;92;FAC;1155;ENGENHARIA E MANUTENCAO;LANÇADA;Solicitação autorizada por: VANESSA CORREA DE MORAES MARTINI em: 16/12/2025 09:56:47 Nota lançada por ADRIANA APARECIDA DOS SANTOS em: 17/12/2025;CAMILA RAMOS;15/12/2025;SERVIÇO DE LEGALIZAÇÃO E LICENCIAMENTO DOS COMUNICADORES RADIOFREQUÊNCIA JUNTO A ANATEL.;;16/12/2025;;17/12/2025 08:03;VANESSA CORREA DE MORAES MARTINI;
01341776/0011-00;MERCOSUL LINE NAVEGACAO E LOGISTICA LTDA;66733;3;57;10.527,24;171,00;27/11/2025;25/12/2025;18;92;FAC;28;U.V. RECIFE/CB.ST.AG;698;LOGISTICA SECUNDARIA A;LANÇADA;Solicitação autorizada por: GISELE BRUZZI PORTO em: 15/12/2025 17:27:55 Nota lançada por ADRIANA APARECIDA DOS SANTOS em: 17/12/2025;GUSTAVO LUIZ GOMES DOS SANTOS;15/12/2025;CTE 66733 NFS 41214 / 41215 E 41213 CARGA 14200239;;15/12/2025;;17/12/2025 17:18;GISELE BRUZZI PORTO;
13938390/0005-10;CROWN LIFT TRUCKS DO BRASIL;19752;1;55;4.992,16;242,00;10/12/2025;26/01/2026;5;92;FAC;92;FAC;1155;ENGENHARIA E MANUTENCAO;LANÇADA;Solicitação autorizada por: ADRIANO TOMALOK em: 15/12/2025 17:15:10 Nota lançada por BARBARA REGINA LIPPERT em: 16/12/2025;BARBARA REGINA LIPPERT;15/12/2025;GARFO STD 100X40X1220 2A;;15/12/2025;;16/12/2025 15:00;ADRIANO TOMALOK;
18177521/0001-84;ASLOG;5580;2;57;1.647,72;114,00;26/09/2025;17/12/2025;80;92;FAC;92;FAC;2054;ADMINISTRACAO;LANÇADA;Solicitação autorizada por: VANESSA CORREA DE MORAES MARTINI em: 16/12/2025 09:57:02 Nota lançada por ADRIANA APARECIDA DOS SANTOS em: 16/12/2025;ADRIANA APARECIDA DOS SANTOS;15/12/2025;CTE EMITIDO INCORRETAMENTE COMO UNIDADE DE CASTRO COMO TOMADOR, CTE NÃO ESTAVA IMPORTADO NA 175 POR ESSE MOTIVO NÃO LOCALIZAMOS NAS PENDÊNCIAS;;16/12/2025;;16/12/2025 14:06;VANESSA CORREA DE MORAES MARTINI;
13938390/0005-10;CROWN LIFT TRUCKS DO BRASIL;19751;1;55;4.992,16;242,00;10/12/2025;26/01/2026;5;92;FAC;92;FAC;1155;ENGENHARIA E MANUTENCAO;LANÇADA;Solicitação autorizada por: ADRIANO TOMALOK em: 15/12/2025 17:15:10 Nota lançada por BARBARA REGINA LIPPERT em: 16/12/2025;BARBARA REGINA LIPPERT;15/12/2025;GARFO STD 100X40X1220 2A;;15/12/2025;;16/12/2025 15:02;ADRIANO TOMALOK;
13938390/0005-10;CROWN LIFT TRUCKS DO BRASIL;19750;1;55;3.480,59;242,00;09/12/2025;23/01/2026;6;92;FAC;92;FAC;1155;ENGENHARIA E MANUTENCAO;LANÇADA;Solicitação autorizada por: ADRIANO TOMALOK em: 15/12/2025 17:15:11 Nota lançada por BARBARA REGINA LIPPERT em: 16/12/2025;BARBARA REGINA LIPPERT;15/12/2025;PLACA DE COMANDO ALÇAS INFERIOR ALÇAS SUPERIOR;;15/12/2025;;16/12/2025 15:12;ADRIANO TOMALOK;
13938390/0005-10;CROWN LIFT TRUCKS DO BRASIL;19749;1;55;2.766,03;242,00;09/12/2025;23/01/2026;6;92;FAC;92;FAC;1155;ENGENHARIA E MANUTENCAO;LANÇADA;Solicitação autorizada por: ADRIANO TOMALOK em: 15/12/2025 17:15:11 Nota lançada por BARBARA REGINA LIPPERT em: 16/12/2025;BARBARA REGINA LIPPERT;15/12/2025;RODA DE POLIURETANO;;15/12/2025;;16/12/2025 15:08;ADRIANO TOMALOK;
13938390/0005-10;CROWN LIFT TRUCKS DO BRASIL;19748;1;55;693,84;242,00;09/12/2025;23/01/2026;6;92;FAC;92;FAC;1155;ENGENHARIA E MANUTENCAO;LANÇADA;Solicitação autorizada por: ADRIANO TOMALOK em: 15/12/2025 17:15:11 Nota lançada por BARBARA REGINA LIPPERT em: 16/12/2025;BARBARA REGINA LIPPERT;15/12/2025;RODA DE CARGA SIMPLES WP2300;;15/12/2025;;16/12/2025 15:09;ADRIANO TOMALOK;
13938390/0005-10;CROWN LIFT TRUCKS DO BRASIL;19747;1;55;2.766,03;242,00;09/12/2025;23/01/2026;6;92;FAC;92;FAC;1155;ENGENHARIA E MANUTENCAO;LANÇADA;Solicitação autorizada por: VANESSA CORREA DE MORAES MARTINI em: 15/12/2025 14:12:25 Nota lançada por BARBARA REGINA LIPPERT em: 16/12/2025;BARBARA REGINA LIPPERT;15/12/2025;RODA DE POLIURETANO;;15/12/2025;;16/12/2025 15:11;VANESSA CORREA DE MORAES MARTINI;
13938390/0005-10;CROWN LIFT TRUCKS DO BRASIL;19746;1;55;809,14;242,00;09/12/2025;23/01/2026;6;92;FAC;92;FAC;1155;ENGENHARIA E MANUTENCAO;LANÇADA;Solicitação autorizada por: VANESSA CORREA DE MORAES MARTINI em: 15/12/2025 14:12:25 Nota lançada por BARBARA REGINA LIPPERT em: 16/12/2025;BARBARA REGINA LIPPERT;15/12/2025;CHAVE DE IGNICAO COM 4 POLOS;;15/12/2025;;16/12/2025 15:13;VANESSA CORREA DE MORAES MARTINI;
13938390/0005-10;CROWN LIFT TRUCKS DO BRASIL;19745;1;55;1.523,59;242,00;09/12/2025;23/01/2026;6;92;FAC;92;FAC;1155;ENGENHARIA E MANUTENCAO;LANÇADA;Solicitação autorizada por: VANESSA CORREA DE MORAES MARTINI em: 15/12/2025 14:12:26 Nota lançada por BARBARA REGINA LIPPERT em: 16/12/2025;BARBARA REGINA LIPPERT;15/12/2025;COBERTURA COM DESING ROBUSTO;;15/12/2025;;16/12/2025 15:15;VANESSA CORREA DE MORAES MARTINI;
13938390/0005-10;CROWN LIFT TRUCKS DO BRASIL;19744;1;55;403,17;242,00;09/12/2025;23/01/2026;6;92;FAC;92;FAC;1155;ENGENHARIA E MANUTENCAO;LANÇADA;Solicitação autorizada por: VANESSA CORREA DE MORAES MARTINI em: 15/12/2025 14:12:26 Nota lançada por BARBARA REGINA LIPPERT em: 16/12/2025;BARBARA REGINA LIPPERT;15/12/2025;RODA DE APOIO DE POLIURETANO REF.TE825947,CROWN;;15/12/2025;;16/12/2025 16:13;VANESSA CORREA DE MORAES MARTINI;
13938390/0005-10;CROWN LIFT TRUCKS DO BRASIL;19726;1;55;2.766,03;242,00;08/12/2025;22/01/2026;7;92;FAC;92;FAC;1155;ENGENHARIA E MANUTENCAO;LANÇADA;Solicitação autorizada por: VANESSA CORREA DE MORAES MARTINI em: 15/12/2025 14:12:32 Nota lançada por BARBARA REGINA LIPPERT em: 16/12/2025;BARBARA REGINA LIPPERT;15/12/2025;RODA DE POLIURETANO REF.805808,CROWN;;15/12/2025;;16/12/2025 15:18;VANESSA CORREA DE MORAES MARTINI;
07657413/0001-92;RETENLINS;60993;1;55;90.000,00;332,00;12/12/2025;26/01/2026;3;92;FAC;92;FAC;1155;ENGENHARIA E MANUTENCAO;LANÇADA;Solicitação autorizada por: VANESSA CORREA DE MORAES MARTINI em: 15/12/2025 14:12:07 Nota lançada por WILLIAN MARCONDES DOS SANTOS em: 23/12/2025;WILLIAN MARCONDES DOS SANTOS;15/12/2025;;;15/12/2025;;23/12/2025 16:30;VANESSA CORREA DE MORAES MARTINI;
13938390/0005-10;CROWN LIFT TRUCKS DO BRASIL;19753;1;55;453,02;242,00;10/12/2025;26/01/2026;5;92;FAC;92;FAC;1155;ENGENHARIA E MANUTENCAO;LANÇADA;Solicitação autorizada por: VANESSA CORREA DE MORAES MARTINI em: 15/12/2025 14:12:25 Nota lançada por BARBARA REGINA LIPPERT em: 16/12/2025;BARBARA REGINA LIPPERT;15/12/2025;RODA DE CARGA WT COD.824901,CROWN;;15/12/2025;;16/12/2025 15:24;VANESSA CORREA DE MORAES MARTINI;
05165233/0001-68;VENZON AFIAÇÕES;4325;S;99;1.440,00;170,00;09/12/2025;23/01/2026;6;92;FAC;92;FAC;1155;ENGENHARIA E MANUTENCAO;LANÇADA;Solicitação autorizada por: VANESSA CORREA DE MORAES MARTINI em: 15/12/2025 14:13:07 Nota lançada por ADRIANA APARECIDA DOS SANTOS em: 15/12/2025;CAMILA RAMOS;15/12/2025;AFIAÇÃO LÂMINA DE CORTE V-CUT MAREL;;15/12/2025;;15/12/2025 15:16;VANESSA CORREA DE MORAES MARTINI;
10317952/0002-78;FOSS DO BRASIL INSTRUMENTOS ANALITIC. E SOLUC.DEDICADAS LTDA;8201;S;99;8.049,74;242,00;11/12/2025;08/01/2026;4;92;FAC;92;FAC;1155;ENGENHARIA E MANUTENCAO;LANÇADA;Solicitação autorizada por: VANESSA CORREA DE MORAES MARTINI em: 15/12/2025 14:12:16 Nota lançada por ADRIANA APARECIDA DOS SANTOS em: 15/12/2025;CAMILA RAMOS;15/12/2025;SERVIÇO DE MÃO DE OBRA E MATERIAL PARA MANUTENÇÃO PREVENTIVA DA MÁQUINA FOODSCAN 2 DAIRY;;15/12/2025;;15/12/2025 16:39;VANESSA CORREA DE MORAES MARTINI;
42278291/0035-73;LOG-IN - LOGISTICA INTERMODAL S/A;102983;59;57;1.806,45;233,00;03/12/2025;03/01/2026;12;92;FAC;69;U.V. FORTALEZA;698;LOGISTICA SECUNDARIA A;LANÇADA;Solicitação autorizada por: DIRCEU ANGNES em: 16/12/2025 07:46:26 Nota lançada por ADRIANA APARECIDA DOS SANTOS em: 16/12/2025;ANDERSON PERES MARTINS;15/12/2025;CUSTO EXTRA DE MONITORAMENTO E ENERGIA - CONTAINER DE Nº TCLU1160819 - (NFS 36238 / 36239  - CARGA: 13924225) FRETE DA LOG-IN - CTE COMPLEMENTAR 93372;;16/12/2025;;16/12/2025 12:00;DIRCEU ANGNES;
07804544/0002-36;GESTEC EQUIPAMENTOS E PRECISAO EIRELI;2598;S;99;693,55;242,00;11/12/2025;26/01/2026;4;92;FAC;92;FAC;1759;CONTROLE DE QUALIDADE;LANÇADA;Solicitação autorizada por: VANESSA CORREA DE MORAES MARTINI em: 15/12/2025 13:25:13 Nota lançada por ADRIANA APARECIDA DOS SANTOS em: 15/12/2025;LUCAS NUNES BUENO DA SILVA;15/12/2025;;;15/12/2025;;15/12/2025 14:54;VANESSA CORREA DE MORAES MARTINI;
07804544/0002-36;GESTEC EQUIPAMENTOS E PRECISAO EIRELI;2599;S;99;95;3,00;11/12/2025;15/01/2026;4;92;FAC;92;FAC;1759;CONTROLE DE QUALIDADE;LANÇADA;Solicitação autorizada por: VANESSA CORREA DE MORAES MARTINI em: 15/12/2025 13:25:13 Nota lançada por ADRIANA APARECIDA DOS SANTOS em: 15/12/2025;LUCAS NUNES BUENO DA SILVA;15/12/2025;;;15/12/2025;;15/12/2025 15:00;VANESSA CORREA DE MORAES MARTINI;
07804544/0002-36;GESTEC EQUIPAMENTOS E PRECISAO EIRELI;2600;S;99;380;242,00;11/12/2025;26/01/2026;4;92;FAC;92;FAC;1759;CONTROLE DE QUALIDADE;LANÇADA;Solicitação autorizada por: VANESSA CORREA DE MORAES MARTINI em: 15/12/2025 13:25:13 Nota lançada por ADRIANA APARECIDA DOS SANTOS em: 15/12/2025;LUCAS NUNES BUENO DA SILVA;15/12/2025;;;15/12/2025;;15/12/2025 14:40;VANESSA CORREA DE MORAES MARTINI;
51207785/0001-09;BRAPENTA ELETRONICA LTDA;6614;S;99;6.998,00;242,00;10/12/2025;01/01/2026;5;92;FAC;92;FAC;1155;ENGENHARIA E MANUTENCAO;LANÇADA;Solicitação autorizada por: VANESSA CORREA DE MORAES MARTINI em: 15/12/2025 14:12:51 Nota lançada por ADRIANA APARECIDA DOS SANTOS em: 15/12/2025;CAMILA RAMOS;15/12/2025;SERVIÇO DE TERCEIRO COM MÃO DE OBRA E MATERIAIS PARA REALIZAR A SUBSTITUIÇÃO DO PAINEL E ATUALIZAÇÃO DO SOFTWARE DO DETECTOR DE METAIS LOMA SYSTEMS IQ3+E SN QEU55-25-58124D.;;15/12/2025;;15/12/2025 16:20;VANESSA CORREA DE MORAES MARTINI;
09375382/0001-02;VOLT ELETRONICA INDUSTRIAL;5151;S;99;4.769,00;242,00;09/12/2025;23/01/2026;6;92;FAC;92;FAC;1155;ENGENHARIA E MANUTENCAO;LANÇADA;Solicitação autorizada por: CRISTIANO RODEGHIERO MOREIRA em: 15/12/2025 08:55:20 Nota lançada por ADRIANA APARECIDA DOS SANTOS em: 15/12/2025;CAMILA RAMOS;15/12/2025;CONSERTO EM IHM UTILIZADA NA MULTIVAC PRESUNTARIA.;;15/12/2025;;15/12/2025 09:42;CRISTIANO RODEGHIERO MOREIRA;
08283039/0001-75;MECANICA INDUSTRIAL VELOTANO;3212;S;99;11.238,50;242,00;12/12/2025;01/01/2026;3;92;FAC;92;FAC;1155;ENGENHARIA E MANUTENCAO;LANÇADA;Solicitação autorizada por: CRISTIANO RODEGHIERO MOREIRA em: 15/12/2025 08:55:20 Nota lançada por ADRIANA APARECIDA DOS SANTOS em: 15/12/2025;CAMILA RAMOS;15/12/2025;TORNO - SERVIÇO DE TORNO PARA REPARO NAS BASES DE APOIO DA CAIXA DE FORMAÇÃO DA R145;;15/12/2025;;15/12/2025 16:43;CRISTIANO RODEGHIERO MOREIRA;
42278291/0035-73;LOG-IN - LOGISTICA INTERMODAL S/A;103069;59;57;1.559,14;233,00;04/12/2025;04/01/2026;8;92;FAC;28;U.V. RECIFE/CB.ST.AG;698;LOGISTICA SECUNDARIA A;LANÇADA;Solicitação autorizada por: GISELE BRUZZI PORTO em: 15/12/2025 08:59:01 Nota lançada por ADRIANA APARECIDA DOS SANTOS em: 15/12/2025;TATIANA CAVALCANTE DA SILVA;12/12/2025;REFERENTE AO CUSTO COM ARMAZENAGEMCARGA: 14067371 NOTA: 103069;;15/12/2025;;15/12/2025 15:57;GISELE BRUZZI PORTO;
42278291/0035-73;LOG-IN - LOGISTICA INTERMODAL S/A;103063;59;57;1.559,14;233,00;04/12/2025;04/01/2026;8;92;FAC;28;U.V. RECIFE/CB.ST.AG;698;LOGISTICA SECUNDARIA A;LANÇADA;Solicitação autorizada por: GISELE BRUZZI PORTO em: 16/12/2025 10:54:30 Nota lançada por ADRIANA APARECIDA DOS SANTOS em: 16/12/2025;TATIANA CAVALCANTE DA SILVA;12/12/2025;REFERENTE AO CUSTO COM ARMAZENAGEMCARGA: 14068145 NOTA: 103063;;16/12/2025;;16/12/2025 16:07;GISELE BRUZZI PORTO;
60619202/0035-97;MESSER GASES LTDA;6543;S;99;521,95;242,00;01/12/2025;01/01/2026;11;92;FAC;92;FAC;1155;ENGENHARIA E MANUTENCAO;LANÇADA;Solicitação autorizada por: CRISTIANO RODEGHIERO MOREIRA em: 12/12/2025 17:25:30 Nota lançada por ADRIANA APARECIDA DOS SANTOS em: 15/12/2025;CAMILA RAMOS;12/12/2025;ASSISTENCIA TÉCNICA DO TANQUE DE CO2. - 112582 - 14441;;12/12/2025;;15/12/2025 16:47;CRISTIANO RODEGHIERO MOREIRA;
66616970/0001-24;DISKTRANS COMERCIAL LTDA;609732;S;99;3.897,91;153,00;11/12/2025;05/01/2026;1;92;FAC;92;FAC;1155;ENGENHARIA E MANUTENCAO;LANÇADA;Solicitação autorizada por: CRISTIANO RODEGHIERO MOREIRA em: 12/12/2025 17:25:29 Nota lançada por ADRIANA APARECIDA DOS SANTOS em: 17/12/2025;FRANCILEI SOUZA ALVES;12/12/2025;LOCAÇÃO DE EQUIPAMENTOS UTILIZADOS PARA MOVIMENTAÇÃO DE CARGAS PALETIZADAS REFERENTE AO CONTRATO SEQUENCIA AURORA:3624 - Nº AURORA 111657;;12/12/2025;;17/12/2025 14:44;CRISTIANO RODEGHIERO MOREIRA;
29051630/0001-77;REFRIGERAÇÃO IAPÓ;116;S;99;950;242,00;11/12/2025;11/01/2026;1;92;FAC;92;FAC;1155;ENGENHARIA E MANUTENCAO;LANÇADA;Solicitação autorizada por: CRISTIANO RODEGHIERO MOREIRA em: 12/12/2025 17:25:30 Nota lançada por ADRIANA APARECIDA DOS SANTOS em: 15/12/2025;FRANCILEI SOUZA ALVES;12/12/2025;CONSERTO EMERGENCIAL REALIZADO NA CÂMARA FRIA DE CONGELADOS DO REFEITÓRIO.;;12/12/2025;;15/12/2025 10:09;CRISTIANO RODEGHIERO MOREIRA;
53687752/0001-39;CERELAB- LABORATORIOS QUIMICOS LTDA.;140297;S;99;1.652,00;97,00;11/12/2025;25/01/2026;1;92;FAC;92;FAC;1759;CONTROLE DE QUALIDADE;LANÇADA;Solicitação autorizada por: MARCELO TIRELLI DE SIQUEIRA em: 12/12/2025 11:39:48 Nota lançada por ADRIANA APARECIDA DOS SANTOS em: 15/12/2025;GABRIELLE APARECIDA CARVALHO;12/12/2025;SERVIÇO DE ANÁLISE LABORATORIAL;;12/12/2025;;15/12/2025 09:15;MARCELO TIRELLI DE SIQUEIRA;
00869496/0001-34;METALURGICA BALENA;19769;S;99;12.311,72;327,00;12/12/2025;12/01/2026;0;92;FAC;92;FAC;1155;ENGENHARIA E MANUTENCAO;LANÇADA;Solicitação autorizada por: CRISTIANO RODEGHIERO MOREIRA em: 12/12/2025 17:25:29 Nota lançada por ADRIANA APARECIDA DOS SANTOS em: 15/12/2025;FRANCILEI SOUZA ALVES;12/12/2025;FABRICAÇÃO E INSTALAÇÃO DE AGITADOR TANQUE DE LODO ETE;;12/12/2025;;15/12/2025 09:58;CRISTIANO RODEGHIERO MOREIRA;
11913842/0001-50;J ORTIZ CONSTRUTORA;2073;S;99;24.374,00;5,00;09/12/2025;09/01/2026;3;92;FAC;92;FAC;1155;ENGENHARIA E MANUTENCAO;LANÇADA;Solicitação autorizada por: CRISTIANO RODEGHIERO MOREIRA em: 12/12/2025 17:25:30 Nota lançada por ADRIANA APARECIDA DOS SANTOS em: 15/12/2025;FRANCILEI SOUZA ALVES;12/12/2025;REPARO EM 100M² DE PISO EM URETANO REPARO EM 30 PONTOS EM RODAPÉ EM URETANO.;;12/12/2025;;15/12/2025 11:54;CRISTIANO RODEGHIERO MOREIRA;
50685378/0001-44;MECANICA VALENGA LTDA;413;U;99;1.100,00;242,00;10/12/2025;10/01/2026;2;92;FAC;92;FAC;1155;ENGENHARIA E MANUTENCAO;LANÇADA;Solicitação autorizada por: CRISTIANO RODEGHIERO MOREIRA em: 12/12/2025 17:25:30 Nota lançada por ADRIANA APARECIDA DOS SANTOS em: 15/12/2025;FRANCILEI SOUZA ALVES;12/12/2025;SERVIÇO DE MANUTENÇÃO DO CILINDRO HIDRÁULICO DA DIREÇÃO HIDRÁULICA DA RETROESCAVADEIRA JOHNDEERE.;;12/12/2025;;15/12/2025 11:46;CRISTIANO RODEGHIERO MOREIRA;
15423420/0001-58;VENTARE SISTEMAS DE VENTILACAO;1204;S;99;13.450,00;332,00;11/12/2025;11/01/2026;1;92;FAC;92;FAC;1155;ENGENHARIA E MANUTENCAO;LANÇADA;Solicitação autorizada por: CRISTIANO RODEGHIERO MOREIRA em: 12/12/2025 17:25:29 Nota lançada por ADRIANA APARECIDA DOS SANTOS em: 29/12/2025;FRANCILEI SOUZA ALVES;12/12/2025;SISTEMA DE VENTILAÇÃO.;;12/12/2025;;29/12/2025 15:56;CRISTIANO RODEGHIERO MOREIRA;
11318959/0001-96;METAL C;741;S;99;57.500,00;5,00;11/12/2025;11/01/2026;1;92;FAC;92;FAC;1155;ENGENHARIA E MANUTENCAO;LANÇADA;Solicitação autorizada por: CRISTIANO RODEGHIERO MOREIRA em: 12/12/2025 17:25:29 Nota lançada por ADRIANA APARECIDA DOS SANTOS em: 15/12/2025;FRANCILEI SOUZA ALVES;12/12/2025;SERVIÇO DE MÃO DE OBRA E MATERIAIS PARA SUBSTITUIÇÃO DO CORRIMÃO EM AÇO CARBONO POR AÇO INOX 304 DA ESCADARIA DE ACESSO A GALERIA TÉCNICA. SERVIÇO A SER EXECUTADO DURANTE A SEMANA;;12/12/2025;;15/12/2025 10:02;CRISTIANO RODEGHIERO MOREIRA;
08283039/0001-75;MECANICA INDUSTRIAL VELOTANO;3210;S;99;2.099,50;242,00;10/12/2025;10/01/2026;2;92;FAC;92;FAC;1155;ENGENHARIA E MANUTENCAO;LANÇADA;Solicitação autorizada por: CRISTIANO RODEGHIERO MOREIRA em: 12/12/2025 17:25:30 Nota lançada por ADRIANA APARECIDA DOS SANTOS em: 15/12/2025;FRANCILEI SOUZA ALVES;12/12/2025;TORNO -  USINAGEM EM CILINDRO HIDRÁULICO DA INJETORA DA PRESUNTARIA;;12/12/2025;;15/12/2025 11:35;CRISTIANO RODEGHIERO MOREIRA;
00236854/0001-71;CCL COMERCIO E SERVICOS LTDA;19094;E;99;6.269,18;242,00;09/12/2025;24/01/2026;2;92;FAC;92;FAC;3591;LABORATORIO ANALISE DE ALIMENTOS FAC;LANÇADA;Solicitação autorizada por: VANESSA CORREA DE MORAES MARTINI em: 12/12/2025 13:19:55 Nota lançada por ADRIANA APARECIDA DOS SANTOS em: 15/12/2025;DANIELE APARECIDA GOMES CASTRO;11/12/2025;;;12/12/2025;;15/12/2025 09:38;VANESSA CORREA DE MORAES MARTINI;
08722245/0001-34;EMS EQUIPAMENTOS;1260;S;99;95.185,77;327,00;01/12/2025;15/01/2026;10;92;FAC;92;FAC;1155;ENGENHARIA E MANUTENCAO;LANÇADA;Solicitação autorizada por: CRISTIANO RODEGHIERO MOREIRA em: 12/12/2025 07:24:00 Nota lançada por ADRIANA APARECIDA DOS SANTOS em: 12/12/2025;CAMILA RAMOS;11/12/2025;"CONTRATAÇÃO DE SERVIÇO E MATERIAIS PARA SUBSTITUIR O TRILHO ""T"" DA NORIA DE MONOBLOCOS QUE ESTÁ DANIFICADA. SEERVIÇO A SER REALIZADO DENTRO DA UNIDADE EM FINAL DE SEMANA.";;12/12/2025;;12/12/2025 09:23;CRISTIANO RODEGHIERO MOREIRA;
51057772/0001-09;JL RIBEIRO SOLUCOES LTDA;5;1;57;1.400,00;97,00;10/12/2025;30/12/2025;1;92;FAC;92;FAC;1759;CONTROLE DE QUALIDADE;LANÇADA;Solicitação autorizada por: MARCELO TIRELLI DE SIQUEIRA em: 12/12/2025 09:13:47 Nota lançada por ADRIANA APARECIDA DOS SANTOS em: 16/12/2025;GABRIELLE APARECIDA CARVALHO;11/12/2025;FRETE DE ANALISE LABORATORIAL;;12/12/2025;;16/12/2025 16:38;MARCELO TIRELLI DE SIQUEIRA;
03176066/0001-25;BUSCH DO BRASIL LTDA;6765;S;99;3.850,00;242,00;08/12/2025;22/01/2026;3;92;FAC;92;FAC;1155;ENGENHARIA E MANUTENCAO;LANÇADA;Solicitação autorizada por: CRISTIANO RODEGHIERO MOREIRA em: 12/12/2025 07:24:00 Nota lançada por ADRIANA APARECIDA DOS SANTOS em: 12/12/2025;CAMILA RAMOS;11/12/2025;SERVIÇO DE CONSERTO EM MOTOBOMBA DE VÁCUO BUSCH WV 0500 C 001 SN C1426000540;;12/12/2025;;12/12/2025 09:14;CRISTIANO RODEGHIERO MOREIRA;
03176066/0001-25;BUSCH DO BRASIL LTDA;6764;S;99;3.850,00;242,00;08/12/2025;22/01/2026;3;92;FAC;92;FAC;1155;ENGENHARIA E MANUTENCAO;LANÇADA;Solicitação autorizada por: CRISTIANO RODEGHIERO MOREIRA em: 12/12/2025 07:24:00 Nota lançada por ADRIANA APARECIDA DOS SANTOS em: 12/12/2025;CAMILA RAMOS;11/12/2025;SERVIÇO DE CONSERTO EM MOTOBOMBA DE VÁCUO BUSCH WV 1000 C 001 SN C1407000742;;12/12/2025;;12/12/2025 09:11;CRISTIANO RODEGHIERO MOREIRA;
76174911/0001-05;ELETROMOTOR;8384;S;99;3.380,00;242,00;10/12/2025;;1;92;FAC;92;FAC;1155;ENGENHARIA E MANUTENCAO;LANÇADA;Solicitação autorizada por: CRISTIANO RODEGHIERO MOREIRA em: 12/12/2025 07:23:59 Nota lançada por ADRIANA APARECIDA DOS SANTOS em: 12/12/2025;FELIPE LOPES CANALLI;11/12/2025;MOTOREDUTOR DA FATIADORA MANUAL DE BISTECA OS 95974;;12/12/2025;;12/12/2025 07:57;CRISTIANO RODEGHIERO MOREIRA;
08283039/0001-75;MECANICA INDUSTRIAL VELOTANO;3209;S;99;883,5;242,00;10/12/2025;10/01/2026;1;92;FAC;92;FAC;1155;ENGENHARIA E MANUTENCAO;LANÇADA;Solicitação autorizada por: CRISTIANO RODEGHIERO MOREIRA em: 12/12/2025 07:23:59 Nota lançada por ADRIANA APARECIDA DOS SANTOS em: 12/12/2025;CAMILA RAMOS;11/12/2025;TORNO - USINAGEM EM SUPORTE DO BRAÇO SERRRA AUTO SPLITTER;;12/12/2025;;12/12/2025 09:42;CRISTIANO RODEGHIERO MOREIRA;
82110818/0002-02;ALFA TRANSPORTES LTDA;8023928;0;57;235,52;242,00;06/12/2025;27/12/2025;4;92;FAC;92;FAC;1155;ENGENHARIA E MANUTENCAO;LANÇADA;Solicitação autorizada por: CRISTIANO RODEGHIERO MOREIRA em: 11/12/2025 08:50:40 Nota lançada por ADRIANA APARECIDA DOS SANTOS em: 11/12/2025;ADRIANA APARECIDA DOS SANTOS;10/12/2025;REFERENTE ENVIO PARA CONSERTO;;11/12/2025;;11/12/2025 09:34;CRISTIANO RODEGHIERO MOREIRA;
78706751/0014-30;TRANSPEN ENCOMENDAS;166462;1;57;1.553,13;242,00;03/12/2025;24/12/2025;7;92;FAC;92;FAC;1155;ENGENHARIA E MANUTENCAO;LANÇADA;Solicitação autorizada por: CRISTIANO RODEGHIERO MOREIRA em: 11/12/2025 08:50:41 Nota lançada por ADRIANA APARECIDA DOS SANTOS em: 11/12/2025;ADRIANA APARECIDA DOS SANTOS;10/12/2025;REFERENTE ENVIO PARA CONSERTO;;11/12/2025;;11/12/2025 09:23;CRISTIANO RODEGHIERO MOREIRA;
78706751/0014-30;TRANSPEN ENCOMENDAS;166461;1;57;1.304,56;242,00;03/12/2025;24/12/2025;7;92;FAC;92;FAC;1155;ENGENHARIA E MANUTENCAO;LANÇADA;Solicitação autorizada por: CRISTIANO RODEGHIERO MOREIRA em: 11/12/2025 08:50:41 Nota lançada por ADRIANA APARECIDA DOS SANTOS em: 11/12/2025;ADRIANA APARECIDA DOS SANTOS;10/12/2025;REFERENTE ENVIO PARA CONSERTO;;11/12/2025;;11/12/2025 09:36;CRISTIANO RODEGHIERO MOREIRA;
78706751/0014-30;TRANSPEN ENCOMENDAS;166459;1;57;305,32;242,00;03/12/2025;24/12/2025;7;92;FAC;92;FAC;1155;ENGENHARIA E MANUTENCAO;LANÇADA;Solicitação autorizada por: CRISTIANO RODEGHIERO MOREIRA em: 11/12/2025 08:50:42 Nota lançada por ADRIANA APARECIDA DOS SANTOS em: 11/12/2025;ADRIANA APARECIDA DOS SANTOS;10/12/2025;REFERENTE ENVIO PARA CONSERTO;;11/12/2025;;11/12/2025 09:39;CRISTIANO RODEGHIERO MOREIRA;
78706751/0014-30;TRANSPEN ENCOMENDAS;166457;1;57;363,97;242,00;03/12/2025;24/12/2025;7;92;FAC;92;FAC;1155;ENGENHARIA E MANUTENCAO;LANÇADA;Solicitação autorizada por: CRISTIANO RODEGHIERO MOREIRA em: 11/12/2025 08:50:42 Nota lançada por ADRIANA APARECIDA DOS SANTOS em: 11/12/2025;ADRIANA APARECIDA DOS SANTOS;10/12/2025;REFERENTE ENVIO PARA CONSERTO;;11/12/2025;;11/12/2025 09:37;CRISTIANO RODEGHIERO MOREIRA;
78706751/0014-30;TRANSPEN ENCOMENDAS;166455;1;57;158,27;242,00;03/12/2025;24/12/2025;7;92;FAC;92;FAC;1155;ENGENHARIA E MANUTENCAO;LANÇADA;Solicitação autorizada por: CRISTIANO RODEGHIERO MOREIRA em: 11/12/2025 08:50:42 Nota lançada por ADRIANA APARECIDA DOS SANTOS em: 11/12/2025;ADRIANA APARECIDA DOS SANTOS;10/12/2025;REFERENTE ENVIO PARA CONSERTO;;11/12/2025;;11/12/2025 09:38;CRISTIANO RODEGHIERO MOREIRA;
03324402/0001-30;E B FERREIRA EIRELI;746;1;55;10.670,00;22,00;09/12/2025;23/01/2026;1;92;FAC;92;FAC;2054;ADMINISTRACAO;LANÇADA;Solicitação autorizada por: VANESSA CORREA DE MORAES MARTINI em: 10/12/2025 17:28:20 Nota lançada por ADRIANA APARECIDA DOS SANTOS em: 15/12/2025;ADRIANA APARECIDA DOS SANTOS;10/12/2025;NOTA FISCAL REFERENTE AO ALUGUEL E PRESTAÇÃO DE SERVIÇO PARA CONFRATERNIZAÇÃO DE FINAL DE ANO DOS GESTORES;;10/12/2025;;15/12/2025 08:58;VANESSA CORREA DE MORAES MARTINI;
09082080/0001-46;RSL CIENTÍFICA COMÉRCIO DE EQUIPAMENTOS E SERVIÇOS LTDA  ME;9;S;99;3.482,00;242,00;03/11/2025;18/12/2025;37;92;FAC;92;FAC;3591;LABORATORIO ANALISE DE ALIMENTOS FAC;LANÇADA;Solicitação autorizada por: VANESSA CORREA DE MORAES MARTINI em: 10/12/2025 17:28:11 Nota lançada por ADRIANA APARECIDA DOS SANTOS em: 11/12/2025;DANIELE APARECIDA GOMES CASTRO;10/12/2025;A NOTA FISCAL FOI EMITIDA DIA 03/11, PORÉM FOI ENVIADA PARA A REQUISITANTE DE SERVIÇO TEM EM VISTA QUE A MESMA SE ENCONTRA EM LICENÇA MATERNIDADE. REALIZANDO OS FECHAMETOS ENOCONTRA,OS UM SERVIÇO PENDENTE, E, CONTATO COM O FORNECEDOR. ELE NOS PASSOU A NF EM ABERTO.;;10/12/2025;;11/12/2025 09:16;VANESSA CORREA DE MORAES MARTINI;
13938390/0005-10;CROWN LIFT TRUCKS DO BRASIL;169466;S;99;64.739,10;153,00;09/12/2025;09/02/2026;1;92;FAC;92;FAC;1155;ENGENHARIA E MANUTENCAO;LANÇADA;Solicitação autorizada por: CRISTIANO RODEGHIERO MOREIRA em: 11/12/2025 08:50:39 Nota lançada por ADRIANA APARECIDA DOS SANTOS em: 12/12/2025;FRANCILEI SOUZA ALVES;10/12/2025;FATURA REFERENTE A LOCAÇÃO DE EQUIPAMENTOS;;11/12/2025;;12/12/2025 08:17;CRISTIANO RODEGHIERO MOREIRA;
03392348/0001-60;SERVIOESTE SOLUCOES AMBIENTAIS LTDA;267410;S;99;419,5;9,00;09/12/2025;09/01/2026;1;92;FAC;92;FAC;1244;OPERACAO ESTACAO TRATAMENTO AGUA;LANÇADA;Solicitação autorizada por: CRISTIANO RODEGHIERO MOREIRA em: 11/12/2025 08:50:39 Nota lançada por ADRIANA APARECIDA DOS SANTOS em: 16/12/2025;TIAGO FARIAS DOS SANTOS;10/12/2025;N/F REFERENTE A COLETA E DESTINAÇÃO FINAL DE RESÍDUOS DO LABOLATÓRIO E SAÚDE;;11/12/2025;;16/12/2025 15:05;CRISTIANO RODEGHIERO MOREIRA;
13938390/0005-10;CROWN LIFT TRUCKS DO BRASIL;169467;S;99;90.599,22;153,00;09/12/2025;09/02/2026;1;92;FAC;92;FAC;1155;ENGENHARIA E MANUTENCAO;LANÇADA;Solicitação autorizada por: CRISTIANO RODEGHIERO MOREIRA em: 11/12/2025 08:50:39 Nota lançada por ADRIANA APARECIDA DOS SANTOS em: 12/12/2025;FRANCILEI SOUZA ALVES;10/12/2025;FATURA REFERENTE A LOCAÇÃO DE EQUIPAMENTOS;;11/12/2025;;12/12/2025 08:12;CRISTIANO RODEGHIERO MOREIRA;
08283039/0001-75;MECANICA INDUSTRIAL VELOTANO;3208;S;99;510;242,00;08/12/2025;01/01/2026;2;92;FAC;92;FAC;1155;ENGENHARIA E MANUTENCAO;LANÇADA;Solicitação autorizada por: CRISTIANO RODEGHIERO MOREIRA em: 11/12/2025 08:50:40 Nota lançada por ADRIANA APARECIDA DOS SANTOS em: 11/12/2025;CAMILA RAMOS;10/12/2025;TORNO - CONFECÇÃO DE MÓDULO DE CORREIA UTILIZADA NA EXTRATORA DE ESCÁPULA.;;11/12/2025;;11/12/2025 10:09;CRISTIANO RODEGHIERO MOREIRA;
03666421/0001-44;MYCOM CHEMICAL;24758;S;99;27.196,67;242,00;09/12/2025;22/02/2026;0;92;FAC;92;FAC;1155;ENGENHARIA E MANUTENCAO;LANÇADA;Solicitação autorizada por: CRISTIANO RODEGHIERO MOREIRA em: 11/12/2025 08:50:39 Nota lançada por ADRIANA APARECIDA DOS SANTOS em: 11/12/2025;CAMILA RAMOS;09/12/2025;MANUTENÇÃO PREVENTIVA NOS COMPRESSORES DE AMÔNIA. PARCELA 08/36;;11/12/2025;;11/12/2025 10:16;CRISTIANO RODEGHIERO MOREIRA;
00428307/0004-30;EXPRESSO SAO MIGUEL S/A;256008;19;57;129;172,00;25/11/2025;15/12/2025;14;92;FAC;92;FAC;1155;ENGENHARIA E MANUTENCAO;LANÇADA;Solicitação autorizada por: CRISTIANO RODEGHIERO MOREIRA em: 11/12/2025 08:50:43 Nota lançada por ADRIANA APARECIDA DOS SANTOS em: 11/12/2025;ADRIANA APARECIDA DOS SANTOS;09/12/2025;CTE REFERENTE TRANSFERÊNCIA INTERNA;;11/12/2025;;11/12/2025 09:45;CRISTIANO RODEGHIERO MOREIRA;
00428307/0001-98;EXPRESSO SAO MIGUEL S/A;495062;12;57;166;172,00;05/12/2025;26/12/2025;4;92;FAC;92;FAC;1155;ENGENHARIA E MANUTENCAO;LANÇADA;Solicitação autorizada por: CRISTIANO RODEGHIERO MOREIRA em: 11/12/2025 08:50:40 Nota lançada por ADRIANA APARECIDA DOS SANTOS em: 11/12/2025;ADRIANA APARECIDA DOS SANTOS;09/12/2025;CTE LANÇADO AVULSO POR ORIENTAÇÃO DO CSC;;11/12/2025;;11/12/2025 09:35;CRISTIANO RODEGHIERO MOREIRA;
11913842/0001-50;J ORTIZ CONSTRUTORA;2071;S;99;6.200,00;242,00;09/12/2025;09/01/2026;0;92;FAC;92;FAC;1155;ENGENHARIA E MANUTENCAO;LANÇADA;Solicitação autorizada por: CRISTIANO RODEGHIERO MOREIRA em: 11/12/2025 08:50:39 Nota lançada por ADRIANA APARECIDA DOS SANTOS em: 11/12/2025;FRANCILEI SOUZA ALVES;09/12/2025;:SERVIÇOS DE MUNCK PARA MOVIMENTAÇÃO DE CONTAINER, COLOCAÇÃO DE PLATIBANDA, IÇAMENTO VENTILADOR, RETIRADA DE BARCA LAGOA ETE, MOVIMENTAÇÃO DE MAQUINAS E TROCA DE PLATIBANDA - O.S. 706-707-795-797-798-799;;11/12/2025;;11/12/2025 11:24;CRISTIANO RODEGHIERO MOREIRA;
11913842/0001-50;J ORTIZ CONSTRUTORA;2072;S;99;1.260,00;242,00;09/12/2025;09/01/2026;0;92;FAC;92;FAC;1155;ENGENHARIA E MANUTENCAO;LANÇADA;Solicitação autorizada por: CRISTIANO RODEGHIERO MOREIRA em: 11/12/2025 08:50:39 Nota lançada por ADRIANA APARECIDA DOS SANTOS em: 11/12/2025;FRANCILEI SOUZA ALVES;09/12/2025;SERVIÇOS DE MUNCK COM CADEIRINHA, IÇAMENTO DE VENTILADOR - O.S. 686;;11/12/2025;;11/12/2025 11:12;CRISTIANO RODEGHIERO MOREIRA;
58146236/0001-10;PHDS COMERCIO DE FERRAGENS LTDA;455;S;99;950;242,00;05/12/2025;01/01/2026;4;92;FAC;92;FAC;1155;ENGENHARIA E MANUTENCAO;LANÇADA;Solicitação autorizada por: CRISTIANO RODEGHIERO MOREIRA em: 11/12/2025 08:50:41 Nota lançada por ADRIANA APARECIDA DOS SANTOS em: 12/12/2025;CAMILA RAMOS;09/12/2025;ABRIR POLIA DO SISTEMA DE TRANSMISSÃO DA NÓRIA DE DERRUBADA DE CARCAÇAS DO MEZANINO.;;11/12/2025;;12/12/2025 11:13;CRISTIANO RODEGHIERO MOREIRA;
58146236/0001-10;PHDS COMERCIO DE FERRAGENS LTDA;453;S;99;830;242,00;05/12/2025;01/01/2026;4;92;FAC;92;FAC;1155;ENGENHARIA E MANUTENCAO;LANÇADA;Solicitação autorizada por: CRISTIANO RODEGHIERO MOREIRA em: 11/12/2025 08:50:40 Nota lançada por ADRIANA APARECIDA DOS SANTOS em: 11/12/2025;CAMILA RAMOS;09/12/2025;TORNO - REPARO EM CONJUNTO ENGRENAGEM UTILIZADO NA MÁQUINA DE TRIPAS.;;11/12/2025;;11/12/2025 15:45;CRISTIANO RODEGHIERO MOREIRA;
58146236/0001-10;PHDS COMERCIO DE FERRAGENS LTDA;454;S;99;2.820,00;242,00;05/12/2025;01/01/2026;4;92;FAC;92;FAC;1155;ENGENHARIA E MANUTENCAO;LANÇADA;Solicitação autorizada por: CRISTIANO RODEGHIERO MOREIRA em: 11/12/2025 08:50:40 Nota lançada por ADRIANA APARECIDA DOS SANTOS em: 11/12/2025;CAMILA RAMOS;09/12/2025;TORNO - USINAGEM EM EIXO AGITADOR DE LODO UTILIZADO NO TANQUE DE LODO DA TRIDECANTER E DECANTER.;;11/12/2025;;11/12/2025 15:10;CRISTIANO RODEGHIERO MOREIRA;
58146236/0001-10;PHDS COMERCIO DE FERRAGENS LTDA;452;S;99;3.880,00;242,00;05/12/2025;01/01/2026;4;92;FAC;92;FAC;1155;ENGENHARIA E MANUTENCAO;LANÇADA;Solicitação autorizada por: CRISTIANO RODEGHIERO MOREIRA em: 11/12/2025 08:50:40 Nota lançada por ADRIANA APARECIDA DOS SANTOS em: 11/12/2025;CAMILA RAMOS;09/12/2025;TORNO - FABRICAÇÃO EM EIXO DA ESTEIRA DE COPA UTILIZADA NO ESPOSTEJAMENTO.;;11/12/2025;;11/12/2025 10:43;CRISTIANO RODEGHIERO MOREIRA;
58146236/0001-10;PHDS COMERCIO DE FERRAGENS LTDA;451;S;99;1.895,00;242,00;05/12/2025;19/01/2026;4;92;FAC;92;FAC;1155;ENGENHARIA E MANUTENCAO;LANÇADA;Solicitação autorizada por: CRISTIANO RODEGHIERO MOREIRA em: 11/12/2025 08:50:41 Nota lançada por ADRIANA APARECIDA DOS SANTOS em: 11/12/2025;CAMILA RAMOS;09/12/2025;TORNO - FABRICAÇÃO DE EIXO E CHAPAS DO CONJUNTO DE FACA UTILIZADA NA INOX MECCANICA.;;11/12/2025;;11/12/2025 10:35;CRISTIANO RODEGHIERO MOREIRA;
11194919/0001-80;USIMEC BALANCEAMENTO DINÂMICO;2759;S;99;3.800,00;242,00;04/12/2025;04/01/2026;5;92;FAC;92;FAC;1155;ENGENHARIA E MANUTENCAO;LANÇADA;Solicitação autorizada por: CRISTIANO RODEGHIERO MOREIRA em: 11/12/2025 08:50:41 Nota lançada por ADRIANA APARECIDA DOS SANTOS em: 11/12/2025;FRANCILEI SOUZA ALVES;09/12/2025;SERVIÇO DE MÃO DE OBRA PARA REVISÃO DO EXAUSTOR DO CHAMUSCADOR;;11/12/2025;;11/12/2025 15:21;CRISTIANO RODEGHIERO MOREIRA;
17669726/0001-14;DINAMICA CHAPECO REFRIGERACAO;3945;1;55;11.200,00;5,00;01/12/2025;29/12/2025;8;92;FAC;92;FAC;1155;ENGENHARIA E MANUTENCAO;LANÇADA;Solicitação autorizada por: CRISTIANO RODEGHIERO MOREIRA em: 11/12/2025 08:50:43 Nota lançada por BARBARA REGINA LIPPERT em: 12/12/2025;BARBARA REGINA LIPPERT;09/12/2025;SERVICO SERVICO P/AREA DE APOIO;;11/12/2025;;12/12/2025 15:28;CRISTIANO RODEGHIERO MOREIRA;
08283039/0001-75;MECANICA INDUSTRIAL VELOTANO;3204;S;99;1.282,50;242,00;03/12/2025;01/01/2026;6;92;FAC;92;FAC;1155;ENGENHARIA E MANUTENCAO;LANÇADA;Solicitação autorizada por: CRISTIANO RODEGHIERO MOREIRA em: 11/12/2025 08:50:42 Nota lançada por ADRIANA APARECIDA DOS SANTOS em: 11/12/2025;CAMILA RAMOS;09/12/2025;TORNO - USINAGEM EM SUPORTE PNEUMÁTICO EXTRATORA RETO.;;11/12/2025;;11/12/2025 15:13;CRISTIANO RODEGHIERO MOREIRA;
15077251/0001-41;RGM MANUTENCAO DE MAQUINAS LTDA;2473;E1;99;4.322,12;242,00;08/12/2025;08/01/2026;1;92;FAC;92;FAC;1155;ENGENHARIA E MANUTENCAO;LANÇADA;Solicitação autorizada por: CRISTIANO RODEGHIERO MOREIRA em: 11/12/2025 08:50:40 Nota lançada por ADRIANA APARECIDA DOS SANTOS em: 11/12/2025;FRANCILEI SOUZA ALVES;09/12/2025;CONSERTO DE INVERSOR SIEMENS SINAMICS POWER MODULE 230 MOD. 6SL3210-1NE26-0AL0.REPARO/PREVENTIVA: - DESMONTAGEM POR COMPLETO- LIMPEZA DE TODAS AS PARTES E PEÇAS - SECAGEM EM AMBIENTE CONTROLADO - SUBSTITUIÇÃO DOS VENTILADORES- RECUPERAÇÃO DOS BORNES DE SAÍDA - SUBSTITUIÇÃO DO COMPOSTO DE TRANSFERÊNCIA TÉRMICA. - MONTAGEM DE ACORDO COM NORMAS DE CADA FABRICANTE.;;11/12/2025;;11/12/2025 14:50;CRISTIANO RODEGHIERO MOREIRA;
11429623/0001-09;AVF;1799;S;99;5.756,40;242,00;01/12/2025;01/01/2026;8;92;FAC;92;FAC;1155;ENGENHARIA E MANUTENCAO;LANÇADA;Solicitação autorizada por: CRISTIANO RODEGHIERO MOREIRA em: 12/12/2025 07:24:00 Nota lançada por ADRIANA APARECIDA DOS SANTOS em: 12/12/2025;CAMILA RAMOS;09/12/2025;TORNO - USINAGEM EM CANTONEIRA DE AÇO INOX PARA FAZER 2 OBLONGOS E NORMALIZAÇÃO DO COMPRIMENTO;;12/12/2025;;12/12/2025 10:52;CRISTIANO RODEGHIERO MOREIRA;
08283039/0001-75;MECANICA INDUSTRIAL VELOTANO;3202;S;99;1.558,00;242,00;02/12/2025;02/01/2026;7;92;FAC;92;FAC;1155;ENGENHARIA E MANUTENCAO;LANÇADA;Solicitação autorizada por: CRISTIANO RODEGHIERO MOREIRA em: 11/12/2025 08:50:43 Nota lançada por ADRIANA APARECIDA DOS SANTOS em: 11/12/2025;CAMILA RAMOS;09/12/2025;TORNO - USINAGEM EM PLACA DE SELAGEM F200 E TEFLONAGEM.;;11/12/2025;;11/12/2025 15:07;CRISTIANO RODEGHIERO MOREIRA;
03203747/0001-35;ODIMAR MALAGUTTI & CIA LTDA;125;S;99;58.757,83;96,00;03/12/2025;03/01/2026;6;92;FAC;92;FAC;1155;ENGENHARIA E MANUTENCAO;LANÇADA;Solicitação autorizada por: CRISTIANO RODEGHIERO MOREIRA em: 11/12/2025 08:50:42 Nota lançada por ADRIANA APARECIDA DOS SANTOS em: 29/12/2025;CAMILA RAMOS;09/12/2025;SERVIÇO DE MATERIAL E MÃO DE OBRA PARA REPAROS EM 5000 M² NO TELHADO DO ABATE. SERVIÇO A SER EXECUTADO NA UNIDADE.;;11/12/2025;;29/12/2025 16:59;CRISTIANO RODEGHIERO MOREIRA;
08283039/0001-75;MECANICA INDUSTRIAL VELOTANO;3194;S;99;1.653,00;242,00;01/12/2025;01/01/2026;8;92;FAC;92;FAC;1155;ENGENHARIA E MANUTENCAO;LANÇADA;Solicitação autorizada por: CRISTIANO RODEGHIERO MOREIRA em: 11/12/2025 08:50:43 Nota lançada por ADRIANA APARECIDA DOS SANTOS em: 12/12/2025;CAMILA RAMOS;09/12/2025;TORNO - USINAGEM EM CONJUNTO ACIONADOR DA EXTRATORA DE RETO;;11/12/2025;;12/12/2025 11:39;CRISTIANO RODEGHIERO MOREIRA;
15829061/0001-33;HAASEN BRASIL LTDA;215;S;99;11.775,90;242,00;19/11/2025;10/12/2025;20;92;FAC;92;FAC;1155;ENGENHARIA E MANUTENCAO;LANÇADA;Solicitação autorizada por: CRISTIANO RODEGHIERO MOREIRA em: 11/12/2025 08:50:43 Nota lançada por ADRIANA APARECIDA DOS SANTOS em: 12/12/2025;CAMILA RAMOS;09/12/2025;MANUTENÇÃO NO TROCADOR DE CALOR ÁGUA 90°C;;11/12/2025;;12/12/2025 11:59;CRISTIANO RODEGHIERO MOREIRA;
08283039/0001-75;MECANICA INDUSTRIAL VELOTANO;3205;S;99;4.674,00;242,00;04/12/2025;04/01/2026;5;92;FAC;92;FAC;1155;ENGENHARIA E MANUTENCAO;LANÇADA;Solicitação autorizada por: CRISTIANO RODEGHIERO MOREIRA em: 11/12/2025 08:50:41 Nota lançada por ADRIANA APARECIDA DOS SANTOS em: 11/12/2025;CAMILA RAMOS;09/12/2025;TORNO - USINAGEM EM CASTANHAS DA RODA DEBOFLEX;;11/12/2025;;11/12/2025 14:54;CRISTIANO RODEGHIERO MOREIRA;
15423420/0001-58;VENTARE SISTEMAS DE VENTILACAO;4849;1;55;47.000,00;332,00;08/12/2025;22/01/2026;1;92;FAC;92;FAC;1155;ENGENHARIA E MANUTENCAO;LANÇADA;Solicitação autorizada por: CRISTIANO RODEGHIERO MOREIRA em: 11/12/2025 08:50:39 Nota lançada por BARBARA REGINA LIPPERT em: 17/12/2025;BARBARA REGINA LIPPERT;09/12/2025;OBRAS EM ANDAMENTO;;11/12/2025;;17/12/2025 14:14;CRISTIANO RODEGHIERO MOREIRA;
82662263/0001-20;BERMO;294238;3;55;113.766,45;327,00;08/12/2025;06/02/2026;1;92;FAC;92;FAC;1155;ENGENHARIA E MANUTENCAO;LANÇADA;Solicitação autorizada por: CRISTIANO RODEGHIERO MOREIRA em: 11/12/2025 08:50:39 Nota lançada por ADRIANA APARECIDA DOS SANTOS em: 22/12/2025;ADRIANA APARECIDA DOS SANTOS;09/12/2025;OBRA - ADEQUAÇÕES INICIAIS FRIGORÍFICO FACAS;;11/12/2025;;22/12/2025 16:50;CRISTIANO RODEGHIERO MOREIRA;
28566933/0001-60;METALURGICA BARRA DO PIRAI LTDA;203546;1;55;54.494,69;326,00;02/12/2025;01/01/2026;7;92;FAC;92;FAC;1155;ENGENHARIA E MANUTENCAO;LANÇADA;Solicitação autorizada por: CRISTIANO RODEGHIERO MOREIRA em: 11/12/2025 08:50:42 Nota lançada por ADRIANA APARECIDA DOS SANTOS em: 16/12/2025;ADRIANA APARECIDA DOS SANTOS;09/12/2025;OBRA - ADEQUAÇÕES INICIAIS FRIGORÍFICO FACAS;;11/12/2025;;16/12/2025 09:08;CRISTIANO RODEGHIERO MOREIRA;
19494778/0001-22;SULMED MEDICINA E SEGURANCA DO TRABALHO;6483;S;99;2.244,00;169,00;03/12/2025;15/12/2025;5;92;FAC;92;FAC;2101;SEGURANCA E SAUDE;LANÇADA;Solicitação autorizada por: VANESSA CORREA DE MORAES MARTINI em: 08/12/2025 21:47:14 Nota lançada por ADRIANA APARECIDA DOS SANTOS em: 09/12/2025;MARIANE TAVARES FLORA;08/12/2025;REFERENTE A ATENDIMENTIO EXTERNO, EXAMES AUDIOMETRICOS;;08/12/2025;Autorizado automaticamente através do pedido de compra 4432926 em 04/12/2025.;09/12/2025 09:16;VANESSA CORREA DE MORAES MARTINI;
10714618/0001-77;UTC SERVICOS;35;S;99;17.000,00;332,00;01/12/2025;01/01/2026;7;92;FAC;92;FAC;1155;ENGENHARIA E MANUTENCAO;LANÇADA;Solicitação autorizada por: CRISTIANO RODEGHIERO MOREIRA em: 11/12/2025 08:50:43 Nota lançada por ADRIANA APARECIDA DOS SANTOS em: 11/12/2025;FRANCILEI SOUZA ALVES;08/12/2025;OBRA - ADEQUAÇÕES INICIAIS FRIGORÍFICO FACAS;;11/12/2025;;11/12/2025 15:58;CRISTIANO RODEGHIERO MOREIRA;
45227419/0001-19;POTENCIAL ELETRICA INDUSTRIAL;79;1;55;192.000,00;332,00;02/12/2025;;6;92;FAC;92;FAC;1155;ENGENHARIA E MANUTENCAO;LANÇADA;Solicitação autorizada por: CRISTIANO RODEGHIERO MOREIRA em: 11/12/2025 08:50:42 Nota lançada por KAROLINE CRISTINA MENDES INOCÊNCIO em: 26/12/2025;BARBARA REGINA LIPPERT;08/12/2025;OBRAS EM ANDAMENTO;;11/12/2025;;26/12/2025 07:13;CRISTIANO RODEGHIERO MOREIRA;
52025018/0001-41;CONSTRUTORA DE PAULA;375;U;99;23.970,00;5,00;03/12/2025;03/01/2026;5;92;FAC;92;FAC;1155;ENGENHARIA E MANUTENCAO;LANÇADA;Solicitação autorizada por: CRISTIANO RODEGHIERO MOREIRA em: 11/12/2025 08:50:42 Nota lançada por ADRIANA APARECIDA DOS SANTOS em: 15/12/2025;FRANCILEI SOUZA ALVES;08/12/2025;PREPARAÇÃO E PINTURA DE SUPERFÍCIE, EM EPÓXI BRANCO (450 M²)PREPARAÇÃO E PINTURA DE RODAPÉS, EM EPÓXI CINZA (100 M²)PINTURA INTERNA E EXTERNA DE PORTAS, NA COR AMARELA (15 UN.)PREPARAÇÃO E PINTURA DE VENTILADORES TIPO AVIÁRIO, NA COR CINZA (20 UN.);;11/12/2025;;15/12/2025 11:36;CRISTIANO RODEGHIERO MOREIRA;
08283039/0001-75;MECANICA INDUSTRIAL VELOTANO;3207;S;99;8.816,00;242,00;04/12/2025;04/01/2026;4;92;FAC;92;FAC;1155;ENGENHARIA E MANUTENCAO;LANÇADA;Solicitação autorizada por: CRISTIANO RODEGHIERO MOREIRA em: 11/12/2025 08:50:41 Nota lançada por ADRIANA APARECIDA DOS SANTOS em: 11/12/2025;FRANCILEI SOUZA ALVES;08/12/2025;TORNO - SERVIÇO DE MÃO DE OBRA E MATERIAL PARA REALIZAR USINAGEM EM PEÇAS GUIAS DAS NÓREAS DE ENTRADA DAS CÂMARAS DE RESFRIAMENTO DE CARCAÇA.;;11/12/2025;;11/12/2025 14:56;CRISTIANO RODEGHIERO MOREIRA;
82674565/0001-19;MARRARI AUTOMACAO INDUSTRIAL LTDA;4879;S;99;7.282,34;242,00;08/12/2025;05/01/2026;0;92;FAC;92;FAC;1155;ENGENHARIA E MANUTENCAO;LANÇADA;Solicitação autorizada por: CRISTIANO RODEGHIERO MOREIRA em: 11/12/2025 08:50:40 Nota lançada por ADRIANA APARECIDA DOS SANTOS em: 11/12/2025;FRANCILEI SOUZA ALVES;08/12/2025;CONSERTO E CALIBRAÇÃO DO BALDE M75 MARRARI MEDIDOR DE UMIDADE DE CAVACO;;11/12/2025;;11/12/2025 15:05;CRISTIANO RODEGHIERO MOREIRA;
46016473/0002-69;ELETROMOTORES BADAN LIMITADA;1376;S;99;1.293,52;242,00;04/12/2025;02/02/2026;4;92;FAC;92;FAC;1155;ENGENHARIA E MANUTENCAO;LANÇADA;Solicitação autorizada por: CRISTIANO RODEGHIERO MOREIRA em: 11/12/2025 08:50:41 Nota lançada por ADRIANA APARECIDA DOS SANTOS em: 11/12/2025;FLAVIO DE JESUS OLIVEIRA DOS SANTOS;08/12/2025;MOTOR BOMBA DE CIRCULAÇÃO DE AGUA DAS PENEIRAS DA FFG OS 92265;;11/12/2025;;11/12/2025 10:22;CRISTIANO RODEGHIERO MOREIRA;
46016473/0002-69;ELETROMOTORES BADAN LIMITADA;1375;S;99;823,47;242,00;04/12/2025;02/02/2026;4;92;FAC;92;FAC;1155;ENGENHARIA E MANUTENCAO;LANÇADA;Solicitação autorizada por: CRISTIANO RODEGHIERO MOREIRA em: 11/12/2025 08:50:41 Nota lançada por ADRIANA APARECIDA DOS SANTOS em: 11/12/2025;FLAVIO DE JESUS OLIVEIRA DOS SANTOS;08/12/2025;MOTOR DO TAM DERRUBADA MEZANINO EPJ OS 92227;;11/12/2025;;11/12/2025 10:20;CRISTIANO RODEGHIERO MOREIRA;
45685755/0001-05;QUALYTTA CONSULTORIA EM ALIMENTOS LTDA;382;S;99;141,8;26,00;01/12/2025;;7;92;FAC;92;FAC;2097;BENEFICIOS;LANÇADA;Solicitação autorizada por: VANESSA CORREA DE MORAES MARTINI em: 09/12/2025 08:30:24 Nota lançada por ADRIANA APARECIDA DOS SANTOS em: 10/12/2025;ANDRESSA FONTOURA DOS SANTOS;08/12/2025;NOTA FICAL DAS DESPESAS DE DESLOCAMENTO DO TREINAMENTO DE 5W2H DIA 25/11/2025;;09/12/2025;;10/12/2025 14:23;VANESSA CORREA DE MORAES MARTINI;
44841520/0001-00;ELO SCIENTIFIC INDUSTRIA E COMERCIO;11435;1;55;2.060,00;242,00;28/11/2025;26/12/2025;10;92;FAC;92;FAC;1155;ENGENHARIA E MANUTENCAO;LANÇADA;Solicitação autorizada por: CRISTIANO RODEGHIERO MOREIRA em: 11/12/2025 08:50:43 Nota lançada por WILLIAN MARCONDES DOS SANTOS em: 17/12/2025;WILLIAN MARCONDES DOS SANTOS;08/12/2025;ASSISTÊNCIA TÉCNICA MUFLA DO BIODIGESTOR-CONCERTO CONTROLADOR DE TEMPERATURA ,CONJUNTO COMPLETO DE REFRATARIO P/FORNO;;11/12/2025;;17/12/2025 10:39;CRISTIANO RODEGHIERO MOREIRA;
27302543/0002-09;NSM PEÇAS E SERVIÇOS;118;S;99;34.226,00;242,00;02/12/2025;02/01/2026;6;92;FAC;92;FAC;1155;ENGENHARIA E MANUTENCAO;LANÇADA;Solicitação autorizada por: CRISTIANO RODEGHIERO MOREIRA em: 11/12/2025 08:50:43 Nota lançada por ADRIANA APARECIDA DOS SANTOS em: 12/12/2025;FRANCILEI SOUZA ALVES;08/12/2025;SERVIÇO DE MÃO DE OBRA PARA REALIZAR A SUBSTITUIÇÃO DE PEÇAS DO GERADOR 03 PARA O GERADOR 04.;;11/12/2025;;12/12/2025 10:11;CRISTIANO RODEGHIERO MOREIRA;
79444717/0023-98;FARMACIAS FLEMING LTDA;14911;2;55;28,54;;05/12/2025;13/12/2025;1;92;FAC;92;FAC;2101;SEGURANCA E SAUDE;LANÇADA;Solicitação autorizada por: ADRIANO TOMALOK em: 06/12/2025 14:57:14 Nota lançada por ADRIANA APARECIDA DOS SANTOS em: 08/12/2025;MARIANE TAVARES FLORA;06/12/2025;A COMPRA DE MEDICAMENTOS, DEVIDO ACIDENTE DE TRABALHO;;06/12/2025;Autorizado automaticamente através do pedido de compra 4434772 em 05/12/2025.;08/12/2025 09:44;ADRIANO TOMALOK;
34688029/0001-20;PROJECT SERVICOS TERCEIRIZADOS LTDA;7363;S;99;2.920,53;18,00;05/12/2025;;1;92;FAC;92;FAC;2054;ADMINISTRACAO;LANÇADA;Solicitação autorizada por: VANESSA CORREA DE MORAES MARTINI em: 06/12/2025 10:48:29 Nota lançada por ADRIANA APARECIDA DOS SANTOS em: 06/12/2025;CELINA CASSIA CASTRO SOARES;06/12/2025;NOTA REFERENTE A REAJUSTE CONTRATUAL ASSINADO EM OUTUBRO 2025;;06/12/2025;;06/12/2025 13:30;VANESSA CORREA DE MORAES MARTINI;
35215015/0001-51;PROJECT;532;S;99;2.982,99;18,00;05/12/2025;;1;92;FAC;92;FAC;2054;ADMINISTRACAO;LANÇADA;Solicitação autorizada por: VANESSA CORREA DE MORAES MARTINI em: 06/12/2025 10:48:29 Nota lançada por ADRIANA APARECIDA DOS SANTOS em: 06/12/2025;CELINA CASSIA CASTRO SOARES;06/12/2025;NOTA REFERENTE A REAJUSTE CONTRATUAL ASSINADO EM OUTUBRO 2025;;06/12/2025;;06/12/2025 13:22;VANESSA CORREA DE MORAES MARTINI;
08283039/0001-75;MECANICA INDUSTRIAL VELOTANO;3198;S;99;1.482,00;242,00;01/12/2025;01/01/2026;4;92;FAC;92;FAC;1155;ENGENHARIA E MANUTENCAO;LANÇADA;Solicitação autorizada por: CRISTIANO RODEGHIERO MOREIRA em: 06/12/2025 06:37:08 Nota lançada por ADRIANA APARECIDA DOS SANTOS em: 08/12/2025;FRANCILEI SOUZA ALVES;05/12/2025;TORNO - USINAGEM EM EIXO PARA CAIXA REDUTORA DA FATIADORA TEXTOR;;06/12/2025;;08/12/2025 08:55;CRISTIANO RODEGHIERO MOREIRA;
08035135/0001-02;PESO EXATO BALANCAS;17359;S;99;8.120,00;242,00;03/12/2025;03/01/2026;2;92;FAC;92;FAC;1155;ENGENHARIA E MANUTENCAO;LANÇADA;Solicitação autorizada por: CRISTIANO RODEGHIERO MOREIRA em: 06/12/2025 06:37:07 Nota lançada por ADRIANA APARECIDA DOS SANTOS em: 06/12/2025;FRANCILEI SOUZA ALVES;05/12/2025;SERVIÇO DE CALIBRAÇÃO E INSPEÇÃO EM BALANÇA RODOVIÁRIA;;06/12/2025;;06/12/2025 11:22;CRISTIANO RODEGHIERO MOREIRA;
49009424/0007-00;NORCOAST LOGISTICA S.A;2884;1;57;2.419,35;233,00;24/11/2025;24/12/2025;11;92;FAC;28;U.V. RECIFE/CB.ST.AG;1902;OPERACIONAL;LANÇADA;Solicitação autorizada por: GISELE BRUZZI PORTO em: 08/12/2025 09:32:03 Nota lançada por ADRIANA APARECIDA DOS SANTOS em: 09/12/2025;BRUNA KARLA LIRA GOMES;05/12/2025;REFERENTE A CUSTO COM MONITORAMENTO E ENERGIA, CARGA: 14088856 NOTA: 2884.;;08/12/2025;;09/12/2025 17:26;GISELE BRUZZI PORTO;
23502259/0001-36;DELTA SERVIÇOS INDUSTRIAIS LTDA-ME;1829;S;99;2.750,00;242,00;03/12/2025;30/12/2025;2;92;FAC;92;FAC;1155;ENGENHARIA E MANUTENCAO;LANÇADA;Solicitação autorizada por: CRISTIANO RODEGHIERO MOREIRA em: 06/12/2025 06:37:07 Nota lançada por ADRIANA APARECIDA DOS SANTOS em: 08/12/2025;CAMILA RAMOS;05/12/2025;SERVIÇO DE MÃO DE OBRA PARA REALIZAÇÃO DE ANÁLISES DE VIBRAÇÃO EM EQUIPAMENTOS E MÁQUINAS, VERIFICANDO A VIDA ÚTIL DOS ROLAMENTOS DE BOMBAS, MOTORES E REDUTORES. OBS: SERVIÇO DEVERÁ SER REALIZADO 1X POR MÊS DE JANEIRO A DEZEMBRO DE 2025, A CADA VISITA DEVERÁ SER APRESENTADO RELATÓRIOS DE DIAGNÓSTICOS E DE ALARMES COM OS HISTÓRICOS DAS ANÁLISES.;;06/12/2025;;08/12/2025 09:54;CRISTIANO RODEGHIERO MOREIRA;
07756651/0001-55;BRASIL SERVS DE TELECOMUNICACOES LTDA;259746;1;62;1.490,00;32,00;05/12/2025;05/01/2026;0;92;FAC;92;FAC;2054;ADMINISTRACAO;LANÇADA;Solicitação autorizada por: VANESSA CORREA DE MORAES MARTINI em: 06/12/2025 08:10:33 Nota lançada por ADRIANA APARECIDA DOS SANTOS em: 17/12/2025;NAVIER NUNES RESENDE;05/12/2025;TELEFONIA CONTRATO: PROH430LU82A;;06/12/2025;;17/12/2025 11:42;VANESSA CORREA DE MORAES MARTINI;
07756651/0001-55;BRASIL SERVS DE TELECOMUNICACOES LTDA;229317;1;62;1.490,00;32,00;03/12/2025;05/01/2026;2;92;FAC;92;FAC;2054;ADMINISTRACAO;LANÇADA;Solicitação autorizada por: VANESSA CORREA DE MORAES MARTINI em: 06/12/2025 09:44:54 Nota lançada por ADRIANA APARECIDA DOS SANTOS em: 16/12/2025;NAVIER NUNES RESENDE;05/12/2025;TELEFONIA CONTRATO: PROH430LU82A;;06/12/2025;;16/12/2025 16:21;VANESSA CORREA DE MORAES MARTINI;
49009424/0007-00;NORCOAST LOGISTICA S.A;2871;1;57;2.419,35;233,00;24/11/2025;10/12/2025;11;92;FAC;28;U.V. RECIFE/CB.ST.AG;1902;OPERACIONAL;LANÇADA;Solicitação autorizada por: GISELE BRUZZI PORTO em: 05/12/2025 13:57:53 Nota lançada por ADRIANA APARECIDA DOS SANTOS em: 10/12/2025;BRUNA KARLA LIRA GOMES;05/12/2025;REFERENTE A CUSTO COM MONITORAMENTO E ENERGIA, CARGA: 14088853 NOTA: 2871.;;05/12/2025;;10/12/2025 08:31;GISELE BRUZZI PORTO;
49009424/0007-00;NORCOAST LOGISTICA S.A;2873;1;57;2.419,35;233,00;24/11/2025;10/12/2025;11;92;FAC;28;U.V. RECIFE/CB.ST.AG;1902;OPERACIONAL;LANÇADA;Solicitação autorizada por: GISELE BRUZZI PORTO em: 05/12/2025 13:57:53 Nota lançada por ADRIANA APARECIDA DOS SANTOS em: 09/12/2025;BRUNA KARLA LIRA GOMES;05/12/2025;REFERENTE A CUSTO COM MONITORAMENTO E ENERGIA, CARGA: 14088539 NOTA: 2873.;;05/12/2025;;09/12/2025 17:30;GISELE BRUZZI PORTO;
51269343/0001-97;DUALL LOGISTICA E TRANSPORTES;526;1;57;4.197,00;242,00;04/11/2025;09/12/2025;31;92;FAC;92;FAC;2054;ADMINISTRACAO;LANÇADA;Solicitação autorizada por: VANESSA CORREA DE MORAES MARTINI em: 06/12/2025 09:44:40 Nota lançada por ADRIANA APARECIDA DOS SANTOS em: 06/12/2025;ADRIANA APARECIDA DOS SANTOS;05/12/2025;CTE DEVIDO PARA OUTRA UNIDADE SERÁ LANÇADO POR AQUI;;06/12/2025;;06/12/2025 11:37;VANESSA CORREA DE MORAES MARTINI;
49009424/0007-00;NORCOAST LOGISTICA S.A;2885;1;57;1.258,06;233,00;24/11/2025;10/12/2025;11;92;FAC;28;U.V. RECIFE/CB.ST.AG;1902;OPERACIONAL;LANÇADA;Solicitação autorizada por: GISELE BRUZZI PORTO em: 05/12/2025 13:57:52 Nota lançada por ADRIANA APARECIDA DOS SANTOS em: 08/12/2025;BRUNA KARLA LIRA GOMES;05/12/2025;REFERENTE AO CUSTO COM ARMAZENAGEM CARGA: 14088856 NOTA: 2885;;05/12/2025;;08/12/2025 10:04;GISELE BRUZZI PORTO;
49009424/0007-00;NORCOAST LOGISTICA S.A;2874;1;57;1.258,06;233,00;24/11/2025;10/12/2025;11;92;FAC;28;U.V. RECIFE/CB.ST.AG;1902;OPERACIONAL;LANÇADA;Solicitação autorizada por: GISELE BRUZZI PORTO em: 05/12/2025 13:57:52 Nota lançada por ADRIANA APARECIDA DOS SANTOS em: 08/12/2025;BRUNA KARLA LIRA GOMES;05/12/2025;REFERENTE AO CUSTO COM ARMAZENAGEM CARGA: 14088539 NOTA: 2874;;05/12/2025;;08/12/2025 10:12;GISELE BRUZZI PORTO;
08257220/0001-07;POWER TRANSPORTES LTDA;115;1;57;3.900,00;97,00;04/12/2025;26/12/2025;1;92;FAC;92;FAC;1759;CONTROLE DE QUALIDADE;LANÇADA;Solicitação autorizada por: MARCELO TIRELLI DE SIQUEIRA em: 12/12/2025 09:13:54 Nota lançada por ADRIANA APARECIDA DOS SANTOS em: 12/12/2025;GABRIELLE APARECIDA CARVALHO;05/12/2025;FRETE DE ANÁLISE LABORATORIAL;;12/12/2025;;12/12/2025 11:52;MARCELO TIRELLI DE SIQUEIRA;
49009424/0007-00;NORCOAST LOGISTICA S.A;2872;1;57;1.258,06;233,00;24/11/2025;10/12/2025;11;92;FAC;28;U.V. RECIFE/CB.ST.AG;1902;OPERACIONAL;LANÇADA;Solicitação autorizada por: GISELE BRUZZI PORTO em: 05/12/2025 13:57:53 Nota lançada por ADRIANA APARECIDA DOS SANTOS em: 10/12/2025;BRUNA KARLA LIRA GOMES;05/12/2025;REFERENTE AO CUSTO COM ARMAZENAGEM CARGA: 14088853 NOTA: 2872;;05/12/2025;;10/12/2025 08:34;GISELE BRUZZI PORTO;
49793963/0001-89;G.P DA LUZ;377;U;99;5.351,00;5,00;01/12/2025;01/01/2026;4;92;FAC;92;FAC;1155;ENGENHARIA E MANUTENCAO;LANÇADA;Solicitação autorizada por: CRISTIANO RODEGHIERO MOREIRA em: 06/12/2025 06:37:07 Nota lançada por ADRIANA APARECIDA DOS SANTOS em: 10/12/2025;FRANCILEI SOUZA ALVES;05/12/2025;SERVIÇOS DE AJUSTES E ADEQUAÇÃO DE INFRAS ELÉTRICAS DO ESPOSTEJAMENTO, CONSERTO DE INFRAS DE ILUMINAÇÃO E EQUIPAMENTOS QUE ESTÃO SOLTAS, ADEQUAÇÃO DOS PONTOS E DESCIDAS PARA TMADAS DE BALANÇAS QUE ESTÃO POR BAIXO  DAS ESTEIRAS, REDIMENSIONAMENTO DOS CABOS PARA ATENDER A ALIMENTAÇÃO DOS PONTOS DA LINHA DO CARRÉ E COSTELINHA. TODOS OS SERVIÇOS SERÃO EXECUTADOS DENTRO DA UNIDADE EM DIAS UTEIS E FINAIS DE SEMANA CONFORME DEMANDA.;;06/12/2025;;10/12/2025 14:28;CRISTIANO RODEGHIERO MOREIRA;
08283039/0001-75;MECANICA INDUSTRIAL VELOTANO;3190;S;99;1.852,50;242,00;01/12/2025;01/01/2026;4;92;FAC;92;FAC;1155;ENGENHARIA E MANUTENCAO;LANÇADA;Solicitação autorizada por: CRISTIANO RODEGHIERO MOREIRA em: 06/12/2025 06:37:07 Nota lançada por ADRIANA APARECIDA DOS SANTOS em: 08/12/2025;FRANCILEI SOUZA ALVES;05/12/2025;SERVIÇO DE USINAGEM EM SUPORTE DE CELERON PARA RESISTÊNCIA DA SELADORA;;06/12/2025;;08/12/2025 09:12;CRISTIANO RODEGHIERO MOREIRA;
08283039/0001-75;MECANICA INDUSTRIAL VELOTANO;3197;S;99;8.440,75;242,00;01/12/2025;01/01/2026;4;92;FAC;92;FAC;1155;ENGENHARIA E MANUTENCAO;LANÇADA;Solicitação autorizada por: CRISTIANO RODEGHIERO MOREIRA em: 06/12/2025 06:37:08 Nota lançada por ADRIANA APARECIDA DOS SANTOS em: 06/12/2025;FRANCILEI SOUZA ALVES;05/12/2025;TORNO -  USINAGEM EM GUIAS E LEVANTADORES DA X-HAM.;;06/12/2025;;06/12/2025 11:36;CRISTIANO RODEGHIERO MOREIRA;
08283039/0001-75;MECANICA INDUSTRIAL VELOTANO;3193;S;99;1.121,00;242,00;01/12/2025;01/01/2026;4;92;FAC;92;FAC;1155;ENGENHARIA E MANUTENCAO;LANÇADA;Solicitação autorizada por: CRISTIANO RODEGHIERO MOREIRA em: 06/12/2025 06:37:07 Nota lançada por ADRIANA APARECIDA DOS SANTOS em: 08/12/2025;FRANCILEI SOUZA ALVES;05/12/2025;TORNO - CONSERTO EM SISTEMA COM POLIA DO DESBOBINADOR DE TRIPAS;;06/12/2025;;08/12/2025 09:16;CRISTIANO RODEGHIERO MOREIRA;
00869496/0001-34;METALURGICA BALENA;19677;S;99;3.509,74;242,00;01/12/2025;01/01/2026;4;92;FAC;92;FAC;1155;ENGENHARIA E MANUTENCAO;LANÇADA;Solicitação autorizada por: CRISTIANO RODEGHIERO MOREIRA em: 06/12/2025 06:37:07 Nota lançada por ADRIANA APARECIDA DOS SANTOS em: 08/12/2025;FRANCILEI SOUZA ALVES;05/12/2025;SERVIÇO PARA MÃO DE OBRA PARA CONSERTO EM 2 BASES DO MOTORREDUTOR DA MISTURADEIRA MONTEMIL.;;06/12/2025;;08/12/2025 09:58;CRISTIANO RODEGHIERO MOREIRA;
54551520/0001-11;ATIVA PRO SERVICE;147;E;99;5.750,00;242,00;01/12/2025;01/01/2026;4;92;FAC;92;FAC;1155;ENGENHARIA E MANUTENCAO;LANÇADA;Solicitação autorizada por: CRISTIANO RODEGHIERO MOREIRA em: 06/12/2025 06:37:07 Nota lançada por ADRIANA APARECIDA DOS SANTOS em: 08/12/2025;FRANCILEI SOUZA ALVES;05/12/2025;SERVIÇO DE TERCEIRO COM MÃO DE OBRA E MATERIAL PARA CONSERTO EM IHM ALLEN BRADLEY PANEL PLUS 400;;06/12/2025;;08/12/2025 09:48;CRISTIANO RODEGHIERO MOREIRA;
10393267/0001-40;FINISSIMA ACABAMENTOS LTDA;666;S;99;23.876,60;5,00;04/12/2025;04/01/2026;1;92;FAC;92;FAC;1155;ENGENHARIA E MANUTENCAO;LANÇADA;Solicitação autorizada por: CRISTIANO RODEGHIERO MOREIRA em: 06/12/2025 06:37:06 Nota lançada por ADRIANA APARECIDA DOS SANTOS em: 08/12/2025;FRANCILEI SOUZA ALVES;05/12/2025;PREPARAÇÃO E PINTURA DE SUPERFÍCIE, EM EPÓXI BRANCO (450 M²)PREPARAÇÃO E PINTURA DE RODAPÉS, EM EPÓXI CINZA (100 M²)PINTURA INTERNA E EXTERNA DE PORTAS, NA COR AMARELA (15 UN.)PREPARAÇÃO E PINTURA DE VENTILADORES TIPO AVIÁRIO, NA COR CINZA (20 UN.);;06/12/2025;;08/12/2025 08:46;CRISTIANO RODEGHIERO MOREIRA;
00385090/0001-86;MUNTERS BRASIL INDÚSTRIA E COMÉRCIO LTDA;64516;55;55;53.993,28;242,00;02/12/2025;30/12/2025;3;92;FAC;92;FAC;1155;ENGENHARIA E MANUTENCAO;LANÇADA;Solicitação autorizada por: CRISTIANO RODEGHIERO MOREIRA em: 06/12/2025 06:37:07 Nota lançada por ADRIANA APARECIDA DOS SANTOS em: 08/12/2025;ADRIANA APARECIDA DOS SANTOS;05/12/2025;SERVIÇO DE MÃO DE OBRA E MATERIAL PARA SUBSTITUIÇÃO DO KIT DE SELOS COM CLIPS, CORREIA DE ACIONAMENTO, ROLETE DE SUPORTE PARA CILINDRO, MOTOR DE ACIONAMENTO E CONJUNTO VENTILADOR DO CONE PARA MOTOR DA CARCAÇA DO DESUMIDIFICADOR MUNTERS HCD 4500.;;06/12/2025;;08/12/2025 10:23;CRISTIANO RODEGHIERO MOREIRA;
03324402/0001-30;E B FERREIRA EIRELI;745;1;55;10.670,00;80,00;04/12/2025;;0;92;FAC;92;FAC;2054;ADMINISTRACAO;CANCELADA;Solicitação autorizada por: VANESSA CORREA DE MORAES MARTINI em: 06/12/2025 09:45:26;ANGELA MARIA BIESCEK;04/12/2025;NOTA FISCAL REFERENTE AO ALUGUEL E PRESTAÇÃO DE SERVIÇO PARA CONFRATERNIZAÇÃO DE FINAL DE ANO DOS GESTORES;NOTA FISCAL CANCELADA PELO EMITENTE;06/12/2025;;;;
30248458/0001-25;ENEL TRADING BRASIL S/A;216512;1;55;482.887,01;30,00;03/12/2025;;1;92;FAC;92;FAC;2054;ADMINISTRACAO;LANÇADA;Solicitação autorizada por: VANESSA CORREA DE MORAES MARTINI em: 04/12/2025 16:54:42 Nota lançada por ADRIANA APARECIDA DOS SANTOS em: 04/12/2025;ADRIANA APARECIDA DOS SANTOS;04/12/2025;REFERENTE ENERGIA ELETRICA;;04/12/2025;;04/12/2025 17:15;VANESSA CORREA DE MORAES MARTINI;
91845735/0004-14;LF COMERCIAL DE BENS LTDA;677157;1;55;2.811,40;5,00;21/11/2025;05/01/2026;13;92;FAC;92;FAC;1155;ENGENHARIA E MANUTENCAO;LANÇADA;Solicitação autorizada por: CRISTIANO RODEGHIERO MOREIRA em: 06/12/2025 06:37:08 Nota lançada por BARBARA REGINA LIPPERT em: 06/12/2025;BARBARA REGINA LIPPERT;04/12/2025;GALVANIZADOR INSTANTANEO A FRIO CRZ LT.C/0,9L;;06/12/2025;;06/12/2025 11:30;CRISTIANO RODEGHIERO MOREIRA;
05013050/0001-27;MAREL BRASIL COMERCIAL E INDUSTRIAL LTDA;5494;E;99;29.471,02;242,00;03/12/2025;17/01/2026;1;92;FAC;92;FAC;1155;ENGENHARIA E MANUTENCAO;LANÇADA;Solicitação autorizada por: CRISTIANO RODEGHIERO MOREIRA em: 06/12/2025 06:37:07 Nota lançada por ADRIANA APARECIDA DOS SANTOS em: 06/12/2025;CAMILA RAMOS;04/12/2025;REFERENTE A 12ª PARCELA DA PROPOSTA O291631 DE CONTRATO PARA PRESTAÇÃO DE SERVIÇOS.;;06/12/2025;;06/12/2025 08:43;CRISTIANO RODEGHIERO MOREIRA;
00428307/0012-40;EXPRESSO SAO MIGUEL S/A;189594;11;57;289;242,00;02/12/2025;23/12/2025;1;92;FAC;92;FAC;1155;ENGENHARIA E MANUTENCAO;LANÇADA;Solicitação autorizada por: CRISTIANO RODEGHIERO MOREIRA em: 03/12/2025 17:45:03 Nota lançada por ADRIANA APARECIDA DOS SANTOS em: 04/12/2025;ADRIANA APARECIDA DOS SANTOS;03/12/2025;REFERENTE ENVIO PARA CONSERTO;;03/12/2025;;04/12/2025 08:05;CRISTIANO RODEGHIERO MOREIRA;
00428307/0012-40;EXPRESSO SAO MIGUEL S/A;189540;11;57;132;97,00;01/12/2025;22/12/2025;2;92;FAC;92;FAC;1155;ENGENHARIA E MANUTENCAO;LANÇADA;Solicitação autorizada por: CRISTIANO RODEGHIERO MOREIRA em: 03/12/2025 17:45:04 Nota lançada por ADRIANA APARECIDA DOS SANTOS em: 04/12/2025;ADRIANA APARECIDA DOS SANTOS;03/12/2025;REFERENTE ENVIO DE ÁGUA PARA ANÁLISE;;03/12/2025;;04/12/2025 08:09;CRISTIANO RODEGHIERO MOREIRA;
00428307/0012-40;EXPRESSO SAO MIGUEL S/A;189488;11;57;225;242,00;01/12/2025;22/12/2025;2;92;FAC;92;FAC;1155;ENGENHARIA E MANUTENCAO;LANÇADA;Solicitação autorizada por: CRISTIANO RODEGHIERO MOREIRA em: 03/12/2025 17:45:04 Nota lançada por ADRIANA APARECIDA DOS SANTOS em: 05/12/2025;ADRIANA APARECIDA DOS SANTOS;03/12/2025;CTE DE TRANSFERÊNCIA;;03/12/2025;;05/12/2025 08:56;CRISTIANO RODEGHIERO MOREIRA;
58146236/0001-10;PHDS COMERCIO DE FERRAGENS LTDA;448;S;99;5.200,00;242,00;03/12/2025;03/01/2026;0;92;FAC;92;FAC;1155;ENGENHARIA E MANUTENCAO;LANÇADA;Solicitação autorizada por: CRISTIANO RODEGHIERO MOREIRA em: 03/12/2025 17:45:03 Nota lançada por ADRIANA APARECIDA DOS SANTOS em: 05/12/2025;FRANCILEI SOUZA ALVES;03/12/2025;SERVIÇO DE REFORMA DE NIVELADORA DA DOCA DE LAVAGEM DE CONTENTORES CONFORME NF SAIDA Nº 40507 - SERVIÇO A SER REALIZADO FORA DA UNIDADE;;03/12/2025;;05/12/2025 10:32;CRISTIANO RODEGHIERO MOREIRA;
55989583/0001-17;OS TAURAS DO AR;707;E;99;1.150,00;242,00;02/12/2025;02/01/2026;1;92;FAC;92;FAC;1155;ENGENHARIA E MANUTENCAO;LANÇADA;Solicitação autorizada por: CRISTIANO RODEGHIERO MOREIRA em: 03/12/2025 17:45:03 Nota lançada por ADRIANA APARECIDA DOS SANTOS em: 04/12/2025;FRANCILEI SOUZA ALVES;03/12/2025;RECUPERANDO DADOS. AGUARDE ALGUNS SEGUNDOS E TENTE CORTAR OU COPIAR NOVAMENTE.;;03/12/2025;;04/12/2025 10:31;CRISTIANO RODEGHIERO MOREIRA;
55989583/0001-17;OS TAURAS DO AR;706;E;99;2.335,00;242,00;02/12/2025;02/01/2026;1;92;FAC;92;FAC;1155;ENGENHARIA E MANUTENCAO;LANÇADA;Solicitação autorizada por: CRISTIANO RODEGHIERO MOREIRA em: 03/12/2025 17:45:04 Nota lançada por ADRIANA APARECIDA DOS SANTOS em: 05/12/2025;FRANCILEI SOUZA ALVES;03/12/2025;SERVIÇO DE MANUTENÇÃO NO COMPRESSOR DE UNIDADE CONDENSADORA 36.000 BTUS.;;03/12/2025;;05/12/2025 10:29;CRISTIANO RODEGHIERO MOREIRA;
57029431/0047-80;ATLAS COPCO BRASIL;165884;S;99;11.753,77;242,00;02/12/2025;02/01/2026;1;92;FAC;92;FAC;1155;ENGENHARIA E MANUTENCAO;LANÇADA;Solicitação autorizada por: CRISTIANO RODEGHIERO MOREIRA em: 03/12/2025 17:45:03 Nota lançada por ADRIANA APARECIDA DOS SANTOS em: 04/12/2025;FRANCILEI SOUZA ALVES;03/12/2025;SERVIÇO DE MANUTENÇÃO E REPROGRAMAÇÃO DO SISTEMA OPERACIONAL DO COMPRESSOR DE AR ATLAS COPCO.;;03/12/2025;;04/12/2025 10:14;CRISTIANO RODEGHIERO MOREIRA;
52045523/0001-58;INDUSTRIAS MARQUES DA COSTA LTDA;5777;1;99;3.606,60;242,00;26/11/2025;26/12/2025;7;92;FAC;92;FAC;1155;ENGENHARIA E MANUTENCAO;LANÇADA;Solicitação autorizada por: CRISTIANO RODEGHIERO MOREIRA em: 03/12/2025 17:45:07 Nota lançada por ADRIANA APARECIDA DOS SANTOS em: 04/12/2025;FRANCILEI SOUZA ALVES;03/12/2025;SERVIÇO DE CONSERTO MÁQUINA DE LIMPEZA DE TUBOS MC2000.;;03/12/2025;;04/12/2025 11:00;CRISTIANO RODEGHIERO MOREIRA;
55989583/0001-17;OS TAURAS DO AR;708;E;99;8.730,00;242,00;03/12/2025;25/12/2025;0;92;FAC;92;FAC;1155;ENGENHARIA E MANUTENCAO;LANÇADA;Solicitação autorizada por: CRISTIANO RODEGHIERO MOREIRA em: 03/12/2025 17:45:03 Nota lançada por ADRIANA APARECIDA DOS SANTOS em: 05/12/2025;CAMILA RAMOS;03/12/2025;SERVIÇO DE MÃO DE OBRA ESPECIALIZADA PARA MANUTENÇÃO DO SISTEMA DE CLIMATIZAÇÃO COM ELABORAÇÃO E GESTÃO DO PMOC (PLANO DE MANUTENÇÃO, OPERAÇÃO E CONTROLE) COM EMISSÃO E RECOLHIMENTO DA ART (ANOTAÇÃO DE RESPONSABILIDADE TÉCNICA ¿ CREA), CONFORME CONTRATO SEQ. AURORA Nº 15713, NÚMERO AURORA 119738.;;03/12/2025;;05/12/2025 10:29;CRISTIANO RODEGHIERO MOREIRA;
11913842/0001-50;J ORTIZ CONSTRUTORA;2066;S;99;19.428,00;5,00;01/12/2025;01/01/2026;2;92;FAC;92;FAC;1155;ENGENHARIA E MANUTENCAO;LANÇADA;Solicitação autorizada por: CRISTIANO RODEGHIERO MOREIRA em: 03/12/2025 17:45:04 Nota lançada por ADRIANA APARECIDA DOS SANTOS em: 04/12/2025;FRANCILEI SOUZA ALVES;03/12/2025;REPARO EM 100M² DE PISO EM URETANO REPARO EM 30 PONTOS EM RODAPÉ EM URETANO.;;03/12/2025;;04/12/2025 10:37;CRISTIANO RODEGHIERO MOREIRA;
78706751/0014-30;TRANSPEN ENCOMENDAS;165714;1;57;877,84;242,00;28/11/2025;19/12/2025;5;92;FAC;92;FAC;1155;ENGENHARIA E MANUTENCAO;LANÇADA;Solicitação autorizada por: CRISTIANO RODEGHIERO MOREIRA em: 03/12/2025 17:45:07 Nota lançada por ADRIANA APARECIDA DOS SANTOS em: 04/12/2025;ADRIANA APARECIDA DOS SANTOS;03/12/2025;REFERENTE ENVIO PARA CONSERTO;;03/12/2025;;04/12/2025 08:14;CRISTIANO RODEGHIERO MOREIRA;
11061360/0001-10;ELITON RODRIGO ALESSI;38;S;99;160;7,00;02/12/2025;21/12/2025;1;92;FAC;92;FAC;2054;ADMINISTRACAO;LANÇADA;Solicitação autorizada por: VANESSA CORREA DE MORAES MARTINI em: 04/12/2025 16:54:42 Nota lançada por ADRIANA APARECIDA DOS SANTOS em: 10/12/2025;NAVIER NUNES RESENDE;03/12/2025;TROCA DE TELA CELULAR LOGISTICA;;04/12/2025;;10/12/2025 10:59;VANESSA CORREA DE MORAES MARTINI;
55989583/0001-17;OS TAURAS DO AR;332;1;55;1.035,00;242,00;02/12/2025;16/01/2026;1;92;FAC;92;FAC;1155;ENGENHARIA E MANUTENCAO;LANÇADA;Solicitação autorizada por: CRISTIANO RODEGHIERO MOREIRA em: 03/12/2025 17:45:03 Nota lançada por BARBARA REGINA LIPPERT em: 11/12/2025;BARBARA REGINA LIPPERT;03/12/2025;SERVICO P/AREA DE APOIO;;03/12/2025;;11/12/2025 15:21;CRISTIANO RODEGHIERO MOREIRA;
55989583/0001-17;OS TAURAS DO AR;331;1;55;2.400,00;242,00;02/12/2025;16/01/2026;1;92;FAC;92;FAC;1155;ENGENHARIA E MANUTENCAO;LANÇADA;Solicitação autorizada por: CRISTIANO RODEGHIERO MOREIRA em: 03/12/2025 17:45:03 Nota lançada por BARBARA REGINA LIPPERT em: 06/12/2025;BARBARA REGINA LIPPERT;03/12/2025;SERVICO SERVICO P/AREA DE APOIO;;03/12/2025;;06/12/2025 11:18;CRISTIANO RODEGHIERO MOREIRA;
00428307/0001-98;EXPRESSO SAO MIGUEL S/A;442236;3;57;210;242,00;17/11/2025;08/12/2025;16;92;FAC;92;FAC;1155;ENGENHARIA E MANUTENCAO;LANÇADA;Solicitação autorizada por: CRISTIANO RODEGHIERO MOREIRA em: 03/12/2025 17:45:07 Nota lançada por ADRIANA APARECIDA DOS SANTOS em: 04/12/2025;ADRIANA APARECIDA DOS SANTOS;03/12/2025;REFERENTE RETORNO DE CONSERTO;;03/12/2025;;04/12/2025 08:16;CRISTIANO RODEGHIERO MOREIRA;
27991541/0001-85;HERA AMBIENTES COMERCIO DE MOVEIS LTDA - ME;2133;1;55;5.545,00;310,00;27/11/2025;10/02/2026;6;92;FAC;92;FAC;1155;ENGENHARIA E MANUTENCAO;LANÇADA;Solicitação autorizada por: CRISTIANO RODEGHIERO MOREIRA em: 03/12/2025 17:45:07 Nota lançada por WILLIAN MARCONDES DOS SANTOS em: 04/12/2025;WILLIAN MARCONDES DOS SANTOS;03/12/2025;ARQUIVO 4 GAVETAS COR GENGIBRE MEDINDO 0,45 X 0,42 X 1,43 (;;03/12/2025;;04/12/2025 16:59;CRISTIANO RODEGHIERO MOREIRA;
01341776/0011-00;MERCOSUL LINE NAVEGACAO E LOGISTICA LTDA;66431;3;57;465,67;233,00;13/11/2025;15/12/2025;20;92;FAC;28;U.V. RECIFE/CB.ST.AG;1902;OPERACIONAL;LANÇADA;Solicitação autorizada por: GISELE BRUZZI PORTO em: 03/12/2025 13:18:38 Nota lançada por ADRIANA APARECIDA DOS SANTOS em: 03/12/2025;BRUNA KARLA LIRA GOMES;03/12/2025;REFERENTE A CUSTO COM MONITORAMENTO E ENERGIA, CARGA: 1399946 NOTA: 66431.;;03/12/2025;;03/12/2025 17:05;GISELE BRUZZI PORTO;
00092380/0001-31;ELECTRA TECNOLOGIA EQUIPAMENTOS LTDA;3457;1;55;3.642,95;242,00;28/11/2025;12/01/2026;5;92;FAC;92;FAC;1155;ENGENHARIA E MANUTENCAO;LANÇADA;Solicitação autorizada por: ADRIANO TOMALOK em: 03/12/2025 08:25:25 Nota lançada por WILLIAN MARCONDES DOS SANTOS em: 03/12/2025;WILLIAN MARCONDES DOS SANTOS;03/12/2025;;;03/12/2025;Autorizado automaticamente através do pedido de compra 4431094 em 01/12/2025.;03/12/2025 08:39;ADRIANO TOMALOK;
58146236/0001-10;PHDS COMERCIO DE FERRAGENS LTDA;430;S;99;1.400,00;242,00;01/12/2025;15/01/2026;1;92;FAC;92;FAC;1155;ENGENHARIA E MANUTENCAO;LANÇADA;Solicitação autorizada por: CRISTIANO RODEGHIERO MOREIRA em: 03/12/2025 17:45:06 Nota lançada por ADRIANA APARECIDA DOS SANTOS em: 04/12/2025;CAMILA RAMOS;02/12/2025;TORNO - CONFECÇÃO DE PLACA EM NYLON, CONFORME DESENHO;;03/12/2025;;04/12/2025 08:23;CRISTIANO RODEGHIERO MOREIRA;
50529571/0001-96;WEBER FOOD TECHNOLOGY DO BRASIL LTDA;165;A1;99;14.816,90;242,00;01/12/2025;01/01/2026;1;92;FAC;92;FAC;1155;ENGENHARIA E MANUTENCAO;LANÇADA;Solicitação autorizada por: CRISTIANO RODEGHIERO MOREIRA em: 03/12/2025 17:45:06 Nota lançada por ADRIANA APARECIDA DOS SANTOS em: 04/12/2025;CAMILA RAMOS;02/12/2025;ASSISTÊNCIA TÉCNICA NO EQUIPAMENTO TEXTOR.;;03/12/2025;;04/12/2025 15:54;CRISTIANO RODEGHIERO MOREIRA;
08050646/0001-95;AUTO POSTO SUL PARANA LTDA;75190;1;55;1.225,58;12,00;01/12/2025;10/12/2025;1;92;FAC;92;FAC;728;GESTAO DE VEICULOS;LANÇADA;Solicitação autorizada por: VANESSA CORREA DE MORAES MARTINI em: 03/12/2025 09:13:16 Nota lançada por ADRIANA APARECIDA DOS SANTOS em: 03/12/2025;RODRIGO WALTER;02/12/2025;REFERENTE ABASTECIMENTOS DA FROA DA UNIDADE;;03/12/2025;;03/12/2025 10:27;VANESSA CORREA DE MORAES MARTINI;
33191692/0001-51;BRN;179;S;99;70.950,89;242,00;01/12/2025;01/01/2026;1;92;FAC;92;FAC;1155;ENGENHARIA E MANUTENCAO;LANÇADA;Solicitação autorizada por: CRISTIANO RODEGHIERO MOREIRA em: 03/12/2025 17:45:05 Nota lançada por ADRIANA APARECIDA DOS SANTOS em: 05/12/2025;FRANCILEI SOUZA ALVES;02/12/2025;REVITALIZAÇÃO DE SISTEMA DE AERAÇÃO POR AR DIFUSO ESTAÇÃO DE TRATAMENTO DE EFLUENTE;;03/12/2025;;05/12/2025 10:38;CRISTIANO RODEGHIERO MOREIRA;
61382471/0001-04;61.382.471 ALINE TAMIRES CARNEIRO DA SILVA;7;S;99;1.530,00;80,00;01/12/2025;;1;92;FAC;92;FAC;2054;ADMINISTRACAO;LANÇADA;Solicitação autorizada por: VANESSA CORREA DE MORAES MARTINI em: 02/12/2025 16:17:55 Nota lançada por ADRIANA APARECIDA DOS SANTOS em: 02/12/2025;ANGELA MARIA BIESCEK;02/12/2025;NOTA FISCAL REFERENTE A DECORAÇÃO DO EVENTO DE CONFRATERNIZAÇÃO DOS GESTORES;;02/12/2025;;02/12/2025 16:57;VANESSA CORREA DE MORAES MARTINI;
53906484/0001-07;MULT TEC;338;U;99;32.191,75;242,00;01/12/2025;01/01/2026;1;92;FAC;92;FAC;1155;ENGENHARIA E MANUTENCAO;LANÇADA;Solicitação autorizada por: CRISTIANO RODEGHIERO MOREIRA em: 03/12/2025 17:45:04 Nota lançada por ADRIANA APARECIDA DOS SANTOS em: 04/12/2025;FRANCILEI SOUZA ALVES;02/12/2025;VISITA TÉCNICA PARA MANUTENÇÃO E ACOMPANHAMENTO NOS EQUIPAMENTOS;;03/12/2025;;04/12/2025 14:24;CRISTIANO RODEGHIERO MOREIRA;
59816598/0001-34;TRANSPORTADORA EIGTH;1959;1;57;928,11;172,00;21/11/2025;12/12/2025;11;92;FAC;92;FAC;2054;ADMINISTRACAO;LANÇADA;Solicitação autorizada por: VANESSA CORREA DE MORAES MARTINI em: 02/12/2025 15:56:54 Nota lançada por ADRIANA APARECIDA DOS SANTOS em: 02/12/2025;ADRIANA APARECIDA DOS SANTOS;02/12/2025;CTE (REDESPACHO) LANÇADO  AVULSO DEVIDO FALTA DE VÍNCULO NA NOTA FISCAL;;02/12/2025;;02/12/2025 16:37;VANESSA CORREA DE MORAES MARTINI;
51057772/0001-09;JL RIBEIRO SOLUCOES LTDA;3;1;57;4.500,00;97,00;02/12/2025;23/12/2025;0;92;FAC;92;FAC;1759;CONTROLE DE QUALIDADE;LANÇADA;Solicitação autorizada por: MARCELO TIRELLI DE SIQUEIRA em: 03/12/2025 13:43:32 Nota lançada por ADRIANA APARECIDA DOS SANTOS em: 04/12/2025;GABRIELLE APARECIDA CARVALHO;02/12/2025;FRETE DE ANÁLISE LABORATORIAL;;03/12/2025;;04/12/2025 16:52;MARCELO TIRELLI DE SIQUEIRA;
36150060/0001-38;BRUNO MATEUS FERREIRA CORREIA;131;S;99;1.500,00;61,00;02/12/2025;22/12/2025;0;92;FAC;92;FAC;2054;ADMINISTRACAO;LANÇADA;Solicitação autorizada por: VANESSA CORREA DE MORAES MARTINI em: 02/12/2025 15:56:54 Nota lançada por ADRIANA APARECIDA DOS SANTOS em: 09/12/2025;ANGELA MARIA BIESCEK;02/12/2025;NOTA FISCAL REFERENTE AO SERVIÇO DE MUSICA REALIZADO NO EVENTO DE CONFRATERNIZAÇÃO DOS GESTORES;;02/12/2025;;09/12/2025 10:24;VANESSA CORREA DE MORAES MARTINI;
08283039/0001-75;MECANICA INDUSTRIAL VELOTANO;3192;S;99;11.827,50;242,00;01/12/2025;01/01/2026;1;92;FAC;92;FAC;1155;ENGENHARIA E MANUTENCAO;LANÇADA;Solicitação autorizada por: CRISTIANO RODEGHIERO MOREIRA em: 03/12/2025 17:45:05 Nota lançada por ADRIANA APARECIDA DOS SANTOS em: 04/12/2025;FRANCILEI SOUZA ALVES;02/12/2025;TORNO - SERVIÇO DE USINAGEM EM BUCHA BRONZE E EIXO COM ROSCA NOVA.;;03/12/2025;;04/12/2025 14:07;CRISTIANO RODEGHIERO MOREIRA;
08283039/0001-75;MECANICA INDUSTRIAL VELOTANO;3195;S;99;1.988,50;242,00;01/12/2025;01/01/2026;1;92;FAC;92;FAC;1155;ENGENHARIA E MANUTENCAO;LANÇADA;Solicitação autorizada por: CRISTIANO RODEGHIERO MOREIRA em: 03/12/2025 17:45:05 Nota lançada por ADRIANA APARECIDA DOS SANTOS em: 04/12/2025;FRANCILEI SOUZA ALVES;02/12/2025;SERVIÇO DE USINAGEM EM EIXOS DO REDUTOR DA PRENSA EXPELLER;;03/12/2025;;04/12/2025 14:10;CRISTIANO RODEGHIERO MOREIRA;
23475915/0001-59;STIFF REFRIGERACAO INDUSTRIAL LTDA;1089;E;99;30.000,00;242,00;01/12/2025;01/01/2026;1;92;FAC;92;FAC;1155;ENGENHARIA E MANUTENCAO;LANÇADA;Solicitação autorizada por: CRISTIANO RODEGHIERO MOREIRA em: 03/12/2025 17:45:06 Nota lançada por ADRIANA APARECIDA DOS SANTOS em: 04/12/2025;FRANCILEI SOUZA ALVES;02/12/2025;SERVIÇO DE SUBSTITUIÇÃO DOS BLOCOS SERPENTINAS DO ABSORVEDOSERVIÇO DE SUBSTITUIÇÃO DOS BLOCOS SERPENTINAS DO ABSORVEDOR.;;03/12/2025;;04/12/2025 15:44;CRISTIANO RODEGHIERO MOREIRA;
58146236/0001-10;PHDS COMERCIO DE FERRAGENS LTDA;436;S;99;785;242,00;01/12/2025;01/01/2026;1;92;FAC;92;FAC;1155;ENGENHARIA E MANUTENCAO;LANÇADA;Solicitação autorizada por: CRISTIANO RODEGHIERO MOREIRA em: 03/12/2025 17:45:06 Nota lançada por ADRIANA APARECIDA DOS SANTOS em: 04/12/2025;FRANCILEI SOUZA ALVES;02/12/2025;TORNO - USINAGEM EM GUIA UTILIZADA NA POLY-CLIP;;03/12/2025;;04/12/2025 11:53;CRISTIANO RODEGHIERO MOREIRA;
58146236/0001-10;PHDS COMERCIO DE FERRAGENS LTDA;429;S;99;8.960,00;242,00;01/12/2025;01/01/2026;1;92;FAC;92;FAC;1155;ENGENHARIA E MANUTENCAO;LANÇADA;Solicitação autorizada por: CRISTIANO RODEGHIERO MOREIRA em: 03/12/2025 17:45:06 Nota lançada por ADRIANA APARECIDA DOS SANTOS em: 04/12/2025;FRANCILEI SOUZA ALVES;02/12/2025;TORNO -  USINAGEM EM EIXO, CHAPAS E SUPORTE DA DOSADORA DE PALETAS NO MEZANINO.;;03/12/2025;;04/12/2025 11:13;CRISTIANO RODEGHIERO MOREIRA;
58146236/0001-10;PHDS COMERCIO DE FERRAGENS LTDA;433;S;99;7.460,00;242,00;01/12/2025;01/01/2026;1;92;FAC;92;FAC;1155;ENGENHARIA E MANUTENCAO;LANÇADA;Solicitação autorizada por: CRISTIANO RODEGHIERO MOREIRA em: 03/12/2025 17:45:06 Nota lançada por ADRIANA APARECIDA DOS SANTOS em: 04/12/2025;FRANCILEI SOUZA ALVES;02/12/2025;SERVIÇO DE MATERIAL E MÃO DE OBRA PARA CONFECÇÃO DE UM CAVALETE, QUE SERÁ UTILIZADO PARA REMOÇÃO E DESLOCAMENTO DOS REDUTORES DOS DIGESTORES DA FFG.CAVALETE UTILIZADO NA MANUTENÇÃO PREVENTIVA DE TROCA DOS ROLAMENTOS DOS DIGESTORES.;;03/12/2025;;04/12/2025 11:11;CRISTIANO RODEGHIERO MOREIRA;
58146236/0001-10;PHDS COMERCIO DE FERRAGENS LTDA;432;S;99;765;242,00;01/12/2025;01/01/2026;1;92;FAC;92;FAC;1155;ENGENHARIA E MANUTENCAO;LANÇADA;Solicitação autorizada por: CRISTIANO RODEGHIERO MOREIRA em: 03/12/2025 17:45:06 Nota lançada por ADRIANA APARECIDA DOS SANTOS em: 04/12/2025;FRANCILEI SOUZA ALVES;02/12/2025;TORNO - USINAGEM EM POLIA DE ALUMINIO DA NÓRIA DE MÍUDOS;;03/12/2025;;04/12/2025 11:04;CRISTIANO RODEGHIERO MOREIRA;
00869496/0001-34;METALURGICA BALENA;19676;S;99;8.497,20;242,00;01/12/2025;26/12/2025;1;92;FAC;92;FAC;1155;ENGENHARIA E MANUTENCAO;LANÇADA;Solicitação autorizada por: CRISTIANO RODEGHIERO MOREIRA em: 03/12/2025 17:45:06 Nota lançada por ADRIANA APARECIDA DOS SANTOS em: 04/12/2025;FRANCILEI SOUZA ALVES;02/12/2025;SERVIÇO DE MAO DE OBRA PARA ADEQUAÇÃO DA ESTAÇÃO DE PESAGEM DA MWS DA PALETIZAÇÃO SENDO REFORMA DA ESTEIRA EXISTENTE, DESEMPENAMENTO DA ESTRUTURA , CORREÇÃO E LIMPEZA DE SOLDAS, CONSERTO DOS GUIAS DIRECIONADORES SERVIÇO A SER EXECUTADO FORA DA UNIDADE CONFORME NF DE SAÍDA 37566;;03/12/2025;;04/12/2025 13:44;CRISTIANO RODEGHIERO MOREIRA;
08283039/0001-75;MECANICA INDUSTRIAL VELOTANO;3191;S;99;1.159,00;242,00;01/12/2025;25/12/2025;1;92;FAC;92;FAC;1155;ENGENHARIA E MANUTENCAO;LANÇADA;Solicitação autorizada por: CRISTIANO RODEGHIERO MOREIRA em: 03/12/2025 17:45:05 Nota lançada por ADRIANA APARECIDA DOS SANTOS em: 04/12/2025;CAMILA RAMOS;02/12/2025;TORNO - USINAGEM EM PLACA DE SELAGEM F200.;;03/12/2025;;04/12/2025 11:37;CRISTIANO RODEGHIERO MOREIRA;
58146236/0001-10;PHDS COMERCIO DE FERRAGENS LTDA;431;S;99;1.850,00;242,00;01/12/2025;15/01/2026;1;92;FAC;92;FAC;1155;ENGENHARIA E MANUTENCAO;LANÇADA;Solicitação autorizada por: CRISTIANO RODEGHIERO MOREIRA em: 03/12/2025 17:45:05 Nota lançada por ADRIANA APARECIDA DOS SANTOS em: 04/12/2025;CAMILA RAMOS;02/12/2025;TORNO - FABRICAÇÃO, ENVOLVENDO USINAGEM, DE EIXO PARA MOTOREDUTOR E ENGRENAGEM.;;03/12/2025;;04/12/2025 08:40;CRISTIANO RODEGHIERO MOREIRA;
49793963/0001-89;G.P DA LUZ;376;U;99;11.196,82;242,00;01/12/2025;01/01/2026;1;92;FAC;92;FAC;1155;ENGENHARIA E MANUTENCAO;LANÇADA;Solicitação autorizada por: CRISTIANO RODEGHIERO MOREIRA em: 03/12/2025 17:45:05 Nota lançada por ADRIANA APARECIDA DOS SANTOS em: 05/12/2025;FRANCILEI SOUZA ALVES;02/12/2025;SERVIÇOS DE ELÉTRICA COMO MONTAGEM DE INFRAS E PASSAGEM DE CABOS, MONTAGEM DE TOMADAS, LIGAÇÃO DE APARELHOS E REFORMA DE PAINEIS ELÉTRICOS. SERVIÇO DE DESLIGAMENTO E REMOÇÃO DE INFRAS INUTILIZADAS QUE ESTÃO OBSOLETAS E SEM USO. TODOS OS SERVIÇOS SERÃO EXECUTADOS DENTRO DA UNIDADE FAC EM DIAS DE SEMANA E FINAIS DE SEMANA;;03/12/2025;;05/12/2025 09:39;CRISTIANO RODEGHIERO MOREIRA;
08283039/0001-75;MECANICA INDUSTRIAL VELOTANO;3196;S;99;2.188,80;242,00;01/12/2025;25/12/2025;1;92;FAC;92;FAC;1155;ENGENHARIA E MANUTENCAO;LANÇADA;Solicitação autorizada por: CRISTIANO RODEGHIERO MOREIRA em: 03/12/2025 17:45:05 Nota lançada por ADRIANA APARECIDA DOS SANTOS em: 04/12/2025;CAMILA RAMOS;02/12/2025;TORNO - USINAGEM EM CASTANHAS UTILIZADAS EM AMBAS DEBOFLEX.;;03/12/2025;;04/12/2025 11:35;CRISTIANO RODEGHIERO MOREIRA;
11318959/0001-96;METAL C;737;S;99;55.000,00;5,00;01/12/2025;01/01/2026;1;92;FAC;92;FAC;1155;ENGENHARIA E MANUTENCAO;LANÇADA;Solicitação autorizada por: CRISTIANO RODEGHIERO MOREIRA em: 03/12/2025 17:45:04 Nota lançada por ADRIANA APARECIDA DOS SANTOS em: 04/12/2025;CAMILA RAMOS;02/12/2025;SERVIÇOS DE ADEQUAÇÕES E MELHORIAS MECÂNICAS,  SOLDA EM TUBULAÇÕES  E CHAPAS, E CONTONEIRAS DE AÇO INOX (SOLDAS EM GERAL) E REALIZAR INSTALAÇÃO DE CHAPAS EM AÇO INOX/ALUMINIO NA PAREDE DE ISOPAINEL PARA PROTEÇÃO. SERVIÇOS A SEREM REALIZADOS DENTRO DA UNIDADE FAC DURANTE SEMANA E FINAIS DE SEMANA.;;03/12/2025;;04/12/2025 14:28;CRISTIANO RODEGHIERO MOREIRA;
81021198/0001-91;ZAMETAL TECNICA E MECANICA INDL.LTDA;5663;3;55;42.450,00;327,00;01/12/2025;30/01/2026;1;92;FAC;92;FAC;1155;ENGENHARIA E MANUTENCAO;LANÇADA;Solicitação autorizada por: CRISTIANO RODEGHIERO MOREIRA em: 03/12/2025 17:45:04 Nota lançada por BARBARA REGINA LIPPERT em: 04/12/2025;BARBARA REGINA LIPPERT;02/12/2025;MAQUINAS E EQUIPAMENTOS;;03/12/2025;;04/12/2025 10:04;CRISTIANO RODEGHIERO MOREIRA;
81021198/0001-91;ZAMETAL TECNICA E MECANICA INDL.LTDA;5662;3;55;44.598,00;327,00;01/12/2025;30/01/2026;1;92;FAC;92;FAC;1155;ENGENHARIA E MANUTENCAO;LANÇADA;Solicitação autorizada por: CRISTIANO RODEGHIERO MOREIRA em: 03/12/2025 17:45:04 Nota lançada por BARBARA REGINA LIPPERT em: 05/12/2025;BARBARA REGINA LIPPERT;02/12/2025;MAQUINAS E EQUIPAMENTOS;;03/12/2025;;05/12/2025 08:12;CRISTIANO RODEGHIERO MOREIRA;
34028316/0028-23;AC GUARACIABA;1135767;S;99;77,47;254,00;01/12/2025;05/12/2025;0;92;FAC;92;FAC;2054;ADMINISTRACAO;LANÇADA;Solicitação autorizada por: VANESSA CORREA DE MORAES MARTINI em: 02/12/2025 08:13:54 Nota lançada por ADRIANA APARECIDA DOS SANTOS em: 02/12/2025;CELINA CASSIA CASTRO SOARES;01/12/2025;FATURA/BOLETO CORREIO REFERENTE A ENVIO DE CORRESPONDÊNCIA;;02/12/2025;;02/12/2025 09:14;VANESSA CORREA DE MORAES MARTINI;
43096390/0001-58;IMEDIATA EXPRESS CARGAS E LOGISTICA LTDA;5871;5;57;1.890,50;114,00;29/11/2025;19/12/2025;2;92;FAC;92;FAC;2054;ADMINISTRACAO;LANÇADA;Solicitação autorizada por: VANESSA CORREA DE MORAES MARTINI em: 02/12/2025 08:13:54 Nota lançada por ADRIANA APARECIDA DOS SANTOS em: 03/12/2025;RAFAEL SALVI DOS SANTOS;01/12/2025;FRETE DEDICADO REFERENTE EMBALAGENS QUE ESTAVAM SENDO CONSUMIDAS FORA DA LISTA TECNICA - SOLICITADO FRETE DEDICADO PARA NÃO TER FALTA NO PROCESSO;;02/12/2025;;03/12/2025 10:10;VANESSA CORREA DE MORAES MARTINI;
28625086/0001-67;ESSENCIA DESENVOLVIMENTO DE PESSOAS;652;S;99;2.582,59;26,00;24/11/2025;;7;92;FAC;92;FAC;2097;BENEFICIOS;LANÇADA;Solicitação autorizada por: VANESSA CORREA DE MORAES MARTINI em: 04/12/2025 16:54:48 Nota lançada por ADRIANA APARECIDA DOS SANTOS em: 04/12/2025;ANDRESSA FONTOURA DOS SANTOS;01/12/2025;NOTA FISCAL REFERENTE À HOSPEDAGEM E À QUILOMETRAGEM DA INSTRUTORA ANDREA GIROTO /TREINAMENTO DIVERSIDADE GERACIONAL;;04/12/2025;;04/12/2025 17:17;VANESSA CORREA DE MORAES MARTINI;
Unidade;Abreviatura unidade;Situação;Qtde;;;;;;;;;;;;;;;;;;;;;;;
Unidade;Abreviatura unidade;Situação;Qtde;;;;;;;;;;;;;;;;;;;;;;;
92;FRIG. AURORA CASTRO;CANCELADA;1;;;;;;;;;;;;;;;;;;;;;;;
92;FRIG. AURORA CASTRO;LANÇADA;320;;;;;;;;;;;;;;;;;;;;;;;
