Emitente;Nome fantasia emitente;Nota;Série;Modelo;Total Nota;uso contabil;Data emissão;Data vencimento;Ctrle;Unidade;Nome unidade;Unidade autorização;Nome unidade autorização;Centro atividade;Nome centro atividade;Situação;Situação;Nome usuário;Data inclusão;Observações;Observações CSC;Data autorização;Observações autorização;Data ult sit fechada;Autorizador;LANCAMENTO TESF0028
18597494/0001-07;DR SOLUCOES AMBIENTAIS;6659;;;2.264,17;;24/03/2026;24/04/2026;3;92;FAC;92;FAC;1155;ENGENHARIA E MANUTENCAO;AGUARDANDO AUTORIZAÇÃO;Solicitação aguardando autorização de:  CRISTIANO RODEGHIERO MOREIRA | ADRIANO TOMALOK | VANESSA CORREA DE MORAES MARTINI |;BARBARA REGINA LIPPERT;27/03/2026;OS 17100 - LIMPEZA COM HIDRAJATO NA TUBULAÇÃO;;27/03/2026;;;;
03420356/0001-72;EMPRESA DE TRANSPORTE PGTUR LTDA;130;;;475.993,44;;26/03/2026;02/04/2026;1;92;FAC;16;MATRIZ;452;CSC GESTAO PESSOAS;AGUARDANDO AUTORIZAÇÃO;Solicitação aguardando autorização de:  PAULA FERNANDA DA SILVA GIACOMELLI | GIZELI CASAL | JULIANA SCHERVINSKI | FABIANA MARIA SKOWRONSKI VAZ |;JOÃO PEDRO BARNINSKI;27/03/2026;;;27/03/2026;;;;
00664761/0001-48;RUFATTO EQUIPAMENTOS LTDA - ME;830;;;4.415,97;;26/03/2026;06/04/2026;1;92;FAC;92;FAC;2054;ADMINISTRACAO;AGUARDANDO AUTORIZAÇÃO;Solicitação aguardando autorização de:  CRISTIANO RODEGHIERO MOREIRA | ADRIANO TOMALOK | VANESSA CORREA DE MORAES MARTINI |;NAVIER NUNES RESENDE;27/03/2026;IMPRESSÃO UNIDADE FAC;;27/03/2026;;;;
06272575/0011-11;LAVEBRAS GESTAO DE TEXTEIS S.A.;17047;;;136.313,10;;26/03/2026;06/04/2026;1;92;FAC;92;FAC;2178;VESTIARIOS/LAVANDERIA TERCEIRIZADA;AGUARDANDO AUTORIZAÇÃO;Solicitação aguardando autorização de:  CRISTIANO RODEGHIERO MOREIRA | ADRIANO TOMALOK | VANESSA CORREA DE MORAES MARTINI |;ELENARA MOSNA;27/03/2026;112117;;27/03/2026;;;;
81317208/0001-30;BLUTRAFOS;72683;1;55;468.750,00;;24/03/2026;08/05/2026;3;92;FAC;92;FAC;1155;ENGENHARIA E MANUTENCAO;LANÇADA;Solicitação autorizada por: CRISTIANO RODEGHIERO MOREIRA em: 27/03/2026 08:08:15 Nota lançada por ADRIANA APARECIDA DOS SANTOS em: 27/03/2026;ADRIANA APARECIDA DOS SANTOS;27/03/2026;AMPLIAÇÃO SM;;27/03/2026;;27/03/2026 09:57;CRISTIANO RODEGHIERO MOREIRA;
00869496/0001-34;METALURGICA BALENA;20451;S;99;20.875,00;;25/03/2026;09/05/2026;1;92;FAC;92;FAC;1155;ENGENHARIA E MANUTENCAO;LANÇADA;Solicitação autorizada por: CRISTIANO RODEGHIERO MOREIRA em: 27/03/2026 08:08:15 Nota lançada por ADRIANA APARECIDA DOS SANTOS em: 27/03/2026;BARBARA REGINA LIPPERT;26/03/2026;SERVIÇOS MECÂNICOS EM GERALCORREÇÃO DE SOLDAS EM ESTRUTURAS DE ESTEIRASCORREÇÃO DE SOLDAS EM CHAPAS E PROTEÇÕES DA LINHA DE EVISCERAÇÃO E ESPOTEJAMENTOCONSERTO DE GAIOLASCONSERTO CARRINHO DE MIÚDOSCONSERTO CARRINHO DE COZIMENTO DAS ESTUFAS;;27/03/2026;;27/03/2026 08:42;CRISTIANO RODEGHIERO MOREIRA;
52025018/0001-41;CONSTRUTORA DE PAULA;428;U;99;15.103,00;;25/03/2026;25/04/2026;1;92;FAC;92;FAC;1155;ENGENHARIA E MANUTENCAO;LANÇADA;Solicitação autorizada por: CRISTIANO RODEGHIERO MOREIRA em: 27/03/2026 08:08:15 Nota lançada por ADRIANA APARECIDA DOS SANTOS em: 27/03/2026;BARBARA REGINA LIPPERT;26/03/2026;REPARO EM 100M² DE PISO EM URETANO REPARO EM 30 PONTOS EM RODAPÉ EM URETANO.;;27/03/2026;;27/03/2026 10:04;CRISTIANO RODEGHIERO MOREIRA;
04088208/0001-65;CGMP-CENTRO DE GESTAO DE MEIOS DE PAGAMENTO S.A.;685061669;;;634,2;;23/03/2026;30/03/2026;3;92;FAC;92;FAC;2054;ADMINISTRACAO;AUTORIZADA;Solicitação autorizada por: VANESSA CORREA DE MORAES MARTINI em: 26/03/2026 18:33:17;CELINA CASSIA CASTRO SOARES;26/03/2026;BOLETO/NF REF A DESPESAS COM PEDÁGIO VEÍCULOS AURORA - TAG SEM PARAR MARÇO/2026;;26/03/2026;;;VANESSA CORREA DE MORAES MARTINI;
34688029/0001-20;PROJECT SERVICOS TERCEIRIZADOS LTDA;572;S;99;62.261,24;;25/03/2026;;1;92;FAC;92;FAC;2054;ADMINISTRACAO;LANÇADA;Solicitação autorizada por: VANESSA CORREA DE MORAES MARTINI em: 26/03/2026 18:33:17 Nota lançada por ADRIANA APARECIDA DOS SANTOS em: 27/03/2026;CELINA CASSIA CASTRO SOARES;26/03/2026;NOTA REFERENTE A PRESTAÇÃO DE SERVIÇOS DE VIGIA PORTEIRO EM MARÇO/2026;;26/03/2026;;27/03/2026 08:30;VANESSA CORREA DE MORAES MARTINI;
51057772/0001-09;JL RIBEIRO SOLUCOES LTDA;29;;;3.000,00;;24/03/2026;15/04/2026;2;92;FAC;92;FAC;1759;CONTROLE DE QUALIDADE;AGUARDANDO AUTORIZAÇÃO;Solicitação aguardando autorização de:  CRISTIANO RODEGHIERO MOREIRA | ADRIANO TOMALOK | VANESSA CORREA DE MORAES MARTINI | MARCELO TIRELLI DE SIQUEIRA |;GABRIELLE APARECIDA CARVALHO;26/03/2026;FRETE DE ANÁLISE LABORATORIAL;;26/03/2026;;;;
94088952/0001-52;LABORATORIO ALAC LTDA;130884;;;6.961,96;;23/03/2026;12/04/2026;3;92;FAC;92;FAC;1759;CONTROLE DE QUALIDADE;AGUARDANDO AUTORIZAÇÃO;Solicitação aguardando autorização de:  CRISTIANO RODEGHIERO MOREIRA | ADRIANO TOMALOK | VANESSA CORREA DE MORAES MARTINI | MARCELO TIRELLI DE SIQUEIRA |;GABRIELLE APARECIDA CARVALHO;26/03/2026;SERVIÇO DE ANÁLISE LABORATORIAL;;26/03/2026;;;;
04647090/0001-68;CETRIC S.A.;513797;;;39.286,90;;26/03/2026;26/04/2026;0;92;FAC;92;FAC;1244;OPERACAO ESTACAO TRATAMENTO AGUA;AUTORIZADA;Solicitação autorizada por: CRISTIANO RODEGHIERO MOREIRA em: 27/03/2026 08:08:14;KAREN DA ROSA OLIVEIRA;26/03/2026;SERVIÇO REALIZADO PARA COLETA, LOCAÇÃO E DESTINAÇÃO DE RESÍDUOS;;27/03/2026;;;CRISTIANO RODEGHIERO MOREIRA;
04368898/0001-06;COPEL DISTRIBUICAO S.A.;222288472;3;66;19.095,36;;18/03/2026;;8;92;FAC;92;FAC;2054;ADMINISTRACAO;LANÇADA;Solicitação autorizada por: VANESSA CORREA DE MORAES MARTINI em: 26/03/2026 18:33:17 Nota lançada por ADRIANA APARECIDA DOS SANTOS em: 27/03/2026;ADRIANA APARECIDA DOS SANTOS;26/03/2026;REFERENTE FATURA ENERGIA COPEL COMP.03/26 (CAPTAÇÃO DE AGUA);;26/03/2026;;27/03/2026 09:09;VANESSA CORREA DE MORAES MARTINI;
04368898/0001-06;COPEL DISTRIBUICAO S.A.;366213;2;66;869.072,59;;18/03/2026;;8;92;FAC;92;FAC;2054;ADMINISTRACAO;LANÇADA;Solicitação autorizada por: VANESSA CORREA DE MORAES MARTINI em: 26/03/2026 18:33:17 Nota lançada por ADRIANA APARECIDA DOS SANTOS em: 27/03/2026;ADRIANA APARECIDA DOS SANTOS;26/03/2026;REFERENTE FATURA DE ENERGIA ELETRICA;;26/03/2026;;27/03/2026 09:11;VANESSA CORREA DE MORAES MARTINI;
02427026/0009-01;ALIANÇA NAVEGAÇÃO E LOGISTICA LTDA;191461;;;9.907,46;;10/03/2026;16/04/2026;16;92;FAC;26;U.V. IMP/EXP ITAJAI;6055;FRETES ME;AUTORIZADA;Solicitação autorizada por: FLAVIO EMANOEL WERNER em: 26/03/2026 14:26:16;ANDRESSA FERREIRA DE CASTRO DALL ACQUA;26/03/2026;CTE 191461 | NFS 47296 | CONTEINER MNBU4379853 | CARGA 14566703 | BOOKING 6AIBK6683;;26/03/2026;;;FLAVIO EMANOEL WERNER;
02427026/0009-01;ALIANÇA NAVEGAÇÃO E LOGISTICA LTDA;191460;;;9.904,89;;10/03/2026;16/04/2026;16;92;FAC;26;U.V. IMP/EXP ITAJAI;6055;FRETES ME;AUTORIZADA;Solicitação autorizada por: FLAVIO EMANOEL WERNER em: 26/03/2026 14:26:16;ANDRESSA FERREIRA DE CASTRO DALL ACQUA;26/03/2026;CTE 191460 | NFS 47346 | CONTEINER MNBU0186373 | CARGA 14567023 | BOOKING  6AIBK6683;;26/03/2026;;;FLAVIO EMANOEL WERNER;
05170344/0001-62;R.P.G ROLAMENTOS PONTA GROSSA LTDA;55194;2;55;1.004,00;;20/03/2026;27/03/2026;6;92;FAC;92;FAC;2054;ADMINISTRACAO;LANÇADA;Solicitação autorizada por: ADRIANO TOMALOK em: 26/03/2026 09:47:59 Nota lançada por RAFAEL SALVI DOS SANTOS em: 26/03/2026;RAFAEL SALVI DOS SANTOS;26/03/2026;MATERIAL RETIRADO NO DIA 20/03 PARA REVISÃO DA PARTE MOTORA DO EIXO Y DA SERRA AUTO SPLITTER;;26/03/2026;Autorizado automaticamente através do pedido de compra 4539104 em 25/03/2026.;26/03/2026 09:50;ADRIANO TOMALOK;
50087169/0001-07;50.087.169 RAFAEL JOSE CASTANHO;87;;;600;;22/03/2026;01/04/2026;4;92;FAC;92;FAC;2054;ADMINISTRACAO;AUTORIZADA;Solicitação autorizada por: VANESSA CORREA DE MORAES MARTINI em: 26/03/2026 11:27:44;VITOR FERNANDES;26/03/2026;LAVAGENS DOS VEICULOS DO MÊS DE MARÇO;;26/03/2026;;;VANESSA CORREA DE MORAES MARTINI;
89848543/0656-27;LOJAS COLOMBO;661018;2;55;789,17;;17/03/2026;;9;92;FAC;92;FAC;1155;ENGENHARIA E MANUTENCAO;LANÇADA;Solicitação autorizada por: CRISTIANO RODEGHIERO MOREIRA em: 26/03/2026 14:29:17 Nota lançada por WILLIAN MARCONDES DOS SANTOS em: 26/03/2026;WILLIAN MARCONDES DOS SANTOS;26/03/2026;FORNO ELETRICO INOX;;26/03/2026;;26/03/2026 17:12;CRISTIANO RODEGHIERO MOREIRA;
23982091/0001-03;CONSTRUTORA PLENA LTDA - ME;880;;;482.630,00;;25/03/2026;25/04/2026;1;92;FAC;92;FAC;1155;ENGENHARIA E MANUTENCAO;AUTORIZADA;Solicitação autorizada por: CRISTIANO RODEGHIERO MOREIRA em: 26/03/2026 08:21:05;BARBARA REGINA LIPPERT;26/03/2026;MATERIAL, MÃO DE OBRA E EQUIPAMENTOS NECESSÁRIOS PARA REALIZAÇÃO DO SERVIÇO DE ALTERAÇÃO DO DIF DA UNIDADE NA PARADA PROGRAMADA NOS DIAS 19/03 A 22/03;;26/03/2026;;;CRISTIANO RODEGHIERO MOREIRA;
07756651/0001-55;BRASIL SERVS DE TELECOMUNICACOES LTDA;1207618;;;1.490,00;;25/03/2026;19/04/2026;0;92;FAC;92;FAC;2054;ADMINISTRACAO;AUTORIZADA;Solicitação autorizada por: VANESSA CORREA DE MORAES MARTINI em: 26/03/2026 11:27:44;NAVIER NUNES RESENDE;25/03/2026;TELEFONIA CONTRATO: PROH430LU82A;;26/03/2026;;;VANESSA CORREA DE MORAES MARTINI;
01090631/0001-01;BERENICE ZANETTI GOMES PAVESI LTDA;17813;;;7.068,00;;16/03/2026;05/04/2026;9;92;FAC;92;FAC;2101;SEGURANCA E SAUDE;AUTORIZADA;Solicitação autorizada por: VANESSA CORREA DE MORAES MARTINI em: 25/03/2026 16:46:39;SANDERSON GUILHERME BUENO DA LUZ;25/03/2026;COMPRA DE PLACAS PARA IDENTIFICAÇÃO DOS EXTINTORES DA UNIDADE.;;25/03/2026;;;VANESSA CORREA DE MORAES MARTINI;
42278291/0035-73;LOG-IN - LOGISTICA INTERMODAL S/A;110639;;;9.896,08;;07/03/2026;07/04/2026;18;92;FAC;26;U.V. IMP/EXP ITAJAI;6055;FRETES ME;AUTORIZADA;Solicitação autorizada por: FLAVIO EMANOEL WERNER em: 26/03/2026 10:40:19;PRISCILA APARECIDA DA SILVA CANDIDO;25/03/2026;CTE 110639 | NFS 47252 - 47253 | CONTEINER MSCU7301379 | CARGA 14560418 | BOOKING LA0478958;;26/03/2026;;;FLAVIO EMANOEL WERNER;
44002122/0001-92;SL SERVIÇOS AGRÍCOLAS;384;;;42.498,00;;24/03/2026;24/04/2026;1;92;FAC;92;FAC;1244;OPERACAO ESTACAO TRATAMENTO AGUA;AUTORIZADA;Solicitação autorizada por: CRISTIANO RODEGHIERO MOREIRA em: 26/03/2026 06:38:57;KAREN DA ROSA OLIVEIRA;25/03/2026;SERVIÇO DE SUCÇÃO DE DIGESTATO EM SOLOS AGRICOLAS;;26/03/2026;;;CRISTIANO RODEGHIERO MOREIRA;
01897898/0001-05;TRANSFLUGEL;4162;;;160.133,00;;25/03/2026;02/04/2026;0;92;FAC;16;MATRIZ;452;CSC GESTAO PESSOAS;AUTORIZADA;Solicitação autorizada por: GIZELI CASAL em: 25/03/2026 16:08:27;GUSTAVO NATHAN ALVES DA COSTA;25/03/2026;;;25/03/2026;;;GIZELI CASAL;
14278989/0001-04;DESBRAVA SERVICOS LTDA;1326;S;99;54.000,00;;25/03/2026;;0;92;FAC;92;FAC;2054;ADMINISTRACAO;LANÇADA;Solicitação autorizada por: VANESSA CORREA DE MORAES MARTINI em: 25/03/2026 16:45:41 Nota lançada por ADRIANA APARECIDA DOS SANTOS em: 26/03/2026;CELINA CASSIA CASTRO SOARES;25/03/2026;NOTA REFERENTE A PRESTAÇÃO DE SERVIÇO - LIMPEZA FACILITIES MÊS MARÇO/2026;;25/03/2026;;26/03/2026 10:24;VANESSA CORREA DE MORAES MARTINI;
49793963/0001-89;G.P DA LUZ;516;U;99;4.800,00;;25/03/2026;25/04/2026;0;92;FAC;92;FAC;1155;ENGENHARIA E MANUTENCAO;AUTORIZADA;Solicitação autorizada por: CRISTIANO RODEGHIERO MOREIRA em: 26/03/2026 06:38:57;BARBARA REGINA LIPPERT;25/03/2026;LOCAÇÃO DE 1 PLATAFORMA TESOURA DE 8M;;26/03/2026;;;CRISTIANO RODEGHIERO MOREIRA;
24012574/0001-48;CICASTRO;29202;U;99;640;;18/03/2026;;7;92;FAC;92;FAC;2101;SEGURANCA E SAUDE;LANÇADA;Solicitação autorizada por: ADRIANO TOMALOK em: 25/03/2026 15:35:43 Nota lançada por ADRIANA APARECIDA DOS SANTOS em: 26/03/2026;FELIPE DOMINGUES;25/03/2026;EXAMES REFERENTE ACIDENTES DE TRABALHO;;25/03/2026;Autorizado automaticamente através do pedido de compra 4538179 em 25/03/2026.;26/03/2026 10:31;ADRIANO TOMALOK;
50685378/0001-44;MECANICA VALENGA LTDA;464;U;99;550;;25/03/2026;25/04/2026;0;92;FAC;92;FAC;1155;ENGENHARIA E MANUTENCAO;LANÇADA;Solicitação autorizada por: CRISTIANO RODEGHIERO MOREIRA em: 26/03/2026 06:38:57 Nota lançada por ADRIANA APARECIDA DOS SANTOS em: 26/03/2026;BARBARA REGINA LIPPERT;25/03/2026;SERVIÇO DE REVISÃO/ CALIBRAÇÃO DOS BICOS INJETORES DE DIESEL DO MOTOR A COMBUSTÃO DA BOMBA DE COMBATE A INCÊNDIO.;;26/03/2026;;26/03/2026 10:04;CRISTIANO RODEGHIERO MOREIRA;
50685378/0001-44;MECANICA VALENGA LTDA;463;U;99;2.725,92;;25/03/2026;25/04/2026;0;92;FAC;92;FAC;1155;ENGENHARIA E MANUTENCAO;LANÇADA;Solicitação autorizada por: CRISTIANO RODEGHIERO MOREIRA em: 26/03/2026 06:38:57 Nota lançada por ADRIANA APARECIDA DOS SANTOS em: 26/03/2026;BARBARA REGINA LIPPERT;25/03/2026;SERVIÇO DE SUBSTITUIÇÃO DO SUPORTE DE FILTRO DE AR DA MÁQUINA RETROESCAVADEIRA JOHN DEERE.;;26/03/2026;;26/03/2026 10:07;CRISTIANO RODEGHIERO MOREIRA;
18597494/0001-07;DR SOLUCOES AMBIENTAIS;6660;U;99;4.550,00;;24/03/2026;24/04/2026;1;92;FAC;92;FAC;1155;ENGENHARIA E MANUTENCAO;LANÇADA;Solicitação autorizada por: CRISTIANO RODEGHIERO MOREIRA em: 26/03/2026 06:38:58 Nota lançada por ADRIANA APARECIDA DOS SANTOS em: 27/03/2026;BARBARA REGINA LIPPERT;25/03/2026;OS 17049 - LIMPEZA TÉCNICA COM HIDRAJATO, SUCÇÃO E TRANSFERÊNCIA INTERNA DE RESÍDUOS;;26/03/2026;;27/03/2026 08:06;CRISTIANO RODEGHIERO MOREIRA;
41602792/0001-51;MATOS & MONTEIRO;58;S;99;11.488,00;;23/03/2026;23/04/2026;2;92;FAC;92;FAC;1155;ENGENHARIA E MANUTENCAO;LANÇADA;Solicitação autorizada por: CRISTIANO RODEGHIERO MOREIRA em: 26/03/2026 06:38:58 Nota lançada por ADRIANA APARECIDA DOS SANTOS em: 26/03/2026;BARBARA REGINA LIPPERT;25/03/2026;SERVIÇO DE RETIRADA/ MONTAGEM DO TELHADO E DESMONTAGEM/ MONTAGEM DOS DUTOS DO MULTICICLONE DA CALDEIRA DE 15T.;;26/03/2026;;26/03/2026 17:52;CRISTIANO RODEGHIERO MOREIRA;
10341936/0001-30;DORTA ASSESSORIA OCUPACIONAL;10;S;99;120;;23/03/2026;;2;92;FAC;92;FAC;2101;SEGURANCA E SAUDE;LANÇADA;Solicitação autorizada por: ADRIANO TOMALOK em: 25/03/2026 14:14:12 Nota lançada por ADRIANA APARECIDA DOS SANTOS em: 26/03/2026;FELIPE DOMINGUES;25/03/2026;REFERENTE A EXAMES OCUPACIONAIS DOS JOVENS APRENDIZES DE LONDRINA NA ESCOLA EPESMEL.;;25/03/2026;Autorizado automaticamente através do pedido de compra 4538180 em 25/03/2026.;26/03/2026 10:11;ADRIANO TOMALOK;
52025018/0001-41;CONSTRUTORA DE PAULA;426;U;99;25.832,00;;24/03/2026;24/04/2026;1;92;FAC;92;FAC;1155;ENGENHARIA E MANUTENCAO;LANÇADA;Solicitação autorizada por: CRISTIANO RODEGHIERO MOREIRA em: 26/03/2026 06:38:58 Nota lançada por ADRIANA APARECIDA DOS SANTOS em: 27/03/2026;BARBARA REGINA LIPPERT;25/03/2026;PREPARAÇÃO E PINTURA DE SUPERFÍCIE, EM EPÓXI BRANCO (450 M²)PREPARAÇÃO E PINTURA DE RODAPÉS, EM EPÓXI CINZA (100 M²)PINTURA INTERNA E EXTERNA DE PORTAS, NA COR AMARELA (15 UN.)PREPARAÇÃO E PINTURA DE VENTILADORES TIPO AVIÁRIO, NA COR CINZA (20 UN.);;26/03/2026;;27/03/2026 10:15;CRISTIANO RODEGHIERO MOREIRA;
42278291/0035-73;LOG-IN - LOGISTICA INTERMODAL S/A;110373;;;10.614,53;;04/03/2026;04/04/2026;21;92;FAC;26;U.V. IMP/EXP ITAJAI;6055;FRETES ME;AUTORIZADA;Solicitação autorizada por: FLAVIO EMANOEL WERNER em: 26/03/2026 10:40:24;PRISCILA APARECIDA DA SILVA CANDIDO;25/03/2026;CTE 110373 | NFS 47051 - 47052 | CONTEINER TRIU8569130 | CARGA 14552014 | BOOKING LA0478724;;26/03/2026;;;FLAVIO EMANOEL WERNER;
36652020/0001-94;ACESSO EMPRESARIAL;2980;U;99;400;;20/03/2026;;5;92;FAC;92;FAC;2101;SEGURANCA E SAUDE;LANÇADA;Solicitação autorizada por: ADRIANO TOMALOK em: 25/03/2026 15:08:06 Nota lançada por ADRIANA APARECIDA DOS SANTOS em: 26/03/2026;FELIPE DOMINGUES;25/03/2026;REFERENTE AVALIAÇÃO DE POSSÍVEL ENQUADRAMENTO DE PCD.;;25/03/2026;Autorizado automaticamente através do pedido de compra 4538178 em 25/03/2026.;26/03/2026 10:13;ADRIANO TOMALOK;
77557635/0001-19;TRANSPORTES COLETIVOS GRANDE LONDRINA LTDA;49875246;S;99;150;;25/03/2026;;0;92;FAC;16;MATRIZ;452;CSC GESTAO PESSOAS;LANÇADA;Solicitação autorizada por: GIZELI CASAL em: 25/03/2026 16:09:50 Nota lançada por ADRIANA APARECIDA DOS SANTOS em: 26/03/2026;GUSTAVO NATHAN ALVES DA COSTA;25/03/2026;NF PAGA VIA ADTO 5740924;;25/03/2026;;26/03/2026 10:34;GIZELI CASAL;
68993641/0008-02;AGIS;589691;1;55;4.550,00;;12/03/2026;13/04/2026;13;92;FAC;92;FAC;2054;ADMINISTRACAO;LANÇADA;Solicitação autorizada por: VANESSA CORREA DE MORAES MARTINI em: 25/03/2026 16:46:10 Nota lançada por KAROLINE CRISTINA MENDES INOCÊNCIO em: 26/03/2026;KAROLINE CRISTINA MENDES INOCÊNCIO;25/03/2026;AQUISIÇÃO DE DESKTOP HPCM + TECLADO + MOUSE PARA SETOR FATURAMENTO;;25/03/2026;;26/03/2026 15:28;VANESSA CORREA DE MORAES MARTINI;
68993641/0008-02;AGIS;589690;1;55;4.550,00;;12/03/2026;13/04/2026;13;92;FAC;92;FAC;2054;ADMINISTRACAO;LANÇADA;Solicitação autorizada por: VANESSA CORREA DE MORAES MARTINI em: 25/03/2026 16:46:10 Nota lançada por KAROLINE CRISTINA MENDES INOCÊNCIO em: 26/03/2026;KAROLINE CRISTINA MENDES INOCÊNCIO;25/03/2026;AQUISIÇÃO DE DESKTOP HPCM + TECLADO + MOUSE PARA SETOR PRESUNTARIA;;25/03/2026;;26/03/2026 15:35;VANESSA CORREA DE MORAES MARTINI;
68993641/0008-02;AGIS;589695;1;55;4.550,00;;12/03/2026;13/04/2026;13;92;FAC;92;FAC;2054;ADMINISTRACAO;LANÇADA;Solicitação autorizada por: VANESSA CORREA DE MORAES MARTINI em: 25/03/2026 16:46:10 Nota lançada por KAROLINE CRISTINA MENDES INOCÊNCIO em: 26/03/2026;KAROLINE CRISTINA MENDES INOCÊNCIO;25/03/2026;AQUISIÇÃO DE DESKTOP HPCM + TECLADO + MOUSE PARA SETOR DE GESTAO DA PRODUÇÃO;;25/03/2026;;26/03/2026 15:39;VANESSA CORREA DE MORAES MARTINI;
68993641/0008-02;AGIS;589697;1;55;4.550,00;;12/03/2026;13/04/2026;13;92;FAC;92;FAC;2054;ADMINISTRACAO;LANÇADA;Solicitação autorizada por: VANESSA CORREA DE MORAES MARTINI em: 25/03/2026 16:46:10 Nota lançada por KAROLINE CRISTINA MENDES INOCÊNCIO em: 26/03/2026;KAROLINE CRISTINA MENDES INOCÊNCIO;25/03/2026;AQUISIÇÃO DE DESKTOP HPCM + TECLADO + MOUSE PARA SETOR DE FATURAMENTO;;25/03/2026;;26/03/2026 15:19;VANESSA CORREA DE MORAES MARTINI;
16889287/0001-92;AD EQUIPAMENTOS;3635;S;99;70.775,50;;16/03/2026;30/04/2026;9;92;FAC;92;FAC;1155;ENGENHARIA E MANUTENCAO;LANÇADA;Solicitação autorizada por: CRISTIANO RODEGHIERO MOREIRA em: 26/03/2026 06:38:58 Nota lançada por ADRIANA APARECIDA DOS SANTOS em: 26/03/2026;BARBARA REGINA LIPPERT;25/03/2026;CALIBRAÇÃO DO SISTEMA DE DETECÇÃO DE NH3.;;26/03/2026;;26/03/2026 13:41;CRISTIANO RODEGHIERO MOREIRA;
68993641/0008-02;AGIS;589696;1;55;4.550,00;;12/03/2026;13/04/2026;13;92;FAC;92;FAC;2054;ADMINISTRACAO;LANÇADA;Solicitação autorizada por: VANESSA CORREA DE MORAES MARTINI em: 25/03/2026 16:46:10 Nota lançada por KAROLINE CRISTINA MENDES INOCÊNCIO em: 26/03/2026;KAROLINE CRISTINA MENDES INOCÊNCIO;25/03/2026;AQUISIÇÃO DE DESKTOP HPCM + TECLADO + MOUSE PARA SETOR DE FABRICA DE OLEO E FARINHA;;25/03/2026;;26/03/2026 15:45;VANESSA CORREA DE MORAES MARTINI;
68993641/0008-02;AGIS;589698;1;55;4.550,00;;12/03/2026;13/04/2026;13;92;FAC;92;FAC;2054;ADMINISTRACAO;LANÇADA;Solicitação autorizada por: VANESSA CORREA DE MORAES MARTINI em: 25/03/2026 16:46:10 Nota lançada por KAROLINE CRISTINA MENDES INOCÊNCIO em: 26/03/2026;KAROLINE CRISTINA MENDES INOCÊNCIO;25/03/2026;AQUISIÇÃO DE DESKTOP HPCM + TECLADO + MOUSE PARA SETOR DE COZIDOS;;25/03/2026;;26/03/2026 16:19;VANESSA CORREA DE MORAES MARTINI;
24231350/0001-27;LABORATORIO DE ANALISES CLINICAS DE CASTRO LTDA;157;U;99;202;;21/03/2026;;4;92;FAC;92;FAC;2101;SEGURANCA E SAUDE;LANÇADA;Solicitação autorizada por: VANESSA CORREA DE MORAES MARTINI em: 25/03/2026 16:46:39 Nota lançada por ADRIANA APARECIDA DOS SANTOS em: 26/03/2026;FELIPE DOMINGUES;25/03/2026;EXAMES DE COPROCULTURA + BETA HCG;;25/03/2026;;26/03/2026 11:58;VANESSA CORREA DE MORAES MARTINI;
24012574/0001-48;CICASTRO;29200;U;99;3.520,00;;18/03/2026;;7;92;FAC;92;FAC;2101;SEGURANCA E SAUDE;LANÇADA;Solicitação autorizada por: VANESSA CORREA DE MORAES MARTINI em: 25/03/2026 16:46:39 Nota lançada por ADRIANA APARECIDA DOS SANTOS em: 26/03/2026;FELIPE DOMINGUES;25/03/2026;NOTA FISCAL REFERENTE A EXAME DE RAIO X (ADMISSIONAIS);;25/03/2026;;26/03/2026 10:37;VANESSA CORREA DE MORAES MARTINI;
10741822/0001-87;MEGA GUINDASTES LTDA;11142;S;99;13.650,00;;24/03/2026;08/05/2026;0;92;FAC;92;FAC;1155;ENGENHARIA E MANUTENCAO;LANÇADA;Solicitação autorizada por: CRISTIANO RODEGHIERO MOREIRA em: 25/03/2026 11:13:40 Nota lançada por ADRIANA APARECIDA DOS SANTOS em: 25/03/2026;BARBARA REGINA LIPPERT;24/03/2026;SERVIÇO DE LOCAÇÃO DE GUINDASTE 40T.;;25/03/2026;;25/03/2026 13:59;CRISTIANO RODEGHIERO MOREIRA;
03068511/0001-33;CRICOM DO BRASIL LTDA;3936;62;62;415;;24/03/2026;30/04/2026;0;92;FAC;92;FAC;1155;ENGENHARIA E MANUTENCAO;LANÇADA;Solicitação autorizada por: CRISTIANO RODEGHIERO MOREIRA em: 25/03/2026 11:13:40 Nota lançada por ADRIANA APARECIDA DOS SANTOS em: 26/03/2026;BARBARA REGINA LIPPERT;24/03/2026;SERVIÇO DE LEGALIZAÇÃO E LICENCIAMENTO DOS COMUNICADORES RADIOFREQUÊNCIA JUNTO A ANATEL.;;25/03/2026;;26/03/2026 16:29;CRISTIANO RODEGHIERO MOREIRA;
01341776/0011-00;MERCOSUL LINE NAVEGACAO E LOGISTICA LTDA;68751;;;9.245,10;;06/03/2026;08/04/2026;18;92;FAC;26;U.V. IMP/EXP ITAJAI;6055;FRETES ME;AUTORIZADA;Solicitação autorizada por: FLAVIO EMANOEL WERNER em: 24/03/2026 17:44:23;PRISCILA APARECIDA DA SILVA CANDIDO;24/03/2026;CTE 68751 | NFS 44007 - 44008 - 44009 | CONTEINER MNBU4233093 | CARGA 14374963 | BOOKING P40180233;;24/03/2026;;;FLAVIO EMANOEL WERNER;
06113322/0001-23;ABIX TECNOLOGIA LTDA;76358;;;6.250,23;;24/03/2026;01/04/2026;0;92;FAC;92;FAC;1155;ENGENHARIA E MANUTENCAO;AUTORIZADA;Solicitação autorizada por: CRISTIANO RODEGHIERO MOREIRA em: 25/03/2026 11:13:39;BARBARA REGINA LIPPERT;24/03/2026;"""SERVIÇO DE LOCAÇÃO DE RADIOTRANSMISSORES E CENTRAL, COMPOSTA POR UM SISTEMA DE REPETIDORAS E BATERIAS ESTACIONÁRIAS, PARA A PLANTA.CONTRATO 114402 - 9654""";;25/03/2026;;;CRISTIANO RODEGHIERO MOREIRA;
00949181/0001-05;ESTRELA METAIS EQUIPAMENTOS LTDA;19;;;223.637,00;;24/03/2026;08/05/2026;0;92;FAC;92;FAC;1155;ENGENHARIA E MANUTENCAO;AUTORIZADA;Solicitação autorizada por: CRISTIANO RODEGHIERO MOREIRA em: 25/03/2026 11:13:40;BARBARA REGINA LIPPERT;24/03/2026;FORNECIMENTO DE MATERIAL E MÃO DE OBRA PARA: ADEQUAÇÃO DE TRILHAGEM DO DIF E CÂMARA DE SEQUESTRO PLATAFORMAS DE TRABALHO BANDEJAS DE VÍSCERAS REPOSICIONAMENTO DE BALANÇAS LAVATÓRIO DE MÃO ESTEIRAS PARA TRANSPORTE DE CONDENA ATÉ CHUTE. TODAS ALTERAÇÕES FORAM APRESENTADAS MEDIANTE PROJETO E DEVEM SEGUIR EXATAMENTE COMO EXPOSTO NO PROJETO.;;25/03/2026;;;CRISTIANO RODEGHIERO MOREIRA;
38195501/0001-43;SIMAOPRESS LTDA;23299;1;55;103,38;;17/03/2026;14/04/2026;7;92;FAC;92;FAC;1155;ENGENHARIA E MANUTENCAO;LANÇADA;Solicitação autorizada por: ADRIANO TOMALOK em: 24/03/2026 15:17:51 Nota lançada por WILLIAN MARCONDES DOS SANTOS em: 24/03/2026;WILLIAN MARCONDES DOS SANTOS;24/03/2026;;;24/03/2026;Autorizado automaticamente através do pedido de compra 4531610 em 18/03/2026.;24/03/2026 15:18;ADRIANO TOMALOK;
00869496/0001-34;METALURGICA BALENA;20427;S;99;50.726,00;;24/03/2026;08/05/2026;0;92;FAC;92;FAC;1155;ENGENHARIA E MANUTENCAO;LANÇADA;Solicitação autorizada por: CRISTIANO RODEGHIERO MOREIRA em: 25/03/2026 11:13:40 Nota lançada por ADRIANA APARECIDA DOS SANTOS em: 25/03/2026;BARBARA REGINA LIPPERT;24/03/2026;FORNECIMENTO DE MATERIAL E MÃO DE OBRA PARA EXECUÇÃO DE PONTOS DE UTILIDADES CONFORME VISTO IN LOCO;;25/03/2026;;25/03/2026 15:06;CRISTIANO RODEGHIERO MOREIRA;
17253163/0001-89;MUNKART LOCACAO E TRANSPORTES LTDA;3404;U;99;750;;24/03/2026;24/04/2026;0;92;FAC;92;FAC;1155;ENGENHARIA E MANUTENCAO;LANÇADA;Solicitação autorizada por: CRISTIANO RODEGHIERO MOREIRA em: 25/03/2026 11:13:39 Nota lançada por ADRIANA APARECIDA DOS SANTOS em: 26/03/2026;BARBARA REGINA LIPPERT;24/03/2026;OS 16089 - REMOÇÃO DE BOMBA NO BIODIGESTOR;;25/03/2026;;26/03/2026 17:47;CRISTIANO RODEGHIERO MOREIRA;
21557110/0001-29;JARDIM SOLAR;292;U;99;32.000,00;;20/03/2026;;4;92;FAC;92;FAC;2054;ADMINISTRACAO;LANÇADA;Solicitação autorizada por: VANESSA CORREA DE MORAES MARTINI em: 25/03/2026 08:11:37 Nota lançada por ADRIANA APARECIDA DOS SANTOS em: 25/03/2026;CELINA CASSIA CASTRO SOARES;24/03/2026;NOTA REFERENTE A JARDINAGEM DA UNIDADE NO MÊS DE MARÇO/2026;;25/03/2026;;25/03/2026 13:19;VANESSA CORREA DE MORAES MARTINI;
17253163/0001-89;MUNKART LOCACAO E TRANSPORTES LTDA;3403;;;1.750,00;;24/03/2026;24/04/2026;0;92;FAC;92;FAC;1155;ENGENHARIA E MANUTENCAO;AUTORIZADA;Solicitação autorizada por: CRISTIANO RODEGHIERO MOREIRA em: 25/03/2026 11:13:39;BARBARA REGINA LIPPERT;24/03/2026;OS 15159 - IÇAMENTO DE MOTOR COM ACOPLAMENTO NO BIODIGESTOR;;25/03/2026;;;CRISTIANO RODEGHIERO MOREIRA;
45033363/0001-61;JN CERTIFICADORA;72;S;99;31.949,33;;20/03/2026;;4;92;FAC;92;FAC;2054;ADMINISTRACAO;LANÇADA;Solicitação autorizada por: VANESSA CORREA DE MORAES MARTINI em: 25/03/2026 08:11:37 Nota lançada por ADRIANA APARECIDA DOS SANTOS em: 25/03/2026;CELINA CASSIA CASTRO SOARES;24/03/2026;NOTA REFERENTE A PRESTAÇÃO DE SERVIÇOS DO MÉDICO VETERINÁRIO TERCEIRO DO SIF DE MARÇO/2026;;25/03/2026;;25/03/2026 13:25;VANESSA CORREA DE MORAES MARTINI;
49009424/0007-00;NORCOAST LOGISTICA S.A;4352;1;57;10.767,85;;07/03/2026;09/04/2026;17;92;FAC;26;U.V. IMP/EXP ITAJAI;6055;FRETES ME;LANÇADA;Solicitação autorizada por: FLAVIO EMANOEL WERNER em: 24/03/2026 15:38:33 Nota lançada por ADRIANA APARECIDA DOS SANTOS em: 24/03/2026;PRISCILA APARECIDA DA SILVA CANDIDO;24/03/2026;CTE 4352 | NFS 46919 - 46920 | CONTEINER HLBU6195917 | CARGA 14544345 | BOOKING 90250755;;24/03/2026;;24/03/2026 16:16;FLAVIO EMANOEL WERNER;
59458554/0001-80;RAYFLEX;32504;3;55;66.088,06;;19/03/2026;18/05/2026;5;92;FAC;92;FAC;2054;ADMINISTRACAO;LANÇADA;Solicitação autorizada por: CRISTIANO RODEGHIERO MOREIRA em: 25/03/2026 11:13:40 Nota lançada por ADRIANA APARECIDA DOS SANTOS em: 27/03/2026;RAFAEL SALVI DOS SANTOS;24/03/2026;RAMPA NIVELADORA DE DOCA 2UN - TUNEIS;;25/03/2026;;27/03/2026 10:01;CRISTIANO RODEGHIERO MOREIRA;
59458554/0001-80;RAYFLEX;32505;3;55;33.594,03;;19/03/2026;18/05/2026;5;92;FAC;92;FAC;2054;ADMINISTRACAO;LANÇADA;Solicitação autorizada por: CRISTIANO RODEGHIERO MOREIRA em: 25/03/2026 11:13:40 Nota lançada por ADRIANA APARECIDA DOS SANTOS em: 27/03/2026;RAFAEL SALVI DOS SANTOS;24/03/2026;RAMPA NIVELADORA DE DOCA - IMOBILIZADO 1UN TUNEIS;;25/03/2026;;27/03/2026 10:01;CRISTIANO RODEGHIERO MOREIRA;
19117785/0001-05;BEST NOTEBOOKS;118434;1;55;7.500,00;;19/03/2026;20/04/2026;5;92;FAC;92;FAC;1155;ENGENHARIA E MANUTENCAO;LANÇADA;Solicitação autorizada por: CRISTIANO RODEGHIERO MOREIRA em: 25/03/2026 11:13:41 Nota lançada por WILLIAN MARCONDES DOS SANTOS em: 26/03/2026;WILLIAN MARCONDES DOS SANTOS;24/03/2026;NOTEBOOK - PADRAO AURORA 2025 - SEM OFFICE;;25/03/2026;;26/03/2026 10:33;CRISTIANO RODEGHIERO MOREIRA;
35215015/0001-51;PROJECT;60;S;99;61.472,99;;17/03/2026;;7;92;FAC;92;FAC;2054;ADMINISTRACAO;LANÇADA;Solicitação autorizada por: VANESSA CORREA DE MORAES MARTINI em: 25/03/2026 08:11:44 Nota lançada por ADRIANA APARECIDA DOS SANTOS em: 25/03/2026;CELINA CASSIA CASTRO SOARES;24/03/2026;NOTA REFERENTE A PRESTAÇÃO DE SERVIÇOS DE VIGILÂNCIA PORTARIAS E RONDA EM MARÇO/2026;;25/03/2026;;25/03/2026 11:01;VANESSA CORREA DE MORAES MARTINI;
32677118/0001-45;PROMAQ MAQUINAS E EQUIPAMENTOS INDUSTRIAIS LTDA;661;A1;99;36.960,00;;23/03/2026;07/05/2026;1;92;FAC;92;FAC;1155;ENGENHARIA E MANUTENCAO;LANÇADA;Solicitação autorizada por: CRISTIANO RODEGHIERO MOREIRA em: 25/03/2026 11:13:40 Nota lançada por ADRIANA APARECIDA DOS SANTOS em: 26/03/2026;BARBARA REGINA LIPPERT;24/03/2026;ALTERAÇÕES E AMPLIAÇÕES DAS INSTALAÇÕES ELÉTRICAS NO SETOR DO DIF DA UNIDADE DE CASTRO.;;25/03/2026;;26/03/2026 10:49;CRISTIANO RODEGHIERO MOREIRA;
44433080/0001-44;MAM RECICLAGEM;261;S;99;26.250,00;;16/03/2026;;8;92;FAC;92;FAC;2054;ADMINISTRACAO;LANÇADA;Solicitação autorizada por: VANESSA CORREA DE MORAES MARTINI em: 25/03/2026 08:11:38 Nota lançada por ADRIANA APARECIDA DOS SANTOS em: 25/03/2026;CELINA CASSIA CASTRO SOARES;24/03/2026;NOTA REFERENTE A LIMPEZA DE RESÍDUOS - PRESTAÇÃO DE SERVIÇO E FRETE MARÇO/2026;;25/03/2026;;25/03/2026 10:56;VANESSA CORREA DE MORAES MARTINI;
46016473/0002-69;ELETROMOTORES BADAN LIMITADA;1523;S;99;25.630,75;;19/03/2026;18/05/2026;4;92;FAC;92;FAC;1155;ENGENHARIA E MANUTENCAO;LANÇADA;Solicitação autorizada por: CRISTIANO RODEGHIERO MOREIRA em: 25/03/2026 11:13:41 Nota lançada por ADRIANA APARECIDA DOS SANTOS em: 25/03/2026;FLAVIO DE JESUS OLIVEIRA DOS SANTOS;23/03/2026;MOTOR MOEDOR SEYDELMANN OS 107667;;25/03/2026;;25/03/2026 14:02;CRISTIANO RODEGHIERO MOREIRA;
49172605/0001-59;THOMAZ & BARONI MONTAGENS ( T&B);218;;;2.120,00;;10/03/2026;10/04/2026;13;92;FAC;92;FAC;1155;ENGENHARIA E MANUTENCAO;AUTORIZADA;Solicitação autorizada por: CRISTIANO RODEGHIERO MOREIRA em: 25/03/2026 11:13:48;BARBARA REGINA LIPPERT;23/03/2026;SOLDAS SANITÁRIAS EM ESTRUTURAS DEEQUIPAMENTOS DO SETOR DE EMBALAGEM PRIMÁRIA INDÚSTRIA E INDUSTRIALIZADOS, SETOR DE EMBUT-COZIDOS E SETOR DE PRESUMTARIA.;;25/03/2026;;;CRISTIANO RODEGHIERO MOREIRA;
08283039/0001-75;MECANICA INDUSTRIAL VELOTANO;3325;S;99;2.897,50;;11/03/2026;08/04/2026;12;92;FAC;92;FAC;1155;ENGENHARIA E MANUTENCAO;LANÇADA;Solicitação autorizada por: CRISTIANO RODEGHIERO MOREIRA em: 25/03/2026 11:13:47 Nota lançada por ADRIANA APARECIDA DOS SANTOS em: 27/03/2026;BARBARA REGINA LIPPERT;23/03/2026;USINAGEM EM GRID DE SELAGEM MULTIVAC;;25/03/2026;;27/03/2026 10:19;CRISTIANO RODEGHIERO MOREIRA;
46016473/0002-69;ELETROMOTORES BADAN LIMITADA;1522;S;99;1.972,05;;19/03/2026;18/05/2026;4;92;FAC;92;FAC;1155;ENGENHARIA E MANUTENCAO;LANÇADA;Solicitação autorizada por: CRISTIANO RODEGHIERO MOREIRA em: 25/03/2026 11:13:41 Nota lançada por ADRIANA APARECIDA DOS SANTOS em: 25/03/2026;FLAVIO DE JESUS OLIVEIRA DOS SANTOS;23/03/2026;MOTOR DO TAM SUBIDA DA REPENDURA OS 95609;;25/03/2026;;25/03/2026 14:13;CRISTIANO RODEGHIERO MOREIRA;
08283039/0001-75;MECANICA INDUSTRIAL VELOTANO;3326;S;99;807,5;;11/03/2026;08/04/2026;12;92;FAC;92;FAC;1155;ENGENHARIA E MANUTENCAO;LANÇADA;Solicitação autorizada por: CRISTIANO RODEGHIERO MOREIRA em: 25/03/2026 11:13:47 Nota lançada por ADRIANA APARECIDA DOS SANTOS em: 27/03/2026;BARBARA REGINA LIPPERT;23/03/2026;USINAGEM EM FURO QUADRADO ESTEIRA DETECTOR METAIS;;25/03/2026;;27/03/2026 10:21;CRISTIANO RODEGHIERO MOREIRA;
08283039/0001-75;MECANICA INDUSTRIAL VELOTANO;3322;S;99;1.995,00;;11/03/2026;08/04/2026;12;92;FAC;92;FAC;1155;ENGENHARIA E MANUTENCAO;LANÇADA;Solicitação autorizada por: CRISTIANO RODEGHIERO MOREIRA em: 25/03/2026 11:13:47 Nota lançada por ADRIANA APARECIDA DOS SANTOS em: 27/03/2026;BARBARA REGINA LIPPERT;23/03/2026;TORNO - CONSERTO USINAGEM BLOCO DE INOX MULTIVAC CA:5345 USO:242;;25/03/2026;;27/03/2026 10:23;CRISTIANO RODEGHIERO MOREIRA;
08283039/0001-75;MECANICA INDUSTRIAL VELOTANO;3316;S;99;2.660,00;;11/03/2026;08/04/2026;12;92;FAC;92;FAC;1155;ENGENHARIA E MANUTENCAO;LANÇADA;Solicitação autorizada por: CRISTIANO RODEGHIERO MOREIRA em: 25/03/2026 11:13:47 Nota lançada por ADRIANA APARECIDA DOS SANTOS em: 27/03/2026;BARBARA REGINA LIPPERT;23/03/2026;TORNO -  USINAGEM CONJUNTO DE ROLDANAS ELEVADOR CAIXAS MONOBLOCO.;;25/03/2026;;27/03/2026 10:26;CRISTIANO RODEGHIERO MOREIRA;
23872438/0001-65;VEETIL ELETRO MOTORES;132;S;99;907,44;;12/03/2026;08/04/2026;11;92;FAC;92;FAC;1155;ENGENHARIA E MANUTENCAO;LANÇADA;Solicitação autorizada por: CRISTIANO RODEGHIERO MOREIRA em: 25/03/2026 11:13:46 Nota lançada por ADRIANA APARECIDA DOS SANTOS em: 25/03/2026;FLAVIO DE JESUS OLIVEIRA DOS SANTOS;23/03/2026;MOTOR DA ESTEIRA DE BANHA RAMA ABT OS 106749;;25/03/2026;;25/03/2026 16:27;CRISTIANO RODEGHIERO MOREIRA;
08283039/0001-75;MECANICA INDUSTRIAL VELOTANO;3321;S;99;4.450,00;;11/03/2026;08/04/2026;12;92;FAC;92;FAC;1155;ENGENHARIA E MANUTENCAO;AUTORIZADA;Solicitação autorizada por: CRISTIANO RODEGHIERO MOREIRA em: 25/03/2026 11:13:48;BARBARA REGINA LIPPERT;23/03/2026;TORNO - USINAGEM EM BATENTE FACA RETA MULTIVAC;;25/03/2026;;;CRISTIANO RODEGHIERO MOREIRA;
58169490/0001-34;THDS;69;S;99;35.504,83;;18/03/2026;02/05/2026;5;92;FAC;92;FAC;1155;ENGENHARIA E MANUTENCAO;LANÇADA;Solicitação autorizada por: CRISTIANO RODEGHIERO MOREIRA em: 25/03/2026 11:13:41 Nota lançada por ADRIANA APARECIDA DOS SANTOS em: 25/03/2026;BARBARA REGINA LIPPERT;23/03/2026;REALIZAR A SUBSTITUIÇÃO DE APROXIMADAMENTE 48 METROS DE TUBULAÇÃO DE 4¿, 48 METROS DE TUBULAÇÃO DE 3¿, 48 METROS DE TUBULAÇÃO DE 2¿, 20 METROS DE TUBULAÇÃO DE 1¿, 20 METROS DE TUBULAÇÃO DE ¾¿ E 20 METROS DE TUBULAÇÃO DE ½¿ (MEDIDAS APROXIMADAS), SUBSTITUIÇÃO DE TUBULAÇÃO DE AÇO CARBONO POR TUBOS DE INOX.;;25/03/2026;;25/03/2026 15:11;CRISTIANO RODEGHIERO MOREIRA;
23872438/0001-65;VEETIL ELETRO MOTORES;131;S;99;996,65;;12/03/2026;08/04/2026;11;92;FAC;92;FAC;1155;ENGENHARIA E MANUTENCAO;LANÇADA;Solicitação autorizada por: CRISTIANO RODEGHIERO MOREIRA em: 25/03/2026 11:13:46 Nota lançada por ADRIANA APARECIDA DOS SANTOS em: 25/03/2026;FLAVIO DE JESUS OLIVEIRA DOS SANTOS;23/03/2026;MOTOR DA BOMBA DE AGUA REUSO FFG OS 105962;;25/03/2026;;25/03/2026 16:29;CRISTIANO RODEGHIERO MOREIRA;
23872438/0001-65;VEETIL ELETRO MOTORES;130;S;99;679,83;;12/03/2026;08/04/2026;11;92;FAC;92;FAC;1155;ENGENHARIA E MANUTENCAO;LANÇADA;Solicitação autorizada por: CRISTIANO RODEGHIERO MOREIRA em: 25/03/2026 11:13:47 Nota lançada por ADRIANA APARECIDA DOS SANTOS em: 25/03/2026;FLAVIO DE JESUS OLIVEIRA DOS SANTOS;23/03/2026;MOTOR DA BOMBA TANQUE DE SANGUE F.F.G OS 105965;;25/03/2026;;25/03/2026 16:24;CRISTIANO RODEGHIERO MOREIRA;
08283039/0001-75;MECANICA INDUSTRIAL VELOTANO;3333;;;4.560,00;;19/03/2026;16/04/2026;4;92;FAC;92;FAC;1155;ENGENHARIA E MANUTENCAO;AUTORIZADA;Solicitação autorizada por: CRISTIANO RODEGHIERO MOREIRA em: 25/03/2026 11:13:41;BARBARA REGINA LIPPERT;23/03/2026;TORNO - SERVIÇO DE TERCEIRO COM MÃO DE OBRA E MATERIAL PARA USINAGEM EM CONJUNTO DE BUCHAS DO EIXO DA FATIADORA MAREL V-CUT 240.;;25/03/2026;;;CRISTIANO RODEGHIERO MOREIRA;
23872438/0001-65;VEETIL ELETRO MOTORES;129;S;99;3.145,77;;12/03/2026;08/04/2026;11;92;FAC;92;FAC;1155;ENGENHARIA E MANUTENCAO;LANÇADA;Solicitação autorizada por: CRISTIANO RODEGHIERO MOREIRA em: 25/03/2026 11:13:47 Nota lançada por ADRIANA APARECIDA DOS SANTOS em: 25/03/2026;FLAVIO DE JESUS OLIVEIRA DOS SANTOS;23/03/2026;MOTOR DA BOMBA DE GLICOL DA CENTRAL DE FRIOS OS 106793;;25/03/2026;;25/03/2026 16:21;CRISTIANO RODEGHIERO MOREIRA;
52025018/0001-41;CONSTRUTORA DE PAULA;424;U;99;18.204,00;;20/03/2026;20/04/2026;3;92;FAC;92;FAC;1155;ENGENHARIA E MANUTENCAO;LANÇADA;Solicitação autorizada por: CRISTIANO RODEGHIERO MOREIRA em: 25/03/2026 11:13:40 Nota lançada por ADRIANA APARECIDA DOS SANTOS em: 27/03/2026;BARBARA REGINA LIPPERT;23/03/2026;MOBILIZAÇÃO E DESMOBILIZAÇÃO (SERVIÇO DEVE SER REALIZADO NO FINAL DE SEMANA)LIMPAR, PREPARAR E APLICAR TINTA RESISTENTE A UMIDADE EM 483,30 MTS² DE PAREDELIMPEZA, DESCARTE DE MATERIAIS E ENTREGA DA OBRA;;25/03/2026;;27/03/2026 10:22;CRISTIANO RODEGHIERO MOREIRA;
23872438/0001-65;VEETIL ELETRO MOTORES;128;S;99;1.317,80;;12/03/2026;08/04/2026;11;92;FAC;92;FAC;1155;ENGENHARIA E MANUTENCAO;LANÇADA;Solicitação autorizada por: CRISTIANO RODEGHIERO MOREIRA em: 25/03/2026 11:13:46 Nota lançada por ADRIANA APARECIDA DOS SANTOS em: 25/03/2026;FLAVIO DE JESUS OLIVEIRA DOS SANTOS;23/03/2026;MOTOR DO SECADOR DO GERADOR 1 BIO - COMPRESSOR RADIAL OS;;25/03/2026;;25/03/2026 16:18;CRISTIANO RODEGHIERO MOREIRA;
23872438/0001-65;VEETIL ELETRO MOTORES;127;S;99;1.788,06;;12/03/2026;08/04/2026;11;92;FAC;92;FAC;1155;ENGENHARIA E MANUTENCAO;LANÇADA;Solicitação autorizada por: CRISTIANO RODEGHIERO MOREIRA em: 25/03/2026 11:13:46 Nota lançada por ADRIANA APARECIDA DOS SANTOS em: 25/03/2026;FLAVIO DE JESUS OLIVEIRA DOS SANTOS;23/03/2026;MOTOR DA LAGOA DE AERAÇÃO DO SETOR ETE OS 106686;;25/03/2026;;25/03/2026 16:17;CRISTIANO RODEGHIERO MOREIRA;
23872438/0001-65;VEETIL ELETRO MOTORES;126;S;99;1.414,80;;12/03/2026;08/04/2026;11;92;FAC;92;FAC;1155;ENGENHARIA E MANUTENCAO;LANÇADA;Solicitação autorizada por: CRISTIANO RODEGHIERO MOREIRA em: 25/03/2026 11:13:46 Nota lançada por ADRIANA APARECIDA DOS SANTOS em: 25/03/2026;FLAVIO DE JESUS OLIVEIRA DOS SANTOS;23/03/2026;MOTOR DO SECADOR DO GERADOR 4 BIO - COMPRESSOR RADIAL OS 105966;;25/03/2026;;25/03/2026 16:15;CRISTIANO RODEGHIERO MOREIRA;
20422300/0001-76;FILTRAT - FILTRO CENTRAL;924;1;55;42.238,00;;17/03/2026;;6;92;FAC;92;FAC;1155;ENGENHARIA E MANUTENCAO;LANÇADA;Solicitação autorizada por: CRISTIANO RODEGHIERO MOREIRA em: 25/03/2026 11:13:42 Nota lançada por WILLIAN MARCONDES DOS SANTOS em: 26/03/2026;WILLIAN MARCONDES DOS SANTOS;23/03/2026;REALIZAÇÃO DE MANUTENÇÃO NO ABRANDADOR DA CALDEIRA;;25/03/2026;;26/03/2026 10:10;CRISTIANO RODEGHIERO MOREIRA;
04518259/0001-80;ELECTRA COMERCIALIZADORA DE ENERGIA LTDA;286;;;1.372,65;;18/03/2026;08/04/2026;5;92;FAC;92;FAC;1155;ENGENHARIA E MANUTENCAO;AUTORIZADA;Solicitação autorizada por: CRISTIANO RODEGHIERO MOREIRA em: 25/03/2026 11:13:42;BARBARA REGINA LIPPERT;23/03/2026;REFERENTE A ENERGIA ELETRICA DA SUBESTAÇÃO;;25/03/2026;;;CRISTIANO RODEGHIERO MOREIRA;
37647030/0001-02;TECNICONTROL PEST LTDA;248;S;99;11.205,59;;23/03/2026;;0;92;FAC;92;FAC;1759;CONTROLE DE QUALIDADE;LANÇADA;Solicitação autorizada por: VANESSA CORREA DE MORAES MARTINI em: 26/03/2026 18:33:17 Nota lançada por ADRIANA APARECIDA DOS SANTOS em: 27/03/2026;GABRIELLE APARECIDA CARVALHO;23/03/2026;SERVIÇO CONTROLE DE PRAGAS;;26/03/2026;;27/03/2026 08:33;VANESSA CORREA DE MORAES MARTINI;
13938390/0005-10;CROWN LIFT TRUCKS DO BRASIL;177681;S;99;90.599,22;;19/03/2026;19/05/2026;4;92;FAC;92;FAC;1155;ENGENHARIA E MANUTENCAO;LANÇADA;Solicitação autorizada por: CRISTIANO RODEGHIERO MOREIRA em: 25/03/2026 11:13:41 Nota lançada por ADRIANA APARECIDA DOS SANTOS em: 25/03/2026;BARBARA REGINA LIPPERT;23/03/2026;FATURA REFERENTE A LOCAÇÃO DE EQUIPAMENTOS;;25/03/2026;;25/03/2026 14:49;CRISTIANO RODEGHIERO MOREIRA;
04337111/0001-49;CBO ASSESSORIA E ANALISE;52925;;;946,47;;20/03/2026;17/04/2026;3;92;FAC;92;FAC;1759;CONTROLE DE QUALIDADE;AUTORIZADA;Solicitação autorizada por: ADRIANO TOMALOK em: 25/03/2026 13:37:06;GABRIELLE APARECIDA CARVALHO;23/03/2026;SERVIÇO DE ANÁLISE LABORATORIAL;;25/03/2026;;;ADRIANO TOMALOK;
40876485/0001-04;STARTECH ELETRONICA INDUSTRIAL;1496;;;2.950,00;;16/03/2026;16/04/2026;7;92;FAC;92;FAC;1155;ENGENHARIA E MANUTENCAO;AUTORIZADA;Solicitação autorizada por: CRISTIANO RODEGHIERO MOREIRA em: 25/03/2026 11:13:43;BARBARA REGINA LIPPERT;23/03/2026;SERVIÇO DE TERCEIRO COM MÃO DE OBRA E MATERIAL PARA CONSERTO DE INVERSOR DE FREQUÊNCIA WEG CFW500.;;25/03/2026;;;CRISTIANO RODEGHIERO MOREIRA;
02427026/0009-01;ALIANÇA NAVEGAÇÃO E LOGISTICA LTDA;191524;4;57;10.121,89;;11/03/2026;16/04/2026;9;92;FAC;26;U.V. IMP/EXP ITAJAI;6055;FRETES ME;LANÇADA;Solicitação autorizada por: FLAVIO EMANOEL WERNER em: 23/03/2026 14:50:16 Nota lançada por ADRIANA APARECIDA DOS SANTOS em: 24/03/2026;PRISCILA APARECIDA DA SILVA CANDIDO;20/03/2026;CTE 191524 | NFS 47238 - 47239 | CONTEINER MNBU0608205 | CARGA 14560886 | BOOKING 6AIBK6688;;23/03/2026;;24/03/2026 15:13;FLAVIO EMANOEL WERNER;
00428307/0012-40;CASCAVEL - EXPRESSO SAO MIGUEL S/A;200799;11;57;315;;17/03/2026;07/04/2026;2;92;FAC;92;FAC;1155;ENGENHARIA E MANUTENCAO;LANÇADA;Solicitação autorizada por: CRISTIANO RODEGHIERO MOREIRA em: 25/03/2026 11:13:42 Nota lançada por ADRIANA APARECIDA DOS SANTOS em: 25/03/2026;ADRIANA APARECIDA DOS SANTOS;19/03/2026;REFERENTE ENVIO PARA CONSERTO;;25/03/2026;;25/03/2026 13:28;CRISTIANO RODEGHIERO MOREIRA;
00428307/0012-40;CASCAVEL - EXPRESSO SAO MIGUEL S/A;200689;11;57;242;;16/03/2026;06/04/2026;3;92;FAC;92;FAC;1155;ENGENHARIA E MANUTENCAO;LANÇADA;Solicitação autorizada por: CRISTIANO RODEGHIERO MOREIRA em: 25/03/2026 11:13:42 Nota lançada por ADRIANA APARECIDA DOS SANTOS em: 25/03/2026;ADRIANA APARECIDA DOS SANTOS;19/03/2026;REFERENTE ENVIO PARA CONSERTO;;25/03/2026;;25/03/2026 13:29;CRISTIANO RODEGHIERO MOREIRA;
00428307/0012-40;CASCAVEL - EXPRESSO SAO MIGUEL S/A;200695;11;57;202;;16/03/2026;06/04/2026;3;92;FAC;92;FAC;1155;ENGENHARIA E MANUTENCAO;LANÇADA;Solicitação autorizada por: CRISTIANO RODEGHIERO MOREIRA em: 27/03/2026 08:08:15 Nota lançada por ADRIANA APARECIDA DOS SANTOS em: 27/03/2026;ADRIANA APARECIDA DOS SANTOS;19/03/2026;REFERENTE ENVIO PARA CONSERTO;;27/03/2026;;27/03/2026 08:09;CRISTIANO RODEGHIERO MOREIRA;
78706751/0014-30;TRANSPEN ENCOMENDAS;180831;1;57;46,59;;16/03/2026;06/04/2026;3;92;FAC;92;FAC;1155;ENGENHARIA E MANUTENCAO;LANÇADA;Solicitação autorizada por: CRISTIANO RODEGHIERO MOREIRA em: 25/03/2026 11:13:43 Nota lançada por ADRIANA APARECIDA DOS SANTOS em: 25/03/2026;ADRIANA APARECIDA DOS SANTOS;19/03/2026;REFERENTE ENVIO PARA CONSERTO;;25/03/2026;;25/03/2026 13:32;CRISTIANO RODEGHIERO MOREIRA;
78706751/0014-30;TRANSPEN ENCOMENDAS;180832;1;57;333,97;;16/03/2026;06/04/2026;3;92;FAC;92;FAC;1155;ENGENHARIA E MANUTENCAO;LANÇADA;Solicitação autorizada por: CRISTIANO RODEGHIERO MOREIRA em: 25/03/2026 11:13:43 Nota lançada por ADRIANA APARECIDA DOS SANTOS em: 25/03/2026;ADRIANA APARECIDA DOS SANTOS;19/03/2026;REFERENTE ENVIO PARA CONSERTO;;25/03/2026;;25/03/2026 13:30;CRISTIANO RODEGHIERO MOREIRA;
05013050/0001-27;MAREL BRASIL COMERCIAL E INDUSTRIAL LTDA;3598;30;55;175.293,22;;16/03/2026;30/04/2026;3;92;FAC;92;FAC;1155;ENGENHARIA E MANUTENCAO;AUTORIZADA;Solicitação autorizada por: CRISTIANO RODEGHIERO MOREIRA em: 25/03/2026 11:13:43;ADRIANA APARECIDA DOS SANTOS;19/03/2026;SERVIÇO TERCEIRO: MATERIAL E MÃO DE OBRA PARA REVISÃO DO EQUIPAMENTO SERRA AUTOMÁTICA SPLITTER MSP6040.;;25/03/2026;;;CRISTIANO RODEGHIERO MOREIRA;
36330674/0001-00;TRANSPORTES E MUDANCAS LPA;47;2;57;6.500,00;;09/03/2026;;10;92;FAC;92;FAC;2208;GESTAO DE PRODUCAO;LANÇADA;Solicitação autorizada por: ADRIANO TOMALOK em: 24/03/2026 12:34:42 Nota lançada por ADRIANA APARECIDA DOS SANTOS em: 24/03/2026;KARIME PODOLAN;19/03/2026;LANÇAMENTO DE CTE REFERENTE AO AUXÍLIO MUDANÇA DO TRAINEE PEDRO BORATI DOS SANTOS;;24/03/2026;;24/03/2026 14:40;ADRIANO TOMALOK;
32677118/0001-45;PROMAQ MAQUINAS E EQUIPAMENTOS INDUSTRIAIS LTDA;1789;1;55;146.512,00;;19/03/2026;03/05/2026;0;92;FAC;92;FAC;1155;ENGENHARIA E MANUTENCAO;LANÇADA;Solicitação autorizada por: CRISTIANO RODEGHIERO MOREIRA em: 19/03/2026 16:18:41 Nota lançada por KAROLINE CRISTINA MENDES INOCÊNCIO em: 24/03/2026;KAROLINE CRISTINA MENDES INOCÊNCIO;19/03/2026;ALTERAÇÕES E AMPLIAÇÕES DAS INSTALAÇÕES ELÉTRICAS NO SETOR DO DIF DA UNIDADE DE CASTRO.;;19/03/2026;;24/03/2026 15:51;CRISTIANO RODEGHIERO MOREIRA;
78706751/0014-30;TRANSPEN ENCOMENDAS;179876;1;57;309,82;;10/03/2026;31/03/2026;9;92;FAC;92;FAC;1155;ENGENHARIA E MANUTENCAO;LANÇADA;Solicitação autorizada por: CRISTIANO RODEGHIERO MOREIRA em: 25/03/2026 11:13:48 Nota lançada por ADRIANA APARECIDA DOS SANTOS em: 25/03/2026;ADRIANA APARECIDA DOS SANTOS;19/03/2026;DEVOLUCÃO DE COMODATO REF NFS 46033;;25/03/2026;;25/03/2026 13:33;CRISTIANO RODEGHIERO MOREIRA;
00428307/0012-40;CASCAVEL - EXPRESSO SAO MIGUEL S/A;200090;11;57;283;;10/03/2026;31/03/2026;9;92;FAC;92;FAC;1155;ENGENHARIA E MANUTENCAO;LANÇADA;Solicitação autorizada por: CRISTIANO RODEGHIERO MOREIRA em: 25/03/2026 11:13:48 Nota lançada por ADRIANA APARECIDA DOS SANTOS em: 25/03/2026;ADRIANA APARECIDA DOS SANTOS;19/03/2026;REFERENTE ENVIO PARA CONSERTO;;25/03/2026;;25/03/2026 13:33;CRISTIANO RODEGHIERO MOREIRA;
00949181/0001-05;ESTRELA METAIS EQUIPAMENTOS LTDA;4174;1;55;422.537,00;;18/03/2026;02/05/2026;1;92;FAC;92;FAC;1155;ENGENHARIA E MANUTENCAO;AUTORIZADA;Solicitação autorizada por: CRISTIANO RODEGHIERO MOREIRA em: 19/03/2026 16:18:41;ADRIANA APARECIDA DOS SANTOS;19/03/2026;ADEQUAÇÃO DIF - FAC;;19/03/2026;;;CRISTIANO RODEGHIERO MOREIRA;
51057772/0001-09;JL RIBEIRO SOLUCOES LTDA;28;1;57;3.300,00;;18/03/2026;07/04/2026;0;92;FAC;92;FAC;1759;CONTROLE DE QUALIDADE;LANÇADA;Solicitação autorizada por: MARCELO TIRELLI DE SIQUEIRA em: 18/03/2026 17:56:05 Nota lançada por ADRIANA APARECIDA DOS SANTOS em: 24/03/2026;GABRIELLE APARECIDA CARVALHO;18/03/2026;FRETE DE ANÁLISE LABORATORIAL;;18/03/2026;;24/03/2026 16:24;MARCELO TIRELLI DE SIQUEIRA;
51057772/0001-09;JL RIBEIRO SOLUCOES LTDA;27;1;57;4.700,00;;16/03/2026;07/04/2026;2;92;FAC;92;FAC;1759;CONTROLE DE QUALIDADE;LANÇADA;Solicitação autorizada por: MARCELO TIRELLI DE SIQUEIRA em: 18/03/2026 17:56:25 Nota lançada por ADRIANA APARECIDA DOS SANTOS em: 19/03/2026;GABRIELLE APARECIDA CARVALHO;18/03/2026;FRETE DE ANÁLISE LABORATORIAL;;18/03/2026;;19/03/2026 07:53;MARCELO TIRELLI DE SIQUEIRA;
08283039/0001-75;MECANICA INDUSTRIAL VELOTANO;3320;;;1.900,00;;11/03/2026;10/04/2026;7;92;FAC;92;FAC;1155;ENGENHARIA E MANUTENCAO;AUTORIZADA;Solicitação autorizada por: CRISTIANO RODEGHIERO MOREIRA em: 25/03/2026 11:13:47;BARBARA REGINA LIPPERT;18/03/2026;TORNO - USINAGEM EM EIXO FATIADORA DE BISTECA;;25/03/2026;;;"CRISTIANO RODEGHIERO MOREIRA;";
08283039/0001-75;MECANICA INDUSTRIAL VELOTANO;3319;;;2.090,00;;11/03/2026;10/04/2026;7;92;FAC;92;FAC;1155;ENGENHARIA E MANUTENCAO;AUTORIZADA;Solicitação autorizada por: CRISTIANO RODEGHIERO MOREIRA em: 25/03/2026 11:13:47;BARBARA REGINA LIPPERT;18/03/2026;TORNO - SERVIÇO DE USINAGEM EM BUCHAS FIXAÇÃO DO EIXO DA MAQUINA VELATTI;;25/03/2026;;;CRISTIANO RODEGHIERO MOREIRA;
08283039/0001-75;MECANICA INDUSTRIAL VELOTANO;3318;S;99;1.045,00;;11/03/2026;10/04/2026;7;92;FAC;92;FAC;1155;ENGENHARIA E MANUTENCAO;LANÇADA;Solicitação autorizada por: CRISTIANO RODEGHIERO MOREIRA em: 25/03/2026 11:13:48 Nota lançada por ADRIANA APARECIDA DOS SANTOS em: 27/03/2026;BARBARA REGINA LIPPERT;18/03/2026;TORNO - USINAGEM EM PORCAS PISTOLA RETO;;25/03/2026;;27/03/2026 10:17;CRISTIANO RODEGHIERO MOREIRA;
58146236/0001-10;PHDS COMERCIO DE FERRAGENS LTDA;854;S;99;2.745,00;;18/03/2026;02/05/2026;0;92;FAC;92;FAC;1155;ENGENHARIA E MANUTENCAO;LANÇADA;Solicitação autorizada por: CRISTIANO RODEGHIERO MOREIRA em: 25/03/2026 11:13:41 Nota lançada por ADRIANA APARECIDA DOS SANTOS em: 25/03/2026;BARBARA REGINA LIPPERT;18/03/2026;TORNO - USINAGEM DE TAMPA ESTERILIZADOR DA PISTOLA DO RETO;;25/03/2026;;25/03/2026 15:14;CRISTIANO RODEGHIERO MOREIRA;
53676635/0001-70;SERVOS REPAIR- SERVO MOTOR E DRIVE.;621;S;99;7.700,00;;12/03/2026;27/04/2026;6;92;FAC;92;FAC;1155;ENGENHARIA E MANUTENCAO;LANÇADA;Solicitação autorizada por: CRISTIANO RODEGHIERO MOREIRA em: 25/03/2026 11:13:47 Nota lançada por ADRIANA APARECIDA DOS SANTOS em: 26/03/2026;BARBARA REGINA LIPPERT;18/03/2026;SERVIÇO DE TERCEIRO COM MÃO DE OBRA E MATERIAL PARA REALIZAR CONSERTO DE 2 SERVOS DA GRAMPEADEIRA AUTOMÁTICA POLY-CLIP (ESTEIRA DE SAÍDA).;;25/03/2026;;26/03/2026 16:00;CRISTIANO RODEGHIERO MOREIRA;
02427026/0009-01;ALIANÇA NAVEGAÇÃO E LOGISTICA LTDA;190975;4;57;9.907,43;;03/03/2026;09/04/2026;15;92;FAC;26;U.V. IMP/EXP ITAJAI;6055;FRETES ME;LANÇADA;Solicitação autorizada por: FLAVIO EMANOEL WERNER em: 19/03/2026 08:27:21 Nota lançada por ADRIANA APARECIDA DOS SANTOS em: 24/03/2026;PRISCILA APARECIDA DA SILVA CANDIDO;18/03/2026;CTE 190975 | NFS 46900 - 46901 | CONTEINER MNBU0558845 | CARGA 14543389 | BOOKING 6AIBK5847;;19/03/2026;;24/03/2026 16:33;FLAVIO EMANOEL WERNER;
11061360/0001-10;ELITON RODRIGO ALESSI;78933;2;55;30;;18/03/2026;;0;92;FAC;92;FAC;2054;ADMINISTRACAO;LANÇADA;Solicitação autorizada por: ADRIANO TOMALOK em: 19/03/2026 07:59:14 Nota lançada por KAROLINE CRISTINA MENDES INOCÊNCIO em: 19/03/2026;KAROLINE CRISTINA MENDES INOCÊNCIO;18/03/2026;REF COMPRA DE PELÍCULA CERÂMICA, CAPA CARTEIRA LG K40S  E TROCA DE TELA CELULAR LG K40S;;19/03/2026;;19/03/2026 15:28;ADRIANO TOMALOK;
11061360/0001-10;ELITON RODRIGO ALESSI;78934;2;55;30;;18/03/2026;;0;92;FAC;92;FAC;2054;ADMINISTRACAO;LANÇADA;Solicitação autorizada por: CRISTIANO RODEGHIERO MOREIRA em: 25/03/2026 11:13:41 Nota lançada por KAROLINE CRISTINA MENDES INOCÊNCIO em: 25/03/2026;KAROLINE CRISTINA MENDES INOCÊNCIO;18/03/2026;REF COMPRA DE PELÍCULA CERÂMICA, CAPA CARTEIRA LG K40S  E TROCA DE TELA CELULAR LG K40S;;25/03/2026;;25/03/2026 15:50;CRISTIANO RODEGHIERO MOREIRA;
11061360/0001-10;ELITON RODRIGO ALESSI;78935;2;55;30;;18/03/2026;;0;92;FAC;92;FAC;2054;ADMINISTRACAO;LANÇADA;Solicitação autorizada por: ADRIANO TOMALOK em: 19/03/2026 07:59:14 Nota lançada por KAROLINE CRISTINA MENDES INOCÊNCIO em: 19/03/2026;KAROLINE CRISTINA MENDES INOCÊNCIO;18/03/2026;REF COMPRA DE PELÍCULA CERÂMICA, CAPA CARTEIRA LG K40S  E TROCA DE TELA CELULAR LG K40S;;19/03/2026;;19/03/2026 15:31;ADRIANO TOMALOK;
18597494/0001-07;DR SOLUCOES AMBIENTAIS;6651;;;2.009,17;;17/03/2026;17/04/2026;1;92;FAC;92;FAC;1155;ENGENHARIA E MANUTENCAO;AUTORIZADA;Solicitação autorizada por: CRISTIANO RODEGHIERO MOREIRA em: 25/03/2026 11:13:42;BARBARA REGINA LIPPERT;18/03/2026;OS 17065 - LIMPEZA E SUCÇÃO DA FOSSA DE ELEVADOR 3º PISO.;;25/03/2026;;;CRISTIANO RODEGHIERO MOREIRA;
59376166/0001-50;59.376.166 JOSE AMILTON RODRIGUES DE LIMA;13;0;57;650;;16/03/2026;;2;92;FAC;92;FAC;1759;CONTROLE DE QUALIDADE;LANÇADA;Solicitação autorizada por: MARCELO TIRELLI DE SIQUEIRA em: 18/03/2026 17:56:35 Nota lançada por ADRIANA APARECIDA DOS SANTOS em: 24/03/2026;GABRIELLE APARECIDA CARVALHO;18/03/2026;FRETE REFERENTE A RETIRADA DE DOCUMENTOS CERTIFICAÇÃO SANITÁRIA;;18/03/2026;;24/03/2026 15:44;MARCELO TIRELLI DE SIQUEIRA;
05165233/0001-68;VENZON AFIAÇÕES;4431;S;99;6.120,00;;09/03/2026;24/04/2026;9;92;FAC;92;FAC;1155;ENGENHARIA E MANUTENCAO;PENDENTE;Solicitação está pendente, para prosseguir solicite autorização!;BARBARA REGINA LIPPERT;18/03/2026;SERVIÇO DE TERCEIRO COM MÃO DE OBRA E MATERIAL PARA REALIZAR AFIAÇÃO DE: 04 LÂMINAS DE CORTE V-CUT MAREL, 01 DISCO SERRA MEZANINO LISO 700MM E 08 DISCOS SERRA 440MM.;;;;;;
52721442/0001-20;MAINGER ELECTRIC;113;S;99;2.800,00;;03/03/2026;04/04/2026;15;92;FAC;92;FAC;1155;ENGENHARIA E MANUTENCAO;LANÇADA;Solicitação autorizada por: CRISTIANO RODEGHIERO MOREIRA em: 25/03/2026 11:13:49 Nota lançada por ADRIANA APARECIDA DOS SANTOS em: 25/03/2026;BARBARA REGINA LIPPERT;18/03/2026;SERVIÇO DE MÃO DE OBRA E MATERIAL PARA REALIZAR O CONSERTO EM INVERSOR DE FREQUÊNCIA DA DANFOSS.;;25/03/2026;;25/03/2026 16:05;CRISTIANO RODEGHIERO MOREIRA;
66616970/0001-24;DISKTRANS COMERCIAL LTDA;632563;;;4.208,75;;13/03/2026;06/04/2026;5;92;FAC;92;FAC;1155;ENGENHARIA E MANUTENCAO;AUTORIZADA;Solicitação autorizada por: CRISTIANO RODEGHIERO MOREIRA em: 25/03/2026 11:13:43;BARBARA REGINA LIPPERT;18/03/2026;"LOCAÇÃO DE EQUIPAMENTOS UTILIZADOS PARA MOVIMENTAÇÃO DE CARGAS PALETIZADAS REFERENTE AO CONTRATO SEQUENCIA AURORA:3624 - Nº AURORA 111657""""""";;25/03/2026;;;CRISTIANO RODEGHIERO MOREIRA;
26275113/0001-93;ALEXANDRA GALETO MARCONDES KASPCHAK;7974587;895;55;800;;16/03/2026;;2;92;FAC;92;FAC;1759;CONTROLE DE QUALIDADE;LANÇADA;Solicitação autorizada por: ADRIANO TOMALOK em: 18/03/2026 09:34:04 Nota lançada por ADRIANA APARECIDA DOS SANTOS em: 18/03/2026;FELIPE DOMINGUES;18/03/2026;TRATA DA FANTASIA DO MASCOTE DO PLANO DE CULTURA E SEGURANÇA DE ALIMENTOS, PARA PODEMOS REALIZAR AS DIVULGAÇÕES DO MANUAL. A COMPRA NECESSITOU SER REALIZADA POR RETIRADO DEVIDO A NÃO DISPORMOS DE TEMPO HÁBIL PARA CADASTRO DE FORNECEDORES NO SISTEMA.;;18/03/2026;Autorizado automaticamente através do pedido de compra 4531219 em 17/03/2026.;18/03/2026 14:12;ADRIANO TOMALOK;
13938390/0005-10;CROWN LIFT TRUCKS DO BRASIL;177112;S;99;64.739,10;;12/03/2026;11/05/2026;6;92;FAC;92;FAC;1155;ENGENHARIA E MANUTENCAO;LANÇADA;Solicitação autorizada por: CRISTIANO RODEGHIERO MOREIRA em: 25/03/2026 11:13:46 Nota lançada por ADRIANA APARECIDA DOS SANTOS em: 25/03/2026;BARBARA REGINA LIPPERT;18/03/2026;FATURA REFERENTE A LOCAÇÃO DE EQUIPAMENTOS;;25/03/2026;;25/03/2026 14:40;CRISTIANO RODEGHIERO MOREIRA;
40876485/0001-04;STARTECH ELETRONICA INDUSTRIAL;1494;1;99;4.730,00;;12/03/2026;26/04/2026;6;92;FAC;92;FAC;1155;ENGENHARIA E MANUTENCAO;LANÇADA;Solicitação autorizada por: CRISTIANO RODEGHIERO MOREIRA em: 25/03/2026 11:13:46 Nota lançada por ADRIANA APARECIDA DOS SANTOS em: 26/03/2026;BARBARA REGINA LIPPERT;18/03/2026;SERVIÇO DE TERCEIRO COM MÃO DE OBRA E MATERIAL PARA CONSERTO DO CONJUNTO EXAUSTOR E BATERIA DE RESISTÊNCIAS DO SECADOR DE LUVAS DO ESPOSTEJAMENTO.;;25/03/2026;;26/03/2026 16:24;CRISTIANO RODEGHIERO MOREIRA;
08283039/0001-75;MECANICA INDUSTRIAL VELOTANO;3330;;;315;;17/03/2026;16/04/2026;1;92;FAC;92;FAC;1155;ENGENHARIA E MANUTENCAO;AUTORIZADA;Solicitação autorizada por: CRISTIANO RODEGHIERO MOREIRA em: 25/03/2026 11:13:42;BARBARA REGINA LIPPERT;18/03/2026;SERVIÇO DE USINAGEM EM EIXO DA ESTEIRA DE SAÍDA DA TERMOFORMADORA 145;;25/03/2026;;;CRISTIANO RODEGHIERO MOREIRA;
58146236/0001-10;PHDS COMERCIO DE FERRAGENS LTDA;832;S;99;2.885,00;;17/03/2026;01/05/2026;1;92;FAC;92;FAC;1155;ENGENHARIA E MANUTENCAO;LANÇADA;Solicitação autorizada por: CRISTIANO RODEGHIERO MOREIRA em: 25/03/2026 11:13:42 Nota lançada por ADRIANA APARECIDA DOS SANTOS em: 25/03/2026;BARBARA REGINA LIPPERT;18/03/2026;USINAGEM DA CAIXA REDUTORA DA SKINNER;;25/03/2026;;25/03/2026 15:17;CRISTIANO RODEGHIERO MOREIRA;
31172066/0001-92;ECONOMIA DE SUCESSO EDUCACAO FINANCEIRA LTDA;7;S;99;219,64;;17/03/2026;;1;92;FAC;92;FAC;2097;BENEFICIOS;LANÇADA;Solicitação autorizada por: ADRIANO TOMALOK em: 18/03/2026 10:41:37 Nota lançada por ADRIANA APARECIDA DOS SANTOS em: 24/03/2026;ANDRESSA FONTOURA DOS SANTOS;18/03/2026;NOTA FISCAL DAS DESPESAS DE VIAGEM DA PALESTRA EQUILIBRIO FINANCEIRO;;18/03/2026;;24/03/2026 13:42;ADRIANO TOMALOK;
07804544/0002-36;GESTEC EQUIPAMENTOS E PRECISAO EIRELI;2736;S;99;460;;17/03/2026;15/04/2026;0;92;FAC;92;FAC;1759;CONTROLE DE QUALIDADE;LANÇADA;Solicitação autorizada por: MARCELO TIRELLI DE SIQUEIRA em: 18/03/2026 17:56:16 Nota lançada por ADRIANA APARECIDA DOS SANTOS em: 24/03/2026;LUCAS NUNES BUENO DA SILVA;17/03/2026;;;18/03/2026;;24/03/2026 16:01;MARCELO TIRELLI DE SIQUEIRA;
28625086/0001-67;ESSENCIA DESENVOLVIMENTO DE PESSOAS;684;S;99;3.016,73;;06/03/2026;;11;92;FAC;92;FAC;2097;BENEFICIOS;LANÇADA;Solicitação autorizada por: ADRIANO TOMALOK em: 17/03/2026 17:21:07 Nota lançada por ADRIANA APARECIDA DOS SANTOS em: 18/03/2026;ANDRESSA FONTOURA DOS SANTOS;17/03/2026;DISCRIMINAÇÃO: NF, REFERENTE A DESPESAS COM DESLOCAMENTO DE CAFELÂNDIAPR PARACASTRO PR, PEDÁGIO, ALIMENTAÇÃO E HOSPEDAGEM, PARA REALIZAÇÃO DOPROJETO 1097/2026;;17/03/2026;;18/03/2026 11:32;ADRIANO TOMALOK;
40680843/0001-09;J.E.S MOTOSSERAS LTDA;144;S;99;132;;03/03/2026;03/04/2026;14;92;FAC;92;FAC;1155;ENGENHARIA E MANUTENCAO;LANÇADA;Solicitação autorizada por: CRISTIANO RODEGHIERO MOREIRA em: 25/03/2026 11:13:49 Nota lançada por ADRIANA APARECIDA DOS SANTOS em: 26/03/2026;BARBARA REGINA LIPPERT;17/03/2026;CONSERTO DE FURADEIRA A BOSCH PROFISSIONAL GSB16;;25/03/2026;;26/03/2026 09:57;CRISTIANO RODEGHIERO MOREIRA;
40680843/0001-09;J.E.S MOTOSSERAS LTDA;145;S;99;155;;03/03/2026;03/04/2026;14;92;FAC;92;FAC;1155;ENGENHARIA E MANUTENCAO;LANÇADA;Solicitação autorizada por: CRISTIANO RODEGHIERO MOREIRA em: 25/03/2026 11:13:49 Nota lançada por ADRIANA APARECIDA DOS SANTOS em: 26/03/2026;BARBARA REGINA LIPPERT;17/03/2026;CONSERTO MARTELETE DEWALT 025133-B2;;25/03/2026;;26/03/2026 09:59;CRISTIANO RODEGHIERO MOREIRA;
03176066/0001-25;BUSCH DO BRASIL LTDA;123908;2;55;39.805,70;;06/03/2026;20/04/2026;11;92;FAC;92;FAC;1155;ENGENHARIA E MANUTENCAO;LANÇADA;Solicitação autorizada por: CRISTIANO RODEGHIERO MOREIRA em: 25/03/2026 11:13:48 Nota lançada por ADRIANA APARECIDA DOS SANTOS em: 26/03/2026;ADRIANA APARECIDA DOS SANTOS;17/03/2026;SERVIÇO DE TERCEIRO COM MÃO DE OBRA E MATERIAL PARA CONSERTO DA MOTOBOMBA DE VÁCUO BUSCH RA 0250 D 503 SN C1520000162;;25/03/2026;;26/03/2026 11:50;CRISTIANO RODEGHIERO MOREIRA;
11429623/0001-09;AVF;1859;S;99;759,9;;04/03/2026;02/04/2026;13;92;FAC;92;FAC;1155;ENGENHARIA E MANUTENCAO;LANÇADA;Solicitação autorizada por: CRISTIANO RODEGHIERO MOREIRA em: 25/03/2026 11:13:49 Nota lançada por ADRIANA APARECIDA DOS SANTOS em: 26/03/2026;BARBARA REGINA LIPPERT;17/03/2026;TORNO - SERVIÇO DE TERCEIRO COM MÃO DE OBRA E MATERIAL PARA USINAGEM DA MOLA DO CILINDRO DA GRAMPEADEIRA MANUAL POLY-CLIP;;25/03/2026;;26/03/2026 17:17;CRISTIANO RODEGHIERO MOREIRA;
03176066/0001-25;BUSCH DO BRASIL LTDA;123817;2;55;36.335,97;;04/03/2026;18/04/2026;13;92;FAC;92;FAC;2054;ADMINISTRACAO;AUTORIZADA;Solicitação autorizada por: CRISTIANO RODEGHIERO MOREIRA em: 25/03/2026 11:13:48;RAFAEL SALVI DOS SANTOS;17/03/2026;SERVIÇO DE TERCEIRO COM MÃO DE OBRA E MATERIAL PARA CONSERTO DA MOTOBOMBA DE VÁCUO BUSCH RA 0302 D 5H3 SN C1743000176. NOTA REFERENTE MATERIAL UTILIZADO NO SERVIÇO;;25/03/2026;;;CRISTIANO RODEGHIERO MOREIRA;
03176066/0001-25;BUSCH DO BRASIL LTDA;123813;2;55;34.417,89;;04/03/2026;18/04/2026;13;92;FAC;92;FAC;2054;ADMINISTRACAO;AUTORIZADA;Solicitação autorizada por: CRISTIANO RODEGHIERO MOREIRA em: 25/03/2026 11:13:48;RAFAEL SALVI DOS SANTOS;17/03/2026;MATERIAL UTILIZADO EM SERVIÇO - SERVIÇO DE TERCEIRO COM MÃO DE OBRA E MATERIAL PARA CONSERTO DA MOTOBOMBA DE VÁCUO BUSCH RA 0302 D 563 DLXX SN C1347000591.;;25/03/2026;;;CRISTIANO RODEGHIERO MOREIRA;
08050646/0001-95;AUTO POSTO SUL PARANA LTDA;1427;5;55;1.438,32;;16/03/2026;;1;92;FAC;92;FAC;728;GESTAO DE VEICULOS;LANÇADA;Solicitação autorizada por: ADRIANO TOMALOK em: 17/03/2026 10:20:27 Nota lançada por ADRIANA APARECIDA DOS SANTOS em: 18/03/2026;RODRIGO WALTER;17/03/2026;REFERENTE ABASTECIMENTO DOS VEÍCULOS DA FROTA DA UNIDADE;;17/03/2026;;18/03/2026 15:39;ADRIANO TOMALOK;
19199267/0001-88;SOMA SUL RS EQUIPAMENTOS LTDA.;271;S;99;3.850,00;;13/03/2026;12/05/2026;3;92;FAC;92;FAC;1155;ENGENHARIA E MANUTENCAO;LANÇADA;Solicitação autorizada por: CRISTIANO RODEGHIERO MOREIRA em: 16/03/2026 17:31:11 Nota lançada por ADRIANA APARECIDA DOS SANTOS em: 18/03/2026;BARBARA REGINA LIPPERT;16/03/2026;SERVIÇO DE ATENDIMENTO REALIZADO IN-LOCO, REVISÃO E MANUTENÇÃO NAS IMPRESSORAS MARKEM-IMAJE.;;16/03/2026;;18/03/2026 08:44;CRISTIANO RODEGHIERO MOREIRA;
03176066/0001-25;BUSCH DO BRASIL LTDA;167;S;99;3.744,00;;04/03/2026;18/04/2026;12;92;FAC;92;FAC;1155;ENGENHARIA E MANUTENCAO;LANÇADA;Solicitação autorizada por: CRISTIANO RODEGHIERO MOREIRA em: 16/03/2026 17:31:12 Nota lançada por ADRIANA APARECIDA DOS SANTOS em: 18/03/2026;BARBARA REGINA LIPPERT;16/03/2026;CONSERTO DA MOTOBOMBA DE VÁCUO BUSCH RA 0302 D 5H3 SN C1743000176.;;16/03/2026;;18/03/2026 14:41;CRISTIANO RODEGHIERO MOREIRA;
15077251/0001-41;RGM MANUTENCAO DE MAQUINAS LTDA;2712;E1;99;7.694,50;;04/03/2026;04/04/2026;12;92;FAC;92;FAC;1155;ENGENHARIA E MANUTENCAO;LANÇADA;Solicitação autorizada por: CRISTIANO RODEGHIERO MOREIRA em: 16/03/2026 17:31:12 Nota lançada por ADRIANA APARECIDA DOS SANTOS em: 18/03/2026;BARBARA REGINA LIPPERT;16/03/2026;SERVIÇO DE TERCEIRO COM MÃO DE OBRA E MATERIAL PARA CONSERTO DE SERVOMOTOR SCHNEIDER ELECTRIC FCE200524A200 SN 1010174.;;16/03/2026;;18/03/2026 10:35;CRISTIANO RODEGHIERO MOREIRA;
54551520/0001-11;ATIVA PRO SERVICE;171;S;99;7.710,60;;03/03/2026;24/03/2026;13;92;FAC;92;FAC;1155;ENGENHARIA E MANUTENCAO;LANÇADA;Solicitação autorizada por: CRISTIANO RODEGHIERO MOREIRA em: 16/03/2026 17:31:12 Nota lançada por ADRIANA APARECIDA DOS SANTOS em: 18/03/2026;BARBARA REGINA LIPPERT;16/03/2026;SERVIÇO DE TERCEIRO COM MÃO DE OBRA E MATERIAL PARA CONSERTO DE PLACA ELETRÔNICA DA GRAMPEADEIRA AUTOMÁTICA POLY-CLIP FCA80;;16/03/2026;;18/03/2026 08:11;CRISTIANO RODEGHIERO MOREIRA;
54551520/0001-11;ATIVA PRO SERVICE;172;E;99;7.694,10;;06/03/2026;27/03/2026;10;92;FAC;92;FAC;1155;ENGENHARIA E MANUTENCAO;LANÇADA;Solicitação autorizada por: CRISTIANO RODEGHIERO MOREIRA em: 16/03/2026 17:31:12 Nota lançada por ADRIANA APARECIDA DOS SANTOS em: 18/03/2026;BARBARA REGINA LIPPERT;16/03/2026;CONSERTO DE IHM PARA EMBUTIDEIRA HANDTMANN;;16/03/2026;;18/03/2026 10:09;CRISTIANO RODEGHIERO MOREIRA;
03176066/0001-25;BUSCH DO BRASIL LTDA;166;S;99;3.744,00;;04/03/2026;18/04/2026;12;92;FAC;92;FAC;1155;ENGENHARIA E MANUTENCAO;LANÇADA;Solicitação autorizada por: CRISTIANO RODEGHIERO MOREIRA em: 16/03/2026 17:31:12 Nota lançada por ADRIANA APARECIDA DOS SANTOS em: 18/03/2026;BARBARA REGINA LIPPERT;16/03/2026;CONSERTO DA MOTOBOMBA DE VÁCUO BUSCH RA 0302 D 563 DLXX SN C1347000591;;16/03/2026;;18/03/2026 14:37;CRISTIANO RODEGHIERO MOREIRA;
03176066/0001-25;BUSCH DO BRASIL LTDA;180;S;99;3.744,00;;06/03/2026;20/04/2026;10;92;FAC;92;FAC;1155;ENGENHARIA E MANUTENCAO;LANÇADA;Solicitação autorizada por: CRISTIANO RODEGHIERO MOREIRA em: 16/03/2026 17:31:11 Nota lançada por ADRIANA APARECIDA DOS SANTOS em: 18/03/2026;BARBARA REGINA LIPPERT;16/03/2026;CONSERTO DA MOTOBOMBA DE VÁCUO BUSCH RA 0250 D 503 SN C1520000162;;16/03/2026;;18/03/2026 14:44;CRISTIANO RODEGHIERO MOREIRA;
05013050/0001-27;MAREL BRASIL COMERCIAL E INDUSTRIAL LTDA;5853;E;99;34.210,04;;13/03/2026;27/04/2026;3;92;FAC;92;FAC;1155;ENGENHARIA E MANUTENCAO;LANÇADA;Solicitação autorizada por: CRISTIANO RODEGHIERO MOREIRA em: 16/03/2026 17:31:11 Nota lançada por ADRIANA APARECIDA DOS SANTOS em: 18/03/2026;BARBARA REGINA LIPPERT;16/03/2026;REFERENTE A 03ª PARCELA DA PROPOSTA O292894 DE CONTRATO PARA PRESTAÇÃO DE SERVIÇOS.;;16/03/2026;;18/03/2026 14:26;CRISTIANO RODEGHIERO MOREIRA;
55989583/0001-17;OS TAURAS DO AR;894;1;99;5.230,00;;11/03/2026;11/04/2026;5;92;FAC;92;FAC;1155;ENGENHARIA E MANUTENCAO;LANÇADA;Solicitação autorizada por: CRISTIANO RODEGHIERO MOREIRA em: 16/03/2026 17:31:11 Nota lançada por ADRIANA APARECIDA DOS SANTOS em: 18/03/2026;BARBARA REGINA LIPPERT;16/03/2026;SERVIÇO DE CONSERTO DE AR CONDICIONADO 24000 BTUS/ 12000 BTUS/ 48000 BTUS.;;16/03/2026;;18/03/2026 14:06;CRISTIANO RODEGHIERO MOREIRA;
58146236/0001-10;PHDS COMERCIO DE FERRAGENS LTDA;829;S;99;19.831,97;;16/03/2026;30/04/2026;0;92;FAC;92;FAC;1155;ENGENHARIA E MANUTENCAO;LANÇADA;Solicitação autorizada por: CRISTIANO RODEGHIERO MOREIRA em: 16/03/2026 17:31:10 Nota lançada por ADRIANA APARECIDA DOS SANTOS em: 18/03/2026;BARBARA REGINA LIPPERT;16/03/2026;SERVIÇO DE MÃO DE OBRA E MATERIAIS PARA SUBSTITUIÇÃO DO CORRIMÃO EM AÇO CARBONO POR AÇO INOX 304 DA ESCADARIA DE ACESSO A SALGA. SERVIÇO A SER EXECUTADO EM FINAL DE SEMANA;;16/03/2026;;18/03/2026 08:59;CRISTIANO RODEGHIERO MOREIRA;
58146236/0001-10;PHDS COMERCIO DE FERRAGENS LTDA;830;S;99;49.144,04;;16/03/2026;30/04/2026;0;92;FAC;92;FAC;1155;ENGENHARIA E MANUTENCAO;LANÇADA;Solicitação autorizada por: CRISTIANO RODEGHIERO MOREIRA em: 16/03/2026 17:31:10 Nota lançada por ADRIANA APARECIDA DOS SANTOS em: 18/03/2026;BARBARA REGINA LIPPERT;16/03/2026;INSTALAÇÃO DE PLATAFORMAS E ESCADAS PARA ACESSO AOS PAINÉIS DE VÁLVULA DE AMONIA NOS SETORES DE CORTES, PALETIZAÇÃO E ESTOCAGEM PARA FACILIAR A MANUTENÇÃO E MANOBRAS NAS VÁLVULAS;;16/03/2026;;18/03/2026 08:56;CRISTIANO RODEGHIERO MOREIRA;
51057772/0001-09;JL RIBEIRO SOLUCOES LTDA;26;1;57;3.000,00;;11/03/2026;02/04/2026;5;92;FAC;92;FAC;1759;CONTROLE DE QUALIDADE;LANÇADA;Solicitação autorizada por: ADRIANO TOMALOK em: 16/03/2026 20:43:00 Nota lançada por ADRIANA APARECIDA DOS SANTOS em: 18/03/2026;GABRIELLE APARECIDA CARVALHO;16/03/2026;FRETE DE ANÁLISE LABORATORIAL;;16/03/2026;;18/03/2026 10:28;ADRIANO TOMALOK;
51057772/0001-09;JL RIBEIRO SOLUCOES LTDA;25;1;57;1.350,00;;11/03/2026;02/04/2026;5;92;FAC;92;FAC;1759;CONTROLE DE QUALIDADE;LANÇADA;Solicitação autorizada por: ADRIANO TOMALOK em: 16/03/2026 20:43:00 Nota lançada por ADRIANA APARECIDA DOS SANTOS em: 18/03/2026;GABRIELLE APARECIDA CARVALHO;16/03/2026;FRETE ANÁLISE LABORATORIAL;;16/03/2026;;18/03/2026 10:23;ADRIANO TOMALOK;
51057772/0001-09;JL RIBEIRO SOLUCOES LTDA;24;1;57;1.400,00;;11/03/2026;02/04/2026;5;92;FAC;92;FAC;1759;CONTROLE DE QUALIDADE;LANÇADA;Solicitação autorizada por: ADRIANO TOMALOK em: 16/03/2026 20:43:00 Nota lançada por ADRIANA APARECIDA DOS SANTOS em: 18/03/2026;GABRIELLE APARECIDA CARVALHO;16/03/2026;FRETE DE ANÁLISE LABORATORIAL;;16/03/2026;;18/03/2026 10:19;ADRIANO TOMALOK;
28566933/0001-60;METALURGICA BARRA DO PIRAI LTDA;210255;1;55;15.259,11;;13/03/2026;17/04/2026;3;92;FAC;92;FAC;1155;ENGENHARIA E MANUTENCAO;LANÇADA;Solicitação autorizada por: ADRIANO TOMALOK em: 24/03/2026 10:07:25 Nota lançada por ADRIANA APARECIDA DOS SANTOS em: 24/03/2026;ADRIANA APARECIDA DOS SANTOS;16/03/2026;OBRA - SUBSTITUIÇÃO PORTA DE SAÍDA DA CÂMARA DE MATÉRIA PRIMA;;24/03/2026;Autorizado automaticamente através do pedido de compra 4532526 em 19/03/2026.;24/03/2026 11:44;ADRIANO TOMALOK;
11908414/0001-30;TIBA SMX LOGISTICS;43830;A1;99;1.449,24;;11/03/2026;20/03/2026;5;92;FAC;26;U.V. IMP/EXP ITAJAI;6068;LICENCIAMENTO ME;LANÇADA;Solicitação autorizada por: ALISSON MARCELO DE LIMA em: 16/03/2026 09:21:54 Nota lançada por ADRIANA APARECIDA DOS SANTOS em: 16/03/2026;TIAGO HENRIQUE CORNIANI;16/03/2026;IMPORTAÇÃO 444DI25;;16/03/2026;;16/03/2026 14:37;ALISSON MARCELO DE LIMA;
77557635/0001-19;TRANSPORTES COLETIVOS GRANDE LONDRINA LTDA;49875245;S;99;1.487,50;;16/03/2026;;0;92;FAC;16;MATRIZ;452;CSC GESTAO PESSOAS;LANÇADA;Solicitação autorizada por: PAULA FERNANDA DA SILVA GIACOMELLI em: 16/03/2026 09:15:40 Nota lançada por ADRIANA APARECIDA DOS SANTOS em: 16/03/2026;GUSTAVO NATHAN ALVES DA COSTA;16/03/2026;NF PAGA VIA ADTO 5725267;;16/03/2026;;16/03/2026 15:48;PAULA FERNANDA DA SILVA GIACOMELLI;
77557635/0001-19;TRANSPORTES COLETIVOS GRANDE LONDRINA LTDA;49875244;S;99;7.462,50;;16/03/2026;;0;92;FAC;16;MATRIZ;452;CSC GESTAO PESSOAS;LANÇADA;Solicitação autorizada por: PAULA FERNANDA DA SILVA GIACOMELLI em: 16/03/2026 09:15:41 Nota lançada por ADRIANA APARECIDA DOS SANTOS em: 16/03/2026;GUSTAVO NATHAN ALVES DA COSTA;16/03/2026;NF PAGA VIA ADTO 5694000;;16/03/2026;;16/03/2026 16:19;PAULA FERNANDA DA SILVA GIACOMELLI;
81659286/0001-13;VIACAO CIDADE DE CASTRO LTDA;6085350;S;99;2.863,00;;16/03/2026;;0;92;FAC;16;MATRIZ;452;CSC GESTAO PESSOAS;LANÇADA;Solicitação autorizada por: PAULA FERNANDA DA SILVA GIACOMELLI em: 16/03/2026 09:15:41 Nota lançada por ADRIANA APARECIDA DOS SANTOS em: 16/03/2026;GUSTAVO NATHAN ALVES DA COSTA;16/03/2026;NF PAGA VIA ADTO 7289374;;16/03/2026;;16/03/2026 15:44;PAULA FERNANDA DA SILVA GIACOMELLI;
80229461/0001-70;VIACAO CAMPOS GERAIS LTDA;52509;S;99;220;;16/03/2026;;0;92;FAC;16;MATRIZ;452;CSC GESTAO PESSOAS;LANÇADA;Solicitação autorizada por: PAULA FERNANDA DA SILVA GIACOMELLI em: 16/03/2026 09:15:41 Nota lançada por ADRIANA APARECIDA DOS SANTOS em: 16/03/2026;GUSTAVO NATHAN ALVES DA COSTA;16/03/2026;NF PAGA VIA ADTO 7641006;;16/03/2026;;16/03/2026 16:41;PAULA FERNANDA DA SILVA GIACOMELLI;
80229461/0001-70;VIACAO CAMPOS GERAIS LTDA;51199;S;99;2.420,00;;03/03/2026;;13;92;FAC;16;MATRIZ;452;CSC GESTAO PESSOAS;LANÇADA;Solicitação autorizada por: PAULA FERNANDA DA SILVA GIACOMELLI em: 16/03/2026 09:15:44 Nota lançada por ADRIANA APARECIDA DOS SANTOS em: 16/03/2026;GUSTAVO NATHAN ALVES DA COSTA;16/03/2026;NF PAGA VIA ADTO 7288385;;16/03/2026;;16/03/2026 15:41;PAULA FERNANDA DA SILVA GIACOMELLI;
46016473/0002-69;ELETROMOTORES BADAN LIMITADA;1504;S;99;811,06;;12/03/2026;11/05/2026;2;92;FAC;92;FAC;1155;ENGENHARIA E MANUTENCAO;LANÇADA;Solicitação autorizada por: CRISTIANO RODEGHIERO MOREIRA em: 16/03/2026 17:31:11 Nota lançada por ADRIANA APARECIDA DOS SANTOS em: 17/03/2026;FLAVIO DE JESUS OLIVEIRA DOS SANTOS;14/03/2026;MOTOR DA BOMBA DE POLIMERO DECANTER DA ETE OS 102780;;16/03/2026;;17/03/2026 17:12;CRISTIANO RODEGHIERO MOREIRA;
46016473/0002-69;ELETROMOTORES BADAN LIMITADA;1505;S;99;858,66;;12/03/2026;11/05/2026;2;92;FAC;92;FAC;1155;ENGENHARIA E MANUTENCAO;LANÇADA;Solicitação autorizada por: CRISTIANO RODEGHIERO MOREIRA em: 16/03/2026 17:31:11 Nota lançada por ADRIANA APARECIDA DOS SANTOS em: 18/03/2026;FLAVIO DE JESUS OLIVEIRA DOS SANTOS;14/03/2026;MOTOR DA BOMBA DE POLIMERO DECANTER DA ETE OS 102779;;16/03/2026;;18/03/2026 08:50;CRISTIANO RODEGHIERO MOREIRA;
46016473/0002-69;ELETROMOTORES BADAN LIMITADA;1506;S;99;689,58;;12/03/2026;11/05/2026;2;92;FAC;92;FAC;1155;ENGENHARIA E MANUTENCAO;LANÇADA;Solicitação autorizada por: CRISTIANO RODEGHIERO MOREIRA em: 16/03/2026 17:31:11 Nota lançada por ADRIANA APARECIDA DOS SANTOS em: 18/03/2026;FLAVIO DE JESUS OLIVEIRA DOS SANTOS;14/03/2026;MOTOR DA SELADORA DE CAIXA DA EMBALAGEM SECUNDARIA IND OS 104707;;16/03/2026;;18/03/2026 08:52;CRISTIANO RODEGHIERO MOREIRA;
46016473/0002-69;ELETROMOTORES BADAN LIMITADA;1507;S;99;838,58;;12/03/2026;11/05/2026;2;92;FAC;92;FAC;1155;ENGENHARIA E MANUTENCAO;LANÇADA;Solicitação autorizada por: CRISTIANO RODEGHIERO MOREIRA em: 16/03/2026 17:31:11 Nota lançada por ADRIANA APARECIDA DOS SANTOS em: 17/03/2026;FLAVIO DE JESUS OLIVEIRA DOS SANTOS;14/03/2026;MOTOR DA SELADORA DE CAIXA DA EMBALAGEM SECUNDARIA IND OS 104706;;16/03/2026;;17/03/2026 17:27;CRISTIANO RODEGHIERO MOREIRA;
46016473/0002-69;ELETROMOTORES BADAN LIMITADA;1512;S;99;581,85;;13/03/2026;12/05/2026;1;92;FAC;92;FAC;1155;ENGENHARIA E MANUTENCAO;LANÇADA;Solicitação autorizada por: CRISTIANO RODEGHIERO MOREIRA em: 16/03/2026 17:31:11 Nota lançada por ADRIANA APARECIDA DOS SANTOS em: 17/03/2026;FLAVIO DE JESUS OLIVEIRA DOS SANTOS;14/03/2026;MOTOR RESERVA OFICINA OS 105870;;16/03/2026;;17/03/2026 17:08;CRISTIANO RODEGHIERO MOREIRA;
46016473/0002-69;ELETROMOTORES BADAN LIMITADA;1513;S;99;879,73;;13/03/2026;12/05/2026;1;92;FAC;92;FAC;1155;ENGENHARIA E MANUTENCAO;LANÇADA;Solicitação autorizada por: CRISTIANO RODEGHIERO MOREIRA em: 16/03/2026 17:31:10 Nota lançada por ADRIANA APARECIDA DOS SANTOS em: 17/03/2026;FLAVIO DE JESUS OLIVEIRA DOS SANTOS;14/03/2026;MOTOR DAS NOREAS DE MIUDOS E EVISCERAÇÃO OS 105872;;16/03/2026;;17/03/2026 17:05;CRISTIANO RODEGHIERO MOREIRA;
46016473/0002-69;ELETROMOTORES BADAN LIMITADA;1514;S;99;829,88;;13/03/2026;12/05/2026;1;92;FAC;92;FAC;1155;ENGENHARIA E MANUTENCAO;LANÇADA;Solicitação autorizada por: CRISTIANO RODEGHIERO MOREIRA em: 16/03/2026 17:31:10 Nota lançada por ADRIANA APARECIDA DOS SANTOS em: 17/03/2026;FLAVIO DE JESUS OLIVEIRA DOS SANTOS;14/03/2026;MOTOR VENTILAÇÃO REGENERAÇÃO TCA OS 104933;;16/03/2026;;17/03/2026 17:02;CRISTIANO RODEGHIERO MOREIRA;
46016473/0002-69;ELETROMOTORES BADAN LIMITADA;1515;S;99;1.941,02;;13/03/2026;12/05/2026;1;92;FAC;92;FAC;1155;ENGENHARIA E MANUTENCAO;LANÇADA;Solicitação autorizada por: CRISTIANO RODEGHIERO MOREIRA em: 16/03/2026 17:31:10 Nota lançada por ADRIANA APARECIDA DOS SANTOS em: 17/03/2026;FLAVIO DE JESUS OLIVEIRA DOS SANTOS;14/03/2026;ESTATOR DA MAQUINA DE LAVAR CAIXAS LBM OS 110102;;16/03/2026;;17/03/2026 17:10;CRISTIANO RODEGHIERO MOREIRA;
00949181/0001-05;ESTRELA METAIS EQUIPAMENTOS LTDA;4148;1;55;103.826,00;;13/03/2026;27/04/2026;1;92;FAC;92;FAC;1155;ENGENHARIA E MANUTENCAO;AUTORIZADA;Solicitação autorizada por: CRISTIANO RODEGHIERO MOREIRA em: 16/03/2026 17:31:10;WILLIAN MARCONDES DOS SANTOS;14/03/2026;ADEQUAÇÃO DIF - FAC;;16/03/2026;;;CRISTIANO RODEGHIERO MOREIRA;
18597494/0001-07;DR SOLUCOES AMBIENTAIS;6624;U;99;4.550,00;;04/03/2026;04/04/2026;9;92;FAC;92;FAC;1155;ENGENHARIA E MANUTENCAO;LANÇADA;Solicitação autorizada por: CRISTIANO RODEGHIERO MOREIRA em: 14/03/2026 08:44:02 Nota lançada por ADRIANA APARECIDA DOS SANTOS em: 16/03/2026;BARBARA REGINA LIPPERT;13/03/2026;OS 17002 - FOI UTILIZADAO HIDRAJATO EM 06 PONTOCOLETADO 3 FOSSASLIMPEZA DE LAVA TRUCK.;;14/03/2026;;16/03/2026 17:22;CRISTIANO RODEGHIERO MOREIRA;
11318959/0001-96;METAL C;784;S;99;25.200,00;;11/03/2026;25/04/2026;2;92;FAC;92;FAC;1155;ENGENHARIA E MANUTENCAO;LANÇADA;Solicitação autorizada por: CRISTIANO RODEGHIERO MOREIRA em: 14/03/2026 08:44:02 Nota lançada por ADRIANA APARECIDA DOS SANTOS em: 14/03/2026;BARBARA REGINA LIPPERT;13/03/2026;FABRICAÇÃO E INSTALAÇÃO DE PLATAFORMA/CAVALETE PARA ACESSO AO PAINÉL DE VÁLVULAS DE AMONIA NA SALA DE MÁQUINAS;;14/03/2026;;14/03/2026 14:40;CRISTIANO RODEGHIERO MOREIRA;
49793963/0001-89;G.P DA LUZ;71;1;55;965,84;;03/03/2026;;10;92;FAC;92;FAC;1155;ENGENHARIA E MANUTENCAO;LANÇADA;Solicitação autorizada por: ADRIANO TOMALOK em: 13/03/2026 15:34:26 Nota lançada por WILLIAN MARCONDES DOS SANTOS em: 13/03/2026;WILLIAN MARCONDES DOS SANTOS;13/03/2026;;;13/03/2026;Autorizado automaticamente através do pedido de compra 4526906 em 12/03/2026.;13/03/2026 15:37;ADRIANO TOMALOK;
03392348/0001-60;SERVIOESTE SOLUCOES AMBIENTAIS LTDA;276453;S;99;367,72;;12/03/2026;12/04/2026;1;92;FAC;92;FAC;1244;OPERACAO ESTACAO TRATAMENTO AGUA;LANÇADA;Solicitação autorizada por: CRISTIANO RODEGHIERO MOREIRA em: 14/03/2026 08:44:02 Nota lançada por ADRIANA APARECIDA DOS SANTOS em: 14/03/2026;KAREN DA ROSA OLIVEIRA;13/03/2026;NOTA FISCAL REFERENTE AOS RESIDUOS COLETADOS/DESTINADOS DE SAUDE E LABORATORIO.;;14/03/2026;;14/03/2026 11:52;CRISTIANO RODEGHIERO MOREIRA;
10714618/0001-77;UTC SERVICOS;3456;2;55;651;;10/03/2026;24/04/2026;3;92;FAC;92;FAC;1155;ENGENHARIA E MANUTENCAO;LANÇADA;Solicitação autorizada por: ADRIANO TOMALOK em: 13/03/2026 15:16:44 Nota lançada por WILLIAN MARCONDES DOS SANTOS em: 16/03/2026;KAROLINE CRISTINA MENDES INOCÊNCIO;13/03/2026;;;13/03/2026;Autorizado automaticamente através do pedido de compra 4527435 em 13/03/2026.;16/03/2026 11:46;ADRIANO TOMALOK;
78451937/0001-70;SOCRAM BATERIAS;6285;1;55;459;;03/03/2026;30/03/2026;10;92;FAC;92;FAC;2054;ADMINISTRACAO;LANÇADA;Solicitação autorizada por: ADRIANO TOMALOK em: 14/03/2026 15:43:01 Nota lançada por ADRIANA APARECIDA DOS SANTOS em: 16/03/2026;VITOR FERNANDES;13/03/2026;TROCA DA BATERIA DO ONIX - RYK2H98;;14/03/2026;;16/03/2026 15:02;ADRIANO TOMALOK;
05013050/0001-27;MAREL BRASIL COMERCIAL E INDUSTRIAL LTDA;3159;30;55;0,92;;09/03/2026;23/04/2026;4;92;FAC;92;FAC;1155;ENGENHARIA E MANUTENCAO;LANÇADA;Solicitação autorizada por: CRISTIANO RODEGHIERO MOREIRA em: 14/03/2026 08:44:02 Nota lançada por KAROLINE CRISTINA MENDES INOCÊNCIO em: 14/03/2026;KAROLINE CRISTINA MENDES INOCÊNCIO;13/03/2026;MATERIAL E MÃO DE OBRA PARA MANUTENÇÃO PREVENTIVA DO NA FATIADORA V-CUT 240 MAREL;;14/03/2026;;14/03/2026 15:25;CRISTIANO RODEGHIERO MOREIRA;
81743668/0001-20;AUTO MECANICA MOERS LTDA;47697;1;55;11.589,42;;04/03/2026;01/04/2026;9;92;FAC;92;FAC;728;GESTAO DE VEICULOS;LANÇADA;Solicitação autorizada por: ADRIANO TOMALOK em: 13/03/2026 10:27:35 Nota lançada por ADRIANA APARECIDA DOS SANTOS em: 26/03/2026;FELIPE DOMINGUES;13/03/2026;VEÍCULO QUE TRANSPORTA OS INSUMOS PARA A UNIDADE ESTAVA APRESENTANDO PROBLEMAS MECÂNICOS INUTILIZANDO O FUNCIONAMENTO. DEVIDO A URGÊNCIA PARA O CONSERTO FOI ACIONADO UM FORNECEDOR NA CIDADE QUE SE PRONTIFICOU EM REALIZAR O SOCORRO DO CAMINHÃO PARADO NO PÁTIO DA UNIDADE LEVANDO O MESMO ATÉ A OFICINA PARA REALIZAR A TROCA DAS PEÇAS COM PROBLEMA. COMO TEMOS ESSE VEÍCULO PARA ENTREGA DE TODOS OS INSUMOS NA UNIDADE E O FORNECEDOR TINHAS AS PEÇAS A PRONTA ENTREGA PARA SUBSTITUIÇÃO FOI REALIZADO O SERVIÇO COM ELE PARA NÃO ATRASAR NOSSO PROCESSO.;;13/03/2026;Autorizado automaticamente através do pedido de compra 4526223 em 12/03/2026.;26/03/2026 09:28;ADRIANO TOMALOK;
10567614/0001-03;ADELSON TRANSPORTES;267;U;99;7.245,00;;09/03/2026;23/04/2026;4;92;FAC;92;FAC;2054;ADMINISTRACAO;LANÇADA;Solicitação autorizada por: ADRIANO TOMALOK em: 13/03/2026 10:08:33 Nota lançada por ADRIANA APARECIDA DOS SANTOS em: 14/03/2026;RAFAEL SALVI DOS SANTOS;13/03/2026;NOTA FISCAL REFERENTE ALUGUEL DE CAMINHÃO TERCEIRO PARA TRANSPORTE DE INSUMOS NA UNIDADE POR UM PERIODO DE 23 DIAS ENQUANTO O VEÍCULO PRÓPRIA ESTAVA EM MANUTENÇÃO - VALOR DA DIÁRIA R$315,00;;13/03/2026;;14/03/2026 11:24;ADRIANO TOMALOK;
46044053/0029-06;NORTEL;862647;2;55;656,06;;05/03/2026;04/05/2026;8;92;FAC;92;FAC;1155;ENGENHARIA E MANUTENCAO;LANÇADA;Solicitação autorizada por: ADRIANO TOMALOK em: 13/03/2026 08:58:41 Nota lançada por ADRIANA APARECIDA DOS SANTOS em: 13/03/2026;ADRIANA APARECIDA DOS SANTOS;13/03/2026;;;13/03/2026;Autorizado automaticamente através do pedido de compra 4526904 em 12/03/2026.;13/03/2026 09:17;ADRIANO TOMALOK;
72432628/0001-77;DHEYTECNICA INDUSTRIA DE MAQUINAS LTDA;15541;1;55;929,25;;04/03/2026;01/04/2026;9;92;FAC;92;FAC;1155;ENGENHARIA E MANUTENCAO;LANÇADA;Solicitação autorizada por: ADRIANO TOMALOK em: 13/03/2026 08:51:14 Nota lançada por WILLIAN MARCONDES DOS SANTOS em: 13/03/2026;WILLIAN MARCONDES DOS SANTOS;13/03/2026;;;13/03/2026;Autorizado automaticamente através do pedido de compra 4524035 em 10/03/2026.;13/03/2026 08:58;ADRIANO TOMALOK;
03448670/0001-63;ARGUS COMERCIAL;57501;1;55;2.070,00;;05/03/2026;09/04/2026;8;92;FAC;92;FAC;1155;ENGENHARIA E MANUTENCAO;LANÇADA;Solicitação autorizada por: ADRIANO TOMALOK em: 13/03/2026 08:21:21 Nota lançada por WILLIAN MARCONDES DOS SANTOS em: 13/03/2026;WILLIAN MARCONDES DOS SANTOS;13/03/2026;;;13/03/2026;Autorizado automaticamente através do pedido de compra 4524499 em 10/03/2026.;13/03/2026 08:21;ADRIANO TOMALOK;
06940354/0006-07;EUROFINS AMBIENTAL;5731;S;99;1.249,65;;10/03/2026;;2;92;FAC;92;FAC;1759;CONTROLE DE QUALIDADE;LANÇADA;Solicitação autorizada por: ADRIANO TOMALOK em: 12/03/2026 17:03:52 Nota lançada por ADRIANA APARECIDA DOS SANTOS em: 13/03/2026;GABRIELLE APARECIDA CARVALHO;12/03/2026;SERVIÇO DE ANÁLISE LABORATORIAL;;12/03/2026;;13/03/2026 16:17;ADRIANO TOMALOK;
51057772/0001-09;JL RIBEIRO SOLUCOES LTDA;23;1;57;4.700,00;;09/03/2026;30/03/2026;3;92;FAC;92;FAC;1759;CONTROLE DE QUALIDADE;LANÇADA;Solicitação autorizada por: ADRIANO TOMALOK em: 12/03/2026 17:03:52 Nota lançada por ADRIANA APARECIDA DOS SANTOS em: 18/03/2026;GABRIELLE APARECIDA CARVALHO;12/03/2026;FRETE DE ANÁLISE LABORATORIAL;;12/03/2026;;18/03/2026 10:14;ADRIANO TOMALOK;
76174911/0001-05;ELETROMOTOR;8627;S;99;6.325,00;;06/03/2026;27/03/2026;6;92;FAC;92;FAC;2470;LAVAGEM BACIAS E MONOBLOCOS;LANÇADA;Solicitação autorizada por: ADRIANO TOMALOK em: 12/03/2026 15:14:06 Nota lançada por ADRIANA APARECIDA DOS SANTOS em: 14/03/2026;RODRIGO WALTER;12/03/2026;FOI CONSTATADO, NA MANHÃ DE SEGUNDA-FEIRA, QUE DOIS ESTATORES SE ENCONTRAVAM QUEIMADOS. NO MOMENTO DA PARTIDA DA MÁQUINA, VERIFICOU-SE QUE AS BOMBAS ESTAVAM DESARMADAS. APÓS A REALIZAÇÃO DE TESTES TÉCNICOS, IDENTIFICOU-SE QUE O BOBINAMENTO DOS MOTORES APRESENTAVA FALHA NO ISOLAMENTO, CARACTERIZANDO DANO ELÉTRICO E INVIABILIZANDO SEU FUNCIONAMENTO SEGURO. DIANTE DO DIAGNÓSTICO, FOI NECESSÁRIA A SUBSTITUIÇÃO IMEDIATA DO MOTOR POR UMA UNIDADE RESERVA, A FIM DE RESTABELECER A OPERAÇÃO DO EQUIPAMENTO E EVITAR IMPACTOS NO PROCESSO PRODUTIVO. ENTRETANTO, NO MOMENTO, A UNIDADE ENCONTRA-SE SEM MOTOR RESERVA DISPONÍVEL, O QUE REPRESENTA RISCO OPERACIONAL EM CASO DE NOVA OCORRÊNCIA DE QUEIMA. DESSA FORMA, TORNA-SE NECESSÁRIA A REBOBINAGEM DOS DOIS ESTATORES DANIFICADOS COM A MAIOR BREVIDADE POSSÍVEL, A FIM DE RECOMPOR O ESTOQUE DE CONTINGÊNCIA E GARANTIR A CONTINUIDADE E SEGURANÇA DAS OPERAÇÕES.;;12/03/2026;Autorizado automaticamente através do pedido de compra 4524736 em 11/03/2026.;14/03/2026 14:29;ADRIANO TOMALOK;
76174911/0001-05;ELETROMOTOR;8628;S;99;4.535,00;;06/03/2026;27/03/2026;6;92;FAC;92;FAC;2470;LAVAGEM BACIAS E MONOBLOCOS;LANÇADA;Solicitação autorizada por: ADRIANO TOMALOK em: 12/03/2026 15:06:56 Nota lançada por ADRIANA APARECIDA DOS SANTOS em: 14/03/2026;RODRIGO WALTER;12/03/2026;FOI CONSTATADO, NA MANHÃ DE SEGUNDA-FEIRA, QUE DOIS ESTATORES SE ENCONTRAVAM QUEIMADOS. NO MOMENTO DA PARTIDA DA MÁQUINA, VERIFICOU-SE QUE AS BOMBAS ESTAVAM DESARMADAS. APÓS A REALIZAÇÃO DE TESTES TÉCNICOS, IDENTIFICOU-SE QUE O BOBINAMENTO DOS MOTORES APRESENTAVA FALHA NO ISOLAMENTO, CARACTERIZANDO DANO ELÉTRICO E INVIABILIZANDO SEU FUNCIONAMENTO SEGURO. DIANTE DO DIAGNÓSTICO, FOI NECESSÁRIA A SUBSTITUIÇÃO IMEDIATA DO MOTOR POR UMA UNIDADE RESERVA, A FIM DE RESTABELECER A OPERAÇÃO DO EQUIPAMENTO E EVITAR IMPACTOS NO PROCESSO PRODUTIVO. ENTRETANTO, NO MOMENTO, A UNIDADE ENCONTRA-SE SEM MOTOR RESERVA DISPONÍVEL, O QUE REPRESENTA RISCO OPERACIONAL EM CASO DE NOVA OCORRÊNCIA DE QUEIMA. DESSA FORMA, TORNA-SE NECESSÁRIA A REBOBINAGEM DOS DOIS ESTATORES DANIFICADOS COM A MAIOR BREVIDADE POSSÍVEL, A FIM DE RECOMPOR O ESTOQUE DE CONTINGÊNCIA E GARANTIR A CONTINUIDADE E SEGURANÇA DAS OPERAÇÕES.;;12/03/2026;Autorizado automaticamente através do pedido de compra 4524735 em 11/03/2026.;14/03/2026 14:18;ADRIANO TOMALOK;
55989583/0001-17;OS TAURAS DO AR;458;1;55;6.725,00;;11/03/2026;25/04/2026;1;92;FAC;92;FAC;1155;ENGENHARIA E MANUTENCAO;LANÇADA;Solicitação autorizada por: CRISTIANO RODEGHIERO MOREIRA em: 12/03/2026 17:38:27 Nota lançada por ADRIANA APARECIDA DOS SANTOS em: 18/03/2026;ADRIANA APARECIDA DOS SANTOS;12/03/2026;2 CONDENSADORA/ 1 EVAPORADOR / 1 VENTILADOR ENVIADO PARA REALIZAÇÃO DE REPARO EXTERNO.;;12/03/2026;;18/03/2026 15:29;CRISTIANO RODEGHIERO MOREIRA;
11913842/0001-50;J ORTIZ CONSTRUTORA;2160;S;99;8.760,01;;09/03/2026;09/04/2026;3;92;FAC;92;FAC;1155;ENGENHARIA E MANUTENCAO;LANÇADA;Solicitação autorizada por: CRISTIANO RODEGHIERO MOREIRA em: 12/03/2026 17:38:29 Nota lançada por ADRIANA APARECIDA DOS SANTOS em: 14/03/2026;BARBARA REGINA LIPPERT;12/03/2026;MATERIAL E MÃO DE OBRA PARA SERVIÇO DE ABERTURA DO PISO PARA INSTALAÇÃO DO CHUTE DO DIF.;;12/03/2026;;14/03/2026 10:46;CRISTIANO RODEGHIERO MOREIRA;
11913842/0001-50;J ORTIZ CONSTRUTORA;2161;S;99;3.780,00;;09/03/2026;09/04/2026;3;92;FAC;92;FAC;1155;ENGENHARIA E MANUTENCAO;LANÇADA;Solicitação autorizada por: CRISTIANO RODEGHIERO MOREIRA em: 12/03/2026 17:38:29 Nota lançada por ADRIANA APARECIDA DOS SANTOS em: 27/03/2026;BARBARA REGINA LIPPERT;12/03/2026;SERVIÇOS DE MUNCK COM CADEIRINHA: OS 741 - IÇAMENTO DAS PLATAFORMAS USICASTROOS 843 - TROCA DE EXAUSTORES DA FABRICA DE FARINHA FFOOS 842 - ERGUER PLATAFORMASOS 740 - PINTURA DA TUBULAÇÃO DE ÁGUA ABSORÇÃO;;12/03/2026;;27/03/2026 08:25;CRISTIANO RODEGHIERO MOREIRA;
11913842/0001-50;J ORTIZ CONSTRUTORA;2162;S;99;800;;09/03/2026;09/04/2026;3;92;FAC;92;FAC;1155;ENGENHARIA E MANUTENCAO;LANÇADA;Solicitação autorizada por: CRISTIANO RODEGHIERO MOREIRA em: 12/03/2026 17:38:30 Nota lançada por ADRIANA APARECIDA DOS SANTOS em: 27/03/2026;BARBARA REGINA LIPPERT;12/03/2026;SERVIÇO DE MUNCK NORMAL: OS 841 - COLOCAR TRANSFORMADOR NA SALA;;12/03/2026;;27/03/2026 08:18;CRISTIANO RODEGHIERO MOREIRA;
58146236/0001-10;PHDS COMERCIO DE FERRAGENS LTDA;812;S;99;8.245,00;;09/03/2026;23/04/2026;3;92;FAC;92;FAC;1155;ENGENHARIA E MANUTENCAO;LANÇADA;Solicitação autorizada por: CRISTIANO RODEGHIERO MOREIRA em: 12/03/2026 17:38:30 Nota lançada por ADRIANA APARECIDA DOS SANTOS em: 13/03/2026;BARBARA REGINA LIPPERT;12/03/2026;TORNO - SERVIÇO DE USINAGEM EM POLIAS.;;12/03/2026;;13/03/2026 10:52;CRISTIANO RODEGHIERO MOREIRA;
23502259/0001-36;DELTA SERVIÇOS INDUSTRIAIS LTDA-ME;1904;S;99;2.750,00;;03/03/2026;17/04/2026;9;92;FAC;92;FAC;1155;ENGENHARIA E MANUTENCAO;LANÇADA;Solicitação autorizada por: CRISTIANO RODEGHIERO MOREIRA em: 12/03/2026 17:38:31 Nota lançada por ADRIANA APARECIDA DOS SANTOS em: 14/03/2026;BARBARA REGINA LIPPERT;12/03/2026;SERVIÇO DE MÃO DE OBRA PARA REALIZAÇÃO DE ANÁLISES DE VIBRAÇÃO EM EQUIPAMENTOS E MÁQUINAS, VERIFICANDO A VIDA ÚTIL DOS ROLAMENTOS DE BOMBAS, MOTORES E REDUTORES. OBS: SERVIÇO DEVERÁ SER REALIZADO 1X POR MÊS DE JANEIRO A DEZEMBRO DE 2025, A CADA VISITA DEVERÁ SER APRESENTADO RELATÓRIOS DE DIAGNÓSTICOS E DE ALARMES COM OS HISTÓRICOS DAS ANÁLISES.;;12/03/2026;;14/03/2026 09:44;CRISTIANO RODEGHIERO MOREIRA;
49793963/0001-89;G.P DA LUZ;503;U;99;3.114,00;;09/03/2026;09/04/2026;3;92;FAC;92;FAC;1155;ENGENHARIA E MANUTENCAO;LANÇADA;Solicitação autorizada por: CRISTIANO RODEGHIERO MOREIRA em: 12/03/2026 17:38:29 Nota lançada por ADRIANA APARECIDA DOS SANTOS em: 18/03/2026;BARBARA REGINA LIPPERT;12/03/2026;SERVIÇOS DE AJUSTES E ADEQUAÇÃO DE INFRAS ELÉTRICAS DO ABATE E ESPOSTEJAMENTO, ADEQUAÇÃO DE INFRAS DE EQUIPAMENTOS QUE ESTÃO SOLTAS E DANIFICADAS, TROCA DE BOTOEIRAS QUEBRADAS NAS PASSARELAS E EQUIPAMENTOS. ADEQUAÇÃO DOS PONTOS E DESCIDAS PARA TOMADAS DE BALANÇAS QUE ESTÃO POR BAIXO DAS ESTEIRAS, REDIMENSIONAMENTO DOS CABOS PARA ATENDER A ALIMENTAÇÃO DOS EQUIPAMENTOS. TODOS OS SERVIÇOS SERÃO EXECUTADOS DENTRO DA UNIDADE EM DIAS UTEIS E FINAIS DE SEMANA CONFORME DEMANDA.;;12/03/2026;;18/03/2026 14:20;CRISTIANO RODEGHIERO MOREIRA;
07657413/0001-92;RETENLINS;72;S;99;50.000,00;;04/03/2026;18/04/2026;8;92;FAC;92;FAC;1155;ENGENHARIA E MANUTENCAO;LANÇADA;Solicitação autorizada por: CRISTIANO RODEGHIERO MOREIRA em: 12/03/2026 17:38:31 Nota lançada por ADRIANA APARECIDA DOS SANTOS em: 18/03/2026;BARBARA REGINA LIPPERT;12/03/2026;MATERIAL E MÃO DE OBRA PARA INSTALAÇÕA DE 02 RAMAIS DE AERAÇÃO, RAMAIS COMPOSTO POR SISTEMA DE DIFUSÃO DE AR POR MEMBRANAS, CONSIDERAR INSTALAR OS RAMAIS NA LAGOA DO ETE QUE ESTÁ SENDO REFORMADA.;;12/03/2026;;18/03/2026 11:53;CRISTIANO RODEGHIERO MOREIRA;
11913842/0001-50;J ORTIZ CONSTRUTORA;2159;S;99;24.990,00;;05/03/2026;05/04/2026;7;92;FAC;92;FAC;1155;ENGENHARIA E MANUTENCAO;LANÇADA;Solicitação autorizada por: CRISTIANO RODEGHIERO MOREIRA em: 12/03/2026 17:38:30 Nota lançada por ADRIANA APARECIDA DOS SANTOS em: 14/03/2026;BARBARA REGINA LIPPERT;12/03/2026;REALIZAR REPAROS COM PRODUTO ESPECIFICO PARA CÂMARA DE CONGELADOS ESTOCAGEM (-28°C) , CONGELADOS DE TERCEIROS E RESFRIADOS SENDO O FORNECEDOR ESPECIALIZADO E COM EQUIPE INTEGRADA PARA APLICAÇÃO DO URETANO EM BAIXAS TEMPERATURAS. SERVIÇO DE REPAROS CIVIS CONFORME AUTOCONTROLE E VOEC. TODOS OS SERVIÇOS SERÃO EXECUTADOS DENTRO DA UNIDADE.;;12/03/2026;;14/03/2026 11:18;CRISTIANO RODEGHIERO MOREIRA;
58146236/0001-10;PHDS COMERCIO DE FERRAGENS LTDA;819;S;99;3.240,00;;10/03/2026;02/04/2026;2;92;FAC;92;FAC;1155;ENGENHARIA E MANUTENCAO;LANÇADA;Solicitação autorizada por: CRISTIANO RODEGHIERO MOREIRA em: 12/03/2026 17:38:28 Nota lançada por ADRIANA APARECIDA DOS SANTOS em: 16/03/2026;BARBARA REGINA LIPPERT;12/03/2026;TORNO - USINAGEM DE EIXO E MONTAGEM DE BOMBA MÁQUINA DE LAVAR DO MONOBLOCO;;12/03/2026;;16/03/2026 16:44;CRISTIANO RODEGHIERO MOREIRA;
08031153/0001-08;ATENAS BOMBAS;3247;S;99;2.650,00;;09/03/2026;23/04/2026;3;92;FAC;92;FAC;1155;ENGENHARIA E MANUTENCAO;LANÇADA;Solicitação autorizada por: CRISTIANO RODEGHIERO MOREIRA em: 12/03/2026 17:38:29 Nota lançada por ADRIANA APARECIDA DOS SANTOS em: 13/03/2026;BARBARA REGINA LIPPERT;12/03/2026;MANUTENÇÃO EM BOMBA SCHNEIDER, COM 2.650,00OS SERVICOS DE:- RETIRADA- DESMONTAGEM- LIMPEZA E DECAPAGEM- ANALISE DE TROCA DE PECAS- FABRICACAO DE PONTA DE EIXO- BUCHA PROTETORA- JG DE JUNTAS- SELO MECANICO- JG DE ROLAMENTOS- SELO MECANICO- MONTAGEM- TESTES- PINTURA.;;12/03/2026;;13/03/2026 10:50;CRISTIANO RODEGHIERO MOREIRA;
08283039/0001-75;MECANICA INDUSTRIAL VELOTANO;3311;S;99;3.891,20;;04/03/2026;01/04/2026;8;92;FAC;92;FAC;1155;ENGENHARIA E MANUTENCAO;LANÇADA;Solicitação autorizada por: CRISTIANO RODEGHIERO MOREIRA em: 12/03/2026 17:38:31 Nota lançada por ADRIANA APARECIDA DOS SANTOS em: 16/03/2026;BARBARA REGINA LIPPERT;12/03/2026;TORNO -  SERVIÇO DE USINAGEM CONSERTO EM 08 ENGRENAGENS DO CUBO DA MAQ. TECTAPE EMBALAGENSCA:5345 USO(242).PEDIDO:12702.;;12/03/2026;;16/03/2026 16:49;CRISTIANO RODEGHIERO MOREIRA;
81743668/0001-20;AUTO MECANICA MOERS LTDA;31962;S;99;3.388,00;;04/03/2026;01/04/2026;8;92;FAC;92;FAC;728;GESTAO DE VEICULOS;LANÇADA;Solicitação autorizada por: ADRIANO TOMALOK em: 12/03/2026 08:39:05 Nota lançada por ADRIANA APARECIDA DOS SANTOS em: 24/03/2026;FELIPE DOMINGUES;12/03/2026;VEÍCULO QUE TRANSPORTA OS INSUMOS PARA A UNIDADE ESTAVA APRESENTANDO PROBLEMAS MECÂNICOS INUTILIZANDO O FUNCIONAMENTO. DEVIDO A URGÊNCIA PARA O CONSERTO FOI ACIONADO UM FORNECEDOR NA CIDADE QUE SE PRONTIFICOU EM REALIZAR O SOCORRO DO CAMINHÃO PARADO NO PÁTIO DA UNIDADE LEVANDO O MESMO ATÉ A OFICINA PARA REALIZAR A TROCA DAS PEÇAS COM PROBLEMA. COMO TEMOS ESSE VEÍCULO PARA ENTREGA DE TODOS OS INSUMOS NA UNIDADE E O FORNECEDOR TINHAS AS PEÇAS A PRONTA ENTREGA PARA SUBSTITUIÇÃO FOI REALIZADO O SERVIÇO COM ELE PARA NÃO ATRASAR NOSSO PROCESSO.;;12/03/2026;Autorizado automaticamente através do pedido de compra 4523591 em 10/03/2026.;24/03/2026 15:41;ADRIANO TOMALOK;
00472957/0001-30;CFQ FERRAMENTAS LTDA;364803;1;55;1.790,00;;11/03/2026;10/04/2026;0;92;FAC;92;FAC;1155;ENGENHARIA E MANUTENCAO;LANÇADA;Solicitação autorizada por: CRISTIANO RODEGHIERO MOREIRA em: 12/03/2026 17:38:27 Nota lançada por WILLIAN MARCONDES DOS SANTOS em: 13/03/2026;WILLIAN MARCONDES DOS SANTOS;11/03/2026;PLASMA FONTE INVER.40A JOY CUT 4220 C/TOCHA/CABO;;12/03/2026;;13/03/2026 14:38;CRISTIANO RODEGHIERO MOREIRA;
77781706/0001-62;HOSPITAL GERAL UNIMED;947558;S;99;195.347,08;;05/03/2026;24/03/2026;6;92;FAC;16;MATRIZ;452;CSC GESTAO PESSOAS;LANÇADA;Solicitação autorizada por: PAULA FERNANDA DA SILVA GIACOMELLI em: 11/03/2026 13:21:01 Nota lançada por ADRIANA APARECIDA DOS SANTOS em: 12/03/2026;JOSIANE DE ALMEIDA OSMARIN;11/03/2026;PLANO REGIONAL - NÃO PAGAR VIA DEPÓSITO / PAGAR SOMENTE VIA BOLETO;;11/03/2026;;12/03/2026 07:53;PAULA FERNANDA DA SILVA GIACOMELLI;
77781706/0001-62;HOSPITAL GERAL UNIMED;947556;S;99;104.026,22;;05/03/2026;24/03/2026;6;92;FAC;16;MATRIZ;452;CSC GESTAO PESSOAS;LANÇADA;Solicitação autorizada por: PAULA FERNANDA DA SILVA GIACOMELLI em: 11/03/2026 13:21:01 Nota lançada por ADRIANA APARECIDA DOS SANTOS em: 12/03/2026;JOSIANE DE ALMEIDA OSMARIN;11/03/2026;PLANO NACIONAL - NÃO PAGAR VIA DEPÓSITO / PAGAR SOMENTE VIA BOLETO;;11/03/2026;;12/03/2026 07:52;PAULA FERNANDA DA SILVA GIACOMELLI;
31172066/0001-92;ECONOMIA DE SUCESSO EDUCACAO FINANCEIRA LTDA;6;;;219,64;;02/03/2026;;9;92;FAC;92;FAC;2097;BENEFICIOS;PENDENTE;Solicitação está pendente, para prosseguir solicite autorização!;ANDRESSA FONTOURA DOS SANTOS;11/03/2026;NOTA FISCAL DAS DESPESAS DE VIAGEM DA PALESTRA EQUILIBRIO FINANCEIRO;;;;;;
78706751/0014-30;TRANSPEN ENCOMENDAS;179958;1;57;247,75;;10/03/2026;31/03/2026;1;92;FAC;92;FAC;1155;ENGENHARIA E MANUTENCAO;LANÇADA;Solicitação autorizada por: CRISTIANO RODEGHIERO MOREIRA em: 12/03/2026 17:38:28 Nota lançada por ADRIANA APARECIDA DOS SANTOS em: 13/03/2026;ADRIANA APARECIDA DOS SANTOS;11/03/2026;REFERENTE ENVIO DE CONSERTO;;12/03/2026;;13/03/2026 07:46;CRISTIANO RODEGHIERO MOREIRA;
10743183/0001-99;FREITAG LABORATORIOS;87542;S;99;1.880,18;;11/03/2026;11/04/2026;0;92;FAC;92;FAC;1228;OPERACAO ESTACAO TRATAMENTO EFLUENTES;LANÇADA;Solicitação autorizada por: CRISTIANO RODEGHIERO MOREIRA em: 12/03/2026 17:38:27 Nota lançada por ADRIANA APARECIDA DOS SANTOS em: 14/03/2026;TIAGO FARIAS DOS SANTOS;11/03/2026;ANÁLISES REALIZADAS PARA ESTAÇÃO DE TRATAMENTO DE EFLUENTE;;12/03/2026;;14/03/2026 15:11;CRISTIANO RODEGHIERO MOREIRA;
00428307/0012-40;CASCAVEL - EXPRESSO SAO MIGUEL S/A;199915;11;57;88;;09/03/2026;30/03/2026;2;92;FAC;92;FAC;1155;ENGENHARIA E MANUTENCAO;LANÇADA;Solicitação autorizada por: CRISTIANO RODEGHIERO MOREIRA em: 12/03/2026 17:38:28 Nota lançada por ADRIANA APARECIDA DOS SANTOS em: 13/03/2026;ADRIANA APARECIDA DOS SANTOS;11/03/2026;ENVIO DE ÁGUA PARA ANÁLISE;;12/03/2026;;13/03/2026 07:50;CRISTIANO RODEGHIERO MOREIRA;
31172066/0001-92;ECONOMIA DE SUCESSO EDUCACAO FINANCEIRA LTDA;4;S;99;2.000,00;;02/03/2026;;9;92;FAC;92;FAC;2097;BENEFICIOS;LANÇADA;Solicitação autorizada por: ADRIANO TOMALOK em: 11/03/2026 17:47:46 Nota lançada por ADRIANA APARECIDA DOS SANTOS em: 13/03/2026;ANDRESSA FONTOURA DOS SANTOS;11/03/2026;NOTA FISCAL DE CONTRAPARTIDA DA PALESTRA EQUILÍBRIO FINANCEIRO;;11/03/2026;;13/03/2026 14:10;ADRIANO TOMALOK;
00428307/0012-40;CASCAVEL - EXPRESSO SAO MIGUEL S/A;199916;11;57;138;;09/03/2026;30/03/2026;2;92;FAC;92;FAC;1155;ENGENHARIA E MANUTENCAO;LANÇADA;Solicitação autorizada por: CRISTIANO RODEGHIERO MOREIRA em: 12/03/2026 17:38:28 Nota lançada por ADRIANA APARECIDA DOS SANTOS em: 13/03/2026;ADRIANA APARECIDA DOS SANTOS;11/03/2026;REFERENTE TRANSFERÊNCIA DE ITEM PARA ANÁLISE;;12/03/2026;;13/03/2026 07:48;CRISTIANO RODEGHIERO MOREIRA;
00428307/0012-40;CASCAVEL - EXPRESSO SAO MIGUEL S/A;199918;11;57;148;;09/03/2026;30/03/2026;2;92;FAC;92;FAC;1155;ENGENHARIA E MANUTENCAO;LANÇADA;Solicitação autorizada por: CRISTIANO RODEGHIERO MOREIRA em: 12/03/2026 17:38:28 Nota lançada por ADRIANA APARECIDA DOS SANTOS em: 13/03/2026;ADRIANA APARECIDA DOS SANTOS;11/03/2026;REFERENTE ENVIO PARA CONSERTO;;12/03/2026;;13/03/2026 07:47;CRISTIANO RODEGHIERO MOREIRA;
82110818/0002-02;ALFA TRANSPORTES LTDA;8189654;0;57;850;;09/03/2026;30/03/2026;2;92;FAC;92;FAC;1155;ENGENHARIA E MANUTENCAO;LANÇADA;Solicitação autorizada por: CRISTIANO RODEGHIERO MOREIRA em: 12/03/2026 17:38:28 Nota lançada por ADRIANA APARECIDA DOS SANTOS em: 13/03/2026;ADRIANA APARECIDA DOS SANTOS;11/03/2026;REFERENTE ENVIO PARA CONSERTO;;12/03/2026;;13/03/2026 07:50;CRISTIANO RODEGHIERO MOREIRA;
13938390/0005-10;CROWN LIFT TRUCKS DO BRASIL;20606;1;55;2.326,94;;05/03/2026;20/04/2026;6;92;FAC;92;FAC;1155;ENGENHARIA E MANUTENCAO;LANÇADA;Solicitação autorizada por: CRISTIANO RODEGHIERO MOREIRA em: 12/03/2026 17:38:30 Nota lançada por KAROLINE CRISTINA MENDES INOCÊNCIO em: 16/03/2026;KAROLINE CRISTINA MENDES INOCÊNCIO;11/03/2026;;;12/03/2026;;16/03/2026 10:32;CRISTIANO RODEGHIERO MOREIRA;
00428307/0012-40;CASCAVEL - EXPRESSO SAO MIGUEL S/A;199722;11;57;435;;05/03/2026;26/03/2026;6;92;FAC;92;FAC;1155;ENGENHARIA E MANUTENCAO;LANÇADA;Solicitação autorizada por: CRISTIANO RODEGHIERO MOREIRA em: 12/03/2026 17:38:30 Nota lançada por ADRIANA APARECIDA DOS SANTOS em: 13/03/2026;ADRIANA APARECIDA DOS SANTOS;11/03/2026;REFERENTE ENVIO PARA CONSERTO;;12/03/2026;;13/03/2026 07:51;CRISTIANO RODEGHIERO MOREIRA;
00428307/0012-40;CASCAVEL - EXPRESSO SAO MIGUEL S/A;199521;11;57;129;;04/03/2026;25/03/2026;7;92;FAC;92;FAC;1155;ENGENHARIA E MANUTENCAO;LANÇADA;Solicitação autorizada por: CRISTIANO RODEGHIERO MOREIRA em: 12/03/2026 17:38:31 Nota lançada por ADRIANA APARECIDA DOS SANTOS em: 13/03/2026;ADRIANA APARECIDA DOS SANTOS;11/03/2026;REFERENTE TRANSFERÊNCIA, CTE EMITIDO COMO NÓS O TOMADOR, VAMOS LANÇAR POR AQUI PARA DEBITAR DA UNIDADE 5;;12/03/2026;;13/03/2026 14:35;CRISTIANO RODEGHIERO MOREIRA;
13938390/0005-10;CROWN LIFT TRUCKS DO BRASIL;20559;1;55;601,89;;02/03/2026;16/04/2026;9;92;FAC;92;FAC;1155;ENGENHARIA E MANUTENCAO;LANÇADA;Solicitação autorizada por: CRISTIANO RODEGHIERO MOREIRA em: 12/03/2026 17:38:33 Nota lançada por KAROLINE CRISTINA MENDES INOCÊNCIO em: 16/03/2026;KAROLINE CRISTINA MENDES INOCÊNCIO;11/03/2026;;;12/03/2026;;16/03/2026 10:52;CRISTIANO RODEGHIERO MOREIRA;
13938390/0005-10;CROWN LIFT TRUCKS DO BRASIL;20565;1;55;435,94;;02/03/2026;16/04/2026;9;92;FAC;92;FAC;2291;PRESUNTARIA 1ºT;LANÇADA;Solicitação autorizada por: CRISTIANO RODEGHIERO MOREIRA em: 12/03/2026 17:38:32 Nota lançada por KAROLINE CRISTINA MENDES INOCÊNCIO em: 16/03/2026;KAROLINE CRISTINA MENDES INOCÊNCIO;11/03/2026;;;12/03/2026;;16/03/2026 10:33;CRISTIANO RODEGHIERO MOREIRA;
13938390/0005-10;CROWN LIFT TRUCKS DO BRASIL;20570;1;55;435,94;;02/03/2026;16/04/2026;9;92;FAC;92;FAC;1155;ENGENHARIA E MANUTENCAO;LANÇADA;Solicitação autorizada por: CRISTIANO RODEGHIERO MOREIRA em: 12/03/2026 17:38:31 Nota lançada por KAROLINE CRISTINA MENDES INOCÊNCIO em: 16/03/2026;KAROLINE CRISTINA MENDES INOCÊNCIO;11/03/2026;;;12/03/2026;;16/03/2026 10:34;CRISTIANO RODEGHIERO MOREIRA;
13938390/0005-10;CROWN LIFT TRUCKS DO BRASIL;20563;1;55;4.110,40;;02/03/2026;16/04/2026;9;92;FAC;92;FAC;1155;ENGENHARIA E MANUTENCAO;LANÇADA;Solicitação autorizada por: CRISTIANO RODEGHIERO MOREIRA em: 12/03/2026 17:38:32 Nota lançada por KAROLINE CRISTINA MENDES INOCÊNCIO em: 16/03/2026;KAROLINE CRISTINA MENDES INOCÊNCIO;11/03/2026;;;12/03/2026;;16/03/2026 10:37;CRISTIANO RODEGHIERO MOREIRA;
11318959/0001-96;METAL C;782;S;99;21.000,00;;09/03/2026;09/04/2026;2;92;FAC;92;FAC;1155;ENGENHARIA E MANUTENCAO;LANÇADA;Solicitação autorizada por: CRISTIANO RODEGHIERO MOREIRA em: 12/03/2026 17:38:29 Nota lançada por ADRIANA APARECIDA DOS SANTOS em: 17/03/2026;BARBARA REGINA LIPPERT;11/03/2026;*SERVIÇO DE MÃO DE OBRA TERCEIRIZADA REFERENTE À RECUPERAÇÃO DE 06 (SEIS) EXAUSTORES EXISTENTES: NA RECUPERAÇÃO FOI CONSIDERADA APENAS A REMOÇÃO DAS CHAPAS DO COLARINHO E BASE EM AÇO GALVANIZADO PARA A CONFECÇÃO DE NOVAS EM AÇO INOX. *MONTAGEM EM LOCO.;;12/03/2026;;17/03/2026 09:34;CRISTIANO RODEGHIERO MOREIRA;
17143475/0001-30;ISOPARANA;377;S;99;14.000,00;;09/03/2026;23/04/2026;2;92;FAC;92;FAC;1155;ENGENHARIA E MANUTENCAO;LANÇADA;Solicitação autorizada por: CRISTIANO RODEGHIERO MOREIRA em: 14/03/2026 08:44:02 Nota lançada por ADRIANA APARECIDA DOS SANTOS em: 14/03/2026;BARBARA REGINA LIPPERT;11/03/2026;SERVIÇOS REFERENTE À DE MÃO DE OBRA DE MANUTENÇÃO EM PORTAS MODELO ISOBLOCK SENDO:¿ PORTAS INDUSTRIA E ABATE¿ TROCA DE BORRACHAS¿ FABRICAÇÃO E SUBSTITUIÇÃO DE PERFIS MEIA ESQUADRIA¿ CHAPEAR PORTAS¿ VEDAÇÕES¿ INSTALAÇÃO DE GUIAS¿ REGULAGEM DAS PORTAS¿ OBS: 03 COLABORADORES / 4 DIÁRIAS FIM DE SEMANA;;14/03/2026;;14/03/2026 11:36;CRISTIANO RODEGHIERO MOREIRA;
76174911/0001-05;ELETROMOTOR;8631;S;99;1.764,00;;09/03/2026;;2;92;FAC;92;FAC;1155;ENGENHARIA E MANUTENCAO;LANÇADA;Solicitação autorizada por: CRISTIANO RODEGHIERO MOREIRA em: 12/03/2026 17:38:30 Nota lançada por ADRIANA APARECIDA DOS SANTOS em: 13/03/2026;FLAVIO DE JESUS OLIVEIRA DOS SANTOS;11/03/2026;MOTOR GERADOR 4 BIODIGESTOR - COMPRESSOR RADIAL OS 11010;;12/03/2026;;13/03/2026 10:11;CRISTIANO RODEGHIERO MOREIRA;
07804544/0002-36;GESTEC EQUIPAMENTOS E PRECISAO EIRELI;2723;S;99;805,1;;10/03/2026;15/04/2026;1;92;FAC;92;FAC;1759;CONTROLE DE QUALIDADE;LANÇADA;Solicitação autorizada por: ADRIANO TOMALOK em: 11/03/2026 10:27:38 Nota lançada por ADRIANA APARECIDA DOS SANTOS em: 11/03/2026;LUCAS NUNES BUENO DA SILVA;11/03/2026;;;11/03/2026;;11/03/2026 16:25;ADRIANO TOMALOK;
13938390/0005-10;CROWN LIFT TRUCKS DO BRASIL;20560;1;55;2.766,03;;02/03/2026;16/04/2026;8;92;FAC;92;FAC;1155;ENGENHARIA E MANUTENCAO;LANÇADA;Solicitação autorizada por: CRISTIANO RODEGHIERO MOREIRA em: 12/03/2026 17:38:32 Nota lançada por KAROLINE CRISTINA MENDES INOCÊNCIO em: 16/03/2026;KAROLINE CRISTINA MENDES INOCÊNCIO;10/03/2026;;;12/03/2026;;16/03/2026 10:39;CRISTIANO RODEGHIERO MOREIRA;
13938390/0005-10;CROWN LIFT TRUCKS DO BRASIL;20574;1;55;792,21;;02/03/2026;16/04/2026;8;92;FAC;92;FAC;1155;ENGENHARIA E MANUTENCAO;LANÇADA;Solicitação autorizada por: CRISTIANO RODEGHIERO MOREIRA em: 12/03/2026 17:38:31 Nota lançada por KAROLINE CRISTINA MENDES INOCÊNCIO em: 16/03/2026;KAROLINE CRISTINA MENDES INOCÊNCIO;10/03/2026;;;12/03/2026;;16/03/2026 10:41;CRISTIANO RODEGHIERO MOREIRA;
13938390/0005-10;CROWN LIFT TRUCKS DO BRASIL;20569;1;55;2.905,95;;02/03/2026;16/04/2026;8;92;FAC;92;FAC;1155;ENGENHARIA E MANUTENCAO;LANÇADA;Solicitação autorizada por: CRISTIANO RODEGHIERO MOREIRA em: 12/03/2026 17:38:31 Nota lançada por KAROLINE CRISTINA MENDES INOCÊNCIO em: 16/03/2026;KAROLINE CRISTINA MENDES INOCÊNCIO;10/03/2026;;;12/03/2026;;16/03/2026 10:42;CRISTIANO RODEGHIERO MOREIRA;
13938390/0005-10;CROWN LIFT TRUCKS DO BRASIL;20562;1;55;808,28;;02/03/2026;16/04/2026;8;92;FAC;92;FAC;1155;ENGENHARIA E MANUTENCAO;LANÇADA;Solicitação autorizada por: CRISTIANO RODEGHIERO MOREIRA em: 12/03/2026 17:38:32 Nota lançada por KAROLINE CRISTINA MENDES INOCÊNCIO em: 16/03/2026;KAROLINE CRISTINA MENDES INOCÊNCIO;10/03/2026;;;12/03/2026;;16/03/2026 10:43;CRISTIANO RODEGHIERO MOREIRA;
13938390/0005-10;CROWN LIFT TRUCKS DO BRASIL;20567;1;55;255,74;;02/03/2026;16/04/2026;8;92;FAC;92;FAC;1155;ENGENHARIA E MANUTENCAO;LANÇADA;Solicitação autorizada por: CRISTIANO RODEGHIERO MOREIRA em: 12/03/2026 17:38:32 Nota lançada por KAROLINE CRISTINA MENDES INOCÊNCIO em: 16/03/2026;KAROLINE CRISTINA MENDES INOCÊNCIO;10/03/2026;;;12/03/2026;;16/03/2026 10:50;CRISTIANO RODEGHIERO MOREIRA;
13938390/0005-10;CROWN LIFT TRUCKS DO BRASIL;20566;1;55;3.356,30;;02/03/2026;16/04/2026;8;92;FAC;92;FAC;1155;ENGENHARIA E MANUTENCAO;LANÇADA;Solicitação autorizada por: CRISTIANO RODEGHIERO MOREIRA em: 12/03/2026 17:38:32 Nota lançada por KAROLINE CRISTINA MENDES INOCÊNCIO em: 26/03/2026;KAROLINE CRISTINA MENDES INOCÊNCIO;10/03/2026;;;12/03/2026;;26/03/2026 17:49;CRISTIANO RODEGHIERO MOREIRA;
13938390/0005-10;CROWN LIFT TRUCKS DO BRASIL;20572;1;55;906,04;;02/03/2026;16/04/2026;8;92;FAC;92;FAC;2291;PRESUNTARIA 1ºT;LANÇADA;Solicitação autorizada por: CRISTIANO RODEGHIERO MOREIRA em: 12/03/2026 17:38:31 Nota lançada por KAROLINE CRISTINA MENDES INOCÊNCIO em: 16/03/2026;KAROLINE CRISTINA MENDES INOCÊNCIO;10/03/2026;;;12/03/2026;;16/03/2026 10:44;CRISTIANO RODEGHIERO MOREIRA;
13938390/0005-10;CROWN LIFT TRUCKS DO BRASIL;20571;1;55;1.521,90;;02/03/2026;16/04/2026;8;92;FAC;92;FAC;1155;ENGENHARIA E MANUTENCAO;LANÇADA;Solicitação autorizada por: CRISTIANO RODEGHIERO MOREIRA em: 12/03/2026 17:38:31 Nota lançada por KAROLINE CRISTINA MENDES INOCÊNCIO em: 16/03/2026;KAROLINE CRISTINA MENDES INOCÊNCIO;10/03/2026;;;12/03/2026;;16/03/2026 10:46;CRISTIANO RODEGHIERO MOREIRA;
13938390/0005-10;CROWN LIFT TRUCKS DO BRASIL;20568;1;55;1.568,79;;02/03/2026;16/04/2026;8;92;FAC;92;FAC;1155;ENGENHARIA E MANUTENCAO;LANÇADA;Solicitação autorizada por: CRISTIANO RODEGHIERO MOREIRA em: 12/03/2026 17:38:32 Nota lançada por KAROLINE CRISTINA MENDES INOCÊNCIO em: 16/03/2026;KAROLINE CRISTINA MENDES INOCÊNCIO;10/03/2026;;;12/03/2026;;16/03/2026 10:48;CRISTIANO RODEGHIERO MOREIRA;
13938390/0005-10;CROWN LIFT TRUCKS DO BRASIL;20561;1;55;2.639,84;;02/03/2026;16/04/2026;8;92;FAC;92;FAC;1155;ENGENHARIA E MANUTENCAO;LANÇADA;Solicitação autorizada por: CRISTIANO RODEGHIERO MOREIRA em: 12/03/2026 17:38:32 Nota lançada por KAROLINE CRISTINA MENDES INOCÊNCIO em: 16/03/2026;KAROLINE CRISTINA MENDES INOCÊNCIO;10/03/2026;;;12/03/2026;;16/03/2026 10:49;CRISTIANO RODEGHIERO MOREIRA;
85783272/0001-68;H BREMER & FILHOS LTDA;49623;1;55;57.768,94;;05/03/2026;22/04/2026;5;92;FAC;92;FAC;1155;ENGENHARIA E MANUTENCAO;AUTORIZADA;Solicitação autorizada por: CRISTIANO RODEGHIERO MOREIRA em: 12/03/2026 17:38:30;ADRIANA APARECIDA DOS SANTOS;10/03/2026;MATERIAL PARA SUBSTITUIÇÃO DOS REFRATÁRIOS DA CALDEIRA H.BREMER HBFR 15 TON.;;12/03/2026;;;CRISTIANO RODEGHIERO MOREIRA;
94088952/0001-52;LABORATORIO ALAC LTDA;130365;S;99;2.044,08;;09/03/2026;29/03/2026;1;92;FAC;92;FAC;1759;CONTROLE DE QUALIDADE;LANÇADA;Solicitação autorizada por: ADRIANO TOMALOK em: 11/03/2026 10:28:08 Nota lançada por ADRIANA APARECIDA DOS SANTOS em: 11/03/2026;GABRIELLE APARECIDA CARVALHO;10/03/2026;SERVIÇO DE ANÁLISE LABORATORIAL CONTAMINATES INORGANICOS E ALÉRGENICO;;11/03/2026;;11/03/2026 16:06;ADRIANO TOMALOK;
49793963/0001-89;G.P DA LUZ;497;U;99;8.150,00;;02/03/2026;02/04/2026;8;92;FAC;92;FAC;1155;ENGENHARIA E MANUTENCAO;LANÇADA;Solicitação autorizada por: CRISTIANO RODEGHIERO MOREIRA em: 12/03/2026 17:38:33 Nota lançada por ADRIANA APARECIDA DOS SANTOS em: 13/03/2026;BARBARA REGINA LIPPERT;10/03/2026;RETROFIT DO COMANDO DAS ESTEIRAS DE RECEBIMENTO DE MATÉRIA PRIMA DA INDÚSTRIA;;12/03/2026;;13/03/2026 15:47;CRISTIANO RODEGHIERO MOREIRA;
37064683/0001-50;KIT COMUNICACAO VISUAL LTDA;435;S;99;652,37;;02/03/2026;;8;92;FAC;92;FAC;2208;GESTAO DE PRODUCAO;LANÇADA;Solicitação autorizada por: ADRIANO TOMALOK em: 11/03/2026 10:27:21 Nota lançada por ADRIANA APARECIDA DOS SANTOS em: 17/03/2026;FELIPE DOMINGUES;10/03/2026;AQUISIÇÃO DE QUADRO RADAR A LUPA GERAL DA UNIDADE.;;11/03/2026;;17/03/2026 08:51;ADRIANO TOMALOK;
46016473/0002-69;ELETROMOTORES BADAN LIMITADA;1492;S;99;4.100,00;;09/03/2026;08/05/2026;1;92;FAC;92;FAC;1155;ENGENHARIA E MANUTENCAO;LANÇADA;Solicitação autorizada por: CRISTIANO RODEGHIERO MOREIRA em: 12/03/2026 17:38:28 Nota lançada por ADRIANA APARECIDA DOS SANTOS em: 13/03/2026;FLAVIO DE JESUS OLIVEIRA DOS SANTOS;10/03/2026;MOTOR BIODIGESTOR - COMPRESSOR RADIAL - URGENTE OS 108817;;12/03/2026;;13/03/2026 10:16;CRISTIANO RODEGHIERO MOREIRA;
46016473/0002-69;ELETROMOTORES BADAN LIMITADA;1493;S;99;4.100,00;;09/03/2026;08/05/2026;1;92;FAC;92;FAC;1155;ENGENHARIA E MANUTENCAO;LANÇADA;Solicitação autorizada por: CRISTIANO RODEGHIERO MOREIRA em: 12/03/2026 17:38:28 Nota lançada por ADRIANA APARECIDA DOS SANTOS em: 13/03/2026;FLAVIO DE JESUS OLIVEIRA DOS SANTOS;10/03/2026;MOTOR BIODIGESTOR  - COMPRESSOR RADIAL - URGENTE OS 108818;;12/03/2026;;13/03/2026 10:37;CRISTIANO RODEGHIERO MOREIRA;
06913480/0026-16;DIMENSIONAL BRASIL SOLUCOES LTDA;885547;1;55;263.219,33;;09/03/2026;06/04/2026;1;92;FAC;92;FAC;1155;ENGENHARIA E MANUTENCAO;LANÇADA;Solicitação autorizada por: CRISTIANO RODEGHIERO MOREIRA em: 12/03/2026 17:38:28 Nota lançada por KAROLINE CRISTINA MENDES INOCÊNCIO em: 14/03/2026;KAROLINE CRISTINA MENDES INOCÊNCIO;10/03/2026;INSTALAÇÃO 2 COMPRESSORES FAC.;;12/03/2026;;14/03/2026 09:06;CRISTIANO RODEGHIERO MOREIRA;
00293344/0001-36;LUBEKA;33;S;99;4.875,00;;03/03/2026;20/04/2026;7;92;FAC;92;FAC;2101;SEGURANCA E SAUDE;LANÇADA;Solicitação autorizada por: ADRIANO TOMALOK em: 11/03/2026 10:28:36 Nota lançada por ADRIANA APARECIDA DOS SANTOS em: 11/03/2026;BRUNO DE LIMA CORDEIRO;10/03/2026;MANUTENÇÃO, LIMPEZA, LUSTRAÇÃO, REVISÃO CARGA E RECARGA TESTE HIDROSTÁTICO. SERVIÇO PRESTADO REFERENTE PEDIDO 4488969 MANUTENÇÃO CORRETIVA DOS EQUIPAMENTOS DE RESPIRAÇÃO AUTÔNOMO PARA EMERGÊNCIAS COM AMÔNIA;;11/03/2026;;11/03/2026 16:16;ADRIANO TOMALOK;
22104322/0001-13;PLASTIMETAL;30;;;390.262,94;;09/03/2026;23/04/2026;0;92;FAC;92;FAC;1155;ENGENHARIA E MANUTENCAO;AUTORIZADA;Solicitação autorizada por: CRISTIANO RODEGHIERO MOREIRA em: 12/03/2026 17:38:29;BARBARA REGINA LIPPERT;09/03/2026;MÃO DE OBRA E MATERIAL PARA INSTALAÇÃO DE 02 COMPRESSORES MYCOM N250 VSD 550 CV, SENDO OS DOIS EM REGIME DE -5ºC E UM DELES TAMBÉM PARA -15ºC,  UM VASO SEPARADOR CONFORME PROJETO COM BOMBA ZM-2 PARA INTERLIGAÇÃO COM O SISTEMA DE ABSORÇÃO, TUBULAÇÕES, VÁLVULAS, CONTROLES, TUDO CONFORME FLUXOGRAMA ANEXADO.;;12/03/2026;;;CRISTIANO RODEGHIERO MOREIRA;
11318959/0001-96;METAL C;781;S;99;23.500,00;;09/03/2026;09/04/2026;0;92;FAC;92;FAC;1155;ENGENHARIA E MANUTENCAO;LANÇADA;Solicitação autorizada por: CRISTIANO RODEGHIERO MOREIRA em: 12/03/2026 17:38:29 Nota lançada por ADRIANA APARECIDA DOS SANTOS em: 14/03/2026;BARBARA REGINA LIPPERT;09/03/2026;FABRICAÇÃO E INSTALAÇÃO DA TUBULAÇÃO DO CHUTE PARA O DIF.;;12/03/2026;;14/03/2026 14:32;CRISTIANO RODEGHIERO MOREIRA;
00869496/0001-34;METALURGICA BALENA;20364;S;99;8.779,24;;09/03/2026;23/04/2026;0;92;FAC;92;FAC;1155;ENGENHARIA E MANUTENCAO;LANÇADA;Solicitação autorizada por: CRISTIANO RODEGHIERO MOREIRA em: 12/03/2026 17:38:29 Nota lançada por ADRIANA APARECIDA DOS SANTOS em: 13/03/2026;BARBARA REGINA LIPPERT;09/03/2026;SERVIÇO DE TERCEIRO COM MÃO DE OBRA E MATERIAL PARA CONSERTO DE: 05 FORMAS DE PRESUNTO OVAL, 05 FORMAS DE PRESUNTO QUADRADA E 30 FORMAS DE PRESUNTO LOG. SENDO: REFAZER SOLDAS TRINCADAS, ENDIREITAR PARTES TORTAS, SOLDAR NERVURAS E CABOS FALTANTES E ACABAMENTO LAVADO COM GEL DECAPANTE.;;12/03/2026;;13/03/2026 10:34;CRISTIANO RODEGHIERO MOREIRA;
51057772/0001-09;JL RIBEIRO SOLUCOES LTDA;22;1;57;3.300,00;;05/03/2026;26/03/2026;4;92;FAC;92;FAC;1759;CONTROLE DE QUALIDADE;LANÇADA;Solicitação autorizada por: MARCELO TIRELLI DE SIQUEIRA em: 09/03/2026 14:18:04 Nota lançada por ADRIANA APARECIDA DOS SANTOS em: 10/03/2026;GABRIELLE APARECIDA CARVALHO;09/03/2026;FRETE DE ANÁLISE LABORATORIAL;;09/03/2026;;10/03/2026 14:30;MARCELO TIRELLI DE SIQUEIRA;
51057772/0001-09;JL RIBEIRO SOLUCOES LTDA;21;1;57;4.700,00;;05/03/2026;26/03/2026;4;92;FAC;92;FAC;1759;CONTROLE DE QUALIDADE;LANÇADA;Solicitação autorizada por: MARCELO TIRELLI DE SIQUEIRA em: 09/03/2026 14:18:19 Nota lançada por ADRIANA APARECIDA DOS SANTOS em: 10/03/2026;GABRIELLE APARECIDA CARVALHO;09/03/2026;FRETE ANÁLISE LABORATORIAL;;09/03/2026;;10/03/2026 11:24;MARCELO TIRELLI DE SIQUEIRA;
53687752/0001-39;CERELAB- LABORATORIOS QUIMICOS LTDA.;141140;S;99;1.346,05;;02/03/2026;16/04/2026;7;92;FAC;92;FAC;1759;CONTROLE DE QUALIDADE;LANÇADA;Solicitação autorizada por: MARCELO TIRELLI DE SIQUEIRA em: 09/03/2026 14:19:52 Nota lançada por ADRIANA APARECIDA DOS SANTOS em: 09/03/2026;GABRIELLE APARECIDA CARVALHO;09/03/2026;SERVIÇO DE ANÁLISE LABORATORIAL;;09/03/2026;;09/03/2026 15:52;MARCELO TIRELLI DE SIQUEIRA;
85783272/0001-68;H BREMER & FILHOS LTDA;49624;1;55;200.505,77;;05/03/2026;22/04/2026;4;92;FAC;92;FAC;1155;ENGENHARIA E MANUTENCAO;LANÇADA;Solicitação autorizada por: CRISTIANO RODEGHIERO MOREIRA em: 12/03/2026 17:38:30 Nota lançada por ADRIANA APARECIDA DOS SANTOS em: 17/03/2026;ADRIANA APARECIDA DOS SANTOS;09/03/2026;OBRA - REFORMA DO MULTICICLONE E EXAUSTOR DA CALDEIRA DE 15;;12/03/2026;;17/03/2026 15:43;CRISTIANO RODEGHIERO MOREIRA;
79444717/0023-98;FARMACIAS FLEMING LTDA;15863;2;55;34,51;;04/03/2026;;5;92;FAC;92;FAC;5345;EMBALAGEM SECUNDARIA INDUSTRIALIZADOS 1ºT;LANÇADA;Solicitação autorizada por: ADRIANO TOMALOK em: 09/03/2026 08:03:37 Nota lançada por ADRIANA APARECIDA DOS SANTOS em: 09/03/2026;JOSMAR JOSE MACHADO;09/03/2026;REFERENTE A MEDICAÇÕES ACIDENTE DE TRABALHO COLABORADOR SETOR EMBALAGEM SECUNDARIA INDUSTRIA;;09/03/2026;Autorizado automaticamente através do pedido de compra 4518842 em 05/03/2026.;09/03/2026 17:02;ADRIANO TOMALOK;
52025018/0001-41;CONSTRUTORA DE PAULA;419;U;99;36.797,00;;05/03/2026;05/04/2026;1;92;FAC;92;FAC;1155;ENGENHARIA E MANUTENCAO;LANÇADA;Solicitação autorizada por: CRISTIANO RODEGHIERO MOREIRA em: 09/03/2026 09:08:48 Nota lançada por ADRIANA APARECIDA DOS SANTOS em: 09/03/2026;BARBARA REGINA LIPPERT;06/03/2026;RECUPERANDO DADOS. AGUARDE ALGUNS SEGUNDOS E TENTE CORTAR OU COPIAR NOVAMENTE.;;09/03/2026;;09/03/2026 14:41;CRISTIANO RODEGHIERO MOREIRA;
52025018/0001-41;CONSTRUTORA DE PAULA;420;U;99;5.501,00;;05/03/2026;05/04/2026;1;92;FAC;92;FAC;1155;ENGENHARIA E MANUTENCAO;LANÇADA;Solicitação autorizada por: CRISTIANO RODEGHIERO MOREIRA em: 09/03/2026 09:08:48 Nota lançada por ADRIANA APARECIDA DOS SANTOS em: 13/03/2026;BARBARA REGINA LIPPERT;06/03/2026;PREPARAÇÃO E PINTURA DE SUPERFÍCIE, EM EPÓXI BRANCO (450 M²)PREPARAÇÃO E PINTURA DE RODAPÉS, EM EPÓXI CINZA (100 M²)PINTURA INTERNA E EXTERNA DE PORTAS, NA COR AMARELA (15 UN.)PREPARAÇÃO E PINTURA DE VENTILADORES TIPO AVIÁRIO, NA COR CINZA (20 UN.);;09/03/2026;;13/03/2026 13:57;CRISTIANO RODEGHIERO MOREIRA;
55989583/0001-17;OS TAURAS DO AR;874;1;99;8.730,00;;05/03/2026;05/04/2026;1;92;FAC;92;FAC;1155;ENGENHARIA E MANUTENCAO;LANÇADA;Solicitação autorizada por: CRISTIANO RODEGHIERO MOREIRA em: 09/03/2026 09:08:48 Nota lançada por ADRIANA APARECIDA DOS SANTOS em: 10/03/2026;BARBARA REGINA LIPPERT;06/03/2026;SERVIÇO DE MÃO DE OBRA ESPECIALIZADA PARA MANUTENÇÃO DO SISTEMA DE CLIMATIZAÇÃO COM ELABORAÇÃO E GESTÃO DO PMOC (PLANO DE MANUTENÇÃO, OPERAÇÃO E CONTROLE) COM EMISSÃO E RECOLHIMENTO DA ART (ANOTAÇÃO DE RESPONSABILIDADE TÉCNICA ¿ CREA), CONFORME CONTRATO SEQ. AURORA Nº 15713, NÚMERO AURORA 119738.;;09/03/2026;;10/03/2026 11:27;CRISTIANO RODEGHIERO MOREIRA;
23872438/0001-65;VEETIL ELETRO MOTORES;99;S;99;1.644,12;;02/03/2026;30/03/2026;4;92;FAC;92;FAC;1155;ENGENHARIA E MANUTENCAO;LANÇADA;Solicitação autorizada por: CRISTIANO RODEGHIERO MOREIRA em: 09/03/2026 09:08:49 Nota lançada por ADRIANA APARECIDA DOS SANTOS em: 10/03/2026;FLAVIO DE JESUS OLIVEIRA DOS SANTOS;06/03/2026;MOTOR DO AGITADOR DA SEGUNDA LAGOA DO SETOR ETE OS 10725;;09/03/2026;;10/03/2026 11:08;CRISTIANO RODEGHIERO MOREIRA;
23872438/0001-65;VEETIL ELETRO MOTORES;98;S;99;2.306,34;;02/03/2026;30/03/2026;4;92;FAC;92;FAC;1155;ENGENHARIA E MANUTENCAO;LANÇADA;Solicitação autorizada por: CRISTIANO RODEGHIERO MOREIRA em: 09/03/2026 09:08:49 Nota lançada por ADRIANA APARECIDA DOS SANTOS em: 10/03/2026;FLAVIO DE JESUS OLIVEIRA DOS SANTOS;06/03/2026;MOTOR DO SISTEMA DE GLICOL DO INDUSTRIALIZADOS OS 103100;;09/03/2026;;10/03/2026 11:19;CRISTIANO RODEGHIERO MOREIRA;
23872438/0001-65;VEETIL ELETRO MOTORES;97;S;99;2.604,27;;02/03/2026;30/03/2026;4;92;FAC;92;FAC;1155;ENGENHARIA E MANUTENCAO;LANÇADA;Solicitação autorizada por: CRISTIANO RODEGHIERO MOREIRA em: 09/03/2026 09:08:49 Nota lançada por ADRIANA APARECIDA DOS SANTOS em: 10/03/2026;FLAVIO DE JESUS OLIVEIRA DOS SANTOS;06/03/2026;MOTOR DA BOMBA IMBIL DA EQUALIZAÇÃO DA ETE OS 102775;;09/03/2026;;10/03/2026 14:27;CRISTIANO RODEGHIERO MOREIRA;
34251392/0001-83;CENTRO TERAPEUTICO SF SAUDE E FISIOTERAPIA ESPECIALIZADA LTD;2264;U;99;1.550,00;;04/03/2026;;2;92;FAC;92;FAC;2101;SEGURANCA E SAUDE;LANÇADA;Solicitação autorizada por: ADRIANO TOMALOK em: 25/03/2026 08:25:08 Nota lançada por ADRIANA APARECIDA DOS SANTOS em: 25/03/2026;TAMIRES GHENO MUCHA;06/03/2026;FISIOTERAPIA RELACIONADO A ACIDENTE DE TRABALHO;;25/03/2026;Autorizado automaticamente através do pedido de compra 4518864 em 05/03/2026.;25/03/2026 09:09;ADRIANO TOMALOK;
03666421/0001-44;MYCOM CHEMICAL;569;S;99;27.196,67;;05/03/2026;19/05/2026;1;92;FAC;92;FAC;1155;ENGENHARIA E MANUTENCAO;LANÇADA;Solicitação autorizada por: CRISTIANO RODEGHIERO MOREIRA em: 09/03/2026 09:08:48 Nota lançada por ADRIANA APARECIDA DOS SANTOS em: 17/03/2026;BARBARA REGINA LIPPERT;06/03/2026;REFERENTE A PARCELA 09/36 (JANEIRO/2026). APROVADO CFE CONTRATO 121666. - CONDICAO DE PAGAMENTO: 75DDL - VENCIMENTO 1: 19/05/2026SERVICO DE MANUTENCAO COM CONTRATO - PRIVADO - MANUTENCAO PREVENTIVA CONFORME NUMERO DE CONTRATO AURORA COOP CASTRO PR 121666;;09/03/2026;;17/03/2026 15:44;CRISTIANO RODEGHIERO MOREIRA;
03666421/0001-44;MYCOM CHEMICAL;568;S;99;27.196,67;;05/03/2026;19/05/2026;1;92;FAC;92;FAC;1155;ENGENHARIA E MANUTENCAO;LANÇADA;Solicitação autorizada por: CRISTIANO RODEGHIERO MOREIRA em: 09/03/2026 09:08:48 Nota lançada por ADRIANA APARECIDA DOS SANTOS em: 09/03/2026;BARBARA REGINA LIPPERT;06/03/2026;REFERENTE A PARCELA 10/36 (FEVEREIRO/2026). APROVADO CFE CONTRATO 121666. - CONDICAO DE PAGAMENTO: 75DDL - VENCIMENTO 1: 19/05/2026SERVICO DE MANUTENCAO COM CONTRATO - PRIVADO - MANUTENCAO PREVENTIVA CONFORME NUMERO DE CONTRATO AURORA COOP CASTRO PR 121666;;09/03/2026;;09/03/2026 15:07;CRISTIANO RODEGHIERO MOREIRA;
94088952/0001-52;LABORATORIO ALAC LTDA;130167;S;99;449,06;;03/03/2026;23/03/2026;2;92;FAC;92;FAC;1759;CONTROLE DE QUALIDADE;LANÇADA;Solicitação autorizada por: ADRIANO TOMALOK em: 11/03/2026 10:28:20 Nota lançada por ADRIANA APARECIDA DOS SANTOS em: 11/03/2026;GABRIELLE APARECIDA CARVALHO;05/03/2026;ANÁLISE DE ALERGÊNICO;;11/03/2026;;11/03/2026 15:21;ADRIANO TOMALOK;
51057772/0001-09;JL RIBEIRO SOLUCOES LTDA;18;1;57;3.000,00;;02/03/2026;23/03/2026;3;92;FAC;92;FAC;1759;CONTROLE DE QUALIDADE;LANÇADA;Solicitação autorizada por: MARCELO TIRELLI DE SIQUEIRA em: 09/03/2026 14:20:03 Nota lançada por ADRIANA APARECIDA DOS SANTOS em: 10/03/2026;GABRIELLE APARECIDA CARVALHO;05/03/2026;FRETE DE ANÁLISE LABORATORIAL;;09/03/2026;;10/03/2026 14:13;MARCELO TIRELLI DE SIQUEIRA;
51057772/0001-09;JL RIBEIRO SOLUCOES LTDA;19;1;57;2.600,00;;02/03/2026;23/03/2026;3;92;FAC;92;FAC;1759;CONTROLE DE QUALIDADE;LANÇADA;Solicitação autorizada por: MARCELO TIRELLI DE SIQUEIRA em: 09/03/2026 14:20:14 Nota lançada por ADRIANA APARECIDA DOS SANTOS em: 10/03/2026;GABRIELLE APARECIDA CARVALHO;05/03/2026;FRETE DE ANÁLISE LABORATORIAL;;09/03/2026;;10/03/2026 14:18;MARCELO TIRELLI DE SIQUEIRA;
81317208/0001-30;BLUTRAFOS;72580;1;55;156.250,00;;03/03/2026;17/04/2026;2;92;FAC;92;FAC;1155;ENGENHARIA E MANUTENCAO;LANÇADA;Solicitação autorizada por: CRISTIANO RODEGHIERO MOREIRA em: 06/03/2026 06:26:15 Nota lançada por ADRIANA APARECIDA DOS SANTOS em: 09/03/2026;ADRIANA APARECIDA DOS SANTOS;05/03/2026;OBRAS EM ANDAMENTO;;06/03/2026;;09/03/2026 17:18;CRISTIANO RODEGHIERO MOREIRA;
30248458/0001-25;ENEL TRADING BRASIL S/A;229938;1;55;496.113,06;;04/03/2026;;1;92;FAC;92;FAC;2054;ADMINISTRACAO;LANÇADA;Solicitação autorizada por: ADRIANO TOMALOK em: 05/03/2026 10:56:50 Nota lançada por ADRIANA APARECIDA DOS SANTOS em: 05/03/2026;ADRIANA APARECIDA DOS SANTOS;05/03/2026;REFERENTE FORNECIMENTO DE ENERGIA ELÉTRICA DA ENEL;;05/03/2026;;05/03/2026 11:41;ADRIANO TOMALOK;
08283039/0001-75;MECANICA INDUSTRIAL VELOTANO;3312;S;99;20.400,00;;04/03/2026;04/05/2026;0;92;FAC;92;FAC;1155;ENGENHARIA E MANUTENCAO;LANÇADA;Solicitação autorizada por: CRISTIANO RODEGHIERO MOREIRA em: 04/03/2026 16:07:19 Nota lançada por ADRIANA APARECIDA DOS SANTOS em: 04/03/2026;BARBARA REGINA LIPPERT;04/03/2026;TORNO -  USINAGEM / FABRICAÇÃO DE 11  EIXOS PARA POLIDORA DO ABATE COM FORNECIMENTO DE MÃO DE OBRA E MATERIAL.;;04/03/2026;;04/03/2026 17:05;CRISTIANO RODEGHIERO MOREIRA;
11318959/0001-96;METAL C;773;S;99;28.500,00;;02/03/2026;17/04/2026;2;92;FAC;92;FAC;1155;ENGENHARIA E MANUTENCAO;LANÇADA;Solicitação autorizada por: CRISTIANO RODEGHIERO MOREIRA em: 12/03/2026 17:38:33 Nota lançada por ADRIANA APARECIDA DOS SANTOS em: 13/03/2026;BARBARA REGINA LIPPERT;04/03/2026;MÃO DE OBRA PARA INSTALAÇÃO DE TUBULAÇÕES DE DRENOS NOS EVAPORADORES DO ESPOSTEJAMENTO COM ISOLAMENTO TÉRMICO.SERVIÇO EM  3 DRENOS DE ESGOTO DE EVAPORADORES COM TUBULAÇÃO DE 2¿ SCH5 EM AÇO INOX 304 (APROXIMADAMENTE 38 METROS DE TUBULAÇÃO COM CURVAS PARA CADA EVAPORADOR)CONSIDERAR ISOLAMENTO EM POLIURETANO 40 MM DE ESPESSURA COM REVESTIMENTO EM CHAPA AÇO INOX 0,4 MM DE ESPESSURA.SERVIÇO A SER EXECUTADO EM FINAL DE SEMANA.;;12/03/2026;;13/03/2026 15:18;CRISTIANO RODEGHIERO MOREIRA;
82110818/0002-02;ALFA TRANSPORTES LTDA;8172867;0;57;225;;02/03/2026;23/03/2026;2;92;FAC;92;FAC;1155;ENGENHARIA E MANUTENCAO;LANÇADA;Solicitação autorizada por: CRISTIANO RODEGHIERO MOREIRA em: 04/03/2026 16:07:19 Nota lançada por ADRIANA APARECIDA DOS SANTOS em: 04/03/2026;ADRIANA APARECIDA DOS SANTOS;04/03/2026;DEVOLUCÃO REFERENTE NOTA 3546054, C.A 2488;;04/03/2026;;04/03/2026 17:07;CRISTIANO RODEGHIERO MOREIRA;
11318959/0001-96;METAL C;776;S;99;32.400,00;;03/03/2026;17/04/2026;1;92;FAC;92;FAC;1155;ENGENHARIA E MANUTENCAO;LANÇADA;Solicitação autorizada por: CRISTIANO RODEGHIERO MOREIRA em: 04/03/2026 16:07:19 Nota lançada por ADRIANA APARECIDA DOS SANTOS em: 05/03/2026;BARBARA REGINA LIPPERT;04/03/2026;DESCRIÇÃOSERVIÇO DE REPARO E RECUPERAÇÃO DE PROTEÇÕES DE RODAPÉ EM AÇO INOX. ADEQUAÇÃO DOS PÉS E CURVAS QUE ESTÃO DANIFICADOS. REPOSICIONAMENTO DAS SAPATAS PARA CHUMBADORES. SUBSTITUIÇÃO DE PONTEIRAS DANIFICADAS E TRECHOS DANIFICADOS. SERVIÇO A SER EXECUTADO FORA DA UNIDADE CONFORME NF DE SAÍDA 46339;;04/03/2026;;05/03/2026 08:37;CRISTIANO RODEGHIERO MOREIRA;
00428307/0012-40;CASCAVEL - EXPRESSO SAO MIGUEL S/A;199204;11;57;661;;02/03/2026;23/03/2026;2;92;FAC;92;FAC;1155;ENGENHARIA E MANUTENCAO;LANÇADA;Solicitação autorizada por: CRISTIANO RODEGHIERO MOREIRA em: 04/03/2026 16:07:19 Nota lançada por ADRIANA APARECIDA DOS SANTOS em: 04/03/2026;ADRIANA APARECIDA DOS SANTOS;04/03/2026;REFERENTE ENVIO PARA CONSERTO;;04/03/2026;;04/03/2026 17:08;CRISTIANO RODEGHIERO MOREIRA;
00428307/0012-40;CASCAVEL - EXPRESSO SAO MIGUEL S/A;199205;11;57;155;;02/03/2026;23/03/2026;2;92;FAC;92;FAC;1155;ENGENHARIA E MANUTENCAO;LANÇADA;Solicitação autorizada por: CRISTIANO RODEGHIERO MOREIRA em: 04/03/2026 16:07:19 Nota lançada por ADRIANA APARECIDA DOS SANTOS em: 04/03/2026;ADRIANA APARECIDA DOS SANTOS;04/03/2026;REFERENTE ENVIO PARA CONSERTO;;04/03/2026;;04/03/2026 17:08;CRISTIANO RODEGHIERO MOREIRA;
58169490/0001-34;THDS;59;U;99;9.555,76;;02/03/2026;16/04/2026;2;92;FAC;92;FAC;1155;ENGENHARIA E MANUTENCAO;LANÇADA;Solicitação autorizada por: CRISTIANO RODEGHIERO MOREIRA em: 04/03/2026 16:07:20 Nota lançada por ADRIANA APARECIDA DOS SANTOS em: 05/03/2026;BARBARA REGINA LIPPERT;04/03/2026;"SERVIÇO DE ADEQUAÇÃO DE CORTE E SOLDA DE PONTALETES DE AÇO INOX SCH 40 DIAMETRO DE 4"" PARA REALIZAR A PROTEÇÃO DOS RODAPÉS E PORTAS PARA EVITAR BATIDA DE PALETEIRAS E CARRINHOS. SERVIÇO A SER EXECUTADO FORA DA UNIDADE.CONFORME NF DE SAÍDA Nº 45968";;04/03/2026;;05/03/2026 09:13;CRISTIANO RODEGHIERO MOREIRA;
58146236/0001-10;PHDS COMERCIO DE FERRAGENS LTDA;774;S;99;7.410,00;;02/03/2026;16/04/2026;2;92;FAC;92;FAC;1155;ENGENHARIA E MANUTENCAO;LANÇADA;Solicitação autorizada por: CRISTIANO RODEGHIERO MOREIRA em: 04/03/2026 16:07:20 Nota lançada por ADRIANA APARECIDA DOS SANTOS em: 05/03/2026;BARBARA REGINA LIPPERT;04/03/2026;"TORNO: SERVIÇO DE USINAGEM PARA PONTEIRAS DE ROSCAS DE DIAMETROS 1/2, 3/4 E 2"" PARA INSTALAÇÃO EM REDES DE UTILIDADES DO ABATE.SERVIÇO A SER REALIZADO FORA DA UNIDADE.NF DE SAÍDA Nº 45640";;04/03/2026;;05/03/2026 09:31;CRISTIANO RODEGHIERO MOREIRA;
58146236/0001-10;PHDS COMERCIO DE FERRAGENS LTDA;775;S;99;4.846,00;;02/03/2026;16/04/2026;2;92;FAC;92;FAC;1155;ENGENHARIA E MANUTENCAO;LANÇADA;Solicitação autorizada por: CRISTIANO RODEGHIERO MOREIRA em: 04/03/2026 16:07:19 Nota lançada por ADRIANA APARECIDA DOS SANTOS em: 05/03/2026;BARBARA REGINA LIPPERT;04/03/2026;TORNO - SERVIÇO DE USINAGEM DE PONTEIRAS DE AÇO INOX SCH40 PARA PARA USO INTERNO DA MANUTENÇÃO - UTILIZADO PARA INTERLIGAÇÃO DE VÁLVULAS E UTILIDADES. SERVIÇO A SER EXECUTADO FORA DA UNIDADE - CLASSIFICAÇÃO DE USINAGEM;;04/03/2026;;05/03/2026 09:35;CRISTIANO RODEGHIERO MOREIRA;
49793963/0001-89;G.P DA LUZ;499;U;99;16.243,00;;03/03/2026;17/04/2026;1;92;FAC;92;FAC;1155;ENGENHARIA E MANUTENCAO;LANÇADA;Solicitação autorizada por: CRISTIANO RODEGHIERO MOREIRA em: 04/03/2026 16:07:19 Nota lançada por ADRIANA APARECIDA DOS SANTOS em: 05/03/2026;BARBARA REGINA LIPPERT;04/03/2026;SERVIÇOS DE AJUSTES E ADEQUAÇÃO DE INFRAS ELÉTRICAS DO ABATE E ESPOSTEJAMENTO, ADEQUAÇÃO DE INFRAS DE EQUIPAMENTOS QUE ESTÃO SOLTAS E DANIFICADAS, TROCA DE BOTOEIRAS QUEBRADAS NAS PASSARELAS E EQUIPAMENTOS. ADEQUAÇÃO DOS PONTOS E DESCIDAS PARA TOMADAS DE BALANÇAS QUE ESTÃO POR BAIXO DAS ESTEIRAS, REDIMENSIONAMENTO DOS CABOS PARA ATENDER A ALIMENTAÇÃO DOS EQUIPAMENTOS. TODOS OS SERVIÇOS SERÃO EXECUTADOS DENTRO DA UNIDADE EM DIAS UTEIS E FINAIS DE SEMANA CONFORME DEMANDA.;;04/03/2026;;05/03/2026 08:45;CRISTIANO RODEGHIERO MOREIRA;
00428307/0012-40;CASCAVEL - EXPRESSO SAO MIGUEL S/A;199206;11;57;146;;02/03/2026;23/03/2026;2;92;FAC;92;FAC;1155;ENGENHARIA E MANUTENCAO;LANÇADA;Solicitação autorizada por: CRISTIANO RODEGHIERO MOREIRA em: 04/03/2026 16:07:19 Nota lançada por ADRIANA APARECIDA DOS SANTOS em: 04/03/2026;ADRIANA APARECIDA DOS SANTOS;04/03/2026;REFERENTE ENVIO PARA CONSERTO;;04/03/2026;;04/03/2026 17:10;CRISTIANO RODEGHIERO MOREIRA;
12178148/0001-08;BORRACHARIA PINHEIRAO W M;3983;1;55;1.440,00;;03/03/2026;28/03/2026;0;92;FAC;92;FAC;2054;ADMINISTRACAO;LANÇADA;Solicitação autorizada por: ADRIANO TOMALOK em: 04/03/2026 16:28:43 Nota lançada por ADRIANA APARECIDA DOS SANTOS em: 11/03/2026;VITOR FERNANDES;03/03/2026;TROCA DE 4 PNEUS NOVOS DO ONIX -* RYK2H98;;04/03/2026;;11/03/2026 15:13;ADRIANO TOMALOK;
58146236/0001-10;PHDS COMERCIO DE FERRAGENS LTDA;778;S;99;3.262,00;;02/03/2026;16/04/2026;1;92;FAC;92;FAC;1155;ENGENHARIA E MANUTENCAO;LANÇADA;Solicitação autorizada por: CRISTIANO RODEGHIERO MOREIRA em: 04/03/2026 16:07:21 Nota lançada por ADRIANA APARECIDA DOS SANTOS em: 05/03/2026;BARBARA REGINA LIPPERT;03/03/2026;TORNO - SERVIÇO DE USINAGEM EM ACOPLAMENTO E ENGRENAGEM.;;04/03/2026;;05/03/2026 09:52;CRISTIANO RODEGHIERO MOREIRA;
06272575/0011-11;LAVEBRAS GESTAO DE TEXTEIS S.A.;26135;1;55;20.780,00;;02/03/2026;01/04/2026;1;92;FAC;92;FAC;2054;ADMINISTRACAO;LANÇADA;Solicitação autorizada por: ADRIANO TOMALOK em: 03/03/2026 16:29:06 Nota lançada por ADRIANA APARECIDA DOS SANTOS em: 03/03/2026;ADRIANA APARECIDA DOS SANTOS;03/03/2026;REFERENTE A COMPRA DE 4 ARMARIO ESCOVÓDROMO;;03/03/2026;;03/03/2026 16:53;ADRIANO TOMALOK;
58146236/0001-10;PHDS COMERCIO DE FERRAGENS LTDA;776;S;99;586;;02/03/2026;16/04/2026;1;92;FAC;92;FAC;1155;ENGENHARIA E MANUTENCAO;LANÇADA;Solicitação autorizada por: CRISTIANO RODEGHIERO MOREIRA em: 04/03/2026 16:07:20 Nota lançada por ADRIANA APARECIDA DOS SANTOS em: 05/03/2026;BARBARA REGINA LIPPERT;03/03/2026;TORNO - SERVIÇO DE TERCEIRO COM MÃO DE OBRA E MATERIAL PARA USINAGEM DA BUCHA DO EIXO DA LÂMINA DA FATIADORA DE BISTECA V-CUT MAREL;;04/03/2026;;05/03/2026 10:10;CRISTIANO RODEGHIERO MOREIRA;
53906484/0001-07;MULT TEC;388;U;99;138.374,50;;02/03/2026;30/03/2026;1;92;FAC;92;FAC;1155;ENGENHARIA E MANUTENCAO;LANÇADA;Solicitação autorizada por: CRISTIANO RODEGHIERO MOREIRA em: 04/03/2026 16:07:20 Nota lançada por ADRIANA APARECIDA DOS SANTOS em: 10/03/2026;BARBARA REGINA LIPPERT;03/03/2026;SERVIÇO DE REFORMA DA TERMOFORMADORA MULTIVAC F200;;04/03/2026;;10/03/2026 13:35;CRISTIANO RODEGHIERO MOREIRA;
08283039/0001-75;MECANICA INDUSTRIAL VELOTANO;3307;S;99;1.615,00;;02/03/2026;30/03/2026;1;92;FAC;92;FAC;1155;ENGENHARIA E MANUTENCAO;LANÇADA;Solicitação autorizada por: CRISTIANO RODEGHIERO MOREIRA em: 04/03/2026 16:07:20 Nota lançada por ADRIANA APARECIDA DOS SANTOS em: 06/03/2026;BARBARA REGINA LIPPERT;03/03/2026;TORNO - USINAGEM EM EIXO CENTRAL DA TESOURA DE DESNUCA;;04/03/2026;;06/03/2026 07:57;CRISTIANO RODEGHIERO MOREIRA;
08283039/0001-75;MECANICA INDUSTRIAL VELOTANO;3305;S;99;21.147,00;;02/03/2026;30/03/2026;1;92;FAC;92;FAC;1155;ENGENHARIA E MANUTENCAO;LANÇADA;Solicitação autorizada por: CRISTIANO RODEGHIERO MOREIRA em: 04/03/2026 16:07:20 Nota lançada por ADRIANA APARECIDA DOS SANTOS em: 06/03/2026;BARBARA REGINA LIPPERT;03/03/2026;TORNO - USINAGEM EM ALGEMAS DO PERNIL AÉREO X-HAM;;04/03/2026;;06/03/2026 16:57;CRISTIANO RODEGHIERO MOREIRA;
08283039/0001-75;MECANICA INDUSTRIAL VELOTANO;3306;S;99;902,5;;02/03/2026;30/03/2026;1;92;FAC;92;FAC;1155;ENGENHARIA E MANUTENCAO;LANÇADA;Solicitação autorizada por: CRISTIANO RODEGHIERO MOREIRA em: 04/03/2026 16:07:20 Nota lançada por ADRIANA APARECIDA DOS SANTOS em: 06/03/2026;BARBARA REGINA LIPPERT;03/03/2026;TORNO - USINAGEM EM GANCHOS DA NOREA DE CARRETILHA;;04/03/2026;;06/03/2026 07:48;CRISTIANO RODEGHIERO MOREIRA;
08283039/0001-75;MECANICA INDUSTRIAL VELOTANO;3308;S;99;2.850,00;;02/03/2026;30/03/2026;1;92;FAC;92;FAC;1155;ENGENHARIA E MANUTENCAO;LANÇADA;Solicitação autorizada por: CRISTIANO RODEGHIERO MOREIRA em: 04/03/2026 16:07:21 Nota lançada por ADRIANA APARECIDA DOS SANTOS em: 06/03/2026;BARBARA REGINA LIPPERT;03/03/2026;TORNO SERVIÇO USINAGEM EM GUI LINEAR;;04/03/2026;;06/03/2026 17:06;CRISTIANO RODEGHIERO MOREIRA;
08283039/0001-75;MECANICA INDUSTRIAL VELOTANO;3309;S;99;2.707,50;;02/03/2026;30/03/2026;1;92;FAC;92;FAC;1155;ENGENHARIA E MANUTENCAO;LANÇADA;Solicitação autorizada por: CRISTIANO RODEGHIERO MOREIRA em: 04/03/2026 16:07:21 Nota lançada por ADRIANA APARECIDA DOS SANTOS em: 06/03/2026;BARBARA REGINA LIPPERT;03/03/2026;TORNO - USINAGEM EM POLIAS DA FACA MULTIVAC;;04/03/2026;;06/03/2026 17:10;CRISTIANO RODEGHIERO MOREIRA;
58146236/0001-10;PHDS COMERCIO DE FERRAGENS LTDA;777;S;99;4.325,00;;02/03/2026;16/04/2026;0;92;FAC;92;FAC;1155;ENGENHARIA E MANUTENCAO;LANÇADA;Solicitação autorizada por: CRISTIANO RODEGHIERO MOREIRA em: 04/03/2026 16:07:21 Nota lançada por ADRIANA APARECIDA DOS SANTOS em: 05/03/2026;BARBARA REGINA LIPPERT;02/03/2026;RECUPERAÇÃO DE EIXO TENDERIZADOR GUNTHER;;04/03/2026;;05/03/2026 09:06;CRISTIANO RODEGHIERO MOREIRA;
00869496/0001-34;METALURGICA BALENA;20327;S;99;11.757,00;;02/03/2026;16/04/2026;0;92;FAC;92;FAC;1155;ENGENHARIA E MANUTENCAO;LANÇADA;Solicitação autorizada por: CRISTIANO RODEGHIERO MOREIRA em: 04/03/2026 16:07:21 Nota lançada por ADRIANA APARECIDA DOS SANTOS em: 05/03/2026;BARBARA REGINA LIPPERT;02/03/2026;SERVIÇO DE TERCEIRO COM MATERIAL E MÃO DE OBRA PARA REFORMA (ESQUADREJAR GAIOLAS TORTAS, REFAZER SOLDAS TRINCADAS, TROCAR METALON INOX 50 X 50 X # 2.0 EM 10 GAIOLAS E TROCAR 24 RODAS DE NYLON REFORÇADO COM FIBRA DE VIDRO) DE 9 GAIOLAS DE VARAS.;;04/03/2026;;05/03/2026 09:02;CRISTIANO RODEGHIERO MOREIRA;
00869496/0001-34;METALURGICA BALENA;20328;S;99;3.507,00;;02/03/2026;16/04/2026;0;92;FAC;92;FAC;1155;ENGENHARIA E MANUTENCAO;LANÇADA;Solicitação autorizada por: CRISTIANO RODEGHIERO MOREIRA em: 04/03/2026 16:07:21 Nota lançada por ADRIANA APARECIDA DOS SANTOS em: 05/03/2026;BARBARA REGINA LIPPERT;02/03/2026;SERVIÇO DE TERCEIRO COM MÃO DE OBRA E MATERIAL PARA REALIZAR O CONSERTO DO CONJUNTO DE APÁS DO FLOTADOR.;;04/03/2026;;05/03/2026 09:16;CRISTIANO RODEGHIERO MOREIRA;
03176066/0001-25;BUSCH DO BRASIL LTDA;146;S;99;12.434,00;;02/03/2026;16/04/2026;0;92;FAC;92;FAC;1155;ENGENHARIA E MANUTENCAO;LANÇADA;Solicitação autorizada por: CRISTIANO RODEGHIERO MOREIRA em: 04/03/2026 16:07:21 Nota lançada por ADRIANA APARECIDA DOS SANTOS em: 05/03/2026;BARBARA REGINA LIPPERT;02/03/2026;REVISÃO PREVENTIVA IN LOCO DA MOTOBOMBA DE VÁCUO BUSCH RA 0305 D 503 SN C1748000277;;04/03/2026;;05/03/2026 09:29;CRISTIANO RODEGHIERO MOREIRA;
60619202/0035-97;MESSER GASES LTDA;74;S;99;521,95;;01/03/2026;01/04/2026;1;92;FAC;92;FAC;1155;ENGENHARIA E MANUTENCAO;LANÇADA;Solicitação autorizada por: CRISTIANO RODEGHIERO MOREIRA em: 04/03/2026 16:07:21 Nota lançada por ADRIANA APARECIDA DOS SANTOS em: 06/03/2026;BARBARA REGINA LIPPERT;02/03/2026;ASSISTENCIA TÉCNICA DO TANQUE DE CO2. - 112582 - 14441;;04/03/2026;;06/03/2026 10:24;CRISTIANO RODEGHIERO MOREIRA;
Unidade;Abreviatura unidade;Situação;Qtde;;;;;;;;;;;;;;;;;;;;;;;
Unidade;Abreviatura unidade;Situação;Qtde;;;;;;;;;;;;;;;;;;;;;;;
92;FRIG. AURORA CASTRO;PENDENTE;2;;;;;;;;;;;;;;;;;;;;;;;
92;FRIG. AURORA CASTRO;AUTORIZADA;35;;;;;;;;;;;;;;;;;;;;;;;
92;FRIG. AURORA CASTRO;LANÇADA;235;;;;;;;;;;;;;;;;;;;;;;;
92;FRIG. AURORA CASTRO;AGUARDANDO AUTORIZAÇÃO;6;;;;;;;;;;;;;;;;;;;;;;;
