CD_UNID;NOME_UNID;CS_TT_MAQUINA;DESCR_MAQUINA;CD_MAQUINA;CD_SETORMANUT;DESCR_SETORMANUT;CD_PRIOMAQUTV;NRO_PATRIMONIO;CD_MODELO;CD_GRUPO;CD_TPCENTATIV;DESCR_GERENC
92;FRIG. AURORA CASTRO;4228; ESTEIRA  ACUMULAR CAIXAS 02 PLT MI51E (ES1701000163);99986240;TCA;SETOR TUNEIS E CAMARAS        ;6;;9999;29004;2313;MÁQUINAS PRINCIPAL
92;FRIG. AURORA CASTRO;4228; ESTEIRA  CAIXAS DIR.A  EMB 033.02 (ES1701000149);99985717;EMB;SETOR EMBALAGEM               ;6;;9999;29004;4138;MÁQUINAS PRINCIPAL
92;FRIG. AURORA CASTRO;4228; ESTEIRA  DOSAR CAIXAS  PLT MI116E (ES1701000164);99986246;TCA;SETOR TUNEIS E CAMARAS        ;6;;9999;29004;2313;MÁQUINAS PRINCIPAL
92;FRIG. AURORA CASTRO;4228; ESTEIRA DE MATERIA PRIMA 4;99986991;COD;SETOR DE CONDIMENTOS          ;6;1;9999;29004;4472;MÁQUINAS PRINCIPAL
92;FRIG. AURORA CASTRO;4228; ESTEIRA TRANS. APOS CORTADOR/CUBADOR (ES1701000041);99986327;CUR;SETOR EMB CURADOS             ;6;257510;9999;29004;5525;MÁQUINAS PRINCIPAL
92;FRIG. AURORA CASTRO;4228; ESTEIRA TRANS. APOS CORTADOR/CUBADOR - REDUTOR;4570;CUR;SETOR EMB CURADOS             ;6;257510;999;46054;5525;MÁQUINAS SECUNDÁRIAS
92;FRIG. AURORA CASTRO;4228; ESTEIRA TRANS. APOS CORTADOR/CUBADOR - REDUTOR - MOTOR;4571;CUR;SETOR EMB CURADOS             ;6;257510;999;46054;5525;MÁQUINAS SECUNDÁRIAS
92;FRIG. AURORA CASTRO;4228; EVAP. REG. 5°C CÂMARA RESFRIAMENTO MP (EVA1701000144);99986376;CUR;SETOR EMB CURADOS             ;6;;9999;22008;5525;MÁQUINAS PRINCIPAL
92;FRIG. AURORA CASTRO;4228; INSENSIBILIZADOR;99998845;REC;SETOR DE RECEPCAO             ;1;0;9999;13001;2216;EQUIPAMENTOS
92;FRIG. AURORA CASTRO;4228; INSENSIBILIZADOR;99998846;REC;SETOR DE RECEPCAO             ;1;0;9999;13001;2216;EQUIPAMENTOS
92;FRIG. AURORA CASTRO;4228; INSENSIBILIZADOR;99998847;REC;SETOR DE RECEPCAO             ;1;0;9999;13001;2216;EQUIPAMENTOS
92;FRIG. AURORA CASTRO;4228; TANQUE ENCRUAMENTO EMBALAGEM MONTEMIL;99986397;CUR;SETOR EMB CURADOS             ;6;258863;9999;21006;5525;MÁQUINAS PRINCIPAL
92;FRIG. AURORA CASTRO;4228; TANQUE ENCRUAMENTO EMBALAGEM MONTEMIL - SISTEMA DE SEGURANÇA;4573;CUR;SETOR EMB CURADOS             ;6;258863;9999;21008;5525;MÁQUINAS SECUNDÁRIAS
92;FRIG. AURORA CASTRO;4228; TANQUE ENCRUAMENTO EMBALAGEM MONTEMIL - SISTEMA ELETRICO;4572;CUR;SETOR EMB CURADOS             ;6;258863;9999;21008;5525;MÁQUINAS SECUNDÁRIAS
92;FRIG. AURORA CASTRO;4228;#NOME?;1590;SGB;SETOR GERAÇÃO BIOGAS;6;0;9999;21000;2321;OUTROS
92;FRIG. AURORA CASTRO;4228;92BL-COD001;99998764;COD;SETOR DE CONDIMENTOS          ;6;0;9999;1600;4472;OUTROS
92;FRIG. AURORA CASTRO;4228;92BL-COD002;99985879;COD;SETOR DE CONDIMENTOS          ;6;0;9999;1600;4472;OUTROS
92;FRIG. AURORA CASTRO;4228;92BL-COD003;99998773;COD;SETOR DE CONDIMENTOS          ;6;0;9999;1600;4472;OUTROS
92;FRIG. AURORA CASTRO;4228;92BL-CUR001;5070;CUR;SETOR EMB CURADOS             ;1;258801;9999;1600;5525;MÁQUINAS PRINCIPAL
92;FRIG. AURORA CASTRO;4228;92BL-EMB001;99997323;EMB;SETOR EMBALAGEM               ;6;0;9999;1600;4138;OUTROS
92;FRIG. AURORA CASTRO;4228;92BL-EPJ001;99998798;EPJ;SETOR DE ESPOSTEJAMENTO       ;6;0;9999;1600;2224;OUTROS
92;FRIG. AURORA CASTRO;4228;92BL-EPJ002;4628;EPJ;SETOR DE ESPOSTEJAMENTO       ;1;;9999;1600;2224;MÁQUINAS PRINCIPAL
92;FRIG. AURORA CASTRO;4228;92BL-EPJ003;99997318;EPJ;SETOR DE ESPOSTEJAMENTO       ;6;0;9999;1600;2224;OUTROS
92;FRIG. AURORA CASTRO;4228;92BL-EPJ004;99998766;EPJ;SETOR DE ESPOSTEJAMENTO       ;6;0;9999;1600;2224;OUTROS
92;FRIG. AURORA CASTRO;4228;92BL-EPJ005;99998799;EPJ;SETOR DE ESPOSTEJAMENTO       ;6;0;9999;1600;2224;OUTROS
92;FRIG. AURORA CASTRO;4228;92BL-EPJ006;5226;EPJ;SETOR DE ESPOSTEJAMENTO       ;1;;1;1;2224;MÁQUINAS PRINCIPAL
92;FRIG. AURORA CASTRO;4228;92BL-EPJ007;99998796;EPJ;SETOR DE ESPOSTEJAMENTO       ;6;0;9999;1600;2224;OUTROS
92;FRIG. AURORA CASTRO;4228;92BL-EPJ008;99995152;EPJ;SETOR DE ESPOSTEJAMENTO       ;6;0;9999;1600;2224;OUTROS
92;FRIG. AURORA CASTRO;4228;92BL-EPJ009;99999848;EPJ;SETOR DE ESPOSTEJAMENTO       ;4;0;9999;1600;2224;OUTROS
92;FRIG. AURORA CASTRO;4228;92BL-EPJ010;99986440;EPJ;SETOR DE ESPOSTEJAMENTO       ;6;0;9999;1600;2224;OUTROS
92;FRIG. AURORA CASTRO;4228;92BL-EPJ011;99998822;EMB;SETOR EMBALAGEM               ;6;0;9999;1600;4138;OUTROS
92;FRIG. AURORA CASTRO;4228;92BL-FFG001;4957;FFG;SETOR DE FABRICA DE FARINHAS E GORDURAS;1;0;9999;17002;2330;MÁQUINAS PRINCIPAL
92;FRIG. AURORA CASTRO;4228;92BL-MEX001;99985803;MEX;MIUDOS EXTERNOS               ;6;0;9999;1600;2739;OUTROS
92;FRIG. AURORA CASTRO;4228;92BL-MEX002;99986436;MEX;MIUDOS EXTERNOS               ;6;0;9999;1600;2739;OUTROS
92;FRIG. AURORA CASTRO;4228;92BL-MEX003;6728;MEX;MIUDOS EXTERNOS               ;1;0;9999;1600;2739;MÁQUINAS PRINCIPAL
92;FRIG. AURORA CASTRO;4228;92BL-PRU001;99998774;PRU;SETOR DE PRESUNTARIA          ;6;0;9999;1600;2291;OUTROS
92;FRIG. AURORA CASTRO;4228;92BL-SEI001;4627;SEI;SETOR EMB INDUSTRIALIZADOS    ;1;254698;9999;1600;5345;MÁQUINAS PRINCIPAL
92;FRIG. AURORA CASTRO;4228;92BL-SEI002;99998808;SEI;SETOR EMB INDUSTRIALIZADOS    ;6;0;9999;1600;5345;OUTROS
92;FRIG. AURORA CASTRO;4228;92BL-SEI003;99998819;SEI;SETOR EMB INDUSTRIALIZADOS    ;6;0;9999;1600;5345;OUTROS
92;FRIG. AURORA CASTRO;4228;92BL-SFR001;99986439;SFR;SETOR EMBUTIDOS FRESCAIS      ;6;0;9999;1600;4057;OUTROS
92;FRIG. AURORA CASTRO;4228;92BL-SFR002;99997164;SFR;SETOR EMBUTIDOS FRESCAIS      ;6;0;9999;1600;4057;OUTROS
92;FRIG. AURORA CASTRO;4228;92BL-SFR003;99997807;SFR;SETOR EMBUTIDOS FRESCAIS      ;6;0;9999;1600;4057;OUTROS
92;FRIG. AURORA CASTRO;4228;92BL-SFR004;99997161;SFR;SETOR EMBUTIDOS FRESCAIS      ;6;0;9999;1600;4057;OUTROS
92;FRIG. AURORA CASTRO;4228;92BL-SFR005;99998784;SFR;SETOR EMBUTIDOS FRESCAIS      ;6;0;9999;1600;4057;OUTROS
92;FRIG. AURORA CASTRO;4228;92BL-SFR006;99985980;SFR;SETOR EMBUTIDOS FRESCAIS      ;6;0;9999;1600;4057;OUTROS
92;FRIG. AURORA CASTRO;4228;92BL-SFR007;99986437;SFR;SETOR EMBUTIDOS FRESCAIS      ;6;0;9999;1600;4057;OUTROS
92;FRIG. AURORA CASTRO;4228;92BL-SFR008;99986998;SFR;SETOR EMBUTIDOS FRESCAIS      ;6;257027;9999;1600;4057;OUTROS
92;FRIG. AURORA CASTRO;4228;92BL-SFR009;99998786;SFR;SETOR EMBUTIDOS FRESCAIS      ;6;0;9999;1600;4057;OUTROS
92;FRIG. AURORA CASTRO;4228;92BL-SFR010;99986442;SFR;SETOR EMBUTIDOS FRESCAIS      ;6;0;9999;1600;4057;OUTROS
92;FRIG. AURORA CASTRO;4228;92BL-SFR011;99985427;SFR;SETOR EMBUTIDOS FRESCAIS      ;6;0;9999;1600;4057;OUTROS
92;FRIG. AURORA CASTRO;4228;92BL-SFR012;99998957;SFR;SETOR EMBUTIDOS FRESCAIS      ;8;0;9999;1600;4057;OUTROS
92;FRIG. AURORA CASTRO;4228;92BL-SFT001;99985525;SFT;SETOR DE FATIADOS             ;6;0;9999;1600;4600;OUTROS
92;FRIG. AURORA CASTRO;4228;A92-1 (EMPILHADEIRA A COMBUSTÃO EGA25351000276);99989078;SCL;SETOR ALMOX./CONTR. MATERIAIS ;6;0;4;46036;2089;MÁQUINAS PRINCIPAL
92;FRIG. AURORA CASTRO;4228;ABSORVEDOR - ABSORCAO (CN1701000005);99986089;GEF;SETOR DE OPERACAO DE FRIO     ;6;;9999;11000;1210;MÁQUINAS PRINCIPAL
92;FRIG. AURORA CASTRO;4228;ACESSO EMB. SECUNDÁRIA IND. - PORTA;99994984;SEI;SETOR EMB INDUSTRIALIZADOS    ;4;0;3;11017;5345;OUTROS
92;FRIG. AURORA CASTRO;4228;ACESSO EMB. SECUNDÁRIA IND. - PORTA - QUADRO DE COMANDO;99994985;SEI;SETOR EMB INDUSTRIALIZADOS    ;4;0;9999;46013;5345;OUTROS
92;FRIG. AURORA CASTRO;4228;ACESSO EMB. SECUNDÁRIA IND. - PORTA - REDUTOR;99994986;SEI;SETOR EMB INDUSTRIALIZADOS    ;4;0;9999;18000;5345;OUTROS
92;FRIG. AURORA CASTRO;4228;ACESSO EMB. SECUNDÁRIA IND. - PORTA - REDUTOR - MOTOR;99994987;SEI;SETOR EMB INDUSTRIALIZADOS    ;4;0;9999;19000;5345;OUTROS
92;FRIG. AURORA CASTRO;4228;ACESSO PALETIZAÇÃO - PORTA;99994988;EXD;EXPEDICAO                     ;4;0;3;11017;2348;OUTROS
92;FRIG. AURORA CASTRO;4228;ACESSO PALETIZAÇÃO - PORTA - QUADRO DE COMANDO;99994989;EXD;EXPEDICAO                     ;4;0;9999;46013;2348;OUTROS
92;FRIG. AURORA CASTRO;4228;ACESSO PALETIZAÇÃO - PORTA - REDUTOR;99994990;EXD;EXPEDICAO                     ;4;0;9999;18000;2348;OUTROS
92;FRIG. AURORA CASTRO;4228;ACESSO PALETIZAÇÃO - PORTA - REDUTOR - MOTOR;99994991;EXD;EXPEDICAO                     ;4;0;9999;19000;2348;OUTROS
92;FRIG. AURORA CASTRO;4228;ACUMULADOR HIDRAULICO 01 - SALA DE BOMBAS (AC1701000001);99985922;GEF;SETOR DE OPERACAO DE FRIO     ;6;;9999;11000;1210;MÁQUINAS PRINCIPAL
92;FRIG. AURORA CASTRO;4228;ACUMULADOR HIDRAULICO 02 - SALA DE BOMBAS (AC1701000002);99985924;GEF;SETOR DE OPERACAO DE FRIO     ;6;;9999;11000;1210;MÁQUINAS PRINCIPAL
92;FRIG. AURORA CASTRO;4228;ACUMULADOR HIDRAULICO 03 - SALA DE BOMBAS (AC1701000003);99985927;GEF;SETOR DE OPERACAO DE FRIO     ;6;;9999;11000;1210;MÁQUINAS PRINCIPAL
92;FRIG. AURORA CASTRO;4228;ACUMULADOR OLEO AOH AMONIA - SALA DE MÁQUINAS (AC1701000004);99985930;GEF;SETOR DE OPERACAO DE FRIO     ;6;;9999;11000;1210;MÁQUINAS PRINCIPAL
92;FRIG. AURORA CASTRO;4228;ACUMULADOR OLEO AOH AMONIA-SL MAQUINAS (AC1701000005);99985932;GEF;SETOR DE OPERACAO DE FRIO     ;6;;9999;11000;1210;MÁQUINAS PRINCIPAL
92;FRIG. AURORA CASTRO;4228;ADENSADOR LODO;99986107;ETE;SETOR DE OPERACAO DE ETE      ;8;0;9999;29000;1228;OUTROS
92;FRIG. AURORA CASTRO;4228;ADENSADOR LODO - BOMBA NEMO NM038Y02S12B 01;99994793;ETE;SETOR DE OPERACAO DE ETE      ;6;0;9999;6000;1228;OUTROS
92;FRIG. AURORA CASTRO;4228;ADENSADOR LODO - BOMBA NEMO NM038Y02S12B 02;99994794;ETE;SETOR DE OPERACAO DE ETE      ;6;0;9999;6000;1228;OUTROS
92;FRIG. AURORA CASTRO;4228;AERADOR (AE1701000001);99986108;ETE;SETOR DE OPERACAO DE ETE      ;6;;9999;29008;1228;MÁQUINAS PRINCIPAL
92;FRIG. AURORA CASTRO;4228;AFIADOR DO DISCO DE CORTE DA FATIADORA TEXTOR;99986106;SFT;SETOR DE FATIADOS             ;6;257980;9999;15009;4600;MÁQUINAS SECUNDÁRIAS
92;FRIG. AURORA CASTRO;4228;AFIADOR DO DISCO DE CORTE DA FATIADORA TEXTOR - MOTOREDUTOR;4236;SFT;SETOR DE FATIADOS             ;8;257980;9999;15009;4600;MÁQUINAS SECUNDÁRIAS
92;FRIG. AURORA CASTRO;4228;AFIADOR DO DISCO DE CORTE DA FATIADORA TEXTOR - SISITEMA ELETRICO;4234;SFT;SETOR DE FATIADOS             ;8;257980;9999;15009;4600;MÁQUINAS SECUNDÁRIAS
92;FRIG. AURORA CASTRO;4228;AFIADOR DO DISCO DE CORTE DA FATIADORA TEXTOR - SISTEMA DE SEGURNAÇA;4235;SFT;SETOR DE FATIADOS             ;8;257980;9999;15009;4600;MÁQUINAS SECUNDÁRIAS
92;FRIG. AURORA CASTRO;4228;ANALISADOR DE CARNE - FOODSCAN 2 - FOSS;99998124;CUR;SETOR EMB CURADOS             ;6;0;1;28;5525;OUTROS
92;FRIG. AURORA CASTRO;4228;ANALISADOR DE UMIDADE;3493;FFG;SETOR DE FABRICA DE FARINHAS E GORDURAS;1;0;1;4;2330;EQUIPAMENTOS
92;FRIG. AURORA CASTRO;4228;ANEMÔMETRO;99996909;PRD;DEPTO PRODUCAO                ;1;0;1;35;2208;EQUIPAMENTOS
92;FRIG. AURORA CASTRO;4228;ANEMÔMETRO;99987873;CUR;SETOR EMB CURADOS             ;1;0;1;35;5525;EQUIPAMENTOS
92;FRIG. AURORA CASTRO;4228;AQUISITOR DE DADOS  FX 6.0 (264685);4288;ABT;SETOR ABATE/RESFRIAMENTO      ;8;264685;1;13001;2488;MÁQUINAS PRINCIPAL
92;FRIG. AURORA CASTRO;4228;ARMADILHA LUMINOSA N° 06;99988051;EMB;SETOR EMBALAGEM               ;1;;9999;30007;4138;MÁQUINAS PRINCIPAL
92;FRIG. AURORA CASTRO;4228;ARMADILHA LUMINOSA N° 47;99988046;CUR;SETOR EMB CURADOS             ;1;;9999;30007;5525;MÁQUINAS PRINCIPAL
92;FRIG. AURORA CASTRO;4228;ARMADILHA LUMINOSA N° 48;99988047;CUR;SETOR EMB CURADOS             ;1;;9999;30007;5525;MÁQUINAS PRINCIPAL
92;FRIG. AURORA CASTRO;4228;ARMADILHA LUMINOSA Nº 01;99988031;RET;SETOR RESTAURANTE INDUSTRIAL  ;1;;9999;30007;2119;MÁQUINAS PRINCIPAL
92;FRIG. AURORA CASTRO;4228;ARMADILHA LUMINOSA Nº 02;99988029;RET;SETOR RESTAURANTE INDUSTRIAL  ;1;;9999;30007;2119;MÁQUINAS PRINCIPAL
92;FRIG. AURORA CASTRO;4228;ARMADILHA LUMINOSA Nº 03;99988028;RET;SETOR RESTAURANTE INDUSTRIAL  ;1;;9999;30007;2119;MÁQUINAS PRINCIPAL
92;FRIG. AURORA CASTRO;4228;ARMADILHA LUMINOSA Nº 12;99988039;CUR;SETOR EMB CURADOS             ;1;;9999;30007;5525;MÁQUINAS PRINCIPAL
92;FRIG. AURORA CASTRO;4228;ARMADILHA LUMINOSA Nº 13;99988033;ABT;SETOR ABATE/RESFRIAMENTO      ;1;;9999;30007;2488;MÁQUINAS PRINCIPAL
92;FRIG. AURORA CASTRO;4228;ARMADILHA LUMINOSA Nº 14;99988034;ABT;SETOR ABATE/RESFRIAMENTO      ;1;;9999;30007;2488;MÁQUINAS PRINCIPAL
92;FRIG. AURORA CASTRO;4228;ARMADILHA LUMINOSA Nº 15;99988035;ABT;SETOR ABATE/RESFRIAMENTO      ;1;;9999;30007;2488;MÁQUINAS PRINCIPAL
92;FRIG. AURORA CASTRO;4228;ARMADILHA LUMINOSA Nº 16;99988042;BET;SETOR BENEFICIAMENTO DE TRIPA ;1;;9999;30007;2232;MÁQUINAS PRINCIPAL
92;FRIG. AURORA CASTRO;4228;ARMADILHA LUMINOSA Nº 17;99988043;BET;SETOR BENEFICIAMENTO DE TRIPA ;1;;9999;30007;2232;MÁQUINAS PRINCIPAL
92;FRIG. AURORA CASTRO;4228;ARMADILHA LUMINOSA Nº 18;99988044;BET;SETOR BENEFICIAMENTO DE TRIPA ;1;;9999;30007;2232;MÁQUINAS PRINCIPAL
92;FRIG. AURORA CASTRO;4228;ARMADILHA LUMINOSA Nº 22;99988041;CUR;SETOR EMB CURADOS             ;1;;9999;30007;5525;MÁQUINAS PRINCIPAL
92;FRIG. AURORA CASTRO;4228;ARMADILHA LUMINOSA Nº 23;99988049;EXD;EXPEDICAO                     ;1;;9999;30007;2348;MÁQUINAS PRINCIPAL
92;FRIG. AURORA CASTRO;4228;ARMADILHA LUMINOSA Nº 24;99988032;REC;SETOR DE RECEPCAO             ;1;;9999;30007;2216;MÁQUINAS PRINCIPAL
92;FRIG. AURORA CASTRO;4228;ARMADILHA LUMINOSA Nº 25;99988026;FFG;SETOR DE FABRICA DE FARINHAS E GORDURAS;1;;9999;30007;2330;MÁQUINAS PRINCIPAL
92;FRIG. AURORA CASTRO;4228;ARMADILHA LUMINOSA Nº 28;99988048;SEI;SETOR EMB INDUSTRIALIZADOS    ;1;;9999;30007;5345;MÁQUINAS PRINCIPAL
92;FRIG. AURORA CASTRO;4228;ARMADILHA LUMINOSA Nº 35;99988040;CUR;SETOR EMB CURADOS             ;1;;9999;30007;5525;MÁQUINAS PRINCIPAL
92;FRIG. AURORA CASTRO;4228;ARMADILHA LUMINOSA Nº 37;99988037;CUR;SETOR EMB CURADOS             ;1;;9999;30007;5525;MÁQUINAS PRINCIPAL
92;FRIG. AURORA CASTRO;4228;ARMADILHA LUMINOSA Nº 38;99988038;CUR;SETOR EMB CURADOS             ;1;;9999;30007;5525;MÁQUINAS PRINCIPAL
92;FRIG. AURORA CASTRO;4228;ARMADILHA LUMINOSA Nº 39;99988036;ABT;SETOR ABATE/RESFRIAMENTO      ;1;;9999;30007;2488;MÁQUINAS PRINCIPAL
92;FRIG. AURORA CASTRO;4228;ASPIRADOR DE MEDULA;99985828;ABT;SETOR ABATE/RESFRIAMENTO      ;6;254248;9999;32032;2488;MÁQUINAS PRINCIPAL
92;FRIG. AURORA CASTRO;4228;ASPIRADOR DE MEDULA - SISTEMA DE SEGURANÇA;1384;ABT;SETOR ABATE/RESFRIAMENTO      ;6;254248;9999;32032;2488;MÁQUINAS SECUNDÁRIAS
92;FRIG. AURORA CASTRO;4228;ASPIRADOR DE MEDULA - SISTEMA ELÉTRICO;1383;ABT;SETOR ABATE/RESFRIAMENTO      ;6;254248;9999;32032;2488;MÁQUINAS SECUNDÁRIAS
92;FRIG. AURORA CASTRO;4228;ASPIRADOR DE MEDULA - TANQUE DE VÁCUO - BOMBA DE VÁCUO;1382;ABT;SETOR ABATE/RESFRIAMENTO      ;6;254248;9999;32032;2488;MÁQUINAS SECUNDÁRIAS
92;FRIG. AURORA CASTRO;4228;ASPIRADOR DE MEDULA - TANQUE DE VÁCUO - MOTOR;1381;ABT;SETOR ABATE/RESFRIAMENTO      ;6;254248;9999;32032;2488;MÁQUINAS SECUNDÁRIAS
92;FRIG. AURORA CASTRO;4228;ATORDOADOR;99983781;ABT;SETOR ABATE/RESFRIAMENTO      ;1;;1;13001;2488;EQUIPAMENTOS
92;FRIG. AURORA CASTRO;4228;ATORDOADOR ELÉTRICO;3165;ABT;SETOR ABATE/RESFRIAMENTO      ;1;0;9999;13001;2488;EQUIPAMENTOS
92;FRIG. AURORA CASTRO;4228;AUTO CLAVE - RECEPCAO (AUT1701000001);99986754;REC;SETOR DE RECEPCAO             ;6;;9999;31002;2216;MÁQUINAS PRINCIPAL
92;FRIG. AURORA CASTRO;4228;AUTOCLAVE CRISTÓFOLI 12L;99997108;SES;SETOR SEGURANCA E SAUDE       ;4;0;9999;31002;2101;OUTROS
92;FRIG. AURORA CASTRO;4228;BALANÇA 001 MAREL MOD. M SERIES 1100 CAP. 30KG;99998759;MEX;MIUDOS EXTERNOS               ;6;0;9999;1600;2739;OUTROS
92;FRIG. AURORA CASTRO;4228;BALANÇA 001 SHIMADZU MOD. BL3200 H CAP. 320G;99997329;LDA;LABORATÓRIO DE ANALISES DE ALIMENTOS - FAC;6;0;9999;1600;3591;OUTROS
92;FRIG. AURORA CASTRO;4228;BALANÇA 002 MAREL MOD. M SERIES 1100 CAP. 30KG;99998760;COD;SETOR DE CONDIMENTOS          ;6;0;9999;1600;4472;OUTROS
92;FRIG. AURORA CASTRO;4228;BALANÇA 002 SHIMADZU MOD. BL3200 H CAP. 320G;99997330;LDA;LABORATÓRIO DE ANALISES DE ALIMENTOS - FAC;6;0;9999;1600;3591;OUTROS
92;FRIG. AURORA CASTRO;4228;BALANÇA 003 MAREL MOD. M SERIES 1100 CAP. 30KG;99998761;MEX;MIUDOS EXTERNOS               ;6;0;9999;1600;2739;OUTROS
92;FRIG. AURORA CASTRO;4228;BALANÇA 003 SHIMADZU MOD. BL3200 H CAP. 320G;99997331;LDA;LABORATÓRIO DE ANALISES DE ALIMENTOS - FAC;6;0;9999;1600;3591;OUTROS
92;FRIG. AURORA CASTRO;4228;BALANÇA 004 MAREL MOD. M SERIES 1100 CAP. 30KG;99985469;COD;SETOR DE CONDIMENTOS          ;6;0;9999;1600;4472;OUTROS
92;FRIG. AURORA CASTRO;4228;BALANÇA 004 SHIMADZU MOD. BL3200 H CAP. 320G;99997332;LDA;LABORATÓRIO DE ANALISES DE ALIMENTOS - FAC;6;0;9999;1600;3591;OUTROS
92;FRIG. AURORA CASTRO;4228;BALANÇA 005 MAREL MOD. M SERIES 1100 CAP. 30KG;99998762;MIN;MIUDOS INTERNOS               ;6;0;9999;1600;2721;OUTROS
92;FRIG. AURORA CASTRO;4228;BALANÇA 005 OHAUS MOD. PR224BR CAP. 220G;99997333;LDA;LABORATÓRIO DE ANALISES DE ALIMENTOS - FAC;6;0;9999;1600;3591;OUTROS
92;FRIG. AURORA CASTRO;4228;BALANÇA 006 MAREL MOD. M SERIES 1100 CAP. 30KG;99998813;MEX;MIUDOS EXTERNOS               ;6;0;9999;1600;2739;OUTROS
92;FRIG. AURORA CASTRO;4228;BALANÇA 006 OHAUS MOD. PA214 P CAP. 210G;99997334;LDA;LABORATÓRIO DE ANALISES DE ALIMENTOS - FAC;6;0;9999;1600;3591;OUTROS
92;FRIG. AURORA CASTRO;4228;BALANÇA 007 GEHAKA MOD. AG 200 P CAP. 199.999G;99997335;LDA;LABORATÓRIO DE ANALISES DE ALIMENTOS - FAC;6;0;9999;1600;3591;OUTROS
92;FRIG. AURORA CASTRO;4228;BALANÇA 007 PESO EXATO MOD. PE-50.10 CAP. 50KG;99997598;EPJ;SETOR DE ESPOSTEJAMENTO       ;6;0;9999;1600;2224;OUTROS
92;FRIG. AURORA CASTRO;4228;BALANÇA 008 TOLEDO MOD. 2003/10-2090 CAP. 50KG;99998763;EPJ;SETOR DE ESPOSTEJAMENTO       ;6;0;9999;1600;2224;OUTROS
92;FRIG. AURORA CASTRO;4228;BALANÇA 010 MAREL MOD. M SERIES 1100 CAP. 30KG;99998765;EMB;SETOR EMBALAGEM               ;6;0;9999;1600;4138;OUTROS
92;FRIG. AURORA CASTRO;4228;BALANÇA 011 TOLEDO MOD. 2003/1-2090 CAP. 10KG;99998767;COD;SETOR DE CONDIMENTOS          ;6;0;9999;1600;4472;OUTROS
92;FRIG. AURORA CASTRO;4228;BALANÇA 012 TOLEDO MOD. 2003/1-2090 CAP. 10KG;99998768;COD;SETOR DE CONDIMENTOS          ;6;0;9999;1600;4472;OUTROS
92;FRIG. AURORA CASTRO;4228;BALANÇA 014 TOLEDO MOD. 2003/1-2090 CAP. 10KG;99998769;CQL;SETOR CONTROLE DE QUALIDADE   ;6;0;9999;1600;1759;OUTROS
92;FRIG. AURORA CASTRO;4228;BALANÇA 015 TOLEDO MOD. 2096-H/4 CAP. 25KG;99998770;TCA;SETOR TUNEIS E CAMARAS        ;6;0;9999;1600;2313;OUTROS
92;FRIG. AURORA CASTRO;4228;BALANÇA 016 MAREL MOD. M SERIES 2200 CAP. 3500KG;3430;PRU;SETOR DE PRESUNTARIA          ;2;;9999;17000;2291;EQUIPAMENTOS
92;FRIG. AURORA CASTRO;4228;BALANÇA 016 MAREL MOD. M SERIES 2200 CAP. 500KG;99986433;ABT;SETOR ABATE/RESFRIAMENTO      ;8;0;9999;1600;2488;OUTROS
92;FRIG. AURORA CASTRO;4228;BALANÇA 017 TOLEDO CAP. 400KG;99998811;ABT;SETOR ABATE/RESFRIAMENTO      ;8;0;9999;1600;2488;OUTROS
92;FRIG. AURORA CASTRO;4228;BALANÇA 017 TOLEDO CAP. 400KG - REDUTOR;99988482;ABT;SETOR ABATE/RESFRIAMENTO      ;8;0;9999;18000;2488;OUTROS
92;FRIG. AURORA CASTRO;4228;BALANÇA 017 TOLEDO CAP. 400KG - REDUTOR - MOTOR;99988481;ABT;SETOR ABATE/RESFRIAMENTO      ;8;0;9999;19000;2488;OUTROS
92;FRIG. AURORA CASTRO;4228;BALANÇA 018 TOLEDO MOD. 2096-H/4 CAP. 25KG;99998771;TCA;SETOR TUNEIS E CAMARAS        ;6;0;9999;1600;2313;OUTROS
92;FRIG. AURORA CASTRO;4228;BALANÇA 020 TOLEDO MOD. 2096-H/1 CAP. 05KG;99998772;TCA;SETOR TUNEIS E CAMARAS        ;6;0;9999;1600;2313;OUTROS
92;FRIG. AURORA CASTRO;4228;BALANÇA 021 TOLEDO MOD. 2003/1-2190 CAP. 1500KG;99986444;CUR;SETOR EMB CURADOS             ;6;0;9999;1600;5525;OUTROS
92;FRIG. AURORA CASTRO;4228;BALANÇA 022 SULMAQ MOD. 84114705 CAP. 250KG;99987611;EPJ;SETOR DE ESPOSTEJAMENTO       ;8;0;9999;1600;2224;OUTROS
92;FRIG. AURORA CASTRO;4228;BALANÇA 025 TOLEDO MOD. 2003/35-2180 CAP. 1500KG;99996449;EST;SETOR DE ESTUFAS              ;6;0;9999;1600;4588;OUTROS
92;FRIG. AURORA CASTRO;4228;BALANÇA 026 MAREL MOD. M2200 CAP. 60KG;99999027;MIN;MIUDOS INTERNOS               ;6;0;9999;1600;2721;OUTROS
92;FRIG. AURORA CASTRO;4228;BALANÇA 026 PESO EXATO MOD. IDPE-10.000 CAP. 30KG;99998950;COD;SETOR DE CONDIMENTOS          ;6;0;9999;1600;4472;OUTROS
92;FRIG. AURORA CASTRO;4228;BALANÇA 028 TOLEDO MOD. 2003/10-2090 CAP. 50KG;99998814;MIN;MIUDOS INTERNOS               ;6;0;9999;1600;2721;OUTROS
92;FRIG. AURORA CASTRO;4228;BALANÇA 029 TOLEDO MOD. 2003/10-2090 CAP. 50KG;99986441;MIN;MIUDOS INTERNOS               ;6;0;9999;1600;2721;OUTROS
92;FRIG. AURORA CASTRO;4228;BALANÇA 030 MAREL MOD. M2400-P03-5020-30-60 CAP. 60KG;99999028;EPJ;SETOR DE ESPOSTEJAMENTO       ;6;0;9999;1600;2224;OUTROS
92;FRIG. AURORA CASTRO;4228;BALANÇA 031 TOLEDO MOD. 2003/10-2090 CAP. 50KG;99997169;MEX;MIUDOS EXTERNOS               ;6;0;9999;1600;2739;OUTROS
92;FRIG. AURORA CASTRO;4228;BALANÇA 032 TOLEDO MOD. 2003/10-2090 CAP. 50KG;99995151;MIN;MIUDOS INTERNOS               ;6;0;9999;1600;2721;OUTROS
92;FRIG. AURORA CASTRO;4228;BALANÇA 033 MAREL MOD. M SERIES 2200 CAP. 300KG;99998815;MIN;MIUDOS INTERNOS               ;6;0;9999;1600;2721;OUTROS
92;FRIG. AURORA CASTRO;4228;BALANÇA 034 TOLEDO MOD. TI500 CAP. 50KG;99998823;EMB;SETOR EMBALAGEM               ;6;0;9999;1600;4138;OUTROS
92;FRIG. AURORA CASTRO;4228;BALANÇA 035 TOLEDO MOD. TI500 CAP. 50KG;99998824;EMB;SETOR EMBALAGEM               ;6;0;9999;1600;4138;OUTROS
92;FRIG. AURORA CASTRO;4228;BALANÇA 036 TOLEDO MOD. TI500 CAP. 50KG;99998825;EMB;SETOR EMBALAGEM               ;6;0;9999;1600;4138;OUTROS
92;FRIG. AURORA CASTRO;4228;BALANÇA 039 TOLEDO MOD. 820J/XVI CAP. 80.000KG;99997327;FAT;SETOR FATURAMENTO             ;8;0;9999;1600;2151;OUTROS
92;FRIG. AURORA CASTRO;4228;BALANÇA 040 TOLEDO MOD. 820J/XVI CAP. 80.000KG;99997328;FAT;SETOR FATURAMENTO             ;8;0;9999;1600;2151;OUTROS
92;FRIG. AURORA CASTRO;4228;BALANÇA 045 TOLEDO CAP. 1500KG;99997808;EXD;EXPEDICAO                     ;6;0;9999;1600;2348;OUTROS
92;FRIG. AURORA CASTRO;4228;BALANÇA 048 TOLEDO MOD. TI500 CAP. 1500KG;99997170;EPJ;SETOR DE ESPOSTEJAMENTO       ;6;0;9999;1600;2224;OUTROS
92;FRIG. AURORA CASTRO;4228;BALANÇA 049 TOLEDO MOD. 2003/35-2190 CAP. 1500KG;99985547;SEI;SETOR EMB INDUSTRIALIZADOS    ;6;0;9999;1600;5345;OUTROS
92;FRIG. AURORA CASTRO;4228;BALANÇA 051 TOLEDO MOD. 2003/35-2180 CAP. 1500KG;99985982;CEB;EMBUTIDOS COZIDOS             ;6;0;9999;1600;2283;OUTROS
92;FRIG. AURORA CASTRO;4228;BALANÇA 052 MAREL MOD. M SERIES 1100 CAP. 03KG;99997317;EMB;SETOR EMBALAGEM               ;6;0;9999;1600;4138;OUTROS
92;FRIG. AURORA CASTRO;4228;BALANÇA 057 MAREL MOD. M SERIES 1100 CAP. 03KG;99985555;EMB;SETOR EMBALAGEM               ;6;0;9999;1600;4138;OUTROS
92;FRIG. AURORA CASTRO;4228;BALANÇA 058 MAREL MOD. M SERIES 1100 CAP. 03KG;99994655;SEI;SETOR EMB INDUSTRIALIZADOS    ;6;0;9999;17000;5345;OUTROS
92;FRIG. AURORA CASTRO;4228;BALANÇA 063 TOLEDO MOD. 2003/10-2090 CAP. 50KG;99997205;COD;SETOR DE CONDIMENTOS          ;6;0;9999;1600;4472;OUTROS
92;FRIG. AURORA CASTRO;4228;BALANÇA 065 TOLEDO MOD. 2003/11-2090 CAP. 50KG;99997162;MEX;MIUDOS EXTERNOS               ;6;0;9999;1600;2739;OUTROS
92;FRIG. AURORA CASTRO;4228;BALANÇA 066 TOLEDO MOD. 2003/10-2090 CAP. 50KG;99987000;EPJ;SETOR DE ESPOSTEJAMENTO       ;6;0;9999;1600;2224;OUTROS
92;FRIG. AURORA CASTRO;4228;BALANÇA 067 TOLEDO MOD. 2096 CAP. 50KG;99998775;MIN;MIUDOS INTERNOS               ;6;0;9999;1600;2721;OUTROS
92;FRIG. AURORA CASTRO;4228;BALANÇA 069 TOLEDO MOD. 2003/10-2090 CAP. 50KG;99997588;SFR;SETOR EMBUTIDOS FRESCAIS      ;6;0;9999;1600;4057;OUTROS
92;FRIG. AURORA CASTRO;4228;BALANÇA 070 TOLEDO MOD. 2003/11-2090 CAP. 50KG;99985565;MIN;MIUDOS INTERNOS               ;6;0;9999;1600;2721;OUTROS
92;FRIG. AURORA CASTRO;4228;BALANÇA 072 TOLEDO MOD. TI500 CAP. 1500KG;99986438;SFR;SETOR EMBUTIDOS FRESCAIS      ;6;0;9999;1600;4057;OUTROS
92;FRIG. AURORA CASTRO;4228;BALANÇA 073 MAREL MOD. M SERIES 1100 CAP. 30KG;99998776;EMB;SETOR EMBALAGEM               ;6;0;9999;1600;4138;OUTROS
92;FRIG. AURORA CASTRO;4228;BALANÇA 074 MAREL MOD. M SERIES 1100 CAP. 30KG;99985472;SLG;SETOR DE SALGA                ;6;0;9999;1600;2241;OUTROS
92;FRIG. AURORA CASTRO;4228;BALANÇA 077 MAREL MOD. M SERIES 2200 CAP. 30KG;99998777;MIN;MIUDOS INTERNOS               ;6;0;9999;1600;2721;OUTROS
92;FRIG. AURORA CASTRO;4228;BALANÇA 079 MAREL MOD. M SERIES 2200 CAP. 30KG;99998778;EPJ;SETOR DE ESPOSTEJAMENTO       ;6;0;9999;1600;2224;OUTROS
92;FRIG. AURORA CASTRO;4228;BALANÇA 080 TOLEDO MOD. TI500 CAP. 30KG;99998779;EMB;SETOR EMBALAGEM               ;6;0;9999;1600;4138;OUTROS
92;FRIG. AURORA CASTRO;4228;BALANÇA 081 TOLEDO MOD. TI500 CAP. 30KG;99998780;EMB;SETOR EMBALAGEM               ;6;0;9999;1600;4138;OUTROS
92;FRIG. AURORA CASTRO;4228;BALANÇA 085 TOLEDO MOD. 2003/35-2190 CAP. 1500KG;99986445;CUR;SETOR EMB CURADOS             ;6;0;9999;1600;5525;OUTROS
92;FRIG. AURORA CASTRO;4228;BALANÇA 091 TOLEDO MOD. 2003/10-2090 CAP. 50KG;99986447;MIN;MIUDOS INTERNOS               ;4;0;9999;1600;2721;OUTROS
92;FRIG. AURORA CASTRO;4228;BALANÇA 093 TOLEDO MOD. 2003/10-2090 CAP. 50KG;99986999;COD;SETOR DE CONDIMENTOS          ;6;0;9999;1600;4472;OUTROS
92;FRIG. AURORA CASTRO;4228;BALANÇA 095 TOLEDO MOD. 2003/10-2090 CAP. 50KG;99986446;EPJ;SETOR DE ESPOSTEJAMENTO       ;6;0;9999;1600;2224;OUTROS
92;FRIG. AURORA CASTRO;4228;BALANÇA 096 TOLEDO MOD. 2003/10-2090 CAP. 50KG;99998812;SEI;SETOR EMB INDUSTRIALIZADOS    ;6;0;9999;1600;5345;OUTROS
92;FRIG. AURORA CASTRO;4228;BALANÇA 097 TOLEDO MOD. 2096-H/3 CAP. 10KG;99994656;SEI;SETOR EMB INDUSTRIALIZADOS    ;6;0;9999;17000;5345;OUTROS
92;FRIG. AURORA CASTRO;4228;BALANÇA 099 TOLEDO MOD. 2003/10-2090 CAP. 50KG;99987394;SFR;SETOR EMBUTIDOS FRESCAIS      ;6;0;9999;1600;4057;OUTROS
92;FRIG. AURORA CASTRO;4228;BALANÇA 100 TOLEDO MOD. 2003/10-2090 CAP. 50KG;99987420;EPJ;SETOR DE ESPOSTEJAMENTO       ;6;0;9999;1600;2224;OUTROS
92;FRIG. AURORA CASTRO;4228;BALANÇA 102 TOLEDO MOD. 2003/10-2090 CAP. 50KG;99986443;EPJ;SETOR DE ESPOSTEJAMENTO       ;6;0;9999;1600;2224;OUTROS
92;FRIG. AURORA CASTRO;4228;BALANÇA 105 TOLEDO MOD. 2003/10-2090 CAP. 50KG;99985533;EPJ;SETOR DE ESPOSTEJAMENTO       ;6;0;9999;1600;2224;OUTROS
92;FRIG. AURORA CASTRO;4228;BALANÇA 107 TOLEDO MOD. 2003/10-2090 CAP. 50KG;99985558;EPJ;SETOR DE ESPOSTEJAMENTO       ;6;0;9999;1600;2224;OUTROS
92;FRIG. AURORA CASTRO;4228;BALANÇA 113 MAREL MOD. M SERIES 1100 CAP. 03KG;99985520;EMB;SETOR EMBALAGEM               ;6;0;9999;1600;4138;OUTROS
92;FRIG. AURORA CASTRO;4228;BALANÇA 114 TOLEDO MOD. 2003/10-2090 CAP. 50KG;99985539;EMB;SETOR EMBALAGEM               ;6;0;9999;1600;4138;OUTROS
92;FRIG. AURORA CASTRO;4228;BALANÇA 116 TOLEDO MOD. 2003/10-2090 CAP. 50KG;99986434;SFR;SETOR EMBUTIDOS FRESCAIS      ;6;0;9999;1600;4057;OUTROS
92;FRIG. AURORA CASTRO;4228;BALANÇA 117 TOLEDO MOD. 2003/10-2090 CAP. 50KG;99986435;EMB;SETOR EMBALAGEM               ;6;0;9999;1600;4138;OUTROS
92;FRIG. AURORA CASTRO;4228;BALANÇA 119 TOLEDO MOD. 2003/10-2090 CAP. 50KG;99998781;EPJ;SETOR DE ESPOSTEJAMENTO       ;6;0;9999;1600;2224;OUTROS
92;FRIG. AURORA CASTRO;4228;BALANÇA 120 TOLEDO MOD. 2003/10-2090 CAP. 50KG;99998782;SFR;SETOR EMBUTIDOS FRESCAIS      ;6;0;9999;1600;4057;OUTROS
92;FRIG. AURORA CASTRO;4228;BALANÇA 122 MAREL MOD. M SERIES 1100 CAP. 05KG;99998783;EMB;SETOR EMBALAGEM               ;6;0;9999;1600;4138;OUTROS
92;FRIG. AURORA CASTRO;4228;BALANÇA 124 TOLEDO MOD. 2003/35-2180 CAP. 500KG;99998816;TCA;SETOR TUNEIS E CAMARAS        ;6;0;9999;1600;2313;OUTROS
92;FRIG. AURORA CASTRO;4228;BALANÇA 125 TOLEDO MOD. 2003/10-2090 CAP. 50KG;99998817;EMB;SETOR EMBALAGEM               ;6;0;9999;1600;4138;OUTROS
92;FRIG. AURORA CASTRO;4228;BALANÇA 129 TOLEDO MOD. 2003/10-2090 CAP. 50KG;99997191;SFR;SETOR EMBUTIDOS FRESCAIS      ;6;0;9999;1600;4057;OUTROS
92;FRIG. AURORA CASTRO;4228;BALANÇA 131 TOLEDO MOD. 2003/10-2090 CAP. 50KG;99998785;EPJ;SETOR DE ESPOSTEJAMENTO       ;6;0;9999;1600;2224;OUTROS
92;FRIG. AURORA CASTRO;4228;BALANÇA 136 TOLEDO MOD. 2003/10-2090 CAP. 50KG;99997336;SFR;SETOR EMBUTIDOS FRESCAIS      ;6;0;9999;1600;4057;OUTROS
92;FRIG. AURORA CASTRO;4228;BALANÇA 137 TOLEDO MOD. 2003/10-2090 CAP. 50KG;99997589;SEI;SETOR EMB INDUSTRIALIZADOS    ;6;0;9999;1600;5345;OUTROS
92;FRIG. AURORA CASTRO;4228;BALANÇA 142 MAREL MOD. M SERIES 2200 CAP. 60KG;99998787;EPJ;SETOR DE ESPOSTEJAMENTO       ;6;0;9999;1600;2224;OUTROS
92;FRIG. AURORA CASTRO;4228;BALANÇA 143 TOLEDO MOD. TI500 CAP. 30KG;99998818;EPJ;SETOR DE ESPOSTEJAMENTO       ;6;0;9999;1600;2224;OUTROS
92;FRIG. AURORA CASTRO;4228;BALANÇA 144 MAREL MOD. M2200 CAP. 30KG;99997224;EMB;SETOR EMBALAGEM               ;6;0;9999;1600;4138;OUTROS
92;FRIG. AURORA CASTRO;4228;BALANÇA 145 TOLEDO MOD. TI500 CAP. 30KG;99998789;EPJ;SETOR DE ESPOSTEJAMENTO       ;6;0;9999;1600;2224;OUTROS
92;FRIG. AURORA CASTRO;4228;BALANÇA 146 TOLEDO MOD. TI500 CAP. 30KG;99998790;EPJ;SETOR DE ESPOSTEJAMENTO       ;6;0;9999;1600;2224;OUTROS
92;FRIG. AURORA CASTRO;4228;BALANÇA 147 MAREL MOD. M SERIES 2200 CAP. 5000KG;99998791;FFG;SETOR DE FABRICA DE FARINHAS E GORDURAS;8;0;9999;1600;2330;OUTROS
92;FRIG. AURORA CASTRO;4228;BALANÇA 148 TOLEDO MOD. TI500 CAP. 50KG;99998792;EPJ;SETOR DE ESPOSTEJAMENTO       ;6;0;9999;1600;2224;OUTROS
92;FRIG. AURORA CASTRO;4228;BALANÇA 149 TOLEDO MOD. 2003/35-2180 CAP. 1500KG;99997806;PRU;SETOR DE PRESUNTARIA          ;6;0;9999;1600;2291;OUTROS
92;FRIG. AURORA CASTRO;4228;BALANÇA 150 TOLEDO MOD. TI400 CAP. 1500KG;99987393;EXD;EXPEDICAO                     ;6;0;9999;1600;2348;OUTROS
92;FRIG. AURORA CASTRO;4228;BALANÇA 151 TOLEDO MOD. 2003/10-2090 CAP. 50KG;99997204;EPJ;SETOR DE ESPOSTEJAMENTO       ;6;0;9999;1600;2224;OUTROS
92;FRIG. AURORA CASTRO;4228;BALANÇA 152 TOLEDO MOD. 2003/10-2090 CAP. 50KG;99997440;EPJ;SETOR DE ESPOSTEJAMENTO       ;6;0;9999;1600;2224;OUTROS
92;FRIG. AURORA CASTRO;4228;BALANÇA 153 TOLEDO MOD. 2003/10-2090 CAP. 30KG;99998793;PRU;SETOR DE PRESUNTARIA          ;6;0;9999;1600;2291;OUTROS
92;FRIG. AURORA CASTRO;4228;BALANÇA 156 TOLEDO MOD. 2003/1-2090 CAP. 1500KG;99986997;EXD;EXPEDICAO                     ;6;0;9999;1600;2348;OUTROS
92;FRIG. AURORA CASTRO;4228;BALANÇA 157 TOLEDO MOD. 2003/10-2090 CAP. 50KG;99998794;EPJ;SETOR DE ESPOSTEJAMENTO       ;6;0;9999;1600;2224;OUTROS
92;FRIG. AURORA CASTRO;4228;BALANÇA 159 TOLEDO MOD. 2003/10-2090 CAP. 50KG;99998795;SFR;SETOR EMBUTIDOS FRESCAIS      ;6;0;9999;1600;4057;OUTROS
92;FRIG. AURORA CASTRO;4228;BALANÇA 161 TOLEDO MOD. 2003/10-2090 CAP. 50KG;99997315;SEI;SETOR EMB INDUSTRIALIZADOS    ;6;0;9999;1600;5345;OUTROS
92;FRIG. AURORA CASTRO;4228;BALANÇA 163 TOLEDO MOD. 2003/10-2090 CAP. 05KG;99998797;COD;SETOR DE CONDIMENTOS          ;6;0;9999;1600;4472;OUTROS
92;FRIG. AURORA CASTRO;4228;BALANÇA 165 TOLEDO MOD. 2096-H/1 CAP. 5KG;99997316;SEI;SETOR EMB INDUSTRIALIZADOS    ;6;0;9999;1600;5345;OUTROS
92;FRIG. AURORA CASTRO;4228;BALANÇA 167 TOLEDO MOD. 2003/35-2180 CAP. 1500KG;99986996;EMB;SETOR EMBALAGEM               ;6;0;9999;1600;4138;OUTROS
92;FRIG. AURORA CASTRO;4228;BALANÇA 170 TOLEDO MOD. 2003/10-2090 CAP. 50KG;99997600;EPJ;SETOR DE ESPOSTEJAMENTO       ;6;0;9999;1600;2224;OUTROS
92;FRIG. AURORA CASTRO;4228;BALANÇA 171 TOLEDO MOD. 2003/10-2090 CAP. 50KG;99998820;SEI;SETOR EMB INDUSTRIALIZADOS    ;6;0;9999;1600;5345;OUTROS
92;FRIG. AURORA CASTRO;4228;BALANÇA 172 TOLEDO MOD. 2003/10-2090 CAP. 50KG;99998800;EPJ;SETOR DE ESPOSTEJAMENTO       ;6;0;9999;1600;2224;OUTROS
92;FRIG. AURORA CASTRO;4228;BALANÇA 173 TOLEDO MOD. 2003/10-2090 CAP. 50KG;99999847;MEX;MIUDOS EXTERNOS               ;4;0;9999;1600;2739;OUTROS
92;FRIG. AURORA CASTRO;4228;BALANÇA 174 TOLEDO MOD. 2003/10-2090 CAP. 50KG;99998801;SFR;SETOR EMBUTIDOS FRESCAIS      ;6;0;9999;1600;4057;OUTROS
92;FRIG. AURORA CASTRO;4228;BALANÇA 176 TOLEDO MOD. 2003/10-2090 CAP. 10KG;99998802;COD;SETOR DE CONDIMENTOS          ;6;0;9999;1600;4472;OUTROS
92;FRIG. AURORA CASTRO;4228;BALANÇA 180 TOLEDO MOD. 2003/10-2090 CAP. 50KG;99998803;EPJ;SETOR DE ESPOSTEJAMENTO       ;6;0;9999;1600;2224;OUTROS
92;FRIG. AURORA CASTRO;4228;BALANÇA 182 TOLEDO MOD. 2003/10-2090 CAP. 50KG;99998821;SFR;SETOR EMBUTIDOS FRESCAIS      ;6;0;9999;1600;4057;OUTROS
92;FRIG. AURORA CASTRO;4228;BALANÇA 183 TOLEDO MOD. 2003/10-2090 CAP. 50KG;99998804;SFR;SETOR EMBUTIDOS FRESCAIS      ;6;0;9999;1600;4057;OUTROS
92;FRIG. AURORA CASTRO;4228;BALANÇA 184 TOLEDO MOD. 2003/10-2090 CAP. 50KG;99997439;EPJ;SETOR DE ESPOSTEJAMENTO       ;6;0;9999;1600;2224;OUTROS
92;FRIG. AURORA CASTRO;4228;BALANÇA 208 MAREL MOD. M2200 CAP. 60KG;99999036;EPJ;SETOR DE ESPOSTEJAMENTO       ;6;0;9999;1600;2224;OUTROS
92;FRIG. AURORA CASTRO;4228;BALANÇA 209 TOLEDO MOD. TI500 CAP. 50KG;99998805;EMB;SETOR EMBALAGEM               ;6;0;9999;1600;4138;OUTROS
92;FRIG. AURORA CASTRO;4228;BALANÇA 211 TOLEDO MOD. TI500 CAP. 30KG;99998806;EMB;SETOR EMBALAGEM               ;6;0;9999;1600;4138;OUTROS
92;FRIG. AURORA CASTRO;4228;BALANÇA 212 TOLEDO MOD. 2003/10-2090 CAP. 30KG;99998807;EPJ;SETOR DE ESPOSTEJAMENTO       ;6;0;9999;1600;2224;OUTROS
92;FRIG. AURORA CASTRO;4228;BALANÇA 214 TOLEDO MOD. 2096-H/3 CAP. 10KG;99994626;EMB;SETOR EMBALAGEM               ;6;0;9999;17000;4138;OUTROS
92;FRIG. AURORA CASTRO;4228;BALANÇA 216 TOLEDO MOD. 2096- H-3 CAP. 10KG;99998809;COD;SETOR DE CONDIMENTOS          ;6;0;9999;1600;4472;OUTROS
92;FRIG. AURORA CASTRO;4228;BALANÇA 217 TOLEDO MOD. 2254FLC/1 CAP. 300KG;99998810;CUR;SETOR EMB CURADOS             ;6;0;9999;1600;5525;OUTROS
92;FRIG. AURORA CASTRO;4228;BALANÇA 300 TOLEDO MOD. 2003/10-2090 CAP. 50KG;99997319;EPJ;SETOR DE ESPOSTEJAMENTO       ;6;0;9999;1600;2224;OUTROS
92;FRIG. AURORA CASTRO;4228;BALANÇA 301 TOLEDO MOD. 2003/10-2090 CAP. 50KG;99997320;EPJ;SETOR DE ESPOSTEJAMENTO       ;6;0;9999;1600;2224;OUTROS
92;FRIG. AURORA CASTRO;4228;BALANÇA 302 TOLEDO MOD. 2003/10-2090 CAP. 50KG;99997321;EPJ;SETOR DE ESPOSTEJAMENTO       ;6;0;9999;1600;2224;OUTROS
92;FRIG. AURORA CASTRO;4228;BALANÇA 303 TOLEDO MOD. 2003/10-2090 CAP. 50KG;99997322;EPJ;SETOR DE ESPOSTEJAMENTO       ;6;0;9999;1600;2224;OUTROS
92;FRIG. AURORA CASTRO;4228;BALANÇA 305 TOLEDO MOD. 2003/10-2090 CAP. 50KG;99997324;EPJ;SETOR DE ESPOSTEJAMENTO       ;6;0;9999;1600;2224;OUTROS
92;FRIG. AURORA CASTRO;4228;BANHO MARIA MICROPROCESSADO MOD.Q215M2 QUIMIS;5310;LDA;LABORATÓRIO DE ANALISES DE ALIMENTOS - FAC;6;357759;9999;40002;3591;MÁQUINAS PRINCIPAL
92;FRIG. AURORA CASTRO;4228;BARREIRA SANITARIA SALAME (LA1701000007);99986392;CUR;SETOR EMB CURADOS             ;4;1;9999;13006;5525;MÁQUINAS PRINCIPAL
92;FRIG. AURORA CASTRO;4228;BARREIRA SANITÁRIA - LAVADOR DE BOTAS;99986365;EXD;EXPEDICAO                     ;4;0;9999;3002;2348;OUTROS
92;FRIG. AURORA CASTRO;4228;BG92-1 (BATERIA TRANSPALETEIRA ELÉTRICA);99992198;EXD;EXPEDICAO                     ;6;0;9;35012;2348;MÁQUINAS PRINCIPAL
92;FRIG. AURORA CASTRO;4228;BG92-10 (BATERIA TRANSPALETEIRA ELÉTRICA);99992208;EXD;EXPEDICAO                     ;6;0;15;35012;2348;MÁQUINAS PRINCIPAL
92;FRIG. AURORA CASTRO;4228;BG92-11 (BATERIA TRANSPALETEIRA ELÉTRICA);99992209;COD;SETOR DE CONDIMENTOS          ;6;0;1;35012;4472;MÁQUINAS PRINCIPAL
92;FRIG. AURORA CASTRO;4228;BG92-13 (BATERIA TRANSPALETEIRA ELÉTRICA);99992211;TCA;SETOR TUNEIS E CAMARAS        ;6;0;1;35012;2313;MÁQUINAS PRINCIPAL
92;FRIG. AURORA CASTRO;4228;BG92-17 (BATERIA TRANSPALETEIRA ELÉTRICA);99992215;COD;SETOR DE CONDIMENTOS          ;6;0;1;35012;4472;MÁQUINAS PRINCIPAL
92;FRIG. AURORA CASTRO;4228;BG92-18 (BATERIA TRANSPALETEIRA ELÉTRICA);99992216;TCA;SETOR TUNEIS E CAMARAS        ;6;0;1;35012;2313;MÁQUINAS PRINCIPAL
92;FRIG. AURORA CASTRO;4228;BG92-19 (BATERIA TRANSPALETEIRA ELÉTRICA);99992217;COD;SETOR DE CONDIMENTOS          ;6;0;1;35012;4472;MÁQUINAS PRINCIPAL
92;FRIG. AURORA CASTRO;4228;BG92-2 (BATERIA TRANSPALETEIRA ELÉTRICA);99992199;EXD;EXPEDICAO                     ;6;0;9;35012;2348;MÁQUINAS PRINCIPAL
92;FRIG. AURORA CASTRO;4228;BG92-20 (BATERIA TRANSPALETEIRA ELÉTRICA);99992218;COD;SETOR DE CONDIMENTOS          ;6;0;1;35012;4472;MÁQUINAS PRINCIPAL
92;FRIG. AURORA CASTRO;4228;BG92-21 (BATERIA TRANSPALETEIRA ELÉTRICA);99992219;COD;SETOR DE CONDIMENTOS          ;6;0;1;35012;4472;MÁQUINAS PRINCIPAL
92;FRIG. AURORA CASTRO;4228;BG92-22 (BATERIA TRANSPALETEIRA ELÉTRICA);99992220;SEI;SETOR EMB INDUSTRIALIZADOS    ;6;0;1;35012;5345;MÁQUINAS PRINCIPAL
92;FRIG. AURORA CASTRO;4228;BG92-23 (BATERIA TRANSPALETEIRA ELÉTRICA);99992221;COD;SETOR DE CONDIMENTOS          ;6;0;1;35012;4472;MÁQUINAS PRINCIPAL
92;FRIG. AURORA CASTRO;4228;BG92-27 (BATERIA TRANSPALETEIRA ELÉTRICA);99992225;COD;SETOR DE CONDIMENTOS          ;6;0;1;35012;4472;MÁQUINAS PRINCIPAL
92;FRIG. AURORA CASTRO;4228;BG92-28 (BATERIA TRANSPALETEIRA ELÉTRICA);99992226;COD;SETOR DE CONDIMENTOS          ;6;0;1;35012;4472;MÁQUINAS PRINCIPAL
92;FRIG. AURORA CASTRO;4228;BG92-3 (BATERIA TRANSPALETEIRA ELÉTRICA);99992200;EXD;EXPEDICAO                     ;6;0;9;35012;2348;MÁQUINAS PRINCIPAL
92;FRIG. AURORA CASTRO;4228;BG92-31 (BATERIA TRANSPALETEIRA ELÉTRICA);99992229;COD;SETOR DE CONDIMENTOS          ;6;0;1;35012;4472;MÁQUINAS PRINCIPAL
92;FRIG. AURORA CASTRO;4228;BG92-32 (BATERIA TRANSPALETEIRA ELÉTRICA);99992230;COD;SETOR DE CONDIMENTOS          ;6;0;1;35012;4472;MÁQUINAS PRINCIPAL
92;FRIG. AURORA CASTRO;4228;BG92-33 (BATERIA TRANSPALETEIRA ELÉTRICA);99992231;COD;SETOR DE CONDIMENTOS          ;6;0;1;35012;4472;MÁQUINAS PRINCIPAL
92;FRIG. AURORA CASTRO;4228;BG92-34 (BATERIA TRANSPALETEIRA ELÉTRICA);99992232;SCL;SETOR ALMOX./CONTR. MATERIAIS ;6;0;1;35012;2089;MÁQUINAS PRINCIPAL
92;FRIG. AURORA CASTRO;4228;BG92-36 (BATERIA TRANSPALETEIRA ELÉTRICA);99992234;SEI;SETOR EMB INDUSTRIALIZADOS    ;6;0;1;35012;5345;MÁQUINAS PRINCIPAL
92;FRIG. AURORA CASTRO;4228;BG92-38 (BATERIA TRANSPALETEIRA ELÉTRICA);;;;;;;;;
;99997066;TCA;SETOR TUNEIS E CAMARAS        ;6;0;1;35012;2313;OUTROS;;;
92;FRIG. AURORA CASTRO;4228;BG92-39 (BATERIA TRANSPALETEIRA ELÉTRICA);;;;;;;;;
;99997067;TCA;SETOR TUNEIS E CAMARAS        ;6;0;1;35012;2313;OUTROS;;;
92;FRIG. AURORA CASTRO;4228;BG92-4 (BATERIA TRANSPALETEIRA ELÉTRICA);99992202;EXD;EXPEDICAO                     ;6;0;9;35012;2348;MÁQUINAS PRINCIPAL
92;FRIG. AURORA CASTRO;4228;BG92-40 (BATERIA TRANSPALETEIRA ELÉTRICA);;;;;;;;;
;99997068;COD;SETOR DE CONDIMENTOS          ;6;0;1;35012;4472;OUTROS;;;
92;FRIG. AURORA CASTRO;4228;BG92-41 (BATERIA TRANSPALETEIRA ELÉTRICA);;;;;;;;;
;99997069;COD;SETOR DE CONDIMENTOS          ;6;0;1;35012;4472;OUTROS;;;
92;FRIG. AURORA CASTRO;4228;BG92-5 (BATERIA TRANSPALETEIRA ELÉTRICA);99992203;EXD;EXPEDICAO                     ;6;0;15;35012;2348;MÁQUINAS PRINCIPAL
92;FRIG. AURORA CASTRO;4228;BG92-6 (BATERIA TRANSPALETEIRA ELÉTRICA);99992204;EXD;EXPEDICAO                     ;6;0;15;35012;2348;MÁQUINAS PRINCIPAL
92;FRIG. AURORA CASTRO;4228;BG92-7 (BATERIA TRANSPALETEIRA ELÉTRICA);99992205;EXD;EXPEDICAO                     ;6;0;15;35012;2348;MÁQUINAS PRINCIPAL
92;FRIG. AURORA CASTRO;4228;BG92-8 (BATERIA TRANSPALETEIRA ELÉTRICA);99992206;EXD;EXPEDICAO                     ;6;0;15;35012;2348;MÁQUINAS PRINCIPAL
92;FRIG. AURORA CASTRO;4228;BG92-9 (BATERIA TRANSPALETEIRA ELÉTRICA);99992207;EXD;EXPEDICAO                     ;6;0;15;35012;2348;MÁQUINAS PRINCIPAL
92;FRIG. AURORA CASTRO;4228;BM92-1 (BATERIA EMPILHADEIRA RETRÁTIL);99992189;EXD;EXPEDICAO                     ;6;0;1;35012;2348;MÁQUINAS PRINCIPAL
92;FRIG. AURORA CASTRO;4228;BM92-2 (BATERIA EMPILHADEIRA RETRÁTIL);99992190;EXD;EXPEDICAO                     ;6;0;6;35012;2348;MÁQUINAS PRINCIPAL
92;FRIG. AURORA CASTRO;4228;BM92-3 (BATERIA EMPILHADEIRA RETRÁTIL);99992191;EXD;EXPEDICAO                     ;6;0;1;35012;2348;MÁQUINAS PRINCIPAL
92;FRIG. AURORA CASTRO;4228;BM92-4 (BATERIA EMPILHADEIRA RETRÁTIL);99992192;EXD;EXPEDICAO                     ;6;0;1;35012;2348;MÁQUINAS PRINCIPAL
92;FRIG. AURORA CASTRO;4228;BM92-5 (BATERIA EMPILHADEIRA RETRÁTIL);99992193;EXD;EXPEDICAO                     ;6;0;1;35012;2348;MÁQUINAS PRINCIPAL
92;FRIG. AURORA CASTRO;4228;BM92-6 (BATERIA EMPILHADEIRA RETRÁTIL);99992194;EXD;EXPEDICAO                     ;6;0;1;35012;2348;MÁQUINAS PRINCIPAL
92;FRIG. AURORA CASTRO;4228;BM92-7 (BATERIA EMPILHADEIRA RETRÁTIL);99992195;EXD;EXPEDICAO                     ;6;0;1;35012;2348;MÁQUINAS PRINCIPAL
92;FRIG. AURORA CASTRO;4228;BM92-8 (BATERIA EMPILHADEIRA RETRÁTIL);99992196;EXD;EXPEDICAO                     ;6;0;1;35012;2348;MÁQUINAS PRINCIPAL
92;FRIG. AURORA CASTRO;4228;BM92-9 (BATERIA EMPILHADEIRA RETRÁTIL);99992197;COD;SETOR DE CONDIMENTOS          ;6;0;1;35012;4472;MÁQUINAS PRINCIPAL
92;FRIG. AURORA CASTRO;4228;BOMBA 01 DESCARTE DE LODO NM038BY01L063 ETE (BB1701000023);99986137;ETE;SETOR DE OPERACAO DE ETE      ;6;;9999;6001;1228;MÁQUINAS PRINCIPAL
92;FRIG. AURORA CASTRO;4228;BOMBA 01 RECIRCULAÇÃO DE LODO ETE (BB1701000025);99986117;ETE;SETOR DE OPERACAO DE ETE      ;6;;9999;6001;1228;MÁQUINAS PRINCIPAL
92;FRIG. AURORA CASTRO;4228;BOMBA 02 DESCARTE DE LODO NM038BY01L063 ETE (BB1701000024);99986136;ETE;SETOR DE OPERACAO DE ETE      ;6;;9999;6001;1228;MÁQUINAS PRINCIPAL
92;FRIG. AURORA CASTRO;4228;BOMBA 02 RECIRCULAÇÃO DE LODO ETE (BB1701000026);99986115;ETE;SETOR DE OPERACAO DE ETE      ;6;;9999;6001;1228;MÁQUINAS PRINCIPAL
92;FRIG. AURORA CASTRO;4228;BOMBA DE CAPTACAO DE AGUA 01;99985851;ETA;SETOR DE OPERACAO DE ETA      ;10;;9999;6001;1244;MÁQUINAS PRINCIPAL
92;FRIG. AURORA CASTRO;4228;BOMBA DE CAPTACAO DE AGUA 01 (99985851) - MOTOR;99988993;ETA;SETOR DE OPERACAO DE ETA      ;6;;9999;19000;1244;MÁQUINAS SECUNDÁRIAS
92;FRIG. AURORA CASTRO;4228;BOMBA DE CAPTACAO DE AGUA 02;99988994;ETA;SETOR DE OPERACAO DE ETA      ;8;;9999;6000;1244;MÁQUINAS PRINCIPAL
92;FRIG. AURORA CASTRO;4228;BOMBA DE CAPTACAO DE AGUA 02 (99988995) - MOTOR;99988995;ETA;SETOR DE OPERACAO DE ETA      ;6;;9999;19000;1244;MÁQUINAS SECUNDÁRIAS
92;FRIG. AURORA CASTRO;4228;BOMBA DE LAMELAS EQUIPARE 19 M³/H BRE-19 30CV 01;99986465;GRX;SETOR SUB PRODUTOS GRAXARIA   ;8;0;9999;6000;2330;OUTROS
92;FRIG. AURORA CASTRO;4228;BOMBA DE LAMELAS EQUIPARE 19 M³/H BRE-19 30CV 01 - REDUTOR;99988869;GRX;SETOR SUB PRODUTOS GRAXARIA   ;8;0;9999;18000;2330;OUTROS
92;FRIG. AURORA CASTRO;4228;BOMBA DE LAMELAS EQUIPARE 19 M³/H BRE-19 30CV 01 - REDUTOR - MOTOR;99988868;GRX;SETOR SUB PRODUTOS GRAXARIA   ;8;0;9999;19000;2330;OUTROS
92;FRIG. AURORA CASTRO;4228;BOMBA DE LAMELAS EQUIPARE 19 M³/H BRE-19 30CV 02;99986723;GRX;SETOR SUB PRODUTOS GRAXARIA   ;8;0;9999;6000;2330;OUTROS
92;FRIG. AURORA CASTRO;4228;BOMBA DE LAMELAS EQUIPARE 19 M³/H BRE-19 30CV 02 - REDUTOR;1275;GRX;SETOR SUB PRODUTOS GRAXARIA   ;8;0;9999;18000;2330;OUTROS
92;FRIG. AURORA CASTRO;4228;BOMBA DE LAMELAS EQUIPARE 19 M³/H BRE-19 30CV 02 - REDUTOR - MOTOR;1276;GRX;SETOR SUB PRODUTOS GRAXARIA   ;8;0;9999;19000;2330;OUTROS
92;FRIG. AURORA CASTRO;4228;"BOMBA DE PELO 01 - GALERIA TECNICA BM 4"" 02.011.041.00583 (BB1701000009)";99986466;GRX;SETOR SUB PRODUTOS GRAXARIA   ;6;;9999;6000;2330;MÁQUINAS PRINCIPAL
92;FRIG. AURORA CASTRO;4228;BOMBA DE PELO 02 (99986467) - MOTOR;99988870;GRX;SETOR SUB PRODUTOS GRAXARIA   ;6;;9999;19000;2330;MÁQUINAS SECUNDÁRIAS
92;FRIG. AURORA CASTRO;4228;BOMBA DE PELO 02 (99986467) - REDUTOR;99988871;GRX;SETOR SUB PRODUTOS GRAXARIA   ;6;;9999;18000;2330;MÁQUINAS SECUNDÁRIAS
92;FRIG. AURORA CASTRO;4228;"BOMBA DE PELO 02 - GALERIA TECNICA BM 4"" 02.011.041.00583";99986467;GRX;SETOR SUB PRODUTOS GRAXARIA   ;6;;9999;6000;2330;MÁQUINAS PRINCIPAL
92;FRIG. AURORA CASTRO;4228;BOMBA HIGIENIZAÇÃO;99996038;EST;SETOR DE ESTUFAS              ;6;257928;9999;6000;4588;MÁQUINAS SECUNDÁRIAS
92;FRIG. AURORA CASTRO;4228;BV92-1 (BATERIA EMPILHADEIRA PATOLADA);99992255;SCL;SETOR ALMOX./CONTR. MATERIAIS ;6;0;1;35012;2089;MÁQUINAS PRINCIPAL
92;FRIG. AURORA CASTRO;4228;BV92-2 (BATERIA EMPILHADEIRA PATOLADA);99992256;SEI;SETOR EMB INDUSTRIALIZADOS    ;6;0;1;35012;5345;MÁQUINAS PRINCIPAL
92;FRIG. AURORA CASTRO;4228;BV92-3 (BATERIA EMPILHADEIRA PATOLADA);99992257;SCL;SETOR ALMOX./CONTR. MATERIAIS ;6;0;1;35012;2089;MÁQUINAS PRINCIPAL
92;FRIG. AURORA CASTRO;4228;BV92-4 (EMPILHADEIRA EMPILHADEIRA PATOLADA);99992258;SCL;SETOR ALMOX./CONTR. MATERIAIS ;6;0;1;35012;2089;MÁQUINAS PRINCIPAL
92;FRIG. AURORA CASTRO;4228;BV92-5 (BATERIA EMPILHADEIRA PATOLADA);99992259;SCL;SETOR ALMOX./CONTR. MATERIAIS ;6;0;1;35012;2089;MÁQUINAS PRINCIPAL
92;FRIG. AURORA CASTRO;4228;BV92-6 (BATERIA EMPILHADEIRA BATOLADA);3100;EXD;EXPEDICAO                     ;6;0;15;35012;2348;OUTROS
92;FRIG. AURORA CASTRO;4228;BV92-7 (BATERIA EMPILHADEIRA BATOLADA);3102;EXD;EXPEDICAO                     ;8;0;15;35012;2348;OUTROS
92;FRIG. AURORA CASTRO;4228;BX92-1 (BATERIA TRANSPALETEIRA A BORDO);99992235;EXD;EXPEDICAO                     ;6;0;17;35012;2348;MÁQUINAS PRINCIPAL
92;FRIG. AURORA CASTRO;4228;BX92-10 (BATERIA TRANSPALETEIRA A BORDO);99992244;SEI;SETOR EMB INDUSTRIALIZADOS    ;6;0;1;35012;5345;MÁQUINAS PRINCIPAL
92;FRIG. AURORA CASTRO;4228;BX92-11 (BATERIA TRANSPALETEIRA A BORDO);99992246;SCL;SETOR ALMOX./CONTR. MATERIAIS ;6;0;1;35012;2089;MÁQUINAS PRINCIPAL
92;FRIG. AURORA CASTRO;4228;BX92-12 (BATERIA TRANSPALETEIRA A BORDO);99992247;SCL;SETOR ALMOX./CONTR. MATERIAIS ;6;0;1;35012;2089;MÁQUINAS PRINCIPAL
92;FRIG. AURORA CASTRO;4228;BX92-2 (BATERIA TRANSPALETEIRA A BORDO);99992236;EXD;EXPEDICAO                     ;6;0;17;35012;2348;MÁQUINAS PRINCIPAL
92;FRIG. AURORA CASTRO;4228;BX92-3 (BATERIA TRANSPALETEIRA A BORDO);99992237;EXD;EXPEDICAO                     ;6;0;17;35012;2348;MÁQUINAS PRINCIPAL
92;FRIG. AURORA CASTRO;4228;BX92-4 (BATERIA TRANSPALETEIRA A BORDO);99992238;EXD;EXPEDICAO                     ;6;0;17;35012;2348;MÁQUINAS PRINCIPAL
92;FRIG. AURORA CASTRO;4228;BX92-7 (BATERIA TRANSPALETEIRA A BORDO);99992241;COD;SETOR DE CONDIMENTOS          ;6;0;1;35012;4472;MÁQUINAS PRINCIPAL
92;FRIG. AURORA CASTRO;4228;BX92-9 (BATERIA TRANSPALETEIRA A BORDO);99992243;COD;SETOR DE CONDIMENTOS          ;6;0;1;35012;4472;MÁQUINAS PRINCIPAL
92;FRIG. AURORA CASTRO;4228;C92-1 (CARREGADOR TRIF SELECTIVA 4060 CH-HF-4060T);3408;EXD;EXPEDICAO                     ;6;0;1;35014;2348;OUTROS
92;FRIG. AURORA CASTRO;4228;C92-10(CARREGADOR TRIF SELECTIVA 4120 CH-HF-4120T);3417;EXD;EXPEDICAO                     ;6;0;1;35014;2348;OUTROS
92;FRIG. AURORA CASTRO;4228;C92-11 (CARREGADOR TRIF SELECTIVA 4120 CH-HF-4120T);3418;EXD;EXPEDICAO                     ;6;0;1;35014;2348;OUTROS
92;FRIG. AURORA CASTRO;4228;C92-12 (CAREGADOR MON SELECTIVA 2040 CH-HF-2040M);3104;EXD;EXPEDICAO                     ;6;0;1;35014;2348;OUTROS
92;FRIG. AURORA CASTRO;4228;C92-2 (CARREGADOR TRIF SELECTIVA 4060 CH-HF-4060T);3409;EXD;EXPEDICAO                     ;6;0;1;35014;2348;OUTROS
92;FRIG. AURORA CASTRO;4228;C92-3 (CARREGADOR TRIF SELECTIVA 4060 CH-HF-4060T);3410;EXD;EXPEDICAO                     ;6;0;1;35014;2348;OUTROS
92;FRIG. AURORA CASTRO;4228;C92-4 (CARREGADOR TRIF SELECTIVA 4060 CH-HF-4060T);3411;EXD;EXPEDICAO                     ;6;0;1;35014;2348;OUTROS
92;FRIG. AURORA CASTRO;4228;C92-5 (CARREGADOR TRIF SELECTIVA 4060 CH-HF-4060T);3412;EXD;EXPEDICAO                     ;6;0;1;35014;2348;OUTROS
92;FRIG. AURORA CASTRO;4228;C92-6 (CARREGADOR TRIF SELECTIVA 4060 CH-HF-4060T);3413;EXD;EXPEDICAO                     ;6;0;1;35014;2348;OUTROS
92;FRIG. AURORA CASTRO;4228;C92-7 (CARREGADOR TRIF SELECTIVA 4075 CH-HF-4075T);3414;EXD;EXPEDICAO                     ;6;0;1;35014;2348;OUTROS
92;FRIG. AURORA CASTRO;4228;C92-8 (CARREGADOR TRIF SELECTIVA 4090 CH-HF-4090T);3415;EXD;EXPEDICAO                     ;6;0;1;35014;2348;OUTROS
92;FRIG. AURORA CASTRO;4228;C92-9 (CARREGADOR TRIF SELECTIVA 4120 CH-HF-4120T);3416;EXD;EXPEDICAO                     ;6;0;1;35014;2348;OUTROS
92;FRIG. AURORA CASTRO;4228;CALDEIRA HBFC 5 08 TON;99985425;GEV;SETOR DE OPERACAO DE CALOR    ;8;253123;9999;21001;1236;MÁQUINAS PRINCIPAL
92;FRIG. AURORA CASTRO;4228;CALDEIRA HBFC 5 08 TON - BOMBA ÁGUA 01;99985830;GEV;SETOR DE OPERACAO DE CALOR    ;8;253110;9999;6000;1236;MÁQUINAS PRINCIPAL
92;FRIG. AURORA CASTRO;4228;CALDEIRA HBFC 5 08 TON - BOMBA ÁGUA 01 - MOTOR;99985807;GEV;SETOR DE OPERACAO DE CALOR    ;8;253110;9999;19000;1236;MÁQUINAS SECUNDÁRIAS
92;FRIG. AURORA CASTRO;4228;CALDEIRA HBFC 5 08 TON - BOMBA ÁGUA 02;99985596;GEV;SETOR DE OPERACAO DE CALOR    ;8;253111;9999;6000;1236;MÁQUINAS PRINCIPAL
92;FRIG. AURORA CASTRO;4228;CALDEIRA HBFC 5 08 TON - BOMBA ÁGUA 02 - MOTOR;99985594;GEV;SETOR DE OPERACAO DE CALOR    ;8;253111;9999;19000;1236;MÁQUINAS SECUNDÁRIAS
92;FRIG. AURORA CASTRO;4228;CALDEIRA HBFC 5 08 TON - CAIXA DE CINZAS;99985591;GEV;SETOR DE OPERACAO DE CALOR    ;4;253123;9999;21001;1236;MÁQUINAS SECUNDÁRIAS
92;FRIG. AURORA CASTRO;4228;CALDEIRA HBFC 5 08 TON - CAIXA DE CINZAS - VÁLVULA ROTATIVA;99994125;GEV;SETOR DE OPERACAO DE CALOR    ;8;253123;9999;21001;1236;MÁQUINAS SECUNDÁRIAS
92;FRIG. AURORA CASTRO;4228;CALDEIRA HBFC 5 08 TON - EXAUSTOR;99985786;GEV;SETOR DE OPERACAO DE CALOR    ;8;253126;9999;27000;1236;MÁQUINAS PRINCIPAL
92;FRIG. AURORA CASTRO;4228;CALDEIRA HBFC 5 08 TON - EXAUSTOR - MOTOR;99994127;GEV;SETOR DE OPERACAO DE CALOR    ;8;253126;9999;19000;1236;MÁQUINAS SECUNDÁRIAS
92;FRIG. AURORA CASTRO;4228;CALDEIRA HBFC 5 08 TON - GARRAFA DE NÍVEL;99994128;GEV;SETOR DE OPERACAO DE CALOR    ;8;253123;9999;21001;1236;MÁQUINAS SECUNDÁRIAS
92;FRIG. AURORA CASTRO;4228;CALDEIRA HBFC 5 08 TON - GRELHA;99985789;GEV;SETOR DE OPERACAO DE CALOR    ;8;253123;9999;21001;1236;MÁQUINAS SECUNDÁRIAS
92;FRIG. AURORA CASTRO;4228;CALDEIRA HBFC 5 08 TON - MULTICICLONE EXTRATOR DE CINZAS;99985787;GEV;SETOR DE OPERACAO DE CALOR    ;8;253125;9999;21001;1236;MÁQUINAS PRINCIPAL
92;FRIG. AURORA CASTRO;4228;CALDEIRA HBFC 5 08 TON - MULTICICLONE EXTRATOR DE CINZAS - ROSCA;99985824;GEV;SETOR DE OPERACAO DE CALOR    ;8;253130;9999;37010;1236;MÁQUINAS PRINCIPAL
92;FRIG. AURORA CASTRO;4228;CALDEIRA HBFC 5 08 TON - MULTICICLONE EXTRATOR DE CINZAS - ROSCA - RED. - MOTOR;99985820;GEV;SETOR DE OPERACAO DE CALOR    ;8;253130;9999;19000;1236;MÁQUINAS SECUNDÁRIAS
92;FRIG. AURORA CASTRO;4228;CALDEIRA HBFC 5 08 TON - MULTICICLONE EXTRATOR DE CINZAS - ROSCA - REDUTOR;99985819;GEV;SETOR DE OPERACAO DE CALOR    ;8;253130;9999;18000;1236;MÁQUINAS SECUNDÁRIAS
92;FRIG. AURORA CASTRO;4228;CALDEIRA HBFC 5 08 TON - PRÉ AQUECEDOR DE AR;99985586;GEV;SETOR DE OPERACAO DE CALOR    ;8;253123;9999;21001;1236;MÁQUINAS SECUNDÁRIAS
92;FRIG. AURORA CASTRO;4228;CALDEIRA HBFC 5 08 TON - SILO PULMÃO;99985833;GEV;SETOR DE OPERACAO DE CALOR    ;8;253122;9999;38003;1236;MÁQUINAS PRINCIPAL
92;FRIG. AURORA CASTRO;4228;CALDEIRA HBFC 5 08 TON - SILO PULMÃO - MEXEDOR;99985799;GEV;SETOR DE OPERACAO DE CALOR    ;8;253122;9999;21001;1236;MÁQUINAS SECUNDÁRIAS
92;FRIG. AURORA CASTRO;4228;CALDEIRA HBFC 5 08 TON - SILO PULMÃO - MEXEDOR - REDUTOR;99994130;GEV;SETOR DE OPERACAO DE CALOR    ;8;253122;9999;18000;1236;MÁQUINAS SECUNDÁRIAS
92;FRIG. AURORA CASTRO;4228;CALDEIRA HBFC 5 08 TON - SILO PULMÃO - MEXEDOR - REDUTOR - MOTOR;99994131;GEV;SETOR DE OPERACAO DE CALOR    ;8;253122;9999;19000;1236;MÁQUINAS SECUNDÁRIAS
92;FRIG. AURORA CASTRO;4228;CALDEIRA HBFC 5 08 TON - SILO PULMÃO - ROSCA ALIMENT. 01 - ROSCA;99985821;GEV;SETOR DE OPERACAO DE CALOR    ;8;253122;9999;37010;1236;MÁQUINAS SECUNDÁRIAS
92;FRIG. AURORA CASTRO;4228;CALDEIRA HBFC 5 08 TON - SILO PULMÃO - ROSCA ALIMENT. 01 - ROSCA - RED. - MOTOR;99994133;GEV;SETOR DE OPERACAO DE CALOR    ;8;253122;9999;19000;1236;MÁQUINAS SECUNDÁRIAS
92;FRIG. AURORA CASTRO;4228;CALDEIRA HBFC 5 08 TON - SILO PULMÃO - ROSCA ALIMENT. 01 - ROSCA - REDUTOR;99994132;GEV;SETOR DE OPERACAO DE CALOR    ;8;253122;9999;18000;1236;MÁQUINAS SECUNDÁRIAS
92;FRIG. AURORA CASTRO;4228;CALDEIRA HBFC 5 08 TON - SILO PULMÃO - ROSCA ALIMENT. 02 - ROSCA;99985822;GEV;SETOR DE OPERACAO DE CALOR    ;8;253123;9999;37010;1236;MÁQUINAS SECUNDÁRIAS
92;FRIG. AURORA CASTRO;4228;CALDEIRA HBFC 5 08 TON - SILO PULMÃO - ROSCA ALIMENT. 02 - ROSCA - RED. - MOTOR;99994135;GEV;SETOR DE OPERACAO DE CALOR    ;8;253123;9999;19000;1236;MÁQUINAS SECUNDÁRIAS
92;FRIG. AURORA CASTRO;4228;CALDEIRA HBFC 5 08 TON - SILO PULMÃO - ROSCA ALIMENT. 02 - ROSCA - REDUTOR;99994134;GEV;SETOR DE OPERACAO DE CALOR    ;8;253123;9999;18000;1236;MÁQUINAS SECUNDÁRIAS
92;FRIG. AURORA CASTRO;4228;CALDEIRA HBFC 5 08 TON - SISTEMA ELÉTRICO;99994136;GEV;SETOR DE OPERACAO DE CALOR    ;8;253123;9999;21001;1236;MÁQUINAS SECUNDÁRIAS
92;FRIG. AURORA CASTRO;4228;CALDEIRA HBFC 5 08 TON - TANQUE DESCARGA FUNDO;99994137;GEV;SETOR DE OPERACAO DE CALOR    ;8;253127;9999;23008;1236;MÁQUINAS PRINCIPAL
92;FRIG. AURORA CASTRO;4228;CALDEIRA HBFC 5 08 TON - TANQUE DESCARGA FUNDO - VÁLVULA 01;99985609;GEV;SETOR DE OPERACAO DE CALOR    ;8;253128;9999;21001;1236;MÁQUINAS PRINCIPAL
92;FRIG. AURORA CASTRO;4228;CALDEIRA HBFC 5 08 TON - TANQUE DESCARGA FUNDO - VÁLVULA 02;99985610;GEV;SETOR DE OPERACAO DE CALOR    ;8;253129;9999;21001;1236;MÁQUINAS PRINCIPAL
92;FRIG. AURORA CASTRO;4228;CALDEIRA HBFC 5 08 TON - TRATAMENTO QUÍMICO - BOMBA DIAFRAGMA;99994233;GEV;SETOR DE OPERACAO DE CALOR    ;8;253123;9999;21003;1236;MÁQUINAS SECUNDÁRIAS
92;FRIG. AURORA CASTRO;4228;CALDEIRA HBFC 5 08 TON - TRATAMENTO QUÍMICO - RESERVATÓRIO;99994230;GEV;SETOR DE OPERACAO DE CALOR    ;8;253123;9999;23008;1236;MÁQUINAS SECUNDÁRIAS
92;FRIG. AURORA CASTRO;4228;CALDEIRA HBFC 5 08 TON - TRATAMENTO QUÍMICO - RESERVATÓRIO - MISTURADOR;99994231;GEV;SETOR DE OPERACAO DE CALOR    ;8;253123;9999;38009;1236;MÁQUINAS SECUNDÁRIAS
92;FRIG. AURORA CASTRO;4228;CALDEIRA HBFC 5 08 TON - TRATAMENTO QUÍMICO - RESERVATÓRIO - MISTURADOR - MOTOR;99994232;GEV;SETOR DE OPERACAO DE CALOR    ;8;253123;9999;19000;1236;MÁQUINAS SECUNDÁRIAS
92;FRIG. AURORA CASTRO;4228;CALDEIRA HBFC 5 08 TON - TUBOS DE CHAMA;99985840;GEV;SETOR DE OPERACAO DE CALOR    ;8;253123;9999;21001;1236;MÁQUINAS SECUNDÁRIAS
92;FRIG. AURORA CASTRO;4228;CALDEIRA HBFC 5 08 TON - VENTILADOR;99985847;GEV;SETOR DE OPERACAO DE CALOR    ;8;253124;9999;27000;1236;MÁQUINAS SECUNDÁRIAS
92;FRIG. AURORA CASTRO;4228;CALDEIRA HBFC 5 08 TON - VENTILADOR - DAMPER;99994143;GEV;SETOR DE OPERACAO DE CALOR    ;8;253124;9999;21001;1236;MÁQUINAS SECUNDÁRIAS
92;FRIG. AURORA CASTRO;4228;CALDEIRA HBFC 5 08 TON - VENTILADOR - DAMPER - MOTOR;99994144;GEV;SETOR DE OPERACAO DE CALOR    ;8;253124;9999;19000;1236;MÁQUINAS SECUNDÁRIAS
92;FRIG. AURORA CASTRO;4228;CALDEIRA HBFC 5 08 TON - VENTILADOR - DAMPER MANUAL;99985597;GEV;SETOR DE OPERACAO DE CALOR    ;8;253124;9999;21001;1236;MÁQUINAS SECUNDÁRIAS
92;FRIG. AURORA CASTRO;4228;CALDEIRA HBFC 5 08 TON - VENTILADOR - MOTOR;99994145;GEV;SETOR DE OPERACAO DE CALOR    ;8;253124;9999;19000;1236;MÁQUINAS SECUNDÁRIAS
92;FRIG. AURORA CASTRO;4228;CALDEIRA HBFC 5 08 TON - VÁLVULA DE SEGURANÇA 01;99994138;GEV;SETOR DE OPERACAO DE CALOR    ;8;253123;9999;21001;1236;MÁQUINAS SECUNDÁRIAS
92;FRIG. AURORA CASTRO;4228;CALDEIRA HBFC 5 08 TON - VÁLVULA DE SEGURANÇA 02;99994139;GEV;SETOR DE OPERACAO DE CALOR    ;8;253123;9999;21001;1236;MÁQUINAS SECUNDÁRIAS
92;FRIG. AURORA CASTRO;4228;CALDEIRA HBFC 5 08 TON - VÁLVULA GERAL DE VAPOR;99994140;GEV;SETOR DE OPERACAO DE CALOR    ;8;253114;9999;21001;1236;MÁQUINAS PRINCIPAL
92;FRIG. AURORA CASTRO;4228;CALDEIRA HBFC 5 08 TON - VÁLVULA INJETORA DE ÁGUA;99994141;GEV;SETOR DE OPERACAO DE CALOR    ;8;253116;9999;21001;1236;MÁQUINAS PRINCIPAL
92;FRIG. AURORA CASTRO;4228;CALDEIRA HBFC 5 08 TON - VÁLVULA REDUTORA DE PRESSÃO;99994142;GEV;SETOR DE OPERACAO DE CALOR    ;8;253123;9999;21001;1236;MÁQUINAS SECUNDÁRIAS
92;FRIG. AURORA CASTRO;4228;CALDEIRA HBFR 3 15 TON;99985587;GEV;SETOR DE OPERACAO DE CALOR    ;8;253099;9999;21001;1236;MÁQUINAS PRINCIPAL
92;FRIG. AURORA CASTRO;4228;CALDEIRA HBFR 3 15 TON - BOMBA ÁGUA 01;99994146;GEV;SETOR DE OPERACAO DE CALOR    ;8;253112;9999;6000;1236;MÁQUINAS PRINCIPAL
92;FRIG. AURORA CASTRO;4228;CALDEIRA HBFR 3 15 TON - BOMBA ÁGUA 01 - MOTOR;99994147;GEV;SETOR DE OPERACAO DE CALOR    ;8;253112;9999;19000;1236;MÁQUINAS SECUNDÁRIAS
92;FRIG. AURORA CASTRO;4228;CALDEIRA HBFR 3 15 TON - BOMBA ÁGUA 02;99994148;GEV;SETOR DE OPERACAO DE CALOR    ;8;253113;9999;6000;1236;MÁQUINAS PRINCIPAL
92;FRIG. AURORA CASTRO;4228;CALDEIRA HBFR 3 15 TON - BOMBA ÁGUA 02 - MOTOR;99994149;GEV;SETOR DE OPERACAO DE CALOR    ;8;253113;9999;19000;1236;MÁQUINAS SECUNDÁRIAS
92;FRIG. AURORA CASTRO;4228;CALDEIRA HBFR 3 15 TON - CAIXA DE CINZAS;99985590;GEV;SETOR DE OPERACAO DE CALOR    ;4;253099;9999;21001;1236;MÁQUINAS SECUNDÁRIAS
92;FRIG. AURORA CASTRO;4228;CALDEIRA HBFR 3 15 TON - CAIXA DE CINZAS - VÁLVULA ROTATIVA;99994151;GEV;SETOR DE OPERACAO DE CALOR    ;8;253099;9999;21001;1236;MÁQUINAS SECUNDÁRIAS
92;FRIG. AURORA CASTRO;4228;CALDEIRA HBFR 3 15 TON - EXAUSTOR;99985630;GEV;SETOR DE OPERACAO DE CALOR    ;8;253102;9999;27000;1236;MÁQUINAS PRINCIPAL
92;FRIG. AURORA CASTRO;4228;CALDEIRA HBFR 3 15 TON - EXAUSTOR - MOTOR;99994152;GEV;SETOR DE OPERACAO DE CALOR    ;8;253102;9999;19000;1236;MÁQUINAS SECUNDÁRIAS
92;FRIG. AURORA CASTRO;4228;CALDEIRA HBFR 3 15 TON - GARRAFA DE NÍVEL;99994153;GEV;SETOR DE OPERACAO DE CALOR    ;8;253099;9999;21001;1236;MÁQUINAS SECUNDÁRIAS
92;FRIG. AURORA CASTRO;4228;CALDEIRA HBFR 3 15 TON - GRELHA;99985796;GEV;SETOR DE OPERACAO DE CALOR    ;8;253099;9999;21001;1236;MÁQUINAS SECUNDÁRIAS
92;FRIG. AURORA CASTRO;4228;CALDEIRA HBFR 3 15 TON - GRELHA - ROSCA EXTRATORA 01;99985816;GEV;SETOR DE OPERACAO DE CALOR    ;8;253099;9999;37010;1236;MÁQUINAS SECUNDÁRIAS
92;FRIG. AURORA CASTRO;4228;CALDEIRA HBFR 3 15 TON - GRELHA - ROSCA EXTRATORA 01 - REDUTOR;99994155;GEV;SETOR DE OPERACAO DE CALOR    ;8;253099;9999;18000;1236;MÁQUINAS SECUNDÁRIAS
92;FRIG. AURORA CASTRO;4228;CALDEIRA HBFR 3 15 TON - GRELHA - ROSCA EXTRATORA 01 - REDUTOR - MOTOR;99994157;GEV;SETOR DE OPERACAO DE CALOR    ;8;253099;9999;19000;1236;MÁQUINAS SECUNDÁRIAS
92;FRIG. AURORA CASTRO;4228;CALDEIRA HBFR 3 15 TON - GRELHA - ROSCA EXTRATORA 02;99985817;GEV;SETOR DE OPERACAO DE CALOR    ;8;253099;9999;37010;1236;MÁQUINAS SECUNDÁRIAS
92;FRIG. AURORA CASTRO;4228;CALDEIRA HBFR 3 15 TON - GRELHA - ROSCA EXTRATORA 02 - REDUTOR;99994158;GEV;SETOR DE OPERACAO DE CALOR    ;8;253099;9999;18000;1236;MÁQUINAS SECUNDÁRIAS
92;FRIG. AURORA CASTRO;4228;CALDEIRA HBFR 3 15 TON - GRELHA - ROSCA EXTRATORA 02 - REDUTOR - MOTOR;99994159;GEV;SETOR DE OPERACAO DE CALOR    ;8;253099;9999;19000;1236;MÁQUINAS SECUNDÁRIAS
92;FRIG. AURORA CASTRO;4228;CALDEIRA HBFR 3 15 TON - GRELHA - SISTEMA PNEUMÁTICO;99994154;GEV;SETOR DE OPERACAO DE CALOR    ;8;253099;9999;21001;1236;MÁQUINAS SECUNDÁRIAS
92;FRIG. AURORA CASTRO;4228;CALDEIRA HBFR 3 15 TON - MULTICICLONE EXTRATOR DE CINZAS;99994160;GEV;SETOR DE OPERACAO DE CALOR    ;8;253105;9999;21001;1236;MÁQUINAS PRINCIPAL
92;FRIG. AURORA CASTRO;4228;CALDEIRA HBFR 3 15 TON - MULTICICLONE EXTRATOR DE CINZAS - ROSCA;99985826;GEV;SETOR DE OPERACAO DE CALOR    ;8;253105;9999;37010;1236;MÁQUINAS SECUNDÁRIAS
92;FRIG. AURORA CASTRO;4228;CALDEIRA HBFR 3 15 TON - MULTICICLONE EXTRATOR DE CINZAS - ROSCA - RED. - MOTOR;99994162;GEV;SETOR DE OPERACAO DE CALOR    ;8;253105;9999;19000;1236;MÁQUINAS SECUNDÁRIAS
92;FRIG. AURORA CASTRO;4228;CALDEIRA HBFR 3 15 TON - MULTICICLONE EXTRATOR DE CINZAS - ROSCA - REDUTOR;99994161;GEV;SETOR DE OPERACAO DE CALOR    ;8;253105;9999;18000;1236;MÁQUINAS SECUNDÁRIAS
92;FRIG. AURORA CASTRO;4228;CALDEIRA HBFR 3 15 TON - PRÉ AQUECEDOR DE AR;99985584;GEV;SETOR DE OPERACAO DE CALOR    ;8;253099;9999;21001;1236;MÁQUINAS SECUNDÁRIAS
92;FRIG. AURORA CASTRO;4228;CALDEIRA HBFR 3 15 TON - SILO PULMÃO;99985831;GEV;SETOR DE OPERACAO DE CALOR    ;8;253098;9999;38003;1236;MÁQUINAS PRINCIPAL
92;FRIG. AURORA CASTRO;4228;CALDEIRA HBFR 3 15 TON - SILO PULMÃO - MEXEDOR;99985798;GEV;SETOR DE OPERACAO DE CALOR    ;8;253098;9999;21001;1236;MÁQUINAS SECUNDÁRIAS
92;FRIG. AURORA CASTRO;4228;CALDEIRA HBFR 3 15 TON - SILO PULMÃO - MEXEDOR - REDUTOR;99994165;GEV;SETOR DE OPERACAO DE CALOR    ;8;253098;9999;18000;1236;MÁQUINAS SECUNDÁRIAS
92;FRIG. AURORA CASTRO;4228;CALDEIRA HBFR 3 15 TON - SILO PULMÃO - MEXEDOR - REDUTOR - MOTOR;99994166;GEV;SETOR DE OPERACAO DE CALOR    ;8;253098;9999;19000;1236;MÁQUINAS SECUNDÁRIAS
92;FRIG. AURORA CASTRO;4228;CALDEIRA HBFR 3 15 TON - SILO PULMÃO - ROSCA DOSADORA 01;99985809;GEV;SETOR DE OPERACAO DE CALOR    ;8;253098;9999;37010;1236;MÁQUINAS SECUNDÁRIAS
92;FRIG. AURORA CASTRO;4228;CALDEIRA HBFR 3 15 TON - SILO PULMÃO - ROSCA DOSADORA 01 - REDUTOR;99994167;GEV;SETOR DE OPERACAO DE CALOR    ;8;253098;9999;18000;1236;MÁQUINAS SECUNDÁRIAS
92;FRIG. AURORA CASTRO;4228;CALDEIRA HBFR 3 15 TON - SILO PULMÃO - ROSCA DOSADORA 01 - REDUTOR - MOTOR;99994168;GEV;SETOR DE OPERACAO DE CALOR    ;8;253098;9999;19000;1236;MÁQUINAS SECUNDÁRIAS
92;FRIG. AURORA CASTRO;4228;CALDEIRA HBFR 3 15 TON - SILO PULMÃO - ROSCA DOSADORA 02;99985811;GEV;SETOR DE OPERACAO DE CALOR    ;8;253098;9999;37010;1236;MÁQUINAS SECUNDÁRIAS
92;FRIG. AURORA CASTRO;4228;CALDEIRA HBFR 3 15 TON - SILO PULMÃO - ROSCA DOSADORA 02 - REDUTOR;99994169;GEV;SETOR DE OPERACAO DE CALOR    ;8;253098;9999;18000;1236;MÁQUINAS SECUNDÁRIAS
92;FRIG. AURORA CASTRO;4228;CALDEIRA HBFR 3 15 TON - SILO PULMÃO - ROSCA DOSADORA 02 - REDUTOR - MOTOR;99994170;GEV;SETOR DE OPERACAO DE CALOR    ;8;253098;9999;19000;1236;MÁQUINAS SECUNDÁRIAS
92;FRIG. AURORA CASTRO;4228;CALDEIRA HBFR 3 15 TON - SILO PULMÃO - ROSCA DOSADORA 03;99985813;GEV;SETOR DE OPERACAO DE CALOR    ;8;253098;9999;37010;1236;MÁQUINAS SECUNDÁRIAS
92;FRIG. AURORA CASTRO;4228;CALDEIRA HBFR 3 15 TON - SILO PULMÃO - ROSCA DOSADORA 03 - REDUTOR;99994171;GEV;SETOR DE OPERACAO DE CALOR    ;8;253098;9999;18000;1236;MÁQUINAS SECUNDÁRIAS
92;FRIG. AURORA CASTRO;4228;CALDEIRA HBFR 3 15 TON - SILO PULMÃO - ROSCA DOSADORA 03 - REDUTOR - MOTOR;99994172;GEV;SETOR DE OPERACAO DE CALOR    ;8;253098;9999;19000;1236;MÁQUINAS SECUNDÁRIAS
92;FRIG. AURORA CASTRO;4228;CALDEIRA HBFR 3 15 TON - SILO PULMÃO - ROSCA DOSADORA 04;99985814;GEV;SETOR DE OPERACAO DE CALOR    ;8;253098;9999;37010;1236;MÁQUINAS SECUNDÁRIAS
92;FRIG. AURORA CASTRO;4228;CALDEIRA HBFR 3 15 TON - SILO PULMÃO - ROSCA DOSADORA 04 - REDUTOR;99994175;GEV;SETOR DE OPERACAO DE CALOR    ;8;253098;9999;18000;1236;MÁQUINAS SECUNDÁRIAS
92;FRIG. AURORA CASTRO;4228;CALDEIRA HBFR 3 15 TON - SILO PULMÃO - ROSCA DOSADORA 04 - REDUTOR - MOTOR;99994177;GEV;SETOR DE OPERACAO DE CALOR    ;8;253098;9999;19000;1236;MÁQUINAS SECUNDÁRIAS
92;FRIG. AURORA CASTRO;4228;CALDEIRA HBFR 3 15 TON - SISTEMA ELÉTRICO;99994179;GEV;SETOR DE OPERACAO DE CALOR    ;8;253099;9999;5009;1236;MÁQUINAS SECUNDÁRIAS
92;FRIG. AURORA CASTRO;4228;CALDEIRA HBFR 3 15 TON - SISTEMA PNEUMÁTICO;99994180;GEV;SETOR DE OPERACAO DE CALOR    ;8;253099;9999;21001;1236;MÁQUINAS SECUNDÁRIAS
92;FRIG. AURORA CASTRO;4228;CALDEIRA HBFR 3 15 TON - TANQUE DESCARGA FUNDO;99994182;GEV;SETOR DE OPERACAO DE CALOR    ;8;253107;9999;23008;1236;MÁQUINAS PRINCIPAL
92;FRIG. AURORA CASTRO;4228;CALDEIRA HBFR 3 15 TON - TANQUE DESCARGA FUNDO - VÁLVULA 01;99985600;GEV;SETOR DE OPERACAO DE CALOR    ;8;253106;9999;21001;1236;MÁQUINAS PRINCIPAL
92;FRIG. AURORA CASTRO;4228;CALDEIRA HBFR 3 15 TON - TANQUE DESCARGA FUNDO - VÁLVULA 02;99985604;GEV;SETOR DE OPERACAO DE CALOR    ;8;253106;9999;21001;1236;MÁQUINAS SECUNDÁRIAS
92;FRIG. AURORA CASTRO;4228;CALDEIRA HBFR 3 15 TON - TANQUE DESCARGA FUNDO - VÁLVULA 03;99985605;GEV;SETOR DE OPERACAO DE CALOR    ;8;253106;9999;21001;1236;MÁQUINAS SECUNDÁRIAS
92;FRIG. AURORA CASTRO;4228;CALDEIRA HBFR 3 15 TON - TANQUE DESCARGA FUNDO - VÁLVULA 04;99985607;GEV;SETOR DE OPERACAO DE CALOR    ;8;253106;9999;21001;1236;MÁQUINAS SECUNDÁRIAS
92;FRIG. AURORA CASTRO;4228;CALDEIRA HBFR 3 15 TON - TRATAMENTO QUÍMICO - BOMBA DIAFRAGMA;99986007;GEV;SETOR DE OPERACAO DE CALOR    ;8;253099;9999;21003;1236;MÁQUINAS SECUNDÁRIAS
92;FRIG. AURORA CASTRO;4228;CALDEIRA HBFR 3 15 TON - TRATAMENTO QUÍMICO - QUADRO COMANDO;99985941;GEV;SETOR DE OPERACAO DE CALOR    ;8;253099;9999;46013;1236;MÁQUINAS SECUNDÁRIAS
92;FRIG. AURORA CASTRO;4228;CALDEIRA HBFR 3 15 TON - TRATAMENTO QUÍMICO - RESERVATÓRIO;99986038;GEV;SETOR DE OPERACAO DE CALOR    ;8;253099;9999;23008;1236;MÁQUINAS SECUNDÁRIAS
92;FRIG. AURORA CASTRO;4228;CALDEIRA HBFR 3 15 TON - TRATAMENTO QUÍMICO - RESERVATÓRIO - MISTURADOR;99986064;GEV;SETOR DE OPERACAO DE CALOR    ;8;253099;9999;38009;1236;MÁQUINAS SECUNDÁRIAS
92;FRIG. AURORA CASTRO;4228;CALDEIRA HBFR 3 15 TON - TRATAMENTO QUÍMICO - RESERVATÓRIO - MISTURADOR - MOTOR;99986034;GEV;SETOR DE OPERACAO DE CALOR    ;8;253099;9999;19000;1236;MÁQUINAS SECUNDÁRIAS
92;FRIG. AURORA CASTRO;4228;CALDEIRA HBFR 3 15 TON - TUBOS DE CHAMA;99985842;GEV;SETOR DE OPERACAO DE CALOR    ;8;253099;9999;21001;1236;MÁQUINAS SECUNDÁRIAS
92;FRIG. AURORA CASTRO;4228;CALDEIRA HBFR 3 15 TON - VENTILADOR PRIMÁRIO;99985844;GEV;SETOR DE OPERACAO DE CALOR    ;8;253103;9999;27000;1236;MÁQUINAS PRINCIPAL
92;FRIG. AURORA CASTRO;4228;CALDEIRA HBFR 3 15 TON - VENTILADOR PRIMÁRIO - DAMPER;99985592;GEV;SETOR DE OPERACAO DE CALOR    ;8;253103;9999;21001;1236;MÁQUINAS SECUNDÁRIAS
92;FRIG. AURORA CASTRO;4228;CALDEIRA HBFR 3 15 TON - VENTILADOR PRIMÁRIO - DAMPER - MOTOR;99994205;GEV;SETOR DE OPERACAO DE CALOR    ;8;253103;9999;19000;1236;MÁQUINAS SECUNDÁRIAS
92;FRIG. AURORA CASTRO;4228;CALDEIRA HBFR 3 15 TON - VENTILADOR PRIMÁRIO - DAMPER MANUAL;99994206;GEV;SETOR DE OPERACAO DE CALOR    ;8;253103;9999;21001;1236;MÁQUINAS SECUNDÁRIAS
92;FRIG. AURORA CASTRO;4228;CALDEIRA HBFR 3 15 TON - VENTILADOR PRIMÁRIO - MOTOR;99994208;GEV;SETOR DE OPERACAO DE CALOR    ;8;253103;9999;19000;1236;MÁQUINAS SECUNDÁRIAS
92;FRIG. AURORA CASTRO;4228;CALDEIRA HBFR 3 15 TON - VENTILADOR SECUNDÁRIO;99985845;GEV;SETOR DE OPERACAO DE CALOR    ;8;253104;9999;27000;1236;MÁQUINAS PRINCIPAL
92;FRIG. AURORA CASTRO;4228;CALDEIRA HBFR 3 15 TON - VENTILADOR SECUNDÁRIO - DAMPER;99985593;GEV;SETOR DE OPERACAO DE CALOR    ;8;253104;9999;21001;1236;MÁQUINAS SECUNDÁRIAS
92;FRIG. AURORA CASTRO;4228;CALDEIRA HBFR 3 15 TON - VENTILADOR SECUNDÁRIO - DAMPER - MOTOR;99994216;GEV;SETOR DE OPERACAO DE CALOR    ;8;253104;9999;19000;1236;MÁQUINAS SECUNDÁRIAS
92;FRIG. AURORA CASTRO;4228;CALDEIRA HBFR 3 15 TON - VENTILADOR SECUNDÁRIO - DAMPER MANUAL;99994218;GEV;SETOR DE OPERACAO DE CALOR    ;8;253104;9999;21001;1236;MÁQUINAS SECUNDÁRIAS
92;FRIG. AURORA CASTRO;4228;CALDEIRA HBFR 3 15 TON - VENTILADOR SECUNDÁRIO - MOTOR;99994220;GEV;SETOR DE OPERACAO DE CALOR    ;8;253104;9999;19000;1236;MÁQUINAS SECUNDÁRIAS
92;FRIG. AURORA CASTRO;4228;CALDEIRA HBFR 3 15 TON - VÁLVULA DE SEGURANÇA 01;99994190;GEV;SETOR DE OPERACAO DE CALOR    ;8;253099;9999;21001;1236;MÁQUINAS SECUNDÁRIAS
92;FRIG. AURORA CASTRO;4228;CALDEIRA HBFR 3 15 TON - VÁLVULA DE SEGURANÇA 02;99994192;GEV;SETOR DE OPERACAO DE CALOR    ;8;253099;9999;21001;1236;MÁQUINAS SECUNDÁRIAS
92;FRIG. AURORA CASTRO;4228;CALDEIRA HBFR 3 15 TON - VÁLVULA GERAL DE VAPOR;99994194;GEV;SETOR DE OPERACAO DE CALOR    ;8;253115;9999;21001;1236;MÁQUINAS PRINCIPAL
92;FRIG. AURORA CASTRO;4228;CALDEIRA HBFR 3 15 TON - VÁLVULA INJETORA DE ÁGUA;99994196;GEV;SETOR DE OPERACAO DE CALOR    ;8;253099;9999;21001;1236;MÁQUINAS SECUNDÁRIAS
92;FRIG. AURORA CASTRO;4228;CALDEIRA HBFR 3 15 TON - VÁLVULA REDUTORA DE PRESSÃO;99994198;GEV;SETOR DE OPERACAO DE CALOR    ;8;253099;9999;21001;1236;MÁQUINAS SECUNDÁRIAS
92;FRIG. AURORA CASTRO;4228;CALDEIRAS - COLETOR GERAL DE VAPOR;99994112;GEV;SETOR DE OPERACAO DE CALOR    ;8;253108;9999;21010;1236;MÁQUINAS PRINCIPAL
92;FRIG. AURORA CASTRO;4228;CALDEIRAS - COLETOR GERAL DE VAPOR - VÁLVULA ALIMENTAÇÃO ABSORÇÃO;99994113;GEV;SETOR DE OPERACAO DE CALOR    ;8;253108;9999;21010;1236;MÁQUINAS SECUNDÁRIAS
92;FRIG. AURORA CASTRO;4228;CALDEIRAS - COLETOR GERAL DE VAPOR - VÁLVULA ALIMENTAÇÃO ETE;99994114;GEV;SETOR DE OPERACAO DE CALOR    ;8;253108;9999;21010;1236;MÁQUINAS SECUNDÁRIAS
92;FRIG. AURORA CASTRO;4228;CALDEIRAS - COLETOR GERAL DE VAPOR - VÁLVULA ALIMENTAÇÃO FFG;99994116;GEV;SETOR DE OPERACAO DE CALOR    ;8;253108;9999;21010;1236;MÁQUINAS SECUNDÁRIAS
92;FRIG. AURORA CASTRO;4228;CALDEIRAS - COLETOR GERAL DE VAPOR - VÁLVULA ALIMENTAÇÃO FÁBRICA;99994115;GEV;SETOR DE OPERACAO DE CALOR    ;8;253108;9999;21010;1236;MÁQUINAS SECUNDÁRIAS
92;FRIG. AURORA CASTRO;4228;CALDEIRAS - COLETOR GERAL DE VAPOR - VÁLVULA ENTRADA CALDEIRA HBFC 5 08 TON;99994117;GEV;SETOR DE OPERACAO DE CALOR    ;8;253108;9999;21010;1236;MÁQUINAS SECUNDÁRIAS
92;FRIG. AURORA CASTRO;4228;CALDEIRAS - COLETOR GERAL DE VAPOR - VÁLVULA ENTRADA CALDEIRA HBFR 3 15 TON;99994118;GEV;SETOR DE OPERACAO DE CALOR    ;8;253108;9999;21010;1236;MÁQUINAS SECUNDÁRIAS
92;FRIG. AURORA CASTRO;4228;CALDEIRAS - RESERVATÓRIO DE CONDENSADO;99985835;GEV;SETOR DE OPERACAO DE CALOR    ;8;253109;9999;23008;1236;MÁQUINAS PRINCIPAL
92;FRIG. AURORA CASTRO;4228;CALDEIRAS - SALA CCM - CCM 01 CALDEIRA HBFR 3;99986162;GEV;SETOR DE OPERACAO DE CALOR    ;8;253154;9999;46013;1236;MÁQUINAS PRINCIPAL
92;FRIG. AURORA CASTRO;4228;CALDEIRAS - SALA CCM - CCM 02 CALDEIRA HBFC 5;99986163;GEV;SETOR DE OPERACAO DE CALOR    ;8;253155;9999;46013;1236;MÁQUINAS PRINCIPAL
92;FRIG. AURORA CASTRO;4228;CALDEIRAS - SALA CCM - CCM ILUMINAÇÃO CAC1404302;99989077;GEV;SETOR DE OPERACAO DE CALOR    ;8;253159;9999;46013;1236;MÁQUINAS PRINCIPAL
92;FRIG. AURORA CASTRO;4228;CALDEIRAS - SALA CCM - CCM SISTEMA DE ALIMENTAÇÃO CALDEIRA CAC13283;99986161;GEV;SETOR DE OPERACAO DE CALOR    ;8;253156;9999;46013;1236;MÁQUINAS PRINCIPAL
92;FRIG. AURORA CASTRO;4228;CALDEIRAS - SALA CCM - CLIMATIZADOR 01;99986039;GEV;SETOR DE OPERACAO DE CALOR    ;8;253157;9999;2009;1236;MÁQUINAS PRINCIPAL
92;FRIG. AURORA CASTRO;4228;CALDEIRAS - SALA CCM - CLIMATIZADOR 02;99986065;GEV;SETOR DE OPERACAO DE CALOR    ;8;253158;9999;2009;1236;MÁQUINAS PRINCIPAL
92;FRIG. AURORA CASTRO;4228;CALDEIRAS - SALA CCM - NOBREAK;99986041;GEV;SETOR DE OPERACAO DE CALOR    ;8;252928;9999;46023;1236;MÁQUINAS PRINCIPAL
92;FRIG. AURORA CASTRO;4228;CALDEIRAS - SALA CCM - QDE ESTABILIZADO CALDEIRA CAC14221;99989076;GEV;SETOR DE OPERACAO DE CALOR    ;8;253119;9999;46013;1236;MÁQUINAS PRINCIPAL
92;FRIG. AURORA CASTRO;4228;CALDEIRAS - SALA DE OPERAÇÃO - CLIMATIZADOR;99994121;GEV;SETOR DE OPERACAO DE CALOR    ;4;253144;9999;2009;1236;MÁQUINAS PRINCIPAL
92;FRIG. AURORA CASTRO;4228;CALDEIRAS - SALA DE OPERAÇÃO - SISTEMA DE MONITORAMENTO;99994120;GEV;SETOR DE OPERACAO DE CALOR    ;4;253140;9999;21001;1236;MÁQUINAS PRINCIPAL
92;FRIG. AURORA CASTRO;4228;CALDEIRAS - SALA DE OPERAÇÃO - SUPERVISÓRIO;99994119;GEV;SETOR DE OPERACAO DE CALOR    ;8;253139;9999;21001;1236;MÁQUINAS PRINCIPAL
92;FRIG. AURORA CASTRO;4228;CAMARA DE CARCAÇA 05(CAM1701000005);99987027;TCA;SETOR TUNEIS E CAMARAS        ;8;1;9999;11009;2313;MÁQUINAS PRINCIPAL
92;FRIG. AURORA CASTRO;4228;CAMARA DE CURA;99986277;CUR;SETOR EMB CURADOS             ;6;258894;9999;11010;5525;MÁQUINAS PRINCIPAL
92;FRIG. AURORA CASTRO;4228;CAMARA DE CURA - MOTOR DO DAMPER;4642;CUR;SETOR EMB CURADOS             ;6;258894;9999;11013;5525;MÁQUINAS SECUNDÁRIAS
92;FRIG. AURORA CASTRO;4228;CAMARA DE CURA - SISITEMA ELETRICO;4640;CUR;SETOR EMB CURADOS             ;6;258894;9999;11013;5525;MÁQUINAS SECUNDÁRIAS
92;FRIG. AURORA CASTRO;4228;CAMARA DE DESCONGELAMENTO (CAM1701000018);99987001;COD;SETOR DE CONDIMENTOS          ;6;1;9999;1600;4472;MÁQUINAS PRINCIPAL
92;FRIG. AURORA CASTRO;4228;CAMARA DE REPOUSO/VENTILAÇÃO (CAM1701000030);99986273;CUR;SETOR EMB CURADOS             ;6;1;9999;11009;5525;MÁQUINAS PRINCIPAL
92;FRIG. AURORA CASTRO;4228;CAMARA DE SECAGEM DE PALETAS (CAM1701000033);99986280;CUR;SETOR EMB CURADOS             ;6;1;9999;11010;5525;MÁQUINAS PRINCIPAL
92;FRIG. AURORA CASTRO;4228;CAMARAS DE PRE CURA;99986275;CUR;SETOR EMB CURADOS             ;6;258888;9999;11010;5525;MÁQUINAS SECUNDÁRIAS
92;FRIG. AURORA CASTRO;4228;CAMARAS DE PRE CURA - MOTOR DO DAMPER;4645;CUR;SETOR EMB CURADOS             ;6;258888;9999;11013;5525;MÁQUINAS SECUNDÁRIAS
92;FRIG. AURORA CASTRO;4228;CAMARAS DE PRE CURA - SISITEMA ELETRICO;4644;CUR;SETOR EMB CURADOS             ;6;258888;9999;11013;5525;MÁQUINAS SECUNDÁRIAS
92;FRIG. AURORA CASTRO;4228;CAMINHÃO MERCEDES BENS ATEGO 1315;99999029;SCL;SETOR ALMOX./CONTR. MATERIAIS ;6;0;9999;30006;2089;OUTROS
92;FRIG. AURORA CASTRO;4228;CARRINHO LAVA JATO 01 - HIGIENIZAÇÃO;99989114;HIG;SETOR DE HIGIENIZACAO         ;4;;9999;32014;2437;MÁQUINAS PRINCIPAL
92;FRIG. AURORA CASTRO;4228;CARRÉ - DESCOURADEIRA BXA PLUS 554;99987615;EPJ;SETOR DE ESPOSTEJAMENTO       ;6;254652;9999;36001;2224;MÁQUINAS PRINCIPAL
92;FRIG. AURORA CASTRO;4228;CARRÉ - ESTEIRA CAIXA DE MATÉRIA PRIMA 01;99985677;EPJ;SETOR DE ESPOSTEJAMENTO       ;6;0;9999;29004;2224;OUTROS
92;FRIG. AURORA CASTRO;4228;CARRÉ - ESTEIRA CAIXA DE MATÉRIA PRIMA 01 - REDUTOR;99985679;EPJ;SETOR DE ESPOSTEJAMENTO       ;6;0;9999;29004;2224;OUTROS
92;FRIG. AURORA CASTRO;4228;CARRÉ - ESTEIRA CAIXA DE MATÉRIA PRIMA 01 - REDUTOR - MOTOR;99985680;EPJ;SETOR DE ESPOSTEJAMENTO       ;6;0;9999;29004;2224;OUTROS
92;FRIG. AURORA CASTRO;4228;CARRÉ - ESTEIRA CAIXA DE MATÉRIA PRIMA 01 - SISTEMA DE SEGURANÇA;99985724;EPJ;SETOR DE ESPOSTEJAMENTO       ;6;0;9999;29004;2224;OUTROS
92;FRIG. AURORA CASTRO;4228;CARRÉ - ESTEIRA CAIXA DE MATÉRIA PRIMA 01 - SISTEMA ELÉTRICO;99985681;EPJ;SETOR DE ESPOSTEJAMENTO       ;6;0;9999;29004;2224;OUTROS
92;FRIG. AURORA CASTRO;4228;CARRÉ - ESTEIRA CAIXA DE MATÉRIA PRIMA 02;99985704;EPJ;SETOR DE ESPOSTEJAMENTO       ;6;0;9999;29004;2224;OUTROS
92;FRIG. AURORA CASTRO;4228;CARRÉ - ESTEIRA CAIXA DE MATÉRIA PRIMA 02 - REDUTOR;99985723;EPJ;SETOR DE ESPOSTEJAMENTO       ;6;0;9999;29004;2224;OUTROS
92;FRIG. AURORA CASTRO;4228;CARRÉ - ESTEIRA CAIXA DE MATÉRIA PRIMA 02 - REDUTOR - MOTOR;99985749;EPJ;SETOR DE ESPOSTEJAMENTO       ;6;0;9999;29004;2224;OUTROS
92;FRIG. AURORA CASTRO;4228;CARRÉ - ESTEIRA CAIXA DE MATÉRIA PRIMA 02 - SISTEMA DE SEGURANÇA;99985649;EPJ;SETOR DE ESPOSTEJAMENTO       ;6;0;9999;29004;2224;OUTROS
92;FRIG. AURORA CASTRO;4228;CARRÉ - ESTEIRA CAIXA DE MATÉRIA PRIMA 02 - SISTEMA ELÉTRICO;99985648;EPJ;SETOR DE ESPOSTEJAMENTO       ;6;0;9999;29004;2224;OUTROS
92;FRIG. AURORA CASTRO;4228;CARRÉ - ESTEIRA CAIXA DE MATÉRIA PRIMA 03;1641;EPJ;SETOR DE ESPOSTEJAMENTO       ;6;0;9999;29004;2224;OUTROS
92;FRIG. AURORA CASTRO;4228;CARRÉ - ESTEIRA CAIXA DE MATÉRIA PRIMA 03 - REDUTOR - MOTOR;1643;EPJ;SETOR DE ESPOSTEJAMENTO       ;6;0;9999;29004;2224;OUTROS
92;FRIG. AURORA CASTRO;4228;CARRÉ - ESTEIRA CAIXA DE MATÉRIA PRIMA 03 - REDUTOR - MOTOR;1698;EPJ;SETOR DE ESPOSTEJAMENTO       ;6;0;9999;19000;2224;OUTROS
92;FRIG. AURORA CASTRO;4228;CARRÉ - ESTEIRA CAIXA DE MATÉRIA PRIMA 03 - SISTEMA DE SEGURANÇA;1644;EPJ;SETOR DE ESPOSTEJAMENTO       ;6;0;9999;29004;2224;OUTROS
92;FRIG. AURORA CASTRO;4228;CARRÉ - ESTEIRA CAIXA DE MATÉRIA PRIMA 03 - SISTEMA ELÉTRICO;1645;EPJ;SETOR DE ESPOSTEJAMENTO       ;6;0;9999;29004;2224;OUTROS
92;FRIG. AURORA CASTRO;4228;CARRÉ - ESTEIRA CURTA RECEPÇÃO DE PAPADA;99985636;EPJ;SETOR DE ESPOSTEJAMENTO       ;6;0;9999;29004;2224;OUTROS
92;FRIG. AURORA CASTRO;4228;CARRÉ - ESTEIRA CURTA RECEPÇÃO DE PAPADA - REDUTOR;1077;EPJ;SETOR DE ESPOSTEJAMENTO       ;4;0;9999;29004;2224;OUTROS
92;FRIG. AURORA CASTRO;4228;CARRÉ - ESTEIRA CURTA RECEPÇÃO DE PAPADA - REDUTOR - MOTOR;1078;EPJ;SETOR DE ESPOSTEJAMENTO       ;4;0;9999;29004;2224;OUTROS
92;FRIG. AURORA CASTRO;4228;CARRÉ - ESTEIRA CURTA RECEPÇÃO DE PAPADA - SISTEMA DE SEGURANÇA;1080;EPJ;SETOR DE ESPOSTEJAMENTO       ;4;0;9999;29004;2224;OUTROS
92;FRIG. AURORA CASTRO;4228;CARRÉ - ESTEIRA CURTA RECEPÇÃO DE PAPADA - SISTEMA ELÉTRICO;1079;EPJ;SETOR DE ESPOSTEJAMENTO       ;4;0;9999;29004;2224;OUTROS
92;FRIG. AURORA CASTRO;4228;CARRÉ - ESTEIRA DE RETORNO DE OSSOS;99999978;EPJ;SETOR DE ESPOSTEJAMENTO       ;6;;9999;29004;2224;OUTROS
92;FRIG. AURORA CASTRO;4228;CARRÉ - ESTEIRA DE RETORNO DE OSSOS - REDUTOR;1064;EPJ;SETOR DE ESPOSTEJAMENTO       ;6;0;9999;18000;2224;OUTROS
92;FRIG. AURORA CASTRO;4228;CARRÉ - ESTEIRA DE RETORNO DE OSSOS - REDUTOR - MOTOR;1065;EPJ;SETOR DE ESPOSTEJAMENTO       ;6;0;9999;19000;2224;OUTROS
92;FRIG. AURORA CASTRO;4228;CARRÉ - ESTEIRA DE RETORNO DE OSSOS - SISTEMA DE SEGURANÇA;1067;EPJ;SETOR DE ESPOSTEJAMENTO       ;6;0;9999;29004;2224;OUTROS
92;FRIG. AURORA CASTRO;4228;CARRÉ - ESTEIRA DE RETORNO DE OSSOS - SISTEMA ELÉTRICO;1066;EPJ;SETOR DE ESPOSTEJAMENTO       ;6;0;9999;29004;2224;OUTROS
92;FRIG. AURORA CASTRO;4228;CARRÉ - ESTEIRA PRINCIPAL DE CORTES;99986265;EPJ;SETOR DE ESPOSTEJAMENTO       ;6;254628;9999;33000;2224;MÁQUINAS PRINCIPAL
92;FRIG. AURORA CASTRO;4228;CARRÉ - ESTEIRA PRINCIPAL DE CORTES - ESTEIRA BARRIGA;1647;EPJ;SETOR DE ESPOSTEJAMENTO       ;6;254628;9999;29004;2224;MÁQUINAS SECUNDÁRIAS
92;FRIG. AURORA CASTRO;4228;CARRÉ - ESTEIRA PRINCIPAL DE CORTES - ESTEIRA BARRIGA - REDUTOR - MOTOR;1093;EPJ;SETOR DE ESPOSTEJAMENTO       ;6;254628;9999;19000;2224;MÁQUINAS SECUNDÁRIAS
92;FRIG. AURORA CASTRO;4228;CARRÉ - ESTEIRA PRINCIPAL DE CORTES - ESTEIRA BARRIGA - SISTEMA DE SEGURANÇA;1095;EPJ;SETOR DE ESPOSTEJAMENTO       ;6;254628;9999;29004;2224;MÁQUINAS SECUNDÁRIAS
92;FRIG. AURORA CASTRO;4228;CARRÉ - ESTEIRA PRINCIPAL DE CORTES - ESTEIRA BARRIGA - SISTEMA ELÉTRICO;1094;EPJ;SETOR DE ESPOSTEJAMENTO       ;6;254628;9999;29004;2224;MÁQUINAS SECUNDÁRIAS
92;FRIG. AURORA CASTRO;4228;CARRÉ - ESTEIRA PRINCIPAL DE CORTES - ESTEIRA CARRÉ;1699;EPJ;SETOR DE ESPOSTEJAMENTO       ;6;254628;9999;29004;2224;MÁQUINAS SECUNDÁRIAS
92;FRIG. AURORA CASTRO;4228;CARRÉ - ESTEIRA PRINCIPAL DE CORTES - ESTEIRA CARRÉ - REDUTOR;1087;EPJ;SETOR DE ESPOSTEJAMENTO       ;6;254628;9999;18000;2224;MÁQUINAS SECUNDÁRIAS
92;FRIG. AURORA CASTRO;4228;CARRÉ - ESTEIRA PRINCIPAL DE CORTES - ESTEIRA CARRÉ - REDUTOR - MOTOR;1088;EPJ;SETOR DE ESPOSTEJAMENTO       ;6;254628;9999;19000;2224;MÁQUINAS SECUNDÁRIAS
92;FRIG. AURORA CASTRO;4228;CARRÉ - ESTEIRA PRINCIPAL DE CORTES - ESTEIRA CARRÉ - SISTEMA DE SEGURANÇA;1090;EPJ;SETOR DE ESPOSTEJAMENTO       ;6;254628;9999;29004;2224;MÁQUINAS SECUNDÁRIAS
92;FRIG. AURORA CASTRO;4228;CARRÉ - ESTEIRA PRINCIPAL DE CORTES - ESTEIRA CARRÉ - SISTEMA ELÉTRICO;1089;EPJ;SETOR DE ESPOSTEJAMENTO       ;6;254628;9999;29004;2224;MÁQUINAS SECUNDÁRIAS
92;FRIG. AURORA CASTRO;4228;CARRÉ - ESTEIRA PRINCIPAL DE CORTES - ESTEIRA FILÉZINHO;1081;EPJ;SETOR DE ESPOSTEJAMENTO       ;6;254628;9999;29004;2224;MÁQUINAS SECUNDÁRIAS
92;FRIG. AURORA CASTRO;4228;CARRÉ - ESTEIRA PRINCIPAL DE CORTES - ESTEIRA FILÉZINHO - REDUTOR;1082;EPJ;SETOR DE ESPOSTEJAMENTO       ;6;254628;9999;18000;2224;MÁQUINAS SECUNDÁRIAS
92;FRIG. AURORA CASTRO;4228;CARRÉ - ESTEIRA PRINCIPAL DE CORTES - ESTEIRA FILÉZINHO - REDUTOR - MOTOR;1083;EPJ;SETOR DE ESPOSTEJAMENTO       ;8;254628;9999;19000;2224;MÁQUINAS SECUNDÁRIAS
92;FRIG. AURORA CASTRO;4228;CARRÉ - ESTEIRA PRINCIPAL DE CORTES - ESTEIRA FILÉZINHO - SISTEMA DE SEGURANÇA;1085;EPJ;SETOR DE ESPOSTEJAMENTO       ;6;254628;9999;29004;2224;MÁQUINAS SECUNDÁRIAS
92;FRIG. AURORA CASTRO;4228;CARRÉ - ESTEIRA PRINCIPAL DE CORTES - ESTEIRA FILÉZINHO - SISTEMA ELÉTRICO;1084;EPJ;SETOR DE ESPOSTEJAMENTO       ;4;254628;9999;29004;2224;MÁQUINAS SECUNDÁRIAS
92;FRIG. AURORA CASTRO;4228;CARRÉ - SELADORA MANUAL DE PACOTES;99986263;EPJ;SETOR DE ESPOSTEJAMENTO       ;6;254648;9999;33000;2224;OUTROS
92;FRIG. AURORA CASTRO;4228;CARRÉ - SERRA DE VÉRTEBRAS SOFFINOX CL;99986285;EPJ;SETOR DE ESPOSTEJAMENTO       ;6;254650;9999;15003;2224;MÁQUINAS PRINCIPAL
92;FRIG. AURORA CASTRO;4228;CARRÉ - SERRA DE VÉRTEBRAS SOFFINOX CL - ESTEIRA DA SERRA;1260;EPJ;SETOR DE ESPOSTEJAMENTO       ;6;254650;9999;15003;2224;MÁQUINAS SECUNDÁRIAS
92;FRIG. AURORA CASTRO;4228;CARRÉ - SERRA DE VÉRTEBRAS SOFFINOX CL - ESTEIRA DA SERRA - REDUTOR;1261;EPJ;SETOR DE ESPOSTEJAMENTO       ;6;254650;9999;15003;2224;MÁQUINAS SECUNDÁRIAS
92;FRIG. AURORA CASTRO;4228;CARRÉ - SERRA DE VÉRTEBRAS SOFFINOX CL - ESTEIRA DA SERRA - REDUTOR - MOTOR;1262;EPJ;SETOR DE ESPOSTEJAMENTO       ;6;254650;9999;15003;2224;MÁQUINAS SECUNDÁRIAS
92;FRIG. AURORA CASTRO;4228;CARRÉ - SERRA DE VÉRTEBRAS SOFFINOX CL - ESTEIRA DE SAÍDA;1263;EPJ;SETOR DE ESPOSTEJAMENTO       ;6;254650;9999;15003;2224;MÁQUINAS SECUNDÁRIAS
92;FRIG. AURORA CASTRO;4228;CARRÉ - SERRA DE VÉRTEBRAS SOFFINOX CL - ESTEIRA DE SAÍDA - REDUTOR;1264;EPJ;SETOR DE ESPOSTEJAMENTO       ;6;254650;9999;15003;2224;MÁQUINAS SECUNDÁRIAS
92;FRIG. AURORA CASTRO;4228;CARRÉ - SERRA DE VÉRTEBRAS SOFFINOX CL - ESTEIRA DE SAÍDA - REDUTOR - MOTOR;1265;EPJ;SETOR DE ESPOSTEJAMENTO       ;6;254650;9999;15003;2224;MÁQUINAS SECUNDÁRIAS
92;FRIG. AURORA CASTRO;4228;CARRÉ - SERRA DE VÉRTEBRAS SOFFINOX CL - SERRA;1258;EPJ;SETOR DE ESPOSTEJAMENTO       ;6;254650;9999;15003;2224;MÁQUINAS SECUNDÁRIAS
92;FRIG. AURORA CASTRO;4228;CARRÉ - SERRA DE VÉRTEBRAS SOFFINOX CL - SERRA - MOTOR;1259;EPJ;SETOR DE ESPOSTEJAMENTO       ;6;254650;9999;19000;2224;MÁQUINAS SECUNDÁRIAS
92;FRIG. AURORA CASTRO;4228;CARRÉ - SERRA DE VÉRTEBRAS SOFFINOX CL - SISTEMA DE SEGURANÇA;1257;EPJ;SETOR DE ESPOSTEJAMENTO       ;6;254650;9999;15003;2224;MÁQUINAS SECUNDÁRIAS
92;FRIG. AURORA CASTRO;4228;CARRÉ - SERRA DE VÉRTEBRAS SOFFINOX CL - SISTEMA ELÉTRICO;1256;EPJ;SETOR DE ESPOSTEJAMENTO       ;6;254650;9999;15003;2224;MÁQUINAS SECUNDÁRIAS
92;FRIG. AURORA CASTRO;4228;CASA BOMBAS - CLORO ON LINE - ANALISADOR DE MULTIPARÂMETROS;99991906;GEF;SETOR DE OPERACAO DE FRIO     ;8;0;9999;28008;1210;OUTROS
92;FRIG. AURORA CASTRO;4228;CASA BOMBAS - CLORO ON LINE - BOMBA DOSADORA;99991907;GEF;SETOR DE OPERACAO DE FRIO     ;8;0;9999;6000;1210;OUTROS
92;FRIG. AURORA CASTRO;4228;CASA BOMBAS - CLORO ON LINE - SONDA MAGNÉTICA;99991908;GEF;SETOR DE OPERACAO DE FRIO     ;8;0;9999;28008;1210;OUTROS
92;FRIG. AURORA CASTRO;4228;CASA BOMBAS - HIDRANTE - BOMBA COMBUSTÃO;99991865;GEF;SETOR DE OPERACAO DE FRIO     ;8;0;9999;6000;1210;OUTROS
92;FRIG. AURORA CASTRO;4228;CASA BOMBAS - HIDRANTE - BOMBA COMBUSTÃO - MOTOR;99991866;GEF;SETOR DE OPERACAO DE FRIO     ;8;0;9999;19000;1210;OUTROS
92;FRIG. AURORA CASTRO;4228;CASA BOMBAS - HIDRANTE - BOMBA ELÉTRICA;99991867;GEF;SETOR DE OPERACAO DE FRIO     ;8;0;9999;6000;1210;OUTROS
92;FRIG. AURORA CASTRO;4228;CASA BOMBAS - HIDRANTE - BOMBA ELÉTRICA - MOTOR;99991868;GEF;SETOR DE OPERACAO DE FRIO     ;8;0;9999;19000;1210;OUTROS
92;FRIG. AURORA CASTRO;4228;CASA BOMBAS - HIDRANTE - BOMBA JOCKEY;99991869;GEF;SETOR DE OPERACAO DE FRIO     ;8;0;9999;6000;1210;OUTROS
92;FRIG. AURORA CASTRO;4228;CASA BOMBAS - HIDRANTE - BOMBA JOCKEY - MOTOR;99991870;GEF;SETOR DE OPERACAO DE FRIO     ;8;0;9999;19000;1210;OUTROS
92;FRIG. AURORA CASTRO;4228;CASA BOMBAS - HIDRÔMETRO;99991909;GEF;SETOR DE OPERACAO DE FRIO     ;4;0;7;21;1210;OUTROS
92;FRIG. AURORA CASTRO;4228;CASA BOMBAS - PURGADOR DE CONDENSADO;99991910;GEF;SETOR DE OPERACAO DE FRIO     ;8;0;9999;13000;1210;OUTROS
92;FRIG. AURORA CASTRO;4228;CASA BOMBAS - QUADRO DE DISTRIBUIÇÃO DE FORÇA E LUZ CAC14041;99991911;GEF;SETOR DE OPERACAO DE FRIO     ;8;0;9999;46013;1210;OUTROS
92;FRIG. AURORA CASTRO;4228;CASA BOMBAS - SEPARADOR DE UMIDADE;99991912;GEF;SETOR DE OPERACAO DE FRIO     ;8;0;9999;13000;1210;OUTROS
92;FRIG. AURORA CASTRO;4228;CASA BOMBAS - SETOR DE OPERAÇÃO DE FRIO;99991913;GEF;SETOR DE OPERACAO DE FRIO     ;8;0;9999;13000;1210;OUTROS
92;FRIG. AURORA CASTRO;4228;CASA BOMBAS - TROCADOR DE CALOR;99991914;GEF;SETOR DE OPERACAO DE FRIO     ;8;0;9999;36010;1210;OUTROS
92;FRIG. AURORA CASTRO;4228;CASA BOMBAS - VÁLVULA COM POSICIONADOR ELETROPNEUMÁTICO;99991915;GEF;SETOR DE OPERACAO DE FRIO     ;8;0;9999;13000;1210;OUTROS
92;FRIG. AURORA CASTRO;4228;CASA BOMBAS - ÁGUA 38°C - BOMBA 01;99991871;GEF;SETOR DE OPERACAO DE FRIO     ;8;0;9999;6000;1210;OUTROS
92;FRIG. AURORA CASTRO;4228;CASA BOMBAS - ÁGUA 38°C - BOMBA 01 - MOTOR;99991872;GEF;SETOR DE OPERACAO DE FRIO     ;8;0;9999;19000;1210;OUTROS
92;FRIG. AURORA CASTRO;4228;CASA BOMBAS - ÁGUA 38°C - BOMBA 02;99991873;GEF;SETOR DE OPERACAO DE FRIO     ;8;0;9999;6000;1210;OUTROS
92;FRIG. AURORA CASTRO;4228;CASA BOMBAS - ÁGUA 38°C - BOMBA 02 - MOTOR;99991874;GEF;SETOR DE OPERACAO DE FRIO     ;8;0;9999;19000;1210;OUTROS
92;FRIG. AURORA CASTRO;4228;CASA BOMBAS - ÁGUA 38°C - BOMBA 03;99991875;GEF;SETOR DE OPERACAO DE FRIO     ;8;0;9999;6000;1210;OUTROS
92;FRIG. AURORA CASTRO;4228;CASA BOMBAS - ÁGUA 38°C - BOMBA 03 - MOTOR;99991876;GEF;SETOR DE OPERACAO DE FRIO     ;8;0;9999;19000;1210;OUTROS
92;FRIG. AURORA CASTRO;4228;CASA BOMBAS - ÁGUA 38°C - BOMBA 04;99991877;GEF;SETOR DE OPERACAO DE FRIO     ;8;0;9999;6000;1210;OUTROS
92;FRIG. AURORA CASTRO;4228;CASA BOMBAS - ÁGUA 38°C - BOMBA 04 - MOTOR;99991878;GEF;SETOR DE OPERACAO DE FRIO     ;8;0;9999;19000;1210;OUTROS
92;FRIG. AURORA CASTRO;4228;CASA BOMBAS - ÁGUA 38°C - QUADRO DE COMANDO;99991879;GEF;SETOR DE OPERACAO DE FRIO     ;8;0;9999;46013;1210;OUTROS
92;FRIG. AURORA CASTRO;4228;CASA BOMBAS - ÁGUA 45°C - BOMBA 01;99991880;GEF;SETOR DE OPERACAO DE FRIO     ;8;0;9999;6000;1210;OUTROS
92;FRIG. AURORA CASTRO;4228;CASA BOMBAS - ÁGUA 45°C - BOMBA 01 - MOTOR;99991881;GEF;SETOR DE OPERACAO DE FRIO     ;8;0;9999;19000;1210;OUTROS
92;FRIG. AURORA CASTRO;4228;CASA BOMBAS - ÁGUA 45°C - BOMBA 02;99991882;GEF;SETOR DE OPERACAO DE FRIO     ;8;0;9999;6000;1210;OUTROS
92;FRIG. AURORA CASTRO;4228;CASA BOMBAS - ÁGUA 45°C - BOMBA 02 - MOTOR;99991883;GEF;SETOR DE OPERACAO DE FRIO     ;8;0;9999;19000;1210;OUTROS
92;FRIG. AURORA CASTRO;4228;CASA BOMBAS - ÁGUA 45°C - BOMBA 03;99991884;GEF;SETOR DE OPERACAO DE FRIO     ;8;0;9999;6000;1210;OUTROS
92;FRIG. AURORA CASTRO;4228;CASA BOMBAS - ÁGUA 45°C - BOMBA 03 - MOTOR;99991885;GEF;SETOR DE OPERACAO DE FRIO     ;8;0;9999;19000;1210;OUTROS
92;FRIG. AURORA CASTRO;4228;CASA BOMBAS - ÁGUA 45°C - BOMBA 04;99991886;GEF;SETOR DE OPERACAO DE FRIO     ;8;0;9999;6000;1210;OUTROS
92;FRIG. AURORA CASTRO;4228;CASA BOMBAS - ÁGUA 45°C - BOMBA 04 - MOTOR;99991887;GEF;SETOR DE OPERACAO DE FRIO     ;8;0;9999;19000;1210;OUTROS
92;FRIG. AURORA CASTRO;4228;CASA BOMBAS - ÁGUA 45°C - QUADRO DE COMANDO;99991888;GEF;SETOR DE OPERACAO DE FRIO     ;8;0;9999;46013;1210;OUTROS
92;FRIG. AURORA CASTRO;4228;CASA BOMBAS - ÁGUA 90°C - BOMBA;99998619;GEF;SETOR DE OPERACAO DE FRIO     ;8;0;9999;6000;1210;OUTROS
92;FRIG. AURORA CASTRO;4228;CASA BOMBAS - ÁGUA 90°C - BOMBA - MOTOR;99998620;GEF;SETOR DE OPERACAO DE FRIO     ;8;0;9999;19000;1210;OUTROS
92;FRIG. AURORA CASTRO;4228;CASA BOMBAS - ÁGUA GELADA - BOMBA 01;99991889;GEF;SETOR DE OPERACAO DE FRIO     ;8;0;9999;6000;1210;OUTROS
92;FRIG. AURORA CASTRO;4228;CASA BOMBAS - ÁGUA GELADA - BOMBA 01 - MOTOR;99991890;GEF;SETOR DE OPERACAO DE FRIO     ;8;0;9999;19000;1210;OUTROS
92;FRIG. AURORA CASTRO;4228;CASA BOMBAS - ÁGUA GELADA - BOMBA 02;99991891;GEF;SETOR DE OPERACAO DE FRIO     ;8;0;9999;6000;1210;OUTROS
92;FRIG. AURORA CASTRO;4228;CASA BOMBAS - ÁGUA GELADA - BOMBA 02 - MOTOR;99991892;GEF;SETOR DE OPERACAO DE FRIO     ;8;0;9999;19000;1210;OUTROS
92;FRIG. AURORA CASTRO;4228;CASA BOMBAS - ÁGUA GELADA - QUADRO DE COMANDO;99991893;GEF;SETOR DE OPERACAO DE FRIO     ;8;0;9999;46013;1210;OUTROS
92;FRIG. AURORA CASTRO;4228;CASA BOMBAS - ÁGUA POTÁVEL - BOMBA 01;99991894;GEF;SETOR DE OPERACAO DE FRIO     ;8;0;9999;6000;1210;OUTROS
92;FRIG. AURORA CASTRO;4228;CASA BOMBAS - ÁGUA POTÁVEL - BOMBA 01 - MOTOR;99991895;GEF;SETOR DE OPERACAO DE FRIO     ;8;0;9999;19000;1210;OUTROS
92;FRIG. AURORA CASTRO;4228;CASA BOMBAS - ÁGUA POTÁVEL - BOMBA 02;99991896;GEF;SETOR DE OPERACAO DE FRIO     ;8;0;9999;19000;1210;OUTROS
92;FRIG. AURORA CASTRO;4228;CASA BOMBAS - ÁGUA POTÁVEL - BOMBA 02 - MOTOR;99991897;GEF;SETOR DE OPERACAO DE FRIO     ;8;0;9999;19000;1210;OUTROS
92;FRIG. AURORA CASTRO;4228;CASA BOMBAS - ÁGUA POTÁVEL - BOMBA 03;99991898;GEF;SETOR DE OPERACAO DE FRIO     ;8;0;9999;6000;1210;OUTROS
92;FRIG. AURORA CASTRO;4228;CASA BOMBAS - ÁGUA POTÁVEL - BOMBA 03 - MOTOR;99991899;GEF;SETOR DE OPERACAO DE FRIO     ;8;0;9999;19000;1210;OUTROS
92;FRIG. AURORA CASTRO;4228;CASA BOMBAS - ÁGUA RECIRCULAÇÃO - BOMBA;99991900;GEF;SETOR DE OPERACAO DE FRIO     ;8;0;9999;6000;1210;OUTROS
92;FRIG. AURORA CASTRO;4228;CASA BOMBAS - ÁGUA RECIRCULAÇÃO - BOMBA - MOTOR;99991901;GEF;SETOR DE OPERACAO DE FRIO     ;8;0;9999;19000;1210;OUTROS
92;FRIG. AURORA CASTRO;4228;CASA BOMBAS - ÁGUA REUSO - BOMBA 01;99991902;GEF;SETOR DE OPERACAO DE FRIO     ;8;0;9999;6000;1210;OUTROS
92;FRIG. AURORA CASTRO;4228;CASA BOMBAS - ÁGUA REUSO - BOMBA 01 - MOTOR;99991903;GEF;SETOR DE OPERACAO DE FRIO     ;8;0;9999;19000;1210;OUTROS
92;FRIG. AURORA CASTRO;4228;CASA BOMBAS - ÁGUA REUSO - BOMBA 02;99991904;GEF;SETOR DE OPERACAO DE FRIO     ;8;0;9999;6000;1210;OUTROS
92;FRIG. AURORA CASTRO;4228;CASA BOMBAS - ÁGUA REUSO - BOMBA 02 - MOTOR;99991905;GEF;SETOR DE OPERACAO DE FRIO     ;8;0;9999;19000;1210;OUTROS
92;FRIG. AURORA CASTRO;4228;CENTOPEIA SANGRIA 8 PINOS SULMAQ;99988628;ABT;SETOR ABATE/RESFRIAMENTO      ;8;253961;9999;13013;2488;MÁQUINAS PRINCIPAL
92;FRIG. AURORA CASTRO;4228;CENTOPEIA SANGRIA 8 PINOS SULMAQ - ELEVADOR DE CARCAÇA;1385;ABT;SETOR ABATE/RESFRIAMENTO      ;6;253968;9999;13013;2488;MÁQUINAS PRINCIPAL
92;FRIG. AURORA CASTRO;4228;CENTOPEIA SANGRIA 8 PINOS SULMAQ - SISTEMA ELÉTRICO;99994373;ABT;SETOR ABATE/RESFRIAMENTO      ;8;253961;9999;13013;2488;MÁQUINAS SECUNDÁRIAS
92;FRIG. AURORA CASTRO;4228;CENTOPEIA SANGRIA 8 PINOS SULMAQ - SISTEMA PNEUMÁTICO;99994374;ABT;SETOR ABATE/RESFRIAMENTO      ;8;253961;9999;13013;2488;MÁQUINAS SECUNDÁRIAS
92;FRIG. AURORA CASTRO;4228;CENTRAL DE GÁS GLP;99985504;ABT;SETOR ABATE/RESFRIAMENTO      ;8;0;9999;13015;2488;OUTROS
92;FRIG. AURORA CASTRO;4228;CENTRAL DE GÁS GLP - RESERVATÓRIO 01;99996170;ABT;SETOR ABATE/RESFRIAMENTO      ;8;0;9999;13015;2488;OUTROS
92;FRIG. AURORA CASTRO;4228;CENTRAL DE GÁS GLP - RESERVATÓRIO 02;99996172;ABT;SETOR ABATE/RESFRIAMENTO      ;8;0;9999;13015;2488;OUTROS
92;FRIG. AURORA CASTRO;4228;CENTRAL DE GÁS GLP - VAPORIZADOR 01;99996176;ABT;SETOR ABATE/RESFRIAMENTO      ;8;0;9999;13015;2488;OUTROS
92;FRIG. AURORA CASTRO;4228;CENTRAL DE GÁS GLP - VAPORIZADOR 02;99996177;ABT;SETOR ABATE/RESFRIAMENTO      ;8;0;9999;13015;2488;OUTROS
92;FRIG. AURORA CASTRO;4228;CENTRIFUGA DE COZIMENTO DE LINGUA;99989793;MIN;MIUDOS INTERNOS               ;6;;9999;14002;2721;MÁQUINAS PRINCIPAL
92;FRIG. AURORA CASTRO;4228;CENTRÍFUGA DECANTER DC MARTE 3;99986109;ETE;SETOR DE OPERACAO DE ETE      ;8;252995;9999;4002;1228;MÁQUINAS PRINCIPAL
92;FRIG. AURORA CASTRO;4228;CENTRÍFUGA DECANTER DC MARTE 3 - REDUTOR;99988956;ETE;SETOR DE OPERACAO DE ETE      ;8;252995;9999;19000;1228;MÁQUINAS SECUNDÁRIAS
92;FRIG. AURORA CASTRO;4228;CENTRÍFUGA DECANTER DC MARTE 3 - REDUTOR - MOTOR;99988955;ETE;SETOR DE OPERACAO DE ETE      ;8;252995;9999;18000;1228;MÁQUINAS SECUNDÁRIAS
92;FRIG. AURORA CASTRO;4228;CENTRÍFUGA DECANTER DC MARTE 3 - ROSCA SAÍDA;99986154;ETE;SETOR DE OPERACAO DE ETE      ;6;252997;9999;37010;1228;MÁQUINAS PRINCIPAL
92;FRIG. AURORA CASTRO;4228;CENTRÍFUGA DECANTER DC MARTE 3 - ROSCA SAÍDA - REDUTOR;99988988;ETE;SETOR DE OPERACAO DE ETE      ;6;252997;9999;18000;1228;MÁQUINAS SECUNDÁRIAS
92;FRIG. AURORA CASTRO;4228;CENTRÍFUGA DECANTER DC MARTE 3 - ROSCA SAÍDA - REDUTOR - MOTOR;99988987;ETE;SETOR DE OPERACAO DE ETE      ;6;252997;9999;19000;1228;MÁQUINAS SECUNDÁRIAS
92;FRIG. AURORA CASTRO;4228;CENTRÍFUGA DECANTER DC MARTE 3 - SISTEMA ELÉTRICO;99994939;ETE;SETOR DE OPERACAO DE ETE      ;8;252995;9999;4002;1228;MÁQUINAS SECUNDÁRIAS
92;FRIG. AURORA CASTRO;4228;CENTRÍFUGA DECANTER DHT 3501D;99985572;FFG;SETOR DE FABRICA DE FARINHAS E GORDURAS;8;253237;9999;4002;2330;MÁQUINAS PRINCIPAL
92;FRIG. AURORA CASTRO;4228;CENTRÍFUGA DECANTER DHT 3501D - REDUTOR;99994944;FFG;SETOR DE FABRICA DE FARINHAS E GORDURAS;8;253237;9999;18000;2330;MÁQUINAS SECUNDÁRIAS
92;FRIG. AURORA CASTRO;4228;CENTRÍFUGA DECANTER DHT 3501D - REDUTOR - MOTOR;99994945;FFG;SETOR DE FABRICA DE FARINHAS E GORDURAS;8;253237;9999;19000;2330;MÁQUINAS SECUNDÁRIAS
92;FRIG. AURORA CASTRO;4228;CENTRÍFUGA DECANTER DHT 3501D - SISTEMA ELÉTRICO;99994946;FFG;SETOR DE FABRICA DE FARINHAS E GORDURAS;8;253237;9999;4002;2330;MÁQUINAS SECUNDÁRIAS
92;FRIG. AURORA CASTRO;4228;CENTRÍFUGA DECANTER GMT 230S;99985453;FFG;SETOR DE FABRICA DE FARINHAS E GORDURAS;8;253183;9999;4002;2330;MÁQUINAS PRINCIPAL
92;FRIG. AURORA CASTRO;4228;CENTRÍFUGA DECANTER GMT 230S - REDUTOR;99994941;FFG;SETOR DE FABRICA DE FARINHAS E GORDURAS;8;253183;9999;18000;2330;MÁQUINAS SECUNDÁRIAS
92;FRIG. AURORA CASTRO;4228;CENTRÍFUGA DECANTER GMT 230S - REDUTOR - MOTOR;99994942;FFG;SETOR DE FABRICA DE FARINHAS E GORDURAS;8;253183;9999;19000;2330;MÁQUINAS SECUNDÁRIAS
92;FRIG. AURORA CASTRO;4228;CENTRÍFUGA DECANTER GMT 230S - SISTEMA ELÉTRICO;99994943;FFG;SETOR DE FABRICA DE FARINHAS E GORDURAS;8;253183;9999;4002;2330;MÁQUINAS SECUNDÁRIAS
92;FRIG. AURORA CASTRO;4228;CENTRÍFUGA TRIDECANTER DCT SATURNO 3;99986124;ETE;SETOR DE OPERACAO DE ETE      ;8;252994;9999;4002;1228;MÁQUINAS SECUNDÁRIAS
92;FRIG. AURORA CASTRO;4228;CENTRÍFUGA TRIDECANTER DCT SATURNO 3 - REDUTOR;99988962;ETE;SETOR DE OPERACAO DE ETE      ;8;252994;9999;19000;1228;MÁQUINAS SECUNDÁRIAS
92;FRIG. AURORA CASTRO;4228;CENTRÍFUGA TRIDECANTER DCT SATURNO 3 - REDUTOR - MOTOR;99988961;ETE;SETOR DE OPERACAO DE ETE      ;8;252994;9999;19000;1228;MÁQUINAS SECUNDÁRIAS
92;FRIG. AURORA CASTRO;4228;CENTRÍFUGA TRIDECANTER DCT SATURNO 3 - ROSCA SAÍDA;99986155;ETE;SETOR DE OPERACAO DE ETE      ;6;252996;9999;37010;1228;MÁQUINAS PRINCIPAL
92;FRIG. AURORA CASTRO;4228;CENTRÍFUGA TRIDECANTER DCT SATURNO 3 - ROSCA SAÍDA - REDUTOR;99988990;ETE;SETOR DE OPERACAO DE ETE      ;6;252996;9999;18000;1228;MÁQUINAS SECUNDÁRIAS
92;FRIG. AURORA CASTRO;4228;CENTRÍFUGA TRIDECANTER DCT SATURNO 3 - ROSCA SAÍDA - REDUTOR - MOTOR;99988989;ETE;SETOR DE OPERACAO DE ETE      ;6;252996;9999;19000;1228;MÁQUINAS SECUNDÁRIAS
92;FRIG. AURORA CASTRO;4228;CENTRÍFUGA TRIDECANTER DCT SATURNO 3 - SISTEMA ELÉTRICO;99994940;ETE;SETOR DE OPERACAO DE ETE      ;8;252994;9999;4002;1228;MÁQUINAS SECUNDÁRIAS
92;FRIG. AURORA CASTRO;4228;CHAMUSCADOR AUTOMÁTICO SULMAQ 600;99985355;ABT;SETOR ABATE/RESFRIAMENTO      ;8;253992;9999;13011;2488;MÁQUINAS PRINCIPAL
92;FRIG. AURORA CASTRO;4228;CHAMUSCADOR AUTOMÁTICO SULMAQ 600 - PAINEL DE VÁLVULAS GLP;99999047;ABT;SETOR ABATE/RESFRIAMENTO      ;8;253992;9999;13011;2488;MÁQUINAS SECUNDÁRIAS
92;FRIG. AURORA CASTRO;4228;CHAMUSCADOR AUTOMÁTICO SULMAQ 600 - SISTEMA DE SEGURANÇA;99999044;ABT;SETOR ABATE/RESFRIAMENTO      ;8;253992;9999;13011;2488;MÁQUINAS SECUNDÁRIAS
92;FRIG. AURORA CASTRO;4228;CHAMUSCADOR AUTOMÁTICO SULMAQ 600 - SISTEMA ELÉTRICO;99999042;ABT;SETOR ABATE/RESFRIAMENTO      ;8;253992;9999;13011;2488;MÁQUINAS SECUNDÁRIAS
92;FRIG. AURORA CASTRO;4228;CHAMUSCADOR AUTOMÁTICO SULMAQ 600 - SISTEMA PNEUMÁTICO;99999046;ABT;SETOR ABATE/RESFRIAMENTO      ;8;253992;9999;13011;2488;MÁQUINAS SECUNDÁRIAS
92;FRIG. AURORA CASTRO;4228;CHAMUSCADOR AUTOMÁTICO SULMAQ 600 - VENTILADOR;99999049;ABT;SETOR ABATE/RESFRIAMENTO      ;8;253992;9999;13011;2488;MÁQUINAS SECUNDÁRIAS
92;FRIG. AURORA CASTRO;4228;CHAMUSCADOR AUTOMÁTICO SULMAQ 600 - VENTILADOR - MOTOR;99999051;ABT;SETOR ABATE/RESFRIAMENTO      ;8;253992;9999;13011;2488;MÁQUINAS SECUNDÁRIAS
92;FRIG. AURORA CASTRO;4228;CLORÍMETRO;99988779;ETA;SETOR DE OPERACAO DE ETA      ;1;0;4;7;1244;EQUIPAMENTOS
92;FRIG. AURORA CASTRO;4228;CLORÍMETRO;99992280;ETA;SETOR DE OPERACAO DE ETA      ;1;0;1;7;1244;EQUIPAMENTOS
92;FRIG. AURORA CASTRO;4228;CLORÍMETRO;99996833;SIF;SETOR INSP. FEDERAL DIPOA     ;1;0;1;7;1767;EQUIPAMENTOS
92;FRIG. AURORA CASTRO;4228;CLORÍMETRO;99988782;ETA;SETOR DE OPERACAO DE ETA      ;1;0;4;7;1244;EQUIPAMENTOS
92;FRIG. AURORA CASTRO;4228;COAGULADOR DE SANGUE FFO (COA1704000001);99985557;FFG;SETOR DE FABRICA DE FARINHAS E GORDURAS;6;;9999;6009;2330;MÁQUINAS PRINCIPAL
92;FRIG. AURORA CASTRO;4228;COLORÍMETRO;99993063;ETA;SETOR DE OPERACAO DE ETA      ;1;0;4;7;1244;EQUIPAMENTOS
92;FRIG. AURORA CASTRO;4228;COLORÍMETRO;99988777;ETA;SETOR DE OPERACAO DE ETA      ;1;0;4;7;1244;EQUIPAMENTOS
92;FRIG. AURORA CASTRO;4228;COLORÍMETRO;99996794;SIF;SETOR INSP. FEDERAL DIPOA     ;1;0;1;7;1767;EQUIPAMENTOS
92;FRIG. AURORA CASTRO;4228;COLUNA RETIFICADORA ABSORCAO - PRIMEIRO ANDAR (COL1701000001);99986087;GEF;SETOR DE OPERACAO DE FRIO     ;6;;9999;11000;1210;MÁQUINAS PRINCIPAL
92;FRIG. AURORA CASTRO;4228;COMPRESSOR NH3 01 250VLD;99986105;GEF;SETOR DE OPERACAO DE FRIO     ;10;253369;9999;22002;1210;MÁQUINAS PRINCIPAL
92;FRIG. AURORA CASTRO;4228;COMPRESSOR NH3 01 250VLD - BOMBA;99993396;GEF;SETOR DE OPERACAO DE FRIO     ;10;253369;9999;6000;1210;MÁQUINAS SECUNDÁRIAS
92;FRIG. AURORA CASTRO;4228;COMPRESSOR NH3 01 250VLD - BOMBA - MOTOR;99993397;GEF;SETOR DE OPERACAO DE FRIO     ;10;253369;9999;19000;1210;MÁQUINAS SECUNDÁRIAS
92;FRIG. AURORA CASTRO;4228;COMPRESSOR NH3 01 250VLD - PAINEL ELÉTRICO;99993398;GEF;SETOR DE OPERACAO DE FRIO     ;10;253369;9999;46013;1210;MÁQUINAS SECUNDÁRIAS
92;FRIG. AURORA CASTRO;4228;COMPRESSOR NH3 01 250VLD - RESFRIADOR ÓLEO;99993399;GEF;SETOR DE OPERACAO DE FRIO     ;10;253369;9999;22002;1210;MÁQUINAS SECUNDÁRIAS
92;FRIG. AURORA CASTRO;4228;COMPRESSOR NH3 01 250VLD - SEPARADOR ÓLEO;99993400;GEF;SETOR DE OPERACAO DE FRIO     ;10;253369;9999;22007;1210;MÁQUINAS SECUNDÁRIAS
92;FRIG. AURORA CASTRO;4228;COMPRESSOR NH3 01 250VLD - UNIDADE COMPRESSORA;99993401;GEF;SETOR DE OPERACAO DE FRIO     ;10;253369;9999;22002;1210;MÁQUINAS SECUNDÁRIAS
92;FRIG. AURORA CASTRO;4228;COMPRESSOR NH3 01 250VLD - UNIDADE COMPRESSORA - PARAFUSO;99993402;GEF;SETOR DE OPERACAO DE FRIO     ;10;253369;9999;22002;1210;MÁQUINAS SECUNDÁRIAS
92;FRIG. AURORA CASTRO;4228;COMPRESSOR NH3 01 250VLD - UNIDADE COMPRESSORA - PARAFUSO - MOTOR;99993403;GEF;SETOR DE OPERACAO DE FRIO     ;10;253370;9999;19000;1210;MÁQUINAS PRINCIPAL
92;FRIG. AURORA CASTRO;4228;COMPRESSOR NH3 02 250VLD;99986104;GEF;SETOR DE OPERACAO DE FRIO     ;10;253371;9999;22002;1210;MÁQUINAS PRINCIPAL
92;FRIG. AURORA CASTRO;4228;COMPRESSOR NH3 02 250VLD - BOMBA;99993407;GEF;SETOR DE OPERACAO DE FRIO     ;10;253371;9999;6000;1210;MÁQUINAS SECUNDÁRIAS
92;FRIG. AURORA CASTRO;4228;COMPRESSOR NH3 02 250VLD - BOMBA - MOTOR;99993408;GEF;SETOR DE OPERACAO DE FRIO     ;10;253371;9999;19000;1210;MÁQUINAS SECUNDÁRIAS
92;FRIG. AURORA CASTRO;4228;COMPRESSOR NH3 02 250VLD - PAINEL ELÉTRICO;99993409;GEF;SETOR DE OPERACAO DE FRIO     ;10;253371;9999;46013;1210;MÁQUINAS SECUNDÁRIAS
92;FRIG. AURORA CASTRO;4228;COMPRESSOR NH3 02 250VLD - RESFRIADOR ÓLEO;99993410;GEF;SETOR DE OPERACAO DE FRIO     ;10;253371;9999;22002;1210;MÁQUINAS SECUNDÁRIAS
92;FRIG. AURORA CASTRO;4228;COMPRESSOR NH3 02 250VLD - SEPARADOR ÓLEO;99993411;GEF;SETOR DE OPERACAO DE FRIO     ;10;253371;9999;22007;1210;MÁQUINAS SECUNDÁRIAS
92;FRIG. AURORA CASTRO;4228;COMPRESSOR NH3 02 250VLD - UNIDADE COMPRESSORA;99993413;GEF;SETOR DE OPERACAO DE FRIO     ;10;253371;9999;22002;1210;MÁQUINAS SECUNDÁRIAS
92;FRIG. AURORA CASTRO;4228;COMPRESSOR NH3 02 250VLD - UNIDADE COMPRESSORA - PARAFUSO;99993415;GEF;SETOR DE OPERACAO DE FRIO     ;10;253371;9999;22002;1210;MÁQUINAS SECUNDÁRIAS
92;FRIG. AURORA CASTRO;4228;COMPRESSOR NH3 02 250VLD - UNIDADE COMPRESSORA - PARAFUSO - MOTOR;99993416;GEF;SETOR DE OPERACAO DE FRIO     ;10;253372;9999;19000;1210;MÁQUINAS PRINCIPAL
92;FRIG. AURORA CASTRO;4228;COMPRESSOR NH3 03 200VLD;99986103;GEF;SETOR DE OPERACAO DE FRIO     ;10;253373;9999;22002;1210;MÁQUINAS PRINCIPAL
92;FRIG. AURORA CASTRO;4228;COMPRESSOR NH3 03 200VLD - BOMBA;99993420;GEF;SETOR DE OPERACAO DE FRIO     ;10;253373;9999;6000;1210;MÁQUINAS SECUNDÁRIAS
92;FRIG. AURORA CASTRO;4228;COMPRESSOR NH3 03 200VLD - BOMBA - MOTOR;99993422;GEF;SETOR DE OPERACAO DE FRIO     ;10;253373;9999;19000;1210;MÁQUINAS SECUNDÁRIAS
92;FRIG. AURORA CASTRO;4228;COMPRESSOR NH3 03 200VLD - PAINEL ELÉTRICO;99993423;GEF;SETOR DE OPERACAO DE FRIO     ;10;253373;9999;46013;1210;MÁQUINAS SECUNDÁRIAS
92;FRIG. AURORA CASTRO;4228;COMPRESSOR NH3 03 200VLD - RESFRIADOR ÓLEO;99993425;GEF;SETOR DE OPERACAO DE FRIO     ;10;253373;9999;22002;1210;MÁQUINAS SECUNDÁRIAS
92;FRIG. AURORA CASTRO;4228;COMPRESSOR NH3 03 200VLD - SEPARADOR ÓLEO;99993427;GEF;SETOR DE OPERACAO DE FRIO     ;10;253373;9999;22007;1210;MÁQUINAS SECUNDÁRIAS
92;FRIG. AURORA CASTRO;4228;COMPRESSOR NH3 03 200VLD - UNIDADE COMPRESSORA;99993429;GEF;SETOR DE OPERACAO DE FRIO     ;10;253373;9999;22002;1210;MÁQUINAS SECUNDÁRIAS
92;FRIG. AURORA CASTRO;4228;COMPRESSOR NH3 03 200VLD - UNIDADE COMPRESSORA - PARAFUSO;99993430;GEF;SETOR DE OPERACAO DE FRIO     ;10;253373;9999;22002;1210;MÁQUINAS SECUNDÁRIAS
92;FRIG. AURORA CASTRO;4228;COMPRESSOR NH3 03 200VLD - UNIDADE COMPRESSORA - PARAFUSO - MOTOR;99993433;GEF;SETOR DE OPERACAO DE FRIO     ;10;253374;9999;19000;1210;MÁQUINAS PRINCIPAL
92;FRIG. AURORA CASTRO;4228;COMPRESSOR NH3 04 200VLD-H;99986102;GEF;SETOR DE OPERACAO DE FRIO     ;10;253375;9999;22002;1210;MÁQUINAS PRINCIPAL
92;FRIG. AURORA CASTRO;4228;COMPRESSOR NH3 04 200VLD-H - BOMBA;99993529;GEF;SETOR DE OPERACAO DE FRIO     ;10;253375;9999;6000;1210;MÁQUINAS SECUNDÁRIAS
92;FRIG. AURORA CASTRO;4228;COMPRESSOR NH3 04 200VLD-H - BOMBA - MOTOR;99993530;GEF;SETOR DE OPERACAO DE FRIO     ;10;253375;9999;19000;1210;MÁQUINAS SECUNDÁRIAS
92;FRIG. AURORA CASTRO;4228;COMPRESSOR NH3 04 200VLD-H - PAINEL ELÉTRICO;99993531;GEF;SETOR DE OPERACAO DE FRIO     ;10;253375;9999;46013;1210;MÁQUINAS SECUNDÁRIAS
92;FRIG. AURORA CASTRO;4228;COMPRESSOR NH3 04 200VLD-H - RESFRIADOR ÓLEO;99993532;GEF;SETOR DE OPERACAO DE FRIO     ;10;253375;9999;22002;1210;MÁQUINAS SECUNDÁRIAS
92;FRIG. AURORA CASTRO;4228;COMPRESSOR NH3 04 200VLD-H - SEPARADOR ÓLEO;99993533;GEF;SETOR DE OPERACAO DE FRIO     ;10;253375;9999;22007;1210;MÁQUINAS SECUNDÁRIAS
92;FRIG. AURORA CASTRO;4228;COMPRESSOR NH3 04 200VLD-H - UNIDADE COMPRESSORA;99993534;GEF;SETOR DE OPERACAO DE FRIO     ;10;253375;9999;22002;1210;MÁQUINAS SECUNDÁRIAS
92;FRIG. AURORA CASTRO;4228;COMPRESSOR NH3 04 200VLD-H - UNIDADE COMPRESSORA - PARAFUSO;99993535;GEF;SETOR DE OPERACAO DE FRIO     ;10;253375;9999;22002;1210;MÁQUINAS SECUNDÁRIAS
92;FRIG. AURORA CASTRO;4228;COMPRESSOR NH3 04 200VLD-H - UNIDADE COMPRESSORA - PARAFUSO - MOTOR;99993536;GEF;SETOR DE OPERACAO DE FRIO     ;10;253376;9999;19000;1210;MÁQUINAS PRINCIPAL
92;FRIG. AURORA CASTRO;4228;COMPRESSOR NH3 05 250VMD-H;99986100;GEF;SETOR DE OPERACAO DE FRIO     ;10;253377;9999;22002;1210;MÁQUINAS PRINCIPAL
92;FRIG. AURORA CASTRO;4228;COMPRESSOR NH3 05 250VMD-H - BOMBA;99993537;GEF;SETOR DE OPERACAO DE FRIO     ;10;253377;9999;6000;1210;MÁQUINAS SECUNDÁRIAS
92;FRIG. AURORA CASTRO;4228;COMPRESSOR NH3 05 250VMD-H - BOMBA - MOTOR;99993538;GEF;SETOR DE OPERACAO DE FRIO     ;10;253377;9999;19000;1210;MÁQUINAS SECUNDÁRIAS
92;FRIG. AURORA CASTRO;4228;COMPRESSOR NH3 05 250VMD-H - PAINEL ELÉTRICO;99993539;GEF;SETOR DE OPERACAO DE FRIO     ;10;253377;9999;46013;1210;MÁQUINAS SECUNDÁRIAS
92;FRIG. AURORA CASTRO;4228;COMPRESSOR NH3 05 250VMD-H - RESFRIADOR ÓLEO;99993540;GEF;SETOR DE OPERACAO DE FRIO     ;10;253377;9999;22002;1210;MÁQUINAS SECUNDÁRIAS
92;FRIG. AURORA CASTRO;4228;COMPRESSOR NH3 05 250VMD-H - SEPARADOR ÓLEO;99993541;GEF;SETOR DE OPERACAO DE FRIO     ;10;253377;9999;22007;1210;MÁQUINAS SECUNDÁRIAS
92;FRIG. AURORA CASTRO;4228;COMPRESSOR NH3 05 250VMD-H - UNIDADE COMPRESSORA;99993542;GEF;SETOR DE OPERACAO DE FRIO     ;10;253377;9999;22002;1210;MÁQUINAS SECUNDÁRIAS
92;FRIG. AURORA CASTRO;4228;COMPRESSOR NH3 05 250VMD-H - UNIDADE COMPRESSORA - PARAFUSO;99993543;GEF;SETOR DE OPERACAO DE FRIO     ;10;253377;9999;22002;1210;MÁQUINAS SECUNDÁRIAS
92;FRIG. AURORA CASTRO;4228;COMPRESSOR NH3 05 250VMD-H - UNIDADE COMPRESSORA - PARAFUSO - MOTOR;99993544;GEF;SETOR DE OPERACAO DE FRIO     ;10;253378;9999;19000;1210;MÁQUINAS PRINCIPAL
92;FRIG. AURORA CASTRO;4228;COMPRESSOR NH3 06 250VMD-H;99986099;GEF;SETOR DE OPERACAO DE FRIO     ;10;253379;9999;22002;1210;MÁQUINAS PRINCIPAL
92;FRIG. AURORA CASTRO;4228;COMPRESSOR NH3 06 250VMD-H - BOMBA;99993545;GEF;SETOR DE OPERACAO DE FRIO     ;10;253379;9999;6000;1210;MÁQUINAS SECUNDÁRIAS
92;FRIG. AURORA CASTRO;4228;COMPRESSOR NH3 06 250VMD-H - BOMBA - MOTOR;99993546;GEF;SETOR DE OPERACAO DE FRIO     ;10;253379;9999;19000;1210;MÁQUINAS SECUNDÁRIAS
92;FRIG. AURORA CASTRO;4228;COMPRESSOR NH3 06 250VMD-H - PAINEL ELÉTRICO;99993547;GEF;SETOR DE OPERACAO DE FRIO     ;10;253379;9999;46013;1210;MÁQUINAS SECUNDÁRIAS
92;FRIG. AURORA CASTRO;4228;COMPRESSOR NH3 06 250VMD-H - RESFRIADOR ÓLEO;99993548;GEF;SETOR DE OPERACAO DE FRIO     ;10;253379;9999;22002;1210;MÁQUINAS SECUNDÁRIAS
92;FRIG. AURORA CASTRO;4228;COMPRESSOR NH3 06 250VMD-H - SEPARADOR ÓLEO;99993549;GEF;SETOR DE OPERACAO DE FRIO     ;10;253379;9999;22007;1210;MÁQUINAS SECUNDÁRIAS
92;FRIG. AURORA CASTRO;4228;COMPRESSOR NH3 06 250VMD-H - UNIDADE COMPRESSORA;99993550;GEF;SETOR DE OPERACAO DE FRIO     ;10;253379;9999;22002;1210;MÁQUINAS SECUNDÁRIAS
92;FRIG. AURORA CASTRO;4228;COMPRESSOR NH3 06 250VMD-H - UNIDADE COMPRESSORA - PARAFUSO;99993551;GEF;SETOR DE OPERACAO DE FRIO     ;10;253379;9999;22002;1210;MÁQUINAS SECUNDÁRIAS
92;FRIG. AURORA CASTRO;4228;COMPRESSOR NH3 06 250VMD-H - UNIDADE COMPRESSORA - PARAFUSO - MOTOR;99993552;GEF;SETOR DE OPERACAO DE FRIO     ;10;253380;9999;19000;1210;MÁQUINAS PRINCIPAL
92;FRIG. AURORA CASTRO;4228;COMPRESSOR NH3 07 250VLLD-HX;99993553;GEF;SETOR DE OPERACAO DE FRIO     ;10;253381;9999;22002;1210;MÁQUINAS PRINCIPAL
92;FRIG. AURORA CASTRO;4228;COMPRESSOR NH3 07 250VLLD-HX - BOMBA;99993554;GEF;SETOR DE OPERACAO DE FRIO     ;10;253381;9999;6000;1210;MÁQUINAS SECUNDÁRIAS
92;FRIG. AURORA CASTRO;4228;COMPRESSOR NH3 07 250VLLD-HX - BOMBA - MOTOR;99993555;GEF;SETOR DE OPERACAO DE FRIO     ;10;253381;9999;19000;1210;MÁQUINAS SECUNDÁRIAS
92;FRIG. AURORA CASTRO;4228;COMPRESSOR NH3 07 250VLLD-HX - PAINEL ELÉTRICO;99993556;GEF;SETOR DE OPERACAO DE FRIO     ;10;253381;9999;46013;1210;MÁQUINAS SECUNDÁRIAS
92;FRIG. AURORA CASTRO;4228;COMPRESSOR NH3 07 250VLLD-HX - RESFRIADOR ÓLEO;99993557;GEF;SETOR DE OPERACAO DE FRIO     ;10;253381;9999;22002;1210;MÁQUINAS SECUNDÁRIAS
92;FRIG. AURORA CASTRO;4228;COMPRESSOR NH3 07 250VLLD-HX - SEPARADOR ÓLEO;99993558;GEF;SETOR DE OPERACAO DE FRIO     ;10;253381;9999;22007;1210;MÁQUINAS SECUNDÁRIAS
92;FRIG. AURORA CASTRO;4228;COMPRESSOR NH3 07 250VLLD-HX - UNIDADE COMPRESSORA;99993559;GEF;SETOR DE OPERACAO DE FRIO     ;10;253381;9999;22002;1210;MÁQUINAS SECUNDÁRIAS
92;FRIG. AURORA CASTRO;4228;COMPRESSOR NH3 07 250VLLD-HX - UNIDADE COMPRESSORA - PARAFUSO;99993560;GEF;SETOR DE OPERACAO DE FRIO     ;10;253381;9999;22002;1210;MÁQUINAS SECUNDÁRIAS
92;FRIG. AURORA CASTRO;4228;COMPRESSOR NH3 07 250VLLD-HX - UNIDADE COMPRESSORA - PARAFUSO - MOTOR;99993561;GEF;SETOR DE OPERACAO DE FRIO     ;10;253382;9999;19000;1210;MÁQUINAS PRINCIPAL
92;FRIG. AURORA CASTRO;4228;CONCHA HIDRÁULICA PARA EMPILHADEIRA;99994245;GEV;SETOR DE OPERACAO DE CALOR    ;8;253084;9999;21001;1236;MÁQUINAS PRINCIPAL
92;FRIG. AURORA CASTRO;4228;CONDENSADOR - ABSORCAO (CN1701000006);99986088;GEF;SETOR DE OPERACAO DE FRIO     ;6;;9999;22003;1210;MÁQUINAS PRINCIPAL
92;FRIG. AURORA CASTRO;4228;CONDENSADOR 01 - SALA DE MAQUINAS (CN1701000001);99986094;GEF;SETOR DE OPERACAO DE FRIO     ;6;;9999;22003;1210;MÁQUINAS PRINCIPAL
92;FRIG. AURORA CASTRO;4228;CONDENSADOR 02 - SALA DE MAQUINAS (CN1701000002);99986093;GEF;SETOR DE OPERACAO DE FRIO     ;6;;9999;22003;1210;MÁQUINAS PRINCIPAL
92;FRIG. AURORA CASTRO;4228;CONDENSADOR 03 - SALA DE MAQUINAS (CN1701000003);99986092;GEF;SETOR DE OPERACAO DE FRIO     ;6;;9999;22003;1210;MÁQUINAS PRINCIPAL
92;FRIG. AURORA CASTRO;4228;CONDENSADOR 04 - SALA DE MAQUINAS (CN1701000004);99986091;GEF;SETOR DE OPERACAO DE FRIO     ;6;;9999;22003;1210;MÁQUINAS PRINCIPAL
92;FRIG. AURORA CASTRO;4228;CONDENSADOR 05 - SALDE MÁQUINAS (CN1701000007);99986090;GEF;SETOR DE OPERACAO DE FRIO     ;6;;9999;22003;1210;MÁQUINAS PRINCIPAL
92;FRIG. AURORA CASTRO;4228;CONTROLADOR;5692;ABT;SETOR ABATE/RESFRIAMENTO      ;1;0;9999;41002;2488;EQUIPAMENTOS
92;FRIG. AURORA CASTRO;4228;CONTROLADOR;5741;ABT;SETOR ABATE/RESFRIAMENTO      ;1;0;9999;41002;2488;EQUIPAMENTOS
92;FRIG. AURORA CASTRO;4228;CONTROLADOR;5691;ABT;SETOR ABATE/RESFRIAMENTO      ;1;0;9999;41002;2488;EQUIPAMENTOS
92;FRIG. AURORA CASTRO;4228;CONTROLADOR;5690;ABT;SETOR ABATE/RESFRIAMENTO      ;1;;9999;41002;2488;EQUIPAMENTOS
92;FRIG. AURORA CASTRO;4228;CONTROLADOR;5492;ABT;SETOR ABATE/RESFRIAMENTO      ;1;0;9999;41002;2488;EQUIPAMENTOS
92;FRIG. AURORA CASTRO;4228;CONTROLADOR;5490;ABT;SETOR ABATE/RESFRIAMENTO      ;1;0;9999;41002;2488;EQUIPAMENTOS
92;FRIG. AURORA CASTRO;4228;CONTROLADOR;5473;ABT;SETOR ABATE/RESFRIAMENTO      ;1;0;9999;41002;2488;EQUIPAMENTOS
92;FRIG. AURORA CASTRO;4228;CONTROLADOR;5421;ABT;SETOR ABATE/RESFRIAMENTO      ;1;0;9999;41002;2488;EQUIPAMENTOS
92;FRIG. AURORA CASTRO;4228;CONTROLADOR;99987255;ABT;SETOR ABATE/RESFRIAMENTO      ;4;1;7;11;2488;EQUIPAMENTOS
92;FRIG. AURORA CASTRO;4228;CONTROLADOR;5419;ABT;SETOR ABATE/RESFRIAMENTO      ;1;0;9999;41002;2488;EQUIPAMENTOS
92;FRIG. AURORA CASTRO;4228;CONTROLADOR COM SENSOR;4861;MEL;SETOR ENG E MANUT. ELETRICA   ;1;0;1;46035;1163;EQUIPAMENTOS
92;FRIG. AURORA CASTRO;4228;CONTROLADOR COM SENSOR;3128;MEX;MIUDOS EXTERNOS               ;1;0;1;46035;2739;EQUIPAMENTOS
92;FRIG. AURORA CASTRO;4228;CONTROLADOR COM SENSOR;4629;CEB;EMBUTIDOS COZIDOS             ;1;0;1;46035;2283;EQUIPAMENTOS
92;FRIG. AURORA CASTRO;4228;CONTROLADOR COM SENSOR DE TEMPERATURA;3112;CUR;SETOR EMB CURADOS             ;1;0;1;46035;5525;EQUIPAMENTOS
92;FRIG. AURORA CASTRO;4228;CONTROLADOR COM SENSOR DE TEMPERATURA;3113;CUR;SETOR EMB CURADOS             ;1;0;1;46035;5525;EQUIPAMENTOS
92;FRIG. AURORA CASTRO;4228;CONTROLADOR DE TEMPERATURA;6923;REC;SETOR DE RECEPCAO             ;1;0;9999;41002;2216;EQUIPAMENTOS
92;FRIG. AURORA CASTRO;4228;CONTROLADOR DE TEMPERATURA;99998327;MEL;SETOR ENG E MANUT. ELETRICA   ;1;0;9999;41002;1163;EQUIPAMENTOS
92;FRIG. AURORA CASTRO;4228;CONTROLADOR DE TEMPERATURA;99998328;MEL;SETOR ENG E MANUT. ELETRICA   ;1;0;9999;41002;1163;EQUIPAMENTOS
92;FRIG. AURORA CASTRO;4228;CONTROLADOR DE TEMPERATURA;99998497;PRU;SETOR DE PRESUNTARIA          ;1;0;9999;41002;2291;EQUIPAMENTOS
92;FRIG. AURORA CASTRO;4228;CONTROLADOR DE TEMPERATURA;99998499;CEB;EMBUTIDOS COZIDOS             ;1;0;9999;41002;2283;EQUIPAMENTOS
92;FRIG. AURORA CASTRO;4228;CONTROLADOR DE TEMPERATURA;4562;MIN;MIUDOS INTERNOS               ;1;0;9999;41002;2721;EQUIPAMENTOS
92;FRIG. AURORA CASTRO;4228;CONTROLADOR DE TEMPERATURA;4564;MIN;MIUDOS INTERNOS               ;1;0;9999;41002;2721;EQUIPAMENTOS
92;FRIG. AURORA CASTRO;4228;CONTROLADOR DE TEMPERATURA;5241;MIN;MIUDOS INTERNOS               ;1;0;9999;41002;2721;EQUIPAMENTOS
92;FRIG. AURORA CASTRO;4228;CONTROLADOR DE TEMPERATURA;5243;MIN;MIUDOS INTERNOS               ;1;0;9999;41002;2721;EQUIPAMENTOS
92;FRIG. AURORA CASTRO;4228;CONTROLADOR DE TEMPERATURA;3466;ABT;SETOR ABATE/RESFRIAMENTO      ;1;;1;46035;2488;EQUIPAMENTOS
92;FRIG. AURORA CASTRO;4228;CONTROLADOR DE TEMPERATURA;99988177;BET;SETOR BENEFICIAMENTO DE TRIPA ;1;0;8;46035;2232;EQUIPAMENTOS
92;FRIG. AURORA CASTRO;4228;CONTROLADOR DE TEMPERATURA - NOVUS N1200;99999383;CEB;EMBUTIDOS COZIDOS             ;1;0;9999;41002;2283;EQUIPAMENTOS
92;FRIG. AURORA CASTRO;4228;CONTROLADOR DE TEMPERATURA - NOVUS N1200;99999269;MEX;MIUDOS EXTERNOS               ;1;0;9999;41002;2739;EQUIPAMENTOS
92;FRIG. AURORA CASTRO;4228;CONTROLADOR DE TEMPERATURA AMBIENTE, NOVUS;99999396;TCA;SETOR TUNEIS E CAMARAS        ;1;0;9999;41002;2313;EQUIPAMENTOS
92;FRIG. AURORA CASTRO;4228;CONTROLADOR DE TEMPERATURA AMBIENTE, NOVUS N1200;99999312;SEI;SETOR EMB INDUSTRIALIZADOS    ;1;0;9999;41002;5345;EQUIPAMENTOS
92;FRIG. AURORA CASTRO;4228;CONTROLADOR DE TEMPERATURA COM SENSOR;3116;CUR;SETOR EMB CURADOS             ;1;0;1;46035;5525;EQUIPAMENTOS
92;FRIG. AURORA CASTRO;4228;CONTROLADOR E SENSOR DE TEMPERATURA;99988248;SFR;SETOR EMBUTIDOS FRESCAIS      ;1;0;7;46035;4057;EQUIPAMENTOS
92;FRIG. AURORA CASTRO;4228;CONTROLADOR E SENSOR DE TEMPERATURA;3111;CUR;SETOR EMB CURADOS             ;1;0;1;46035;5525;EQUIPAMENTOS
92;FRIG. AURORA CASTRO;4228;CONTROLADOR E SENSOR DE TEMPERATURA;3117;CUR;SETOR EMB CURADOS             ;1;0;1;46035;5525;EQUIPAMENTOS
92;FRIG. AURORA CASTRO;4228;CONTROLADOR E SENSOR DE TEMPERATURA PT100;99999477;SFR;SETOR EMBUTIDOS FRESCAIS      ;1;0;1;46035;4057;EQUIPAMENTOS
92;FRIG. AURORA CASTRO;4228;CONTROLADOR E SENSOR DE TEMPERATURA PT100;99999478;SEI;SETOR EMB INDUSTRIALIZADOS    ;1;0;1;46035;5345;EQUIPAMENTOS
92;FRIG. AURORA CASTRO;4228;CONTROLADOR E SENSOR DE TEMPERATURA PT100;99999479;SEI;SETOR EMB INDUSTRIALIZADOS    ;1;0;1;46035;5345;EQUIPAMENTOS
92;FRIG. AURORA CASTRO;4228;CONTROLADOR E SENSOR DE TEMPERATURA PT100;99999480;SFR;SETOR EMBUTIDOS FRESCAIS      ;1;0;1;46035;4057;EQUIPAMENTOS
92;FRIG. AURORA CASTRO;4228;CONTROLADOR E SENSOR DE TEMPERATURA PT100;99999481;SEI;SETOR EMB INDUSTRIALIZADOS    ;1;0;1;46035;5345;EQUIPAMENTOS
92;FRIG. AURORA CASTRO;4228;CONTROLADOR E SENSOR DE TEMPERATURA PT100;99999482;CUR;SETOR EMB CURADOS             ;1;0;1;46035;5525;EQUIPAMENTOS
92;FRIG. AURORA CASTRO;4228;CONTROLADOR E SENSOR DE TEMPERATURA PT100;99999499;CEB;EMBUTIDOS COZIDOS             ;1;0;1;46035;2283;EQUIPAMENTOS
92;FRIG. AURORA CASTRO;4228;CONTROLADOR E SENSOR DE TEMPERATURA PT100;99999424;ABT;SETOR ABATE/RESFRIAMENTO      ;1;0;1;46035;2488;EQUIPAMENTOS
92;FRIG. AURORA CASTRO;4228;CONTROLADOR E SENSOR DE TEMPERATURA PT100;99999425;ABT;SETOR ABATE/RESFRIAMENTO      ;1;0;1;46035;2488;EQUIPAMENTOS
92;FRIG. AURORA CASTRO;4228;CONTROLADOR E SENSOR DE TEMPERATURA PT100;99999426;MEX;MIUDOS EXTERNOS               ;1;0;1;46035;2739;EQUIPAMENTOS
92;FRIG. AURORA CASTRO;4228;CONTROLADOR E SENSOR DE TEMPERATURA PT100;99999427;MEX;MIUDOS EXTERNOS               ;1;0;1;46035;2739;EQUIPAMENTOS
92;FRIG. AURORA CASTRO;4228;CONTROLADOR E SENSOR DE TEMPERATURA PT100;99999428;BET;SETOR BENEFICIAMENTO DE TRIPA ;1;0;1;46035;2232;EQUIPAMENTOS
92;FRIG. AURORA CASTRO;4228;CONTROLADOR E SENSOR DE TEMPERATURA PT100;99999429;BET;SETOR BENEFICIAMENTO DE TRIPA ;1;0;1;46035;2232;EQUIPAMENTOS
92;FRIG. AURORA CASTRO;4228;CONTROLADOR E SENSOR DE TEMPERATURA PT100;99999430;MEX;MIUDOS EXTERNOS               ;1;0;1;46035;2739;EQUIPAMENTOS
92;FRIG. AURORA CASTRO;4228;CONTROLADOR E SENSOR DE TEMPERATURA PT100;99999431;ABT;SETOR ABATE/RESFRIAMENTO      ;1;0;1;46035;2488;EQUIPAMENTOS
92;FRIG. AURORA CASTRO;4228;CONTROLADOR E SENSOR DE TEMPERATURA PT100;99999432;ABT;SETOR ABATE/RESFRIAMENTO      ;1;0;1;46035;2488;EQUIPAMENTOS
92;FRIG. AURORA CASTRO;4228;CONTROLADOR E SENSOR DE TEMPERATURA PT100;99999433;ABT;SETOR ABATE/RESFRIAMENTO      ;1;0;1;46035;2488;EQUIPAMENTOS
92;FRIG. AURORA CASTRO;4228;CONTROLADOR E SENSOR DE TEMPERATURA PT100;99999434;ABT;SETOR ABATE/RESFRIAMENTO      ;1;0;1;46035;2488;EQUIPAMENTOS
92;FRIG. AURORA CASTRO;4228;CONTROLADOR E SENSOR DE TEMPERATURA PT100;99999435;ABT;SETOR ABATE/RESFRIAMENTO      ;1;0;1;46035;2488;EQUIPAMENTOS
92;FRIG. AURORA CASTRO;4228;CONTROLADOR E SENSOR DE TEMPERATURA PT100;99999436;ABT;SETOR ABATE/RESFRIAMENTO      ;1;0;1;46035;2488;EQUIPAMENTOS
92;FRIG. AURORA CASTRO;4228;CONTROLADOR E SENSOR DE TEMPERATURA PT100;99999437;ABT;SETOR ABATE/RESFRIAMENTO      ;1;0;1;46035;2488;EQUIPAMENTOS
92;FRIG. AURORA CASTRO;4228;CONTROLADOR E SENSOR DE TEMPERATURA PT100;99999438;ABT;SETOR ABATE/RESFRIAMENTO      ;1;0;1;46035;2488;EQUIPAMENTOS
92;FRIG. AURORA CASTRO;4228;CONTROLADOR E SENSOR DE TEMPERATURA PT100;99999439;ABT;SETOR ABATE/RESFRIAMENTO      ;1;0;1;46035;2488;EQUIPAMENTOS
92;FRIG. AURORA CASTRO;4228;CONTROLADOR E SENSOR DE TEMPERATURA PT100;99999440;ABT;SETOR ABATE/RESFRIAMENTO      ;1;0;1;46035;2488;EQUIPAMENTOS
92;FRIG. AURORA CASTRO;4228;CONTROLADOR E SENSOR DE TEMPERATURA PT100;99999441;REC;SETOR DE RECEPCAO             ;1;0;1;46035;2216;EQUIPAMENTOS
92;FRIG. AURORA CASTRO;4228;CONTROLADOR E SENSOR DE TEMPERATURA PT100;99999442;TCA;SETOR TUNEIS E CAMARAS        ;1;0;1;46035;2313;EQUIPAMENTOS
92;FRIG. AURORA CASTRO;4228;CONTROLADOR E SENSOR DE TEMPERATURA PT100;99999443;TCA;SETOR TUNEIS E CAMARAS        ;1;0;1;46035;2313;EQUIPAMENTOS
92;FRIG. AURORA CASTRO;4228;CONTROLADOR E SENSOR DE TEMPERATURA PT100;99999444;EPJ;SETOR DE ESPOSTEJAMENTO       ;1;0;1;46035;2224;EQUIPAMENTOS
92;FRIG. AURORA CASTRO;4228;CONTROLADOR E SENSOR DE TEMPERATURA PT100;99999445;EPJ;SETOR DE ESPOSTEJAMENTO       ;1;0;1;46035;2224;EQUIPAMENTOS
92;FRIG. AURORA CASTRO;4228;CONTROLADOR E SENSOR DE TEMPERATURA PT100;99999446;EPJ;SETOR DE ESPOSTEJAMENTO       ;1;0;1;46035;2224;EQUIPAMENTOS
92;FRIG. AURORA CASTRO;4228;CONTROLADOR E SENSOR DE TEMPERATURA PT100;99999447;EPJ;SETOR DE ESPOSTEJAMENTO       ;1;0;1;46035;2224;EQUIPAMENTOS
92;FRIG. AURORA CASTRO;4228;CONTROLADOR E SENSOR DE TEMPERATURA PT100;99999448;EPJ;SETOR DE ESPOSTEJAMENTO       ;1;0;1;46035;2224;EQUIPAMENTOS
92;FRIG. AURORA CASTRO;4228;CONTROLADOR E SENSOR DE TEMPERATURA PT100;99999449;EPJ;SETOR DE ESPOSTEJAMENTO       ;1;0;1;46035;2224;EQUIPAMENTOS
92;FRIG. AURORA CASTRO;4228;CONTROLADOR E SENSOR DE TEMPERATURA PT100;99999451;EXD;EXPEDICAO                     ;1;0;1;46035;2348;EQUIPAMENTOS
92;FRIG. AURORA CASTRO;4228;CONTROLADOR E SENSOR DE TEMPERATURA PT100;99999452;EXD;EXPEDICAO                     ;1;0;1;46035;2348;EQUIPAMENTOS
92;FRIG. AURORA CASTRO;4228;CONTROLADOR E SENSOR DE TEMPERATURA PT100;99999453;EXD;EXPEDICAO                     ;1;0;1;46035;2348;EQUIPAMENTOS
92;FRIG. AURORA CASTRO;4228;CONTROLADOR E SENSOR DE TEMPERATURA PT100;99999454;EXD;EXPEDICAO                     ;1;0;1;46035;2348;EQUIPAMENTOS
92;FRIG. AURORA CASTRO;4228;CONTROLADOR E SENSOR DE TEMPERATURA PT100;99999455;COD;SETOR DE CONDIMENTOS          ;1;0;1;46035;4472;EQUIPAMENTOS
92;FRIG. AURORA CASTRO;4228;CONTROLADOR E SENSOR DE TEMPERATURA PT100;99999456;COD;SETOR DE CONDIMENTOS          ;1;0;1;46035;4472;EQUIPAMENTOS
92;FRIG. AURORA CASTRO;4228;CONTROLADOR E SENSOR DE TEMPERATURA PT100;99999457;COD;SETOR DE CONDIMENTOS          ;1;0;1;46035;4472;EQUIPAMENTOS
92;FRIG. AURORA CASTRO;4228;CONTROLADOR E SENSOR DE TEMPERATURA PT100;99999458;TCA;SETOR TUNEIS E CAMARAS        ;1;0;1;46035;2313;EQUIPAMENTOS
92;FRIG. AURORA CASTRO;4228;CONTROLADOR E SENSOR DE TEMPERATURA PT100;99999459;TCA;SETOR TUNEIS E CAMARAS        ;1;0;1;46035;2313;EQUIPAMENTOS
92;FRIG. AURORA CASTRO;4228;CONTROLADOR E SENSOR DE TEMPERATURA PT100;99999460;CUR;SETOR EMB CURADOS             ;1;0;1;46035;5525;EQUIPAMENTOS
92;FRIG. AURORA CASTRO;4228;CONTROLADOR E SENSOR DE TEMPERATURA PT100;99999461;CUR;SETOR EMB CURADOS             ;1;0;1;46035;5525;EQUIPAMENTOS
92;FRIG. AURORA CASTRO;4228;CONTROLADOR E SENSOR DE TEMPERATURA PT100;99999462;TCA;SETOR TUNEIS E CAMARAS        ;1;0;1;46035;2313;EQUIPAMENTOS
92;FRIG. AURORA CASTRO;4228;CONTROLADOR E SENSOR DE TEMPERATURA PT100;99999463;TCA;SETOR TUNEIS E CAMARAS        ;1;0;1;46035;2313;EQUIPAMENTOS
92;FRIG. AURORA CASTRO;4228;CONTROLADOR E SENSOR DE TEMPERATURA PT100;99999464;SFR;SETOR EMBUTIDOS FRESCAIS      ;1;0;1;46035;4057;EQUIPAMENTOS
92;FRIG. AURORA CASTRO;4228;CONTROLADOR E SENSOR DE TEMPERATURA PT100;99999465;EPJ;SETOR DE ESPOSTEJAMENTO       ;1;0;1;46035;2224;EQUIPAMENTOS
92;FRIG. AURORA CASTRO;4228;CONTROLADOR E SENSOR DE TEMPERATURA PT100;99999466;CUR;SETOR EMB CURADOS             ;1;0;1;46035;5525;EQUIPAMENTOS
92;FRIG. AURORA CASTRO;4228;CONTROLADOR E SENSOR DE TEMPERATURA PT100;99999467;PRU;SETOR DE PRESUNTARIA          ;1;0;1;46035;2291;EQUIPAMENTOS
92;FRIG. AURORA CASTRO;4228;CONTROLADOR E SENSOR DE TEMPERATURA PT100;99999468;PRU;SETOR DE PRESUNTARIA          ;1;0;1;46035;2291;EQUIPAMENTOS
92;FRIG. AURORA CASTRO;4228;CONTROLADOR E SENSOR DE TEMPERATURA PT100;99999469;CEB;EMBUTIDOS COZIDOS             ;1;0;1;46035;2283;EQUIPAMENTOS
92;FRIG. AURORA CASTRO;4228;CONTROLADOR E SENSOR DE TEMPERATURA PT100;99999470;CEB;EMBUTIDOS COZIDOS             ;1;0;1;46035;2283;EQUIPAMENTOS
92;FRIG. AURORA CASTRO;4228;CONTROLADOR E SENSOR DE TEMPERATURA PT100;99999471;CUR;SETOR EMB CURADOS             ;1;0;1;46035;5525;EQUIPAMENTOS
92;FRIG. AURORA CASTRO;4228;CONTROLADOR E SENSOR DE TEMPERATURA PT100;99999472;EST;SETOR DE ESTUFAS              ;1;0;1;46035;4588;EQUIPAMENTOS
92;FRIG. AURORA CASTRO;4228;CONTROLADOR E SENSOR DE TEMPERATURA PT100;99999476;SEI;SETOR EMB INDUSTRIALIZADOS    ;1;0;1;46035;5345;EQUIPAMENTOS
92;FRIG. AURORA CASTRO;4228;CONTROLADOR E SENSOR DE TEMPERATURA PT100;99999473;SEI;SETOR EMB INDUSTRIALIZADOS    ;1;0;1;46035;5345;EQUIPAMENTOS
92;FRIG. AURORA CASTRO;4228;CONTROLADOR E SENSOR DE TEMPERATURA PT100;99999474;SFT;SETOR DE FATIADOS             ;1;0;1;46035;4600;EQUIPAMENTOS
92;FRIG. AURORA CASTRO;4228;CONTROLADOR E SENSOR DE TEMPERATURA PT100;99999475;SFT;SETOR DE FATIADOS             ;1;0;1;46035;4600;EQUIPAMENTOS
92;FRIG. AURORA CASTRO;4228;CORRUGADOR DE ENVOLTORIO INOX MECANICA;99986318;CUR;SETOR EMB CURADOS             ;6;252931;9999;10000;5525;MÁQUINAS PRINCIPAL
92;FRIG. AURORA CASTRO;4228;CORRUGADOR DE ENVOLTORIO INOX MECANICA - SISTEMA DE SEGURANÇA;4802;CUR;SETOR EMB CURADOS             ;8;252931;9999;46044;5525;MÁQUINAS SECUNDÁRIAS
92;FRIG. AURORA CASTRO;4228;CORRUGADOR DE ENVOLTORIO INOX MECANICA - SISTEMA ELETRICO;4801;CUR;SETOR EMB CURADOS             ;8;252931;9999;46044;5525;MÁQUINAS SECUNDÁRIAS
92;FRIG. AURORA CASTRO;4228;CORTADOR DE CARNE CONTINUO - VELATI - MOTOR DA ESTEIRA;3933;CUR;SETOR EMB CURADOS             ;8;257509;9999;16050;5525;MÁQUINAS SECUNDÁRIAS
92;FRIG. AURORA CASTRO;4228;CORTADOR DE CARNE CONTINUO - VELATI - MOTOR DO FACÃO;3932;CUR;SETOR EMB CURADOS             ;8;257509;9999;16050;5525;MÁQUINAS SECUNDÁRIAS
92;FRIG. AURORA CASTRO;4228;CORTADOR DE CARNE CONTINUO - VELATI - SISTEMA DE SEGURANÇA;5284;CUR;SETOR EMB CURADOS             ;8;257509;9999;16050;5525;MÁQUINAS SECUNDÁRIAS
92;FRIG. AURORA CASTRO;4228;CORTADOR DE CARNE CONTINUO - VELATI - SISTEMA ELETRICO;3931;CUR;SETOR EMB CURADOS             ;8;257509;9999;16050;5525;MÁQUINAS SECUNDÁRIAS
92;FRIG. AURORA CASTRO;4228;CORTADOR DE CARNE CONTINUO VELATI;99986283;CUR;SETOR EMB CURADOS             ;6;257509;9999;9006;5525;MÁQUINAS PRINCIPAL
92;FRIG. AURORA CASTRO;4228;CORTADOR DE TRIPAS GROSSAS (99986468) - MOTOR;99988872;GRX;SETOR SUB PRODUTOS GRAXARIA   ;6;;9999;19000;2330;MÁQUINAS SECUNDÁRIAS
92;FRIG. AURORA CASTRO;4228;CORTADOR DE TRIPAS GROSSAS (99986468) - REDUTOR;99988873;GRX;SETOR SUB PRODUTOS GRAXARIA   ;6;;9999;18000;2330;MÁQUINAS SECUNDÁRIAS
92;FRIG. AURORA CASTRO;4228;CORTADOR DE TRIPAS GROSSAS - GALERIA TECNICA 80263836;99986468;GRX;SETOR SUB PRODUTOS GRAXARIA   ;6;;9999;46044;2330;MÁQUINAS PRINCIPAL
92;FRIG. AURORA CASTRO;4228;CORTE CARCAÇA JOYSTICK 600 SULMAQ;99986293;EPJ;SETOR DE ESPOSTEJAMENTO       ;8;0;9999;32009;2224;OUTROS
92;FRIG. AURORA CASTRO;4228;CORTE CARCAÇA JOYSTICK 600 SULMAQ - EST. CURTA/RETA - SISTEMA ELÉTRICO;99999654;EPJ;SETOR DE ESPOSTEJAMENTO       ;8;254591;9999;29004;2224;MÁQUINAS SECUNDÁRIAS
92;FRIG. AURORA CASTRO;4228;CORTE CARCAÇA JOYSTICK 600 SULMAQ - EST. CURTA/RETA PERNIL - REDUTOR;99999652;EPJ;SETOR DE ESPOSTEJAMENTO       ;8;254591;9999;29004;2224;MÁQUINAS SECUNDÁRIAS
92;FRIG. AURORA CASTRO;4228;CORTE CARCAÇA JOYSTICK 600 SULMAQ - EST. CURTA/RETA PERNIL - REDUTOR - MOTOR;99999653;EPJ;SETOR DE ESPOSTEJAMENTO       ;8;254591;9999;29004;2224;MÁQUINAS SECUNDÁRIAS
92;FRIG. AURORA CASTRO;4228;CORTE CARCAÇA JOYSTICK 600 SULMAQ - EST. CURTA/RETA RETA PERNIL;99985775;EPJ;SETOR DE ESPOSTEJAMENTO       ;6;254591;9999;29004;2224;MÁQUINAS PRINCIPAL
92;FRIG. AURORA CASTRO;4228;CORTE CARCAÇA JOYSTICK 600 SULMAQ - EST. CURVA BARRIGA/CARRÉ;99985632;EPJ;SETOR DE ESPOSTEJAMENTO       ;8;254590;9999;29004;2224;MÁQUINAS PRINCIPAL
92;FRIG. AURORA CASTRO;4228;CORTE CARCAÇA JOYSTICK 600 SULMAQ - EST. CURVA BARRIGA/CARRÉ - REDUTOR;99999640;EPJ;SETOR DE ESPOSTEJAMENTO       ;8;254590;9999;29004;2224;MÁQUINAS SECUNDÁRIAS
92;FRIG. AURORA CASTRO;4228;CORTE CARCAÇA JOYSTICK 600 SULMAQ - EST. CURVA BARRIGA/CARRÉ - REDUTOR - MOTOR;99999641;EPJ;SETOR DE ESPOSTEJAMENTO       ;8;254590;9999;29004;2224;MÁQUINAS SECUNDÁRIAS
92;FRIG. AURORA CASTRO;4228;CORTE CARCAÇA JOYSTICK 600 SULMAQ - EST. CURVA BARRIGA/CARRÉ - SIST. ELÉTRICO;99999642;EPJ;SETOR DE ESPOSTEJAMENTO       ;8;254590;9999;29004;2224;MÁQUINAS SECUNDÁRIAS
92;FRIG. AURORA CASTRO;4228;CORTE CARCAÇA JOYSTICK 600 SULMAQ - ESTEIRA CORTE BARRIGA/CARRÉ;99999636;EPJ;SETOR DE ESPOSTEJAMENTO       ;8;258185;9999;32009;2224;MÁQUINAS SECUNDÁRIAS
92;FRIG. AURORA CASTRO;4228;CORTE CARCAÇA JOYSTICK 600 SULMAQ - ESTEIRA CORTE BARRIGA/CARRÉ - REDUTOR;99999637;EPJ;SETOR DE ESPOSTEJAMENTO       ;8;258185;9999;32009;2224;MÁQUINAS SECUNDÁRIAS
92;FRIG. AURORA CASTRO;4228;CORTE CARCAÇA JOYSTICK 600 SULMAQ - ESTEIRA CORTE BARRIGA/CARRÉ - REDUTOR - MT;99999638;EPJ;SETOR DE ESPOSTEJAMENTO       ;8;258185;9999;32009;2224;MÁQUINAS SECUNDÁRIAS
92;FRIG. AURORA CASTRO;4228;CORTE CARCAÇA JOYSTICK 600 SULMAQ - ESTEIRA CORTE BARRIGA/CARRÉ - SIST. ELÉTRICO;99999639;EPJ;SETOR DE ESPOSTEJAMENTO       ;8;258185;9999;32009;2224;MÁQUINAS SECUNDÁRIAS
92;FRIG. AURORA CASTRO;4228;CORTE CARCAÇA JOYSTICK 600 SULMAQ - ESTEIRA CORTE PALETA;99999619;EPJ;SETOR DE ESPOSTEJAMENTO       ;8;258178;9999;32009;2224;MÁQUINAS SECUNDÁRIAS
92;FRIG. AURORA CASTRO;4228;CORTE CARCAÇA JOYSTICK 600 SULMAQ - ESTEIRA CORTE PALETA - REDUTOR;99999620;EPJ;SETOR DE ESPOSTEJAMENTO       ;8;258178;9999;32009;2224;MÁQUINAS SECUNDÁRIAS
92;FRIG. AURORA CASTRO;4228;CORTE CARCAÇA JOYSTICK 600 SULMAQ - ESTEIRA CORTE PALETA - REDUTOR - MOTOR;99999621;EPJ;SETOR DE ESPOSTEJAMENTO       ;8;258178;9999;32009;2224;MÁQUINAS SECUNDÁRIAS
92;FRIG. AURORA CASTRO;4228;CORTE CARCAÇA JOYSTICK 600 SULMAQ - ESTEIRA CORTE PALETA - SISTEMA ELÉTRICO;99999622;EPJ;SETOR DE ESPOSTEJAMENTO       ;8;258178;9999;32009;2224;MÁQUINAS SECUNDÁRIAS
92;FRIG. AURORA CASTRO;4228;CORTE CARCAÇA JOYSTICK 600 SULMAQ - ESTEIRA CORTE PERNIL;99985673;EPJ;SETOR DE ESPOSTEJAMENTO       ;8;258185;9999;32009;2224;MÁQUINAS SECUNDÁRIAS
92;FRIG. AURORA CASTRO;4228;CORTE CARCAÇA JOYSTICK 600 SULMAQ - ESTEIRA CORTE PERNIL - REDUTOR;99999629;EPJ;SETOR DE ESPOSTEJAMENTO       ;8;258185;9999;32009;2224;MÁQUINAS SECUNDÁRIAS
92;FRIG. AURORA CASTRO;4228;CORTE CARCAÇA JOYSTICK 600 SULMAQ - ESTEIRA CORTE PERNIL - REDUTOR - MOTOR;99999630;EPJ;SETOR DE ESPOSTEJAMENTO       ;8;258185;9999;32009;2224;MÁQUINAS SECUNDÁRIAS
92;FRIG. AURORA CASTRO;4228;CORTE CARCAÇA JOYSTICK 600 SULMAQ - ESTEIRA CORTE PERNIL - SISTEMA ELÉTRICO;99999631;EPJ;SETOR DE ESPOSTEJAMENTO       ;8;258185;9999;32009;2224;MÁQUINAS SECUNDÁRIAS
92;FRIG. AURORA CASTRO;4228;CORTE CARCAÇA JOYSTICK 600 SULMAQ - ESTEIRA CURVA PERNIL;99999655;EPJ;SETOR DE ESPOSTEJAMENTO       ;8;254592;9999;29004;2224;MÁQUINAS SECUNDÁRIAS
92;FRIG. AURORA CASTRO;4228;CORTE CARCAÇA JOYSTICK 600 SULMAQ - ESTEIRA CURVA PERNIL - REDUTOR;99999656;EPJ;SETOR DE ESPOSTEJAMENTO       ;8;254592;9999;29004;2224;MÁQUINAS SECUNDÁRIAS
92;FRIG. AURORA CASTRO;4228;CORTE CARCAÇA JOYSTICK 600 SULMAQ - ESTEIRA CURVA PERNIL - REDUTOR - MOTOR;99999657;EPJ;SETOR DE ESPOSTEJAMENTO       ;6;254592;9999;29004;2224;MÁQUINAS SECUNDÁRIAS
92;FRIG. AURORA CASTRO;4228;CORTE CARCAÇA JOYSTICK 600 SULMAQ - ESTEIRA CURVA PERNIL - SISTEMA ELÉTRICO;99999658;EPJ;SETOR DE ESPOSTEJAMENTO       ;6;254592;9999;29004;2224;MÁQUINAS SECUNDÁRIAS
92;FRIG. AURORA CASTRO;4228;CORTE CARCAÇA JOYSTICK 600 SULMAQ - ESTEIRA DE BARRIGA;99999644;EPJ;SETOR DE ESPOSTEJAMENTO       ;8;258174;9999;32009;2224;MÁQUINAS SECUNDÁRIAS
92;FRIG. AURORA CASTRO;4228;CORTE CARCAÇA JOYSTICK 600 SULMAQ - ESTEIRA DE BARRIGA - REDUTOR;99999645;EPJ;SETOR DE ESPOSTEJAMENTO       ;8;258174;9999;32009;2224;MÁQUINAS SECUNDÁRIAS
92;FRIG. AURORA CASTRO;4228;CORTE CARCAÇA JOYSTICK 600 SULMAQ - ESTEIRA DE BARRIGA - REDUTOR - MOTOR;99999646;EPJ;SETOR DE ESPOSTEJAMENTO       ;8;258174;9999;32009;2224;MÁQUINAS SECUNDÁRIAS
92;FRIG. AURORA CASTRO;4228;CORTE CARCAÇA JOYSTICK 600 SULMAQ - ESTEIRA DE BARRIGA - SISTEMA ELÉTRICO;99999647;EPJ;SETOR DE ESPOSTEJAMENTO       ;8;258174;9999;32009;2224;MÁQUINAS SECUNDÁRIAS
92;FRIG. AURORA CASTRO;4228;CORTE CARCAÇA JOYSTICK 600 SULMAQ - ESTEIRA DE CARRÉ;99999648;EPJ;SETOR DE ESPOSTEJAMENTO       ;8;258174;9999;32009;2224;MÁQUINAS SECUNDÁRIAS
92;FRIG. AURORA CASTRO;4228;CORTE CARCAÇA JOYSTICK 600 SULMAQ - ESTEIRA DE CARRÉ - REDUTOR;99999649;EPJ;SETOR DE ESPOSTEJAMENTO       ;8;258174;9999;32009;2224;MÁQUINAS SECUNDÁRIAS
92;FRIG. AURORA CASTRO;4228;CORTE CARCAÇA JOYSTICK 600 SULMAQ - ESTEIRA DE CARRÉ - REDUTOR - MOTOR;99999650;EPJ;SETOR DE ESPOSTEJAMENTO       ;8;258174;9999;32009;2224;MÁQUINAS SECUNDÁRIAS
92;FRIG. AURORA CASTRO;4228;CORTE CARCAÇA JOYSTICK 600 SULMAQ - ESTEIRA DE CARRÉ - SISTEMA ELÉTRICO;99999651;EPJ;SETOR DE ESPOSTEJAMENTO       ;8;258174;9999;32009;2224;MÁQUINAS SECUNDÁRIAS
92;FRIG. AURORA CASTRO;4228;CORTE CARCAÇA JOYSTICK 600 SULMAQ - ESTEIRA DE DERRUBADA;99985634;EPJ;SETOR DE ESPOSTEJAMENTO       ;6;258187;9999;29004;2224;MÁQUINAS PRINCIPAL
92;FRIG. AURORA CASTRO;4228;CORTE CARCAÇA JOYSTICK 600 SULMAQ - ESTEIRA DE DERRUBADA - REDUTOR;99999602;EPJ;SETOR DE ESPOSTEJAMENTO       ;8;258187;9999;32009;2224;MÁQUINAS SECUNDÁRIAS
92;FRIG. AURORA CASTRO;4228;CORTE CARCAÇA JOYSTICK 600 SULMAQ - ESTEIRA DE DERRUBADA - REDUTOR - MOTOR;99999603;EPJ;SETOR DE ESPOSTEJAMENTO       ;8;258187;9999;32009;2224;MÁQUINAS SECUNDÁRIAS
92;FRIG. AURORA CASTRO;4228;CORTE CARCAÇA JOYSTICK 600 SULMAQ - ESTEIRA DE DERRUBADA - SISTEMA ELÉTRICO;99999604;EPJ;SETOR DE ESPOSTEJAMENTO       ;8;258187;9999;32009;2224;MÁQUINAS SECUNDÁRIAS
92;FRIG. AURORA CASTRO;4228;CORTE CARCAÇA JOYSTICK 600 SULMAQ - ESTEIRA DERRUBADA PALETA;99999668;EPJ;SETOR DE ESPOSTEJAMENTO       ;8;258178;9999;32009;2224;MÁQUINAS SECUNDÁRIAS
92;FRIG. AURORA CASTRO;4228;CORTE CARCAÇA JOYSTICK 600 SULMAQ - ESTEIRA DERRUBADA PALETA - REDUTOR;99999669;EPJ;SETOR DE ESPOSTEJAMENTO       ;8;258178;9999;32009;2224;MÁQUINAS SECUNDÁRIAS
92;FRIG. AURORA CASTRO;4228;CORTE CARCAÇA JOYSTICK 600 SULMAQ - ESTEIRA DERRUBADA PALETA - REDUTOR - MOTOR;99999670;EPJ;SETOR DE ESPOSTEJAMENTO       ;8;258178;9999;32009;2224;MÁQUINAS SECUNDÁRIAS
92;FRIG. AURORA CASTRO;4228;CORTE CARCAÇA JOYSTICK 600 SULMAQ - ESTEIRA DERRUBADA PALETA - SISTEMA ELÉTRICO;99999671;EPJ;SETOR DE ESPOSTEJAMENTO       ;8;258178;9999;32009;2224;MÁQUINAS SECUNDÁRIAS
92;FRIG. AURORA CASTRO;4228;CORTE CARCAÇA JOYSTICK 600 SULMAQ - ESTEIRA JOYSTICK 01;99999613;EPJ;SETOR DE ESPOSTEJAMENTO       ;8;254419;9999;32009;2224;MÁQUINAS PRINCIPAL
92;FRIG. AURORA CASTRO;4228;CORTE CARCAÇA JOYSTICK 600 SULMAQ - ESTEIRA JOYSTICK 01 - REDUTOR;99999614;EPJ;SETOR DE ESPOSTEJAMENTO       ;8;254419;9999;32009;2224;MÁQUINAS SECUNDÁRIAS
92;FRIG. AURORA CASTRO;4228;CORTE CARCAÇA JOYSTICK 600 SULMAQ - ESTEIRA JOYSTICK 01 - REDUTOR - MOTOR;99999615;EPJ;SETOR DE ESPOSTEJAMENTO       ;8;254419;9999;32009;2224;MÁQUINAS SECUNDÁRIAS
92;FRIG. AURORA CASTRO;4228;CORTE CARCAÇA JOYSTICK 600 SULMAQ - ESTEIRA JOYSTICK 01 - SISTEMA ELÉTRICO;99999616;EPJ;SETOR DE ESPOSTEJAMENTO       ;8;254419;9999;32009;2224;MÁQUINAS SECUNDÁRIAS
92;FRIG. AURORA CASTRO;4228;CORTE CARCAÇA JOYSTICK 600 SULMAQ - ESTEIRA JOYSTICK 01 - SISTEMA PNEUMÁTICO;99999617;EPJ;SETOR DE ESPOSTEJAMENTO       ;8;254419;9999;32009;2224;MÁQUINAS SECUNDÁRIAS
92;FRIG. AURORA CASTRO;4228;CORTE CARCAÇA JOYSTICK 600 SULMAQ - ESTEIRA JOYSTICK 02;99999623;EPJ;SETOR DE ESPOSTEJAMENTO       ;8;0;9999;32009;2224;OUTROS
92;FRIG. AURORA CASTRO;4228;CORTE CARCAÇA JOYSTICK 600 SULMAQ - ESTEIRA JOYSTICK 02 - REDUTOR;99999624;EPJ;SETOR DE ESPOSTEJAMENTO       ;8;0;9999;32009;2224;OUTROS
92;FRIG. AURORA CASTRO;4228;CORTE CARCAÇA JOYSTICK 600 SULMAQ - ESTEIRA JOYSTICK 02 - REDUTOR - MOTOR;99999625;EPJ;SETOR DE ESPOSTEJAMENTO       ;8;0;9999;32009;2224;OUTROS
92;FRIG. AURORA CASTRO;4228;CORTE CARCAÇA JOYSTICK 600 SULMAQ - ESTEIRA JOYSTICK 02 - SISTEMA ELÉTRICO;99999626;EPJ;SETOR DE ESPOSTEJAMENTO       ;8;0;9999;32009;2224;OUTROS
92;FRIG. AURORA CASTRO;4228;CORTE CARCAÇA JOYSTICK 600 SULMAQ - ESTEIRA JOYSTICK 02 - SISTEMA PNEUMÁTICO;99999627;EPJ;SETOR DE ESPOSTEJAMENTO       ;8;0;9999;32009;2224;OUTROS
92;FRIG. AURORA CASTRO;4228;CORTE CARCAÇA JOYSTICK 600 SULMAQ - MESA CORTE CARRÉ/BARRIGA;99999643;EPJ;SETOR DE ESPOSTEJAMENTO       ;8;258174;9999;32009;2224;MÁQUINAS PRINCIPAL
92;FRIG. AURORA CASTRO;4228;CORTE CARCAÇA JOYSTICK 600 SULMAQ - MESA CORTE CARRÉ/BARRIGA - SIST. ELÉTRICO;99999666;EPJ;SETOR DE ESPOSTEJAMENTO       ;8;258174;9999;32009;2224;MÁQUINAS SECUNDÁRIAS
92;FRIG. AURORA CASTRO;4228;CORTE CARCAÇA JOYSTICK 600 SULMAQ - MESA CORTE CARRÉ/BARRIGA - SIST. PNEUMÁTICO;99999574;EPJ;SETOR DE ESPOSTEJAMENTO       ;8;258174;9999;32009;2224;MÁQUINAS SECUNDÁRIAS
92;FRIG. AURORA CASTRO;4228;CORTE CARCAÇA JOYSTICK 600 SULMAQ - MESA CORTE CARRÉ/BARRIGA - SIST. SEGURANÇA;99999575;EPJ;SETOR DE ESPOSTEJAMENTO       ;8;258174;9999;32009;2224;MÁQUINAS SECUNDÁRIAS
92;FRIG. AURORA CASTRO;4228;CORTE CARCAÇA JOYSTICK 600 SULMAQ - MESA CORTE PALETA;99999618;EPJ;SETOR DE ESPOSTEJAMENTO       ;8;258178;9999;32009;2224;MÁQUINAS PRINCIPAL
92;FRIG. AURORA CASTRO;4228;CORTE CARCAÇA JOYSTICK 600 SULMAQ - MESA CORTE PALETA - SIST. DE SEGURANÇA;99999663;EPJ;SETOR DE ESPOSTEJAMENTO       ;8;258178;9999;32009;2224;MÁQUINAS SECUNDÁRIAS
92;FRIG. AURORA CASTRO;4228;CORTE CARCAÇA JOYSTICK 600 SULMAQ - MESA CORTE PALETA - SIST. ELÉTRICO;99999662;EPJ;SETOR DE ESPOSTEJAMENTO       ;8;258178;9999;32009;2224;MÁQUINAS SECUNDÁRIAS
92;FRIG. AURORA CASTRO;4228;CORTE CARCAÇA JOYSTICK 600 SULMAQ - MESA CORTE PERNIL;99999628;EPJ;SETOR DE ESPOSTEJAMENTO       ;8;258185;9999;32009;2224;MÁQUINAS PRINCIPAL
92;FRIG. AURORA CASTRO;4228;CORTE CARCAÇA JOYSTICK 600 SULMAQ - MESA CORTE PERNIL - SIST. ELÉTRICO;99999664;EPJ;SETOR DE ESPOSTEJAMENTO       ;8;258185;9999;32009;2224;MÁQUINAS SECUNDÁRIAS
92;FRIG. AURORA CASTRO;4228;CORTE CARCAÇA JOYSTICK 600 SULMAQ - MESA CORTE PERNIL - SIST. SEGURANÇA;99999665;EPJ;SETOR DE ESPOSTEJAMENTO       ;8;258185;9999;32009;2224;MÁQUINAS SECUNDÁRIAS
92;FRIG. AURORA CASTRO;4228;CORTE CARCAÇA JOYSTICK 600 SULMAQ - MESA CORTE PÉS;99999659;EPJ;SETOR DE ESPOSTEJAMENTO       ;8;254593;9999;32009;2224;MÁQUINAS PRINCIPAL
92;FRIG. AURORA CASTRO;4228;CORTE CARCAÇA JOYSTICK 600 SULMAQ - MESA CORTE PÉS - SISTEMA DE SEGURANÇA;99999571;EPJ;SETOR DE ESPOSTEJAMENTO       ;8;254593;9999;32009;2224;MÁQUINAS SECUNDÁRIAS
92;FRIG. AURORA CASTRO;4228;CORTE CARCAÇA JOYSTICK 600 SULMAQ - MESA CORTE PÉS - SISTEMA ELÉTRICO;99999667;EPJ;SETOR DE ESPOSTEJAMENTO       ;8;254593;9999;32009;2224;MÁQUINAS SECUNDÁRIAS
92;FRIG. AURORA CASTRO;4228;CORTE CARCAÇA JOYSTICK 600 SULMAQ - SERRA CORTE CARRÉ/BARRIGA;99986298;EPJ;SETOR DE ESPOSTEJAMENTO       ;6;258174;9999;32009;2224;MÁQUINAS SECUNDÁRIAS
92;FRIG. AURORA CASTRO;4228;CORTE CARCAÇA JOYSTICK 600 SULMAQ - SERRA CORTE CARRÉ/BARRIGA - REDUTOR;99999572;EPJ;SETOR DE ESPOSTEJAMENTO       ;8;258174;9999;32009;2224;MÁQUINAS SECUNDÁRIAS
92;FRIG. AURORA CASTRO;4228;CORTE CARCAÇA JOYSTICK 600 SULMAQ - SERRA CORTE CARRÉ/BARRIGA - REDUTOR - MOTOR;99999573;EPJ;SETOR DE ESPOSTEJAMENTO       ;8;258174;9999;32009;2224;MÁQUINAS SECUNDÁRIAS
92;FRIG. AURORA CASTRO;4228;CORTE CARCAÇA JOYSTICK 600 SULMAQ - SERRA CORTE PALETA;99986294;EPJ;SETOR DE ESPOSTEJAMENTO       ;8;258178;9999;32009;2224;MÁQUINAS SECUNDÁRIAS
92;FRIG. AURORA CASTRO;4228;CORTE CARCAÇA JOYSTICK 600 SULMAQ - SERRA CORTE PALETA - REDUTOR;99999564;EPJ;SETOR DE ESPOSTEJAMENTO       ;8;258178;9999;32009;2224;MÁQUINAS SECUNDÁRIAS
92;FRIG. AURORA CASTRO;4228;CORTE CARCAÇA JOYSTICK 600 SULMAQ - SERRA CORTE PALETA - REDUTOR - MOTOR;99999565;EPJ;SETOR DE ESPOSTEJAMENTO       ;8;258178;9999;32009;2224;MÁQUINAS SECUNDÁRIAS
92;FRIG. AURORA CASTRO;4228;CORTE CARCAÇA JOYSTICK 600 SULMAQ - SERRA CORTE PERNIL;99986297;EPJ;SETOR DE ESPOSTEJAMENTO       ;8;258185;9999;32009;2224;MÁQUINAS SECUNDÁRIAS
92;FRIG. AURORA CASTRO;4228;CORTE CARCAÇA JOYSTICK 600 SULMAQ - SERRA CORTE PERNIL - REDUTOR;99999566;EPJ;SETOR DE ESPOSTEJAMENTO       ;8;258185;9999;32009;2224;MÁQUINAS SECUNDÁRIAS
92;FRIG. AURORA CASTRO;4228;CORTE CARCAÇA JOYSTICK 600 SULMAQ - SERRA CORTE PERNIL - REDUTOR - MOTOR;99999567;EPJ;SETOR DE ESPOSTEJAMENTO       ;8;258185;9999;32009;2224;MÁQUINAS SECUNDÁRIAS
92;FRIG. AURORA CASTRO;4228;CORTE CARCAÇA JOYSTICK 600 SULMAQ - SERRA CORTE PÉS;99999568;EPJ;SETOR DE ESPOSTEJAMENTO       ;8;254593;9999;32009;2224;MÁQUINAS SECUNDÁRIAS
92;FRIG. AURORA CASTRO;4228;CORTE CARCAÇA JOYSTICK 600 SULMAQ - SERRA CORTE PÉS - REDUTOR;99999569;EPJ;SETOR DE ESPOSTEJAMENTO       ;8;254593;9999;32009;2224;MÁQUINAS SECUNDÁRIAS
92;FRIG. AURORA CASTRO;4228;CORTE CARCAÇA JOYSTICK 600 SULMAQ - SERRA CORTE PÉS - REDUTOR - MOTOR;99999570;EPJ;SETOR DE ESPOSTEJAMENTO       ;8;254593;9999;32009;2224;MÁQUINAS SECUNDÁRIAS
92;FRIG. AURORA CASTRO;4228;CORTES ESP - BISTECA - EMBALADORA FLOWPACK PV550 ULMA;99985569;EPJ;SETOR DE ESPOSTEJAMENTO       ;6;254675;9999;33000;2224;MÁQUINAS PRINCIPAL
92;FRIG. AURORA CASTRO;4228;CORTES ESP - BISTECA - EMBALADORA FLOWPACK PV550 ULMA - CABINE DE RODILHOS;99999732;EPJ;SETOR DE ESPOSTEJAMENTO       ;8;254675;9999;33000;2224;MÁQUINAS SECUNDÁRIAS
92;FRIG. AURORA CASTRO;4228;CORTES ESP - BISTECA - EMBALADORA FLOWPACK PV550 ULMA - ESTEIRA DE ALIMENTAÇÃO;99999733;EPJ;SETOR DE ESPOSTEJAMENTO       ;8;254675;9999;33000;2224;MÁQUINAS SECUNDÁRIAS
92;FRIG. AURORA CASTRO;4228;CORTES ESP - BISTECA - EMBALADORA FLOWPACK PV550 ULMA - ESTEIRA DE SAÍDA;99999735;EPJ;SETOR DE ESPOSTEJAMENTO       ;6;254675;9999;33000;2224;MÁQUINAS SECUNDÁRIAS
92;FRIG. AURORA CASTRO;4228;CORTES ESP - BISTECA - EMBALADORA FLOWPACK PV550 ULMA - ESTEIRA PRINCIPAL;99999734;EPJ;SETOR DE ESPOSTEJAMENTO       ;8;254675;9999;33000;2224;MÁQUINAS SECUNDÁRIAS
92;FRIG. AURORA CASTRO;4228;CORTES ESP - BISTECA - EMBALADORA FLOWPACK PV550 ULMA - SISTEMA DE MORDAÇA;99999731;EPJ;SETOR DE ESPOSTEJAMENTO       ;8;254675;9999;33000;2224;MÁQUINAS SECUNDÁRIAS
92;FRIG. AURORA CASTRO;4228;CORTES ESP - BISTECA - EMBALADORA FLOWPACK PV550 ULMA - SISTEMA DE SEGURANÇA;99999730;EPJ;SETOR DE ESPOSTEJAMENTO       ;8;254675;9999;33000;2224;MÁQUINAS SECUNDÁRIAS
92;FRIG. AURORA CASTRO;4228;CORTES ESP - BISTECA - EMBALADORA FLOWPACK PV550 ULMA - SISTEMA DE TRANSMISSÃO;2859;EPJ;SETOR DE ESPOSTEJAMENTO       ;6;254675;9999;46001;2224;MÁQUINAS SECUNDÁRIAS
92;FRIG. AURORA CASTRO;4228;CORTES ESP - BISTECA - EMBALADORA FLOWPACK PV550 ULMA - SISTEMA ELÉTRICO;99999729;EPJ;SETOR DE ESPOSTEJAMENTO       ;8;254675;9999;33000;2224;MÁQUINAS SECUNDÁRIAS
92;FRIG. AURORA CASTRO;4228;CORTES ESP - BISTECA - ESTEIRA CURTA SAÍDA TUNEL ENCO. TR-200;99985745;EPJ;SETOR DE ESPOSTEJAMENTO       ;4;254681;9999;29004;2224;MÁQUINAS PRINCIPAL
92;FRIG. AURORA CASTRO;4228;CORTES ESP - BISTECA - ESTEIRA CURTA SAÍDA TUNEL ENCO. TR-200 - REDUTOR;99999750;EPJ;SETOR DE ESPOSTEJAMENTO       ;4;254681;9999;29004;2224;MÁQUINAS SECUNDÁRIAS
92;FRIG. AURORA CASTRO;4228;CORTES ESP - BISTECA - ESTEIRA CURTA SAÍDA TUNEL ENCO. TR-200 - REDUTOR - MOTOR;99999751;EPJ;SETOR DE ESPOSTEJAMENTO       ;4;254681;9999;29004;2224;MÁQUINAS SECUNDÁRIAS
92;FRIG. AURORA CASTRO;4228;CORTES ESP - BISTECA - ESTEIRA CURTA SAÍDA TUNEL ENCO. TR-200 - SISTEMA DE SEG.;99999753;EPJ;SETOR DE ESPOSTEJAMENTO       ;4;254681;9999;29004;2224;MÁQUINAS SECUNDÁRIAS
92;FRIG. AURORA CASTRO;4228;CORTES ESP - BISTECA - ESTEIRA CURTA SAÍDA TUNEL ENCO. TR-200 - SISTEMA ELÉTRICO;99999752;EPJ;SETOR DE ESPOSTEJAMENTO       ;4;254681;9999;29004;2224;MÁQUINAS SECUNDÁRIAS
92;FRIG. AURORA CASTRO;4228;CORTES ESP - BISTECA - ESTEIRA CURTA SAÍDA V-CUT 240 MAREL;99999745;EPJ;SETOR DE ESPOSTEJAMENTO       ;4;0;9999;29004;2224;OUTROS
92;FRIG. AURORA CASTRO;4228;CORTES ESP - BISTECA - ESTEIRA CURTA SAÍDA V-CUT 240 MAREL - REDUTOR;99999746;EPJ;SETOR DE ESPOSTEJAMENTO       ;4;0;9999;29004;2224;OUTROS
92;FRIG. AURORA CASTRO;4228;CORTES ESP - BISTECA - ESTEIRA CURTA SAÍDA V-CUT 240 MAREL - REDUTOR - MOTOR;99999747;EPJ;SETOR DE ESPOSTEJAMENTO       ;4;0;9999;29004;2224;OUTROS
92;FRIG. AURORA CASTRO;4228;CORTES ESP - BISTECA - ESTEIRA CURTA SAÍDA V-CUT 240 MAREL - SISTEMA DE SEGUR.;99999749;EPJ;SETOR DE ESPOSTEJAMENTO       ;4;0;9999;29004;2224;OUTROS
92;FRIG. AURORA CASTRO;4228;CORTES ESP - BISTECA - ESTEIRA CURTA SAÍDA V-CUT 240 MAREL - SISTEMA ELÉTRICO;99999748;EPJ;SETOR DE ESPOSTEJAMENTO       ;4;0;9999;29004;2224;OUTROS
92;FRIG. AURORA CASTRO;4228;CORTES ESP - BISTECA - ESTEIRA DE SAÍDA TUNEL DE CONGEL. JBT;99985663;EPJ;SETOR DE ESPOSTEJAMENTO       ;6;254678;9999;29004;2224;MÁQUINAS PRINCIPAL
92;FRIG. AURORA CASTRO;4228;CORTES ESP - BISTECA - ESTEIRA DE SAÍDA TUNEL DE CONGEL. JBT - REDUTOR;99999718;EPJ;SETOR DE ESPOSTEJAMENTO       ;6;254678;9999;29004;2224;MÁQUINAS SECUNDÁRIAS
92;FRIG. AURORA CASTRO;4228;CORTES ESP - BISTECA - ESTEIRA DE SAÍDA TUNEL DE CONGEL. JBT - REDUTOR - MOTOR;99999719;EPJ;SETOR DE ESPOSTEJAMENTO       ;6;254678;9999;29004;2224;MÁQUINAS SECUNDÁRIAS
92;FRIG. AURORA CASTRO;4228;CORTES ESP - BISTECA - ESTEIRA DE SAÍDA TUNEL DE CONGEL. JBT - SIST. DE SEGUR.;99999721;EPJ;SETOR DE ESPOSTEJAMENTO       ;6;254678;9999;29004;2224;MÁQUINAS SECUNDÁRIAS
92;FRIG. AURORA CASTRO;4228;CORTES ESP - BISTECA - ESTEIRA DE SAÍDA TUNEL DE CONGEL. JBT - SIST. ELÉTRICO;99999720;EPJ;SETOR DE ESPOSTEJAMENTO       ;6;254678;9999;29004;2224;MÁQUINAS SECUNDÁRIAS
92;FRIG. AURORA CASTRO;4228;CORTES ESP - BISTECA - ESTEIRA ELEVATÓRIA BISTECA EMBALADA;99999759;EPJ;SETOR DE ESPOSTEJAMENTO       ;4;254683;9999;29004;2224;MÁQUINAS PRINCIPAL
92;FRIG. AURORA CASTRO;4228;CORTES ESP - BISTECA - ESTEIRA ELEVATÓRIA BISTECA EMBALADA - REDUTOR;99999760;EPJ;SETOR DE ESPOSTEJAMENTO       ;4;254683;9999;29004;2224;MÁQUINAS SECUNDÁRIAS
92;FRIG. AURORA CASTRO;4228;CORTES ESP - BISTECA - ESTEIRA ELEVATÓRIA BISTECA EMBALADA - REDUTOR - MOTOR;99999761;EPJ;SETOR DE ESPOSTEJAMENTO       ;4;254683;9999;29004;2224;MÁQUINAS SECUNDÁRIAS
92;FRIG. AURORA CASTRO;4228;CORTES ESP - BISTECA - ESTEIRA ELEVATÓRIA BISTECA EMBALADA - SISTEMA DE SEGUR.;99999763;EPJ;SETOR DE ESPOSTEJAMENTO       ;4;254683;9999;29004;2224;MÁQUINAS SECUNDÁRIAS
92;FRIG. AURORA CASTRO;4228;CORTES ESP - BISTECA - ESTEIRA ELEVATÓRIA BISTECA EMBALADA - SISTEMA ELÉTRICO;99999762;EPJ;SETOR DE ESPOSTEJAMENTO       ;4;254683;9999;29004;2224;MÁQUINAS SECUNDÁRIAS
92;FRIG. AURORA CASTRO;4228;CORTES ESP - BISTECA - ESTEIRA RETA BISTECA EMBALADA;99999754;EPJ;SETOR DE ESPOSTEJAMENTO       ;4;254682;9999;29004;2224;MÁQUINAS PRINCIPAL
92;FRIG. AURORA CASTRO;4228;CORTES ESP - BISTECA - ESTEIRA RETA BISTECA EMBALADA - REDUTOR;99999755;EPJ;SETOR DE ESPOSTEJAMENTO       ;4;254682;9999;29004;2224;MÁQUINAS SECUNDÁRIAS
92;FRIG. AURORA CASTRO;4228;CORTES ESP - BISTECA - ESTEIRA RETA BISTECA EMBALADA - REDUTOR - MOTOR;99999756;EPJ;SETOR DE ESPOSTEJAMENTO       ;4;254682;9999;29004;2224;MÁQUINAS SECUNDÁRIAS
92;FRIG. AURORA CASTRO;4228;CORTES ESP - BISTECA - ESTEIRA RETA BISTECA EMBALADA - SISTEMA DE SEGURANÇA;99999758;EPJ;SETOR DE ESPOSTEJAMENTO       ;4;254682;9999;29004;2224;MÁQUINAS SECUNDÁRIAS
92;FRIG. AURORA CASTRO;4228;CORTES ESP - BISTECA - ESTEIRA RETA BISTECA EMBALADA - SISTEMA ELÉTRICO;99999757;EPJ;SETOR DE ESPOSTEJAMENTO       ;4;254682;9999;29004;2224;MÁQUINAS SECUNDÁRIAS
92;FRIG. AURORA CASTRO;4228;CORTES ESP - BISTECA - FATIADORA DE BISTECA SLICR COMFORT21;99994797;EPJ;SETOR DE ESPOSTEJAMENTO       ;6;257032;9999;5008;2224;MÁQUINAS PRINCIPAL
92;FRIG. AURORA CASTRO;4228;CORTES ESP - BISTECA - FATIADORA DE BISTECA SLICR COMFORT21 - REDUTOR;99999764;EPJ;SETOR DE ESPOSTEJAMENTO       ;4;257032;9999;5008;2224;MÁQUINAS SECUNDÁRIAS
92;FRIG. AURORA CASTRO;4228;CORTES ESP - BISTECA - FATIADORA DE BISTECA SLICR COMFORT21 - REDUTOR - REDUTOR;99999765;EPJ;SETOR DE ESPOSTEJAMENTO       ;4;257032;9999;5008;2224;MÁQUINAS SECUNDÁRIAS
92;FRIG. AURORA CASTRO;4228;CORTES ESP - BISTECA - FATIADORA DE BISTECA SLICR COMFORT21 - SISTEMA DE SEGUR.;99999767;EPJ;SETOR DE ESPOSTEJAMENTO       ;4;257032;9999;5008;2224;MÁQUINAS SECUNDÁRIAS
92;FRIG. AURORA CASTRO;4228;CORTES ESP - BISTECA - FATIADORA DE BISTECA SLICR COMFORT21 - SISTEMA ELÉTRICO;99999766;EPJ;SETOR DE ESPOSTEJAMENTO       ;4;257032;9999;5008;2224;MÁQUINAS SECUNDÁRIAS
92;FRIG. AURORA CASTRO;4228;CORTES ESP - BISTECA - FATIADORA V-CUT 240 MAREL;99985613;EPJ;SETOR DE ESPOSTEJAMENTO       ;6;254679;9999;5008;2224;MÁQUINAS PRINCIPAL
92;FRIG. AURORA CASTRO;4228;CORTES ESP - BISTECA - TUNEL DE CONGEL. JBT ADVANTEC;99985781;EPJ;SETOR DE ESPOSTEJAMENTO       ;6;254668;9999;5002;2224;MÁQUINAS PRINCIPAL
92;FRIG. AURORA CASTRO;4228;CORTES ESP - BISTECA - TUNEL ENCOLHIMENTO TR-200 ULMA;99999736;EPJ;SETOR DE ESPOSTEJAMENTO       ;6;0;9999;33000;2224;OUTROS
92;FRIG. AURORA CASTRO;4228;CORTES ESP - BISTECA - TUNEL ENCOLHIMENTO TR-200 ULMA - ESTEIRA DE TRANSPORTE;99999739;EPJ;SETOR DE ESPOSTEJAMENTO       ;6;0;9999;33000;2224;OUTROS
92;FRIG. AURORA CASTRO;4228;CORTES ESP - BISTECA - TUNEL ENCOLHIMENTO TR-200 ULMA - RESISTÊNCIAS;99999744;EPJ;SETOR DE ESPOSTEJAMENTO       ;6;0;9999;33000;2224;OUTROS
92;FRIG. AURORA CASTRO;4228;CORTES ESP - BISTECA - TUNEL ENCOLHIMENTO TR-200 ULMA - SISTEMA DE SEGURANÇA;99999738;EPJ;SETOR DE ESPOSTEJAMENTO       ;6;0;9999;33000;2224;OUTROS
92;FRIG. AURORA CASTRO;4228;CORTES ESP - BISTECA - TUNEL ENCOLHIMENTO TR-200 ULMA - SISTEMA ELÉTRICO;99999737;EPJ;SETOR DE ESPOSTEJAMENTO       ;6;0;9999;33000;2224;OUTROS
92;FRIG. AURORA CASTRO;4228;CORTES ESP - BISTECA - TUNEL ENCOLHIMENTO TR-200 ULMA - TRANS.;99999741;EPJ;SETOR DE ESPOSTEJAMENTO       ;6;0;9999;33000;2224;OUTROS
92;FRIG. AURORA CASTRO;4228;CORTES ESP - BISTECA - TUNEL ENCOLHIMENTO TR-200 ULMA - TRANS. - MOTOR;99999740;EPJ;SETOR DE ESPOSTEJAMENTO       ;6;0;9999;33000;2224;OUTROS
92;FRIG. AURORA CASTRO;4228;CORTES ESP - BISTECA - TUNEL ENCOLHIMENTO TR-200 ULMA - TRANS. - REDUTOR - MOTOR;99999742;EPJ;SETOR DE ESPOSTEJAMENTO       ;6;0;9999;33000;2224;OUTROS
92;FRIG. AURORA CASTRO;4228;CORTES ESP - BISTECA - TUNEL ENCOLHIMENTO TR-200 ULMA - TURBINA E VENTILADOR;99999743;EPJ;SETOR DE ESPOSTEJAMENTO       ;6;0;9999;33000;2224;OUTROS
92;FRIG. AURORA CASTRO;4228;CORTES ESP - CARRÉ - ESTEIRA CURVA ACELERADORA;99999778;EPJ;SETOR DE ESPOSTEJAMENTO       ;4;0;9999;29004;2224;OUTROS
92;FRIG. AURORA CASTRO;4228;CORTES ESP - CARRÉ - ESTEIRA CURVA ACELERADORA - REDUTOR;99999779;EPJ;SETOR DE ESPOSTEJAMENTO       ;4;0;9999;29004;2224;OUTROS
92;FRIG. AURORA CASTRO;4228;CORTES ESP - CARRÉ - ESTEIRA CURVA ACELERADORA - REDUTOR - MOTOR;99999780;EPJ;SETOR DE ESPOSTEJAMENTO       ;4;0;9999;29004;2224;OUTROS
92;FRIG. AURORA CASTRO;4228;CORTES ESP - CARRÉ - ESTEIRA CURVA ACELERADORA - SISTEMA DE SEGURANÇA;99999782;EPJ;SETOR DE ESPOSTEJAMENTO       ;4;0;9999;29004;2224;OUTROS
92;FRIG. AURORA CASTRO;4228;CORTES ESP - CARRÉ - ESTEIRA CURVA ACELERADORA - SISTEMA ELÉTRICO;99999781;EPJ;SETOR DE ESPOSTEJAMENTO       ;4;0;9999;29004;2224;OUTROS
92;FRIG. AURORA CASTRO;4228;CORTES ESP - CARRÉ - ESTEIRA DE CHEGADA DE CARRÉ E COSTELA;99999768;EPJ;SETOR DE ESPOSTEJAMENTO       ;4;0;9999;29004;2224;OUTROS
92;FRIG. AURORA CASTRO;4228;CORTES ESP - CARRÉ - ESTEIRA DE CHEGADA DE CARRÉ E COSTELA - REDUTOR;99999769;EPJ;SETOR DE ESPOSTEJAMENTO       ;4;0;9999;29004;2224;OUTROS
92;FRIG. AURORA CASTRO;4228;CORTES ESP - CARRÉ - ESTEIRA DE CHEGADA DE CARRÉ E COSTELA - REDUTOR - MOTOR;99999770;EPJ;SETOR DE ESPOSTEJAMENTO       ;4;0;9999;29004;2224;OUTROS
92;FRIG. AURORA CASTRO;4228;CORTES ESP - CARRÉ - ESTEIRA DE CHEGADA DE CARRÉ E COSTELA - SIST. DE SEGURANÇA;99999772;EPJ;SETOR DE ESPOSTEJAMENTO       ;4;0;9999;29004;2224;OUTROS
92;FRIG. AURORA CASTRO;4228;CORTES ESP - CARRÉ - ESTEIRA DE CHEGADA DE CARRÉ E COSTELA - SISTEMA ELÉTRICO;99999771;EPJ;SETOR DE ESPOSTEJAMENTO       ;4;0;9999;29004;2224;OUTROS
92;FRIG. AURORA CASTRO;4228;CORTES ESP - CARRÉ - ESTEIRA INFERIOR DE MATÉRIA PRIMA;99999773;EPJ;SETOR DE ESPOSTEJAMENTO       ;4;0;9999;29004;2224;OUTROS
92;FRIG. AURORA CASTRO;4228;CORTES ESP - CARRÉ - ESTEIRA INFERIOR DE MATÉRIA PRIMA - REDUTOR;99999774;EPJ;SETOR DE ESPOSTEJAMENTO       ;4;0;9999;29004;2224;OUTROS
92;FRIG. AURORA CASTRO;4228;CORTES ESP - CARRÉ - ESTEIRA INFERIOR DE MATÉRIA PRIMA - REDUTOR - MOTOR;99999775;EPJ;SETOR DE ESPOSTEJAMENTO       ;4;0;9999;29004;2224;OUTROS
92;FRIG. AURORA CASTRO;4228;CORTES ESP - CARRÉ - ESTEIRA INFERIOR DE MATÉRIA PRIMA - SISTEMA DE SEGURANÇA;99999777;EPJ;SETOR DE ESPOSTEJAMENTO       ;4;0;9999;29004;2224;OUTROS
92;FRIG. AURORA CASTRO;4228;CORTES ESP - CARRÉ - ESTEIRA INFERIOR DE MATÉRIA PRIMA - SISTEMA ELÉTRICO;99999776;EPJ;SETOR DE ESPOSTEJAMENTO       ;4;0;9999;29004;2224;OUTROS
92;FRIG. AURORA CASTRO;4228;CORTES ESP - COSTELA - EMBALADORA FLOWPACK PV550 ULMA;99985423;EPJ;SETOR DE ESPOSTEJAMENTO       ;6;254674;9999;33000;2224;MÁQUINAS PRINCIPAL
92;FRIG. AURORA CASTRO;4228;CORTES ESP - COSTELA - EMBALADORA FLOWPACK PV550 ULMA - CABINE DE RODILHOS;99999793;EPJ;SETOR DE ESPOSTEJAMENTO       ;6;254674;9999;33000;2224;MÁQUINAS SECUNDÁRIAS
92;FRIG. AURORA CASTRO;4228;CORTES ESP - COSTELA - EMBALADORA FLOWPACK PV550 ULMA - ESTEIRA DE ALIMENTAÇÃO;99999790;EPJ;SETOR DE ESPOSTEJAMENTO       ;6;254674;9999;33000;2224;MÁQUINAS SECUNDÁRIAS
92;FRIG. AURORA CASTRO;4228;CORTES ESP - COSTELA - EMBALADORA FLOWPACK PV550 ULMA - ESTEIRA DE SAÍDA;99999791;EPJ;SETOR DE ESPOSTEJAMENTO       ;6;254674;9999;33000;2224;MÁQUINAS SECUNDÁRIAS
92;FRIG. AURORA CASTRO;4228;CORTES ESP - COSTELA - EMBALADORA FLOWPACK PV550 ULMA - SISTEMA DE MORDAÇA;99999792;EPJ;SETOR DE ESPOSTEJAMENTO       ;6;254674;9999;33000;2224;MÁQUINAS SECUNDÁRIAS
92;FRIG. AURORA CASTRO;4228;CORTES ESP - COSTELA - EMBALADORA FLOWPACK PV550 ULMA - SISTEMA DE SEGURANÇA;99999789;EPJ;SETOR DE ESPOSTEJAMENTO       ;6;254674;9999;33000;2224;MÁQUINAS SECUNDÁRIAS
92;FRIG. AURORA CASTRO;4228;CORTES ESP - COSTELA - EMBALADORA FLOWPACK PV550 ULMA - SISTEMA DE TRANSMISSÃO;2860;EPJ;SETOR DE ESPOSTEJAMENTO       ;6;254674;9999;46001;2224;MÁQUINAS SECUNDÁRIAS
92;FRIG. AURORA CASTRO;4228;CORTES ESP - COSTELA - EMBALADORA FLOWPACK PV550 ULMA - SISTEMA ELÉTRICO;99999788;EPJ;SETOR DE ESPOSTEJAMENTO       ;6;254674;9999;33000;2224;MÁQUINAS SECUNDÁRIAS
92;FRIG. AURORA CASTRO;4228;CORTES ESP - COSTELA - ESTEIRA RECEPÇÃO/RECORTE COSTELA;99999783;EPJ;SETOR DE ESPOSTEJAMENTO       ;4;0;9999;29004;2224;OUTROS
92;FRIG. AURORA CASTRO;4228;CORTES ESP - COSTELA - ESTEIRA RECEPÇÃO/RECORTE COSTELA - REDUTOR;99999784;EPJ;SETOR DE ESPOSTEJAMENTO       ;4;0;9999;29004;2224;OUTROS
92;FRIG. AURORA CASTRO;4228;CORTES ESP - COSTELA - ESTEIRA RECEPÇÃO/RECORTE COSTELA - REDUTOR - MOTOR;99999785;EPJ;SETOR DE ESPOSTEJAMENTO       ;4;0;9999;29004;2224;OUTROS
92;FRIG. AURORA CASTRO;4228;CORTES ESP - COSTELA - ESTEIRA RECEPÇÃO/RECORTE COSTELA - SISTEMA DE SEGURANÇA;99999787;EPJ;SETOR DE ESPOSTEJAMENTO       ;4;0;9999;29004;2224;OUTROS
92;FRIG. AURORA CASTRO;4228;CORTES ESP - COSTELA - ESTEIRA RECEPÇÃO/RECORTE COSTELA - SISTEMA ELÉTRICO;99999786;EPJ;SETOR DE ESPOSTEJAMENTO       ;4;0;9999;29004;2224;OUTROS
92;FRIG. AURORA CASTRO;4228;CORTES ESP - COSTELA - SERRA FITA SFE 2850 MONTEMIL;99986282;EPJ;SETOR DE ESPOSTEJAMENTO       ;6;254673;9999;15003;2224;MÁQUINAS PRINCIPAL
92;FRIG. AURORA CASTRO;4228;CORTES ESP - COSTELA - SERRA FITA SFE 2850 MONTEMIL - ESTEIRA;99999800;EPJ;SETOR DE ESPOSTEJAMENTO       ;6;254673;9999;15003;2224;MÁQUINAS SECUNDÁRIAS
92;FRIG. AURORA CASTRO;4228;CORTES ESP - COSTELA - SERRA FITA SFE 2850 MONTEMIL - ESTEIRA - REDUTOR;99999801;EPJ;SETOR DE ESPOSTEJAMENTO       ;6;254673;9999;15003;2224;MÁQUINAS SECUNDÁRIAS
92;FRIG. AURORA CASTRO;4228;CORTES ESP - COSTELA - SERRA FITA SFE 2850 MONTEMIL - ESTEIRA - REDUTOR - MT.;99999802;EPJ;SETOR DE ESPOSTEJAMENTO       ;6;254673;9999;15003;2224;MÁQUINAS SECUNDÁRIAS
92;FRIG. AURORA CASTRO;4228;CORTES ESP - COSTELA - SERRA FITA SFE 2850 MONTEMIL - SERRA;99999803;EPJ;SETOR DE ESPOSTEJAMENTO       ;6;254673;9999;15003;2224;MÁQUINAS SECUNDÁRIAS
92;FRIG. AURORA CASTRO;4228;CORTES ESP - COSTELA - SERRA FITA SFE 2850 MONTEMIL - SERRA - MOTOR;99999804;EPJ;SETOR DE ESPOSTEJAMENTO       ;6;254673;9999;15003;2224;MÁQUINAS SECUNDÁRIAS
92;FRIG. AURORA CASTRO;4228;CORTES ESP - COSTELA - SERRA FITA SFE 2850 MONTEMIL - SISTEMA DE SEGURANÇA;99999806;EPJ;SETOR DE ESPOSTEJAMENTO       ;6;254673;9999;15003;2224;MÁQUINAS SECUNDÁRIAS
92;FRIG. AURORA CASTRO;4228;CORTES ESP - COSTELA - SERRA FITA SFE 2850 MONTEMIL - SISTEMA ELÉTRICO;99999805;EPJ;SETOR DE ESPOSTEJAMENTO       ;6;254673;9999;15003;2224;MÁQUINAS SECUNDÁRIAS
92;FRIG. AURORA CASTRO;4228;CORTES ESP - COSTELA - TUNEL ENCOLHIMENTO TR-200 ULMA;99987642;EPJ;SETOR DE ESPOSTEJAMENTO       ;6;0;9999;24004;2224;OUTROS
92;FRIG. AURORA CASTRO;4228;CORTES ESP - COSTELA - TUNEL ENCOLHIMENTO TR-200 ULMA - ESTEIRA DE TRANSPORTE;99999796;EPJ;SETOR DE ESPOSTEJAMENTO       ;6;0;9999;33000;2224;OUTROS
92;FRIG. AURORA CASTRO;4228;CORTES ESP - COSTELA - TUNEL ENCOLHIMENTO TR-200 ULMA - RESISTÊNCIAS;99999799;EPJ;SETOR DE ESPOSTEJAMENTO       ;6;0;9999;33000;2224;OUTROS
92;FRIG. AURORA CASTRO;4228;CORTES ESP - COSTELA - TUNEL ENCOLHIMENTO TR-200 ULMA - SISTEMA DE SEGURANÇA;99999795;EPJ;SETOR DE ESPOSTEJAMENTO       ;6;0;9999;33000;2224;OUTROS
92;FRIG. AURORA CASTRO;4228;CORTES ESP - COSTELA - TUNEL ENCOLHIMENTO TR-200 ULMA - SISTEMA ELÉTRICO;99999794;EPJ;SETOR DE ESPOSTEJAMENTO       ;6;0;9999;33000;2224;OUTROS
92;FRIG. AURORA CASTRO;4228;CORTES ESP - COSTELA - TUNEL ENCOLHIMENTO TR-200 ULMA - TRANS.;99999797;EPJ;SETOR DE ESPOSTEJAMENTO       ;6;0;9999;33000;2224;OUTROS
92;FRIG. AURORA CASTRO;4228;CORTES ESP - COSTELA - TUNEL ENCOLHIMENTO TR-200 ULMA - TRANS. - REDUTOR;99988951;EPJ;SETOR DE ESPOSTEJAMENTO       ;6;0;9999;18000;2224;OUTROS
92;FRIG. AURORA CASTRO;4228;CORTES ESP - COSTELA - TUNEL ENCOLHIMENTO TR-200 ULMA - TRANS. - REDUTOR - MOTOR;99988950;EPJ;SETOR DE ESPOSTEJAMENTO       ;6;0;9999;19000;2224;OUTROS
92;FRIG. AURORA CASTRO;4228;CORTES ESP - COSTELA - TUNEL ENCOLHIMENTO TR-200 ULMA - TURBINA E VENTILADOR;99999798;EPJ;SETOR DE ESPOSTEJAMENTO       ;6;0;9999;33000;2224;OUTROS
92;FRIG. AURORA CASTRO;4228;CORTES ESP - REFILE - ESTEIRA DE RECORTE BISTECA/COSTELA;99999722;EPJ;SETOR DE ESPOSTEJAMENTO       ;6;254676;9999;29004;2224;MÁQUINAS PRINCIPAL
92;FRIG. AURORA CASTRO;4228;CORTES ESP - REFILE - ESTEIRA DE RECORTE BISTECA/COSTELA - REDUTOR;99999724;EPJ;SETOR DE ESPOSTEJAMENTO       ;6;254676;9999;18000;2224;MÁQUINAS SECUNDÁRIAS
92;FRIG. AURORA CASTRO;4228;CORTES ESP - REFILE - ESTEIRA DE RECORTE BISTECA/COSTELA - REDUTOR - MOTOR;99999725;EPJ;SETOR DE ESPOSTEJAMENTO       ;6;254676;9999;19000;2224;MÁQUINAS SECUNDÁRIAS
92;FRIG. AURORA CASTRO;4228;CORTES ESP - REFILE - ESTEIRA DE RECORTE BISTECA/COSTELA - SISTEMA DE SEGURANÇA;99999727;EPJ;SETOR DE ESPOSTEJAMENTO       ;6;254676;9999;29004;2224;MÁQUINAS SECUNDÁRIAS
92;FRIG. AURORA CASTRO;4228;CORTES ESP - REFILE - ESTEIRA DE RECORTE BISTECA/COSTELA - SISTEMA ELÉTRICO;99999726;EPJ;SETOR DE ESPOSTEJAMENTO       ;6;254676;9999;29004;2224;MÁQUINAS SECUNDÁRIAS
92;FRIG. AURORA CASTRO;4228;CUBETIADORA MONTEMIL EMBALAGEM (CO1701000004);99985574;SEI;SETOR EMB INDUSTRIALIZADOS    ;8;0;9999;9009;5345;MÁQUINAS PRINCIPAL
92;FRIG. AURORA CASTRO;4228;CUBETIADORA TOUCINHO ARGON MAREL/TREIF;99985985;SFR;SETOR EMBUTIDOS FRESCAIS      ;6;257354;9999;9009;4057;MÁQUINAS PRINCIPAL
92;FRIG. AURORA CASTRO;4228;CUBETIADORA TOUCINHO ARGON MAREL/TREIF - MOTOR;4030;SFR;SETOR EMBUTIDOS FRESCAIS      ;6;257354;9999;9009;4057;MÁQUINAS SECUNDÁRIAS
92;FRIG. AURORA CASTRO;4228;CUBETIADORA TOUCINHO ARGON MAREL/TREIF - SISTEMA DE SEGURANÇA.;4029;SFR;SETOR EMBUTIDOS FRESCAIS      ;6;257354;9999;9009;4057;MÁQUINAS SECUNDÁRIAS
92;FRIG. AURORA CASTRO;4228;CUBETIADORA TOUCINHO ARGON MAREL/TREIF - SISTEMA ELÉTRICO;4031;SFR;SETOR EMBUTIDOS FRESCAIS      ;6;257354;9999;9009;4057;MÁQUINAS SECUNDÁRIAS
92;FRIG. AURORA CASTRO;4228;CÂMARA DE CONGELADOS (CAM1701000020);99987003;COD;SETOR DE CONDIMENTOS          ;6;1;9999;1600;4472;MÁQUINAS PRINCIPAL
92;FRIG. AURORA CASTRO;4228;CÂMARA DE MATÉRIA PRIMA (CAM1701000019);99987002;COD;SETOR DE CONDIMENTOS          ;6;1;9999;1600;4472;MÁQUINAS PRINCIPAL
92;FRIG. AURORA CASTRO;4228;CÂMARA ESTOCAGEM 01 - PROD. RESFRIADOS;99985874;EXD;EXPEDICAO                     ;4;255136;9999;11010;2348;MÁQUINAS PRINCIPAL
92;FRIG. AURORA CASTRO;4228;CÂMARA ESTOCAGEM 01 - PROD. RESFRIADOS - DRIVE IN;99994992;EXD;EXPEDICAO                     ;4;255136;9999;11010;2348;MÁQUINAS SECUNDÁRIAS
92;FRIG. AURORA CASTRO;4228;CÂMARA ESTOCAGEM 01 - PROD. RESFRIADOS - PORTA ENTRADA;99994993;EXD;EXPEDICAO                     ;4;255136;3;11017;2348;MÁQUINAS SECUNDÁRIAS
92;FRIG. AURORA CASTRO;4228;CÂMARA ESTOCAGEM 01 - PROD. RESFRIADOS - PORTA ENTRADA - QUADRO DE COMANDO;99994994;EXD;EXPEDICAO                     ;4;255136;9999;46013;2348;MÁQUINAS SECUNDÁRIAS
92;FRIG. AURORA CASTRO;4228;CÂMARA ESTOCAGEM 01 - PROD. RESFRIADOS - PORTA ENTRADA - REDUTOR;99994995;EXD;EXPEDICAO                     ;4;255136;9999;18000;2348;MÁQUINAS SECUNDÁRIAS
92;FRIG. AURORA CASTRO;4228;CÂMARA ESTOCAGEM 01 - PROD. RESFRIADOS - PORTA ENTRADA - REDUTOR - MOTOR;99994996;EXD;EXPEDICAO                     ;4;255136;9999;19000;2348;MÁQUINAS SECUNDÁRIAS
92;FRIG. AURORA CASTRO;4228;CÂMARA ESTOCAGEM 01 - PROD. RESFRIADOS - PORTA SAÍDA;99994997;EXD;EXPEDICAO                     ;4;255136;3;11017;2348;MÁQUINAS SECUNDÁRIAS
92;FRIG. AURORA CASTRO;4228;CÂMARA ESTOCAGEM 01 - PROD. RESFRIADOS - PORTA SAÍDA - QUADRO DE COMANDO;99994998;EXD;EXPEDICAO                     ;4;255136;9999;46013;2348;MÁQUINAS SECUNDÁRIAS
92;FRIG. AURORA CASTRO;4228;CÂMARA ESTOCAGEM 01 - PROD. RESFRIADOS - PORTA SAÍDA - REDUTOR;99994999;EXD;EXPEDICAO                     ;4;255136;9999;18000;2348;MÁQUINAS SECUNDÁRIAS
92;FRIG. AURORA CASTRO;4228;CÂMARA ESTOCAGEM 01 - PROD. RESFRIADOS - PORTA SAÍDA - REDUTOR - MOTOR;99995000;EXD;EXPEDICAO                     ;4;255136;9999;19000;2348;MÁQUINAS SECUNDÁRIAS
92;FRIG. AURORA CASTRO;4228;CÂMARA ESTOCAGEM 02 - PROD. CONGELADOS;99986350;EXD;EXPEDICAO                     ;4;0;9999;11010;2348;OUTROS
92;FRIG. AURORA CASTRO;4228;CÂMARA ESTOCAGEM 02 - PROD. CONGELADOS - DRIVE IN;99995001;EXD;EXPEDICAO                     ;4;255121;9999;11010;2348;MÁQUINAS PRINCIPAL
92;FRIG. AURORA CASTRO;4228;CÂMARA ESTOCAGEM 02 - PROD. CONGELADOS - PORTA ENTRADA;99995002;EXD;EXPEDICAO                     ;4;0;3;11017;2348;OUTROS
92;FRIG. AURORA CASTRO;4228;CÂMARA ESTOCAGEM 02 - PROD. CONGELADOS - PORTA ENTRADA - QUADRO DE COMANDO;99995003;EXD;EXPEDICAO                     ;4;0;9999;46013;2348;OUTROS
92;FRIG. AURORA CASTRO;4228;CÂMARA ESTOCAGEM 02 - PROD. CONGELADOS - PORTA ENTRADA - REDUTOR;99995004;EXD;EXPEDICAO                     ;4;0;9999;18000;2348;OUTROS
92;FRIG. AURORA CASTRO;4228;CÂMARA ESTOCAGEM 02 - PROD. CONGELADOS - PORTA ENTRADA - REDUTOR - MOTOR;99995005;EXD;EXPEDICAO                     ;4;0;9999;19000;2348;OUTROS
92;FRIG. AURORA CASTRO;4228;CÂMARA ESTOCAGEM 02 - PROD. CONGELADOS - PORTA SAÍDA;99995006;EXD;EXPEDICAO                     ;4;0;3;11017;2348;OUTROS
92;FRIG. AURORA CASTRO;4228;CÂMARA ESTOCAGEM 02 - PROD. CONGELADOS - PORTA SAÍDA - QUADRO DE COMANDO;99995007;EXD;EXPEDICAO                     ;4;0;9999;46013;2348;OUTROS
92;FRIG. AURORA CASTRO;4228;CÂMARA ESTOCAGEM 02 - PROD. CONGELADOS - PORTA SAÍDA - REDUTOR;99995008;EXD;EXPEDICAO                     ;4;0;9999;18000;2348;OUTROS
92;FRIG. AURORA CASTRO;4228;CÂMARA ESTOCAGEM 02 - PROD. CONGELADOS - PORTA SAÍDA - REDUTOR - MOTOR;99995009;EXD;EXPEDICAO                     ;4;0;9999;19000;2348;OUTROS
92;FRIG. AURORA CASTRO;4228;CÂMARA ESTOCAGEM 03 - PROD. CONGELADOS;99986352;EXD;EXPEDICAO                     ;4;0;9999;11010;2348;OUTROS
92;FRIG. AURORA CASTRO;4228;CÂMARA ESTOCAGEM 03 - PROD. CONGELADOS - DRIVE IN;99995010;EXD;EXPEDICAO                     ;4;255119;9999;11010;2348;MÁQUINAS PRINCIPAL
92;FRIG. AURORA CASTRO;4228;CÂMARA ESTOCAGEM 03 - PROD. CONGELADOS - PORTA ENTRADA;99995011;EXD;EXPEDICAO                     ;4;0;3;11017;2348;OUTROS
92;FRIG. AURORA CASTRO;4228;CÂMARA ESTOCAGEM 03 - PROD. CONGELADOS - PORTA ENTRADA - QUADRO DE COMANDO;99995012;EXD;EXPEDICAO                     ;4;0;9999;46013;2348;OUTROS
92;FRIG. AURORA CASTRO;4228;CÂMARA ESTOCAGEM 03 - PROD. CONGELADOS - PORTA ENTRADA - REDUTOR;99995013;EXD;EXPEDICAO                     ;4;0;9999;18000;2348;OUTROS
92;FRIG. AURORA CASTRO;4228;CÂMARA ESTOCAGEM 03 - PROD. CONGELADOS - PORTA ENTRADA - REDUTOR - MOTOR;99995014;EXD;EXPEDICAO                     ;4;0;9999;19000;2348;OUTROS
92;FRIG. AURORA CASTRO;4228;CÂMARA ESTOCAGEM 03 - PROD. CONGELADOS - PORTA SAÍDA;99995015;EXD;EXPEDICAO                     ;4;0;3;11017;2348;OUTROS
92;FRIG. AURORA CASTRO;4228;CÂMARA ESTOCAGEM 03 - PROD. CONGELADOS - PORTA SAÍDA - QUADRO DE COMANDO;99995016;EXD;EXPEDICAO                     ;4;0;9999;46013;2348;OUTROS
92;FRIG. AURORA CASTRO;4228;CÂMARA ESTOCAGEM 03 - PROD. CONGELADOS - PORTA SAÍDA - REDUTOR;99995017;EXD;EXPEDICAO                     ;4;0;9999;18000;2348;OUTROS
92;FRIG. AURORA CASTRO;4228;CÂMARA ESTOCAGEM 03 - PROD. CONGELADOS - PORTA SAÍDA - REDUTOR - MOTOR;99995018;EXD;EXPEDICAO                     ;4;0;9999;19000;2348;OUTROS
92;FRIG. AURORA CASTRO;4228;CÂMARA REPROCESSO;99986317;TCA;SETOR TUNEIS E CAMARAS        ;6;0;9999;11009;2313;OUTROS
92;FRIG. AURORA CASTRO;4228;CÂMARA RESFRIAMENTO 01;99989908;ABT;SETOR ABATE/RESFRIAMENTO      ;8;0;9999;11009;2488;OUTROS
92;FRIG. AURORA CASTRO;4228;CÂMARA RESFRIAMENTO 01 - ENTRADA;99995080;ABT;SETOR ABATE/RESFRIAMENTO      ;10;0;9999;11009;2488;OUTROS
92;FRIG. AURORA CASTRO;4228;CÂMARA RESFRIAMENTO 01 - ENTRADA - CHAVES;99995081;ABT;SETOR ABATE/RESFRIAMENTO      ;10;0;9999;11009;2488;OUTROS
92;FRIG. AURORA CASTRO;4228;CÂMARA RESFRIAMENTO 01 - ENTRADA - NÓRIA DE ENTRADA;99995082;ABT;SETOR ABATE/RESFRIAMENTO      ;10;0;9999;11009;2488;OUTROS
92;FRIG. AURORA CASTRO;4228;CÂMARA RESFRIAMENTO 01 - ENTRADA - NÓRIA DE ENTRADA - TRANSMISSÃO;99995083;ABT;SETOR ABATE/RESFRIAMENTO      ;10;0;9999;11009;2488;OUTROS
92;FRIG. AURORA CASTRO;4228;CÂMARA RESFRIAMENTO 01 - ENTRADA - SISTEMA ELÉTRICO;99995084;ABT;SETOR ABATE/RESFRIAMENTO      ;10;0;9999;11009;2488;OUTROS
92;FRIG. AURORA CASTRO;4228;CÂMARA RESFRIAMENTO 01 - ENTRADA - SISTEMA PNEUMÁTICO;99995085;ABT;SETOR ABATE/RESFRIAMENTO      ;8;0;9999;11009;2488;OUTROS
92;FRIG. AURORA CASTRO;4228;CÂMARA RESFRIAMENTO 01 - INTERIOR - SISTEMA ELÉTRICO;5299;ABT;SETOR ABATE/RESFRIAMENTO      ;8;0;9999;11009;2488;OUTROS
92;FRIG. AURORA CASTRO;4228;CÂMARA RESFRIAMENTO 01 - INTERIOR - SISTEMA PNEUMÁTICO;5298;ABT;SETOR ABATE/RESFRIAMENTO      ;8;0;9999;11009;2488;OUTROS
92;FRIG. AURORA CASTRO;4228;CÂMARA RESFRIAMENTO 01 - INTERIOR - TRILHO 01;99995222;ABT;SETOR ABATE/RESFRIAMENTO      ;10;0;9999;11009;2488;OUTROS
92;FRIG. AURORA CASTRO;4228;CÂMARA RESFRIAMENTO 01 - INTERIOR - TRILHO 01 - CHAVES;99995228;ABT;SETOR ABATE/RESFRIAMENTO      ;10;0;9999;11009;2488;OUTROS
92;FRIG. AURORA CASTRO;4228;CÂMARA RESFRIAMENTO 01 - INTERIOR - TRILHO 01 - REDUTOR;99995230;ABT;SETOR ABATE/RESFRIAMENTO      ;10;0;9999;18000;2488;OUTROS
92;FRIG. AURORA CASTRO;4228;CÂMARA RESFRIAMENTO 01 - INTERIOR - TRILHO 01 - REDUTOR - MOTOR;99995231;ABT;SETOR ABATE/RESFRIAMENTO      ;10;0;9999;19000;2488;OUTROS
92;FRIG. AURORA CASTRO;4228;CÂMARA RESFRIAMENTO 01 - INTERIOR - TRILHO 02;99995233;ABT;SETOR ABATE/RESFRIAMENTO      ;10;0;9999;11009;2488;OUTROS
92;FRIG. AURORA CASTRO;4228;CÂMARA RESFRIAMENTO 01 - INTERIOR - TRILHO 02 - CHAVES;99995235;ABT;SETOR ABATE/RESFRIAMENTO      ;10;0;9999;11009;2488;OUTROS
92;FRIG. AURORA CASTRO;4228;CÂMARA RESFRIAMENTO 01 - INTERIOR - TRILHO 02 - REDUTOR;99995237;ABT;SETOR ABATE/RESFRIAMENTO      ;10;0;9999;18000;2488;OUTROS
92;FRIG. AURORA CASTRO;4228;CÂMARA RESFRIAMENTO 01 - INTERIOR - TRILHO 02 - REDUTOR - MOTOR;99995238;ABT;SETOR ABATE/RESFRIAMENTO      ;10;0;9999;19000;2488;OUTROS
92;FRIG. AURORA CASTRO;4228;CÂMARA RESFRIAMENTO 01 - INTERIOR - TRILHO 03;99995240;ABT;SETOR ABATE/RESFRIAMENTO      ;10;0;9999;11009;2488;OUTROS
92;FRIG. AURORA CASTRO;4228;CÂMARA RESFRIAMENTO 01 - INTERIOR - TRILHO 03 - CHAVES;99995243;ABT;SETOR ABATE/RESFRIAMENTO      ;8;0;9999;11009;2488;OUTROS
92;FRIG. AURORA CASTRO;4228;CÂMARA RESFRIAMENTO 01 - INTERIOR - TRILHO 03 - REDUTOR;99995244;ABT;SETOR ABATE/RESFRIAMENTO      ;10;0;9999;18000;2488;OUTROS
92;FRIG. AURORA CASTRO;4228;CÂMARA RESFRIAMENTO 01 - INTERIOR - TRILHO 03 - REDUTOR - MOTOR;99995245;ABT;SETOR ABATE/RESFRIAMENTO      ;10;0;9999;19000;2488;OUTROS
92;FRIG. AURORA CASTRO;4228;CÂMARA RESFRIAMENTO 01 - INTERIOR - TRILHO 04;99995247;ABT;SETOR ABATE/RESFRIAMENTO      ;10;0;9999;11009;2488;OUTROS
92;FRIG. AURORA CASTRO;4228;CÂMARA RESFRIAMENTO 01 - INTERIOR - TRILHO 04 - CHAVES;99995250;ABT;SETOR ABATE/RESFRIAMENTO      ;10;0;9999;11009;2488;OUTROS
92;FRIG. AURORA CASTRO;4228;CÂMARA RESFRIAMENTO 01 - INTERIOR - TRILHO 04 - REDUTOR;99995251;ABT;SETOR ABATE/RESFRIAMENTO      ;10;0;9999;18000;2488;OUTROS
92;FRIG. AURORA CASTRO;4228;CÂMARA RESFRIAMENTO 01 - INTERIOR - TRILHO 04 - REDUTOR - MOTOR;99995252;ABT;SETOR ABATE/RESFRIAMENTO      ;10;0;9999;19000;2488;OUTROS
92;FRIG. AURORA CASTRO;4228;CÂMARA RESFRIAMENTO 01 - INTERIOR - TRILHO 05;99995254;ABT;SETOR ABATE/RESFRIAMENTO      ;8;0;9999;11009;2488;OUTROS
92;FRIG. AURORA CASTRO;4228;CÂMARA RESFRIAMENTO 01 - INTERIOR - TRILHO 05 - CHAVES;99995257;ABT;SETOR ABATE/RESFRIAMENTO      ;8;0;9999;11009;2488;OUTROS
92;FRIG. AURORA CASTRO;4228;CÂMARA RESFRIAMENTO 01 - INTERIOR - TRILHO 05 - REDUTOR;99995258;ABT;SETOR ABATE/RESFRIAMENTO      ;8;0;9999;18000;2488;OUTROS
92;FRIG. AURORA CASTRO;4228;CÂMARA RESFRIAMENTO 01 - INTERIOR - TRILHO 05 - REDUTOR - MOTOR;99995259;ABT;SETOR ABATE/RESFRIAMENTO      ;8;0;9999;19000;2488;OUTROS
92;FRIG. AURORA CASTRO;4228;CÂMARA RESFRIAMENTO 01 - INTERIOR - TRILHO 06;99995275;ABT;SETOR ABATE/RESFRIAMENTO      ;8;0;9999;11009;2488;OUTROS
92;FRIG. AURORA CASTRO;4228;CÂMARA RESFRIAMENTO 01 - INTERIOR - TRILHO 06 - REDUTOR;99995279;ABT;SETOR ABATE/RESFRIAMENTO      ;8;0;9999;18000;2488;OUTROS
92;FRIG. AURORA CASTRO;4228;CÂMARA RESFRIAMENTO 01 - INTERIOR - TRILHO 06 - REDUTOR - MOTOR;99995280;ABT;SETOR ABATE/RESFRIAMENTO      ;8;0;9999;19000;2488;OUTROS
92;FRIG. AURORA CASTRO;4228;CÂMARA RESFRIAMENTO 01 - SAÍDA;99995170;ABT;SETOR ABATE/RESFRIAMENTO      ;10;0;9999;11009;2488;OUTROS
92;FRIG. AURORA CASTRO;4228;CÂMARA RESFRIAMENTO 01 - SAÍDA - CHAVES;99995173;ABT;SETOR ABATE/RESFRIAMENTO      ;10;0;9999;11009;2488;OUTROS
92;FRIG. AURORA CASTRO;4228;CÂMARA RESFRIAMENTO 01 - SAÍDA - SISTEMA ELÉTRICO;99995172;ABT;SETOR ABATE/RESFRIAMENTO      ;10;0;9999;11009;2488;OUTROS
92;FRIG. AURORA CASTRO;4228;CÂMARA RESFRIAMENTO 01 - SAÍDA - SISTEMA PNEUMÁTICO;99995171;ABT;SETOR ABATE/RESFRIAMENTO      ;10;0;9999;11009;2488;OUTROS
92;FRIG. AURORA CASTRO;4228;CÂMARA RESFRIAMENTO 02;99989909;ABT;SETOR ABATE/RESFRIAMENTO      ;8;0;9999;11009;2488;OUTROS
92;FRIG. AURORA CASTRO;4228;CÂMARA RESFRIAMENTO 02 - ENTRADA;99995086;ABT;SETOR ABATE/RESFRIAMENTO      ;10;0;9999;11009;2488;OUTROS
92;FRIG. AURORA CASTRO;4228;CÂMARA RESFRIAMENTO 02 - ENTRADA - CHAVES;99995087;ABT;SETOR ABATE/RESFRIAMENTO      ;10;0;9999;11009;2488;OUTROS
92;FRIG. AURORA CASTRO;4228;CÂMARA RESFRIAMENTO 02 - ENTRADA - NÓRIA DE ENTRADA;99995088;ABT;SETOR ABATE/RESFRIAMENTO      ;10;0;9999;11009;2488;OUTROS
92;FRIG. AURORA CASTRO;4228;CÂMARA RESFRIAMENTO 02 - ENTRADA - NÓRIA DE ENTRADA - TRANSMISSÃO;99995089;ABT;SETOR ABATE/RESFRIAMENTO      ;10;0;9999;11009;2488;OUTROS
92;FRIG. AURORA CASTRO;4228;CÂMARA RESFRIAMENTO 02 - ENTRADA - SISTEMA ELÉTRICO;99995090;ABT;SETOR ABATE/RESFRIAMENTO      ;10;0;9999;11009;2488;OUTROS
92;FRIG. AURORA CASTRO;4228;CÂMARA RESFRIAMENTO 02 - ENTRADA - SISTEMA PNEUMÁTICO;99995091;ABT;SETOR ABATE/RESFRIAMENTO      ;10;0;9999;11009;2488;OUTROS
92;FRIG. AURORA CASTRO;4228;CÂMARA RESFRIAMENTO 02 - INTERIOR - SISTEMA ELÉTRICO;99995288;ABT;SETOR ABATE/RESFRIAMENTO      ;10;0;9999;11009;2488;OUTROS
92;FRIG. AURORA CASTRO;4228;CÂMARA RESFRIAMENTO 02 - INTERIOR - SISTEMA PNEUMÁTICO;99995283;ABT;SETOR ABATE/RESFRIAMENTO      ;10;0;9999;11009;2488;OUTROS
92;FRIG. AURORA CASTRO;4228;CÂMARA RESFRIAMENTO 02 - INTERIOR - TRILHO 01;99995282;ABT;SETOR ABATE/RESFRIAMENTO      ;10;0;9999;11009;2488;OUTROS
92;FRIG. AURORA CASTRO;4228;CÂMARA RESFRIAMENTO 02 - INTERIOR - TRILHO 01 - CHAVES;99995285;ABT;SETOR ABATE/RESFRIAMENTO      ;10;0;9999;11009;2488;OUTROS
92;FRIG. AURORA CASTRO;4228;CÂMARA RESFRIAMENTO 02 - INTERIOR - TRILHO 01 - REDUTOR;99995286;ABT;SETOR ABATE/RESFRIAMENTO      ;10;0;9999;18000;2488;OUTROS
92;FRIG. AURORA CASTRO;4228;CÂMARA RESFRIAMENTO 02 - INTERIOR - TRILHO 01 - REDUTOR - MOTOR;99995287;ABT;SETOR ABATE/RESFRIAMENTO      ;10;0;9999;19000;2488;OUTROS
92;FRIG. AURORA CASTRO;4228;CÂMARA RESFRIAMENTO 02 - INTERIOR - TRILHO 02;99995289;ABT;SETOR ABATE/RESFRIAMENTO      ;10;0;9999;11009;2488;OUTROS
92;FRIG. AURORA CASTRO;4228;CÂMARA RESFRIAMENTO 02 - INTERIOR - TRILHO 02 - CHAVES;99995292;ABT;SETOR ABATE/RESFRIAMENTO      ;10;0;9999;11009;2488;OUTROS
92;FRIG. AURORA CASTRO;4228;CÂMARA RESFRIAMENTO 02 - INTERIOR - TRILHO 02 - REDUTOR;99995293;ABT;SETOR ABATE/RESFRIAMENTO      ;10;0;9999;18000;2488;OUTROS
92;FRIG. AURORA CASTRO;4228;CÂMARA RESFRIAMENTO 02 - INTERIOR - TRILHO 02 - REDUTOR - MOTOR;99995294;ABT;SETOR ABATE/RESFRIAMENTO      ;10;0;9999;19000;2488;OUTROS
92;FRIG. AURORA CASTRO;4228;CÂMARA RESFRIAMENTO 02 - INTERIOR - TRILHO 03;99995296;ABT;SETOR ABATE/RESFRIAMENTO      ;10;0;9999;11009;2488;OUTROS
92;FRIG. AURORA CASTRO;4228;CÂMARA RESFRIAMENTO 02 - INTERIOR - TRILHO 03 - CHAVES;99995300;ABT;SETOR ABATE/RESFRIAMENTO      ;10;0;9999;11009;2488;OUTROS
92;FRIG. AURORA CASTRO;4228;CÂMARA RESFRIAMENTO 02 - INTERIOR - TRILHO 03 - REDUTOR;99995301;ABT;SETOR ABATE/RESFRIAMENTO      ;10;0;9999;18000;2488;OUTROS
92;FRIG. AURORA CASTRO;4228;CÂMARA RESFRIAMENTO 02 - INTERIOR - TRILHO 03 - REDUTOR - MOTOR;99995302;ABT;SETOR ABATE/RESFRIAMENTO      ;10;0;9999;19000;2488;OUTROS
92;FRIG. AURORA CASTRO;4228;CÂMARA RESFRIAMENTO 02 - INTERIOR - TRILHO 04;99995304;ABT;SETOR ABATE/RESFRIAMENTO      ;10;0;9999;11009;2488;OUTROS
92;FRIG. AURORA CASTRO;4228;CÂMARA RESFRIAMENTO 02 - INTERIOR - TRILHO 04 - CHAVES;99995307;ABT;SETOR ABATE/RESFRIAMENTO      ;10;0;9999;11009;2488;OUTROS
92;FRIG. AURORA CASTRO;4228;CÂMARA RESFRIAMENTO 02 - INTERIOR - TRILHO 04 - REDUTOR;99995308;ABT;SETOR ABATE/RESFRIAMENTO      ;10;0;9999;18000;2488;OUTROS
92;FRIG. AURORA CASTRO;4228;CÂMARA RESFRIAMENTO 02 - INTERIOR - TRILHO 04 - REDUTOR - MOTOR;99995309;ABT;SETOR ABATE/RESFRIAMENTO      ;10;0;9999;19000;2488;OUTROS
92;FRIG. AURORA CASTRO;4228;CÂMARA RESFRIAMENTO 02 - INTERIOR - TRILHO 05;99995311;ABT;SETOR ABATE/RESFRIAMENTO      ;10;0;9999;11009;2488;OUTROS
92;FRIG. AURORA CASTRO;4228;CÂMARA RESFRIAMENTO 02 - INTERIOR - TRILHO 05 - CHAVES;99995314;ABT;SETOR ABATE/RESFRIAMENTO      ;10;0;9999;11009;2488;OUTROS
92;FRIG. AURORA CASTRO;4228;CÂMARA RESFRIAMENTO 02 - INTERIOR - TRILHO 05 - REDUTOR;99995317;ABT;SETOR ABATE/RESFRIAMENTO      ;10;0;9999;18000;2488;OUTROS
92;FRIG. AURORA CASTRO;4228;CÂMARA RESFRIAMENTO 02 - INTERIOR - TRILHO 05 - REDUTOR - MOTOR;99995318;ABT;SETOR ABATE/RESFRIAMENTO      ;10;0;9999;19000;2488;OUTROS
92;FRIG. AURORA CASTRO;4228;CÂMARA RESFRIAMENTO 02 - INTERIOR - TRILHO 06;99995320;ABT;SETOR ABATE/RESFRIAMENTO      ;10;0;9999;11009;2488;OUTROS
92;FRIG. AURORA CASTRO;4228;CÂMARA RESFRIAMENTO 02 - INTERIOR - TRILHO 06 - REDUTOR;99995324;ABT;SETOR ABATE/RESFRIAMENTO      ;10;0;9999;18000;2488;OUTROS
92;FRIG. AURORA CASTRO;4228;CÂMARA RESFRIAMENTO 02 - INTERIOR - TRILHO 06 - REDUTOR - MOTOR;99995325;ABT;SETOR ABATE/RESFRIAMENTO      ;10;0;9999;19000;2488;OUTROS
92;FRIG. AURORA CASTRO;4228;CÂMARA RESFRIAMENTO 02 - SAÍDA;99995174;ABT;SETOR ABATE/RESFRIAMENTO      ;10;0;9999;11009;2488;OUTROS
92;FRIG. AURORA CASTRO;4228;CÂMARA RESFRIAMENTO 02 - SAÍDA - CHAVES;99995177;ABT;SETOR ABATE/RESFRIAMENTO      ;10;0;9999;11009;2488;OUTROS
92;FRIG. AURORA CASTRO;4228;CÂMARA RESFRIAMENTO 02 - SAÍDA - SISTEMA ELÉTRICO;99995176;ABT;SETOR ABATE/RESFRIAMENTO      ;10;0;9999;11009;2488;OUTROS
92;FRIG. AURORA CASTRO;4228;CÂMARA RESFRIAMENTO 02 - SAÍDA - SISTEMA PNEUMÁTICO;99995175;ABT;SETOR ABATE/RESFRIAMENTO      ;10;0;9999;11009;2488;OUTROS
92;FRIG. AURORA CASTRO;4228;CÂMARA RESFRIAMENTO 03;99989910;ABT;SETOR ABATE/RESFRIAMENTO      ;8;0;9999;11009;2488;OUTROS
92;FRIG. AURORA CASTRO;4228;CÂMARA RESFRIAMENTO 03 - ENTRADA;99995092;ABT;SETOR ABATE/RESFRIAMENTO      ;10;0;9999;11009;2488;OUTROS
92;FRIG. AURORA CASTRO;4228;CÂMARA RESFRIAMENTO 03 - ENTRADA - CHAVES;99995093;ABT;SETOR ABATE/RESFRIAMENTO      ;8;0;9999;11009;2488;OUTROS
92;FRIG. AURORA CASTRO;4228;CÂMARA RESFRIAMENTO 03 - ENTRADA - NÓRIA DE ENTRADA;99995094;ABT;SETOR ABATE/RESFRIAMENTO      ;8;0;9999;11009;2488;OUTROS
92;FRIG. AURORA CASTRO;4228;CÂMARA RESFRIAMENTO 03 - ENTRADA - NÓRIA DE ENTRADA - TRANSMISSÃO;99995095;ABT;SETOR ABATE/RESFRIAMENTO      ;8;0;9999;11009;2488;OUTROS
92;FRIG. AURORA CASTRO;4228;CÂMARA RESFRIAMENTO 03 - ENTRADA - SISTEMA ELÉTRICO;99995096;ABT;SETOR ABATE/RESFRIAMENTO      ;8;0;9999;11009;2488;OUTROS
92;FRIG. AURORA CASTRO;4228;CÂMARA RESFRIAMENTO 03 - ENTRADA - SISTEMA PNEUMÁTICO;99995100;ABT;SETOR ABATE/RESFRIAMENTO      ;8;0;9999;11009;2488;OUTROS
92;FRIG. AURORA CASTRO;4228;CÂMARA RESFRIAMENTO 03 - INTERIOR - SISTEMA ELÉTRICO;99995333;ABT;SETOR ABATE/RESFRIAMENTO      ;10;0;9999;11009;2488;OUTROS
92;FRIG. AURORA CASTRO;4228;CÂMARA RESFRIAMENTO 03 - INTERIOR - SISTEMA PNEUMÁTICO;99995328;ABT;SETOR ABATE/RESFRIAMENTO      ;10;0;9999;11009;2488;OUTROS
92;FRIG. AURORA CASTRO;4228;CÂMARA RESFRIAMENTO 03 - INTERIOR - TRILHO 01;99995327;ABT;SETOR ABATE/RESFRIAMENTO      ;10;0;9999;11009;2488;OUTROS
92;FRIG. AURORA CASTRO;4228;CÂMARA RESFRIAMENTO 03 - INTERIOR - TRILHO 01 - CHAVES;99995330;ABT;SETOR ABATE/RESFRIAMENTO      ;10;0;9999;11009;2488;OUTROS
92;FRIG. AURORA CASTRO;4228;CÂMARA RESFRIAMENTO 03 - INTERIOR - TRILHO 01 - REDUTOR;99995331;ABT;SETOR ABATE/RESFRIAMENTO      ;10;0;9999;18000;2488;OUTROS
92;FRIG. AURORA CASTRO;4228;CÂMARA RESFRIAMENTO 03 - INTERIOR - TRILHO 01 - REDUTOR - MOTOR;99995332;ABT;SETOR ABATE/RESFRIAMENTO      ;10;0;9999;19000;2488;OUTROS
92;FRIG. AURORA CASTRO;4228;CÂMARA RESFRIAMENTO 03 - INTERIOR - TRILHO 02;99995334;ABT;SETOR ABATE/RESFRIAMENTO      ;10;0;9999;11009;2488;OUTROS
92;FRIG. AURORA CASTRO;4228;CÂMARA RESFRIAMENTO 03 - INTERIOR - TRILHO 02 - CHAVES;99995337;ABT;SETOR ABATE/RESFRIAMENTO      ;10;0;9999;11009;2488;OUTROS
92;FRIG. AURORA CASTRO;4228;CÂMARA RESFRIAMENTO 03 - INTERIOR - TRILHO 02 - REDUTOR;99995338;ABT;SETOR ABATE/RESFRIAMENTO      ;10;0;9999;18000;2488;OUTROS
92;FRIG. AURORA CASTRO;4228;CÂMARA RESFRIAMENTO 03 - INTERIOR - TRILHO 02 - REDUTOR - MOTOR;99995339;ABT;SETOR ABATE/RESFRIAMENTO      ;10;0;9999;19000;2488;OUTROS
92;FRIG. AURORA CASTRO;4228;CÂMARA RESFRIAMENTO 03 - INTERIOR - TRILHO 03;99995341;ABT;SETOR ABATE/RESFRIAMENTO      ;10;0;9999;11009;2488;OUTROS
92;FRIG. AURORA CASTRO;4228;CÂMARA RESFRIAMENTO 03 - INTERIOR - TRILHO 03 - CHAVES;99995344;ABT;SETOR ABATE/RESFRIAMENTO      ;10;0;9999;11009;2488;OUTROS
92;FRIG. AURORA CASTRO;4228;CÂMARA RESFRIAMENTO 03 - INTERIOR - TRILHO 03 - REDUTOR;99995345;ABT;SETOR ABATE/RESFRIAMENTO      ;10;0;9999;18000;2488;OUTROS
92;FRIG. AURORA CASTRO;4228;CÂMARA RESFRIAMENTO 03 - INTERIOR - TRILHO 03 - REDUTOR - MOTOR;99995346;ABT;SETOR ABATE/RESFRIAMENTO      ;10;0;9999;19000;2488;OUTROS
92;FRIG. AURORA CASTRO;4228;CÂMARA RESFRIAMENTO 03 - INTERIOR - TRILHO 04;99995348;ABT;SETOR ABATE/RESFRIAMENTO      ;10;0;9999;11009;2488;OUTROS
92;FRIG. AURORA CASTRO;4228;CÂMARA RESFRIAMENTO 03 - INTERIOR - TRILHO 04 - CHAVES;99995350;ABT;SETOR ABATE/RESFRIAMENTO      ;10;0;9999;11009;2488;OUTROS
92;FRIG. AURORA CASTRO;4228;CÂMARA RESFRIAMENTO 03 - INTERIOR - TRILHO 04 - REDUTOR;99995352;ABT;SETOR ABATE/RESFRIAMENTO      ;10;0;9999;18000;2488;OUTROS
92;FRIG. AURORA CASTRO;4228;CÂMARA RESFRIAMENTO 03 - INTERIOR - TRILHO 04 - REDUTOR - MOTOR;99995353;ABT;SETOR ABATE/RESFRIAMENTO      ;10;0;9999;19000;2488;OUTROS
92;FRIG. AURORA CASTRO;4228;CÂMARA RESFRIAMENTO 03 - INTERIOR - TRILHO 05;99995355;ABT;SETOR ABATE/RESFRIAMENTO      ;10;0;9999;11009;2488;OUTROS
92;FRIG. AURORA CASTRO;4228;CÂMARA RESFRIAMENTO 03 - INTERIOR - TRILHO 05 - CHAVES;99995358;ABT;SETOR ABATE/RESFRIAMENTO      ;10;0;9999;11009;2488;OUTROS
92;FRIG. AURORA CASTRO;4228;CÂMARA RESFRIAMENTO 03 - INTERIOR - TRILHO 05 - REDUTOR;99995359;ABT;SETOR ABATE/RESFRIAMENTO      ;10;0;9999;18000;2488;OUTROS
92;FRIG. AURORA CASTRO;4228;CÂMARA RESFRIAMENTO 03 - INTERIOR - TRILHO 05 - REDUTOR - MOTOR;99995360;ABT;SETOR ABATE/RESFRIAMENTO      ;10;0;9999;19000;2488;OUTROS
92;FRIG. AURORA CASTRO;4228;CÂMARA RESFRIAMENTO 03 - INTERIOR - TRILHO 06;99995362;ABT;SETOR ABATE/RESFRIAMENTO      ;10;0;9999;11009;2488;OUTROS
92;FRIG. AURORA CASTRO;4228;CÂMARA RESFRIAMENTO 03 - INTERIOR - TRILHO 06 - REDUTOR;99995366;ABT;SETOR ABATE/RESFRIAMENTO      ;10;0;9999;18000;2488;OUTROS
92;FRIG. AURORA CASTRO;4228;CÂMARA RESFRIAMENTO 03 - INTERIOR - TRILHO 06 - REDUTOR - MOTOR;99995367;ABT;SETOR ABATE/RESFRIAMENTO      ;10;0;9999;19000;2488;OUTROS
92;FRIG. AURORA CASTRO;4228;CÂMARA RESFRIAMENTO 03 - SAÍDA;99995178;ABT;SETOR ABATE/RESFRIAMENTO      ;10;0;9999;11009;2488;OUTROS
92;FRIG. AURORA CASTRO;4228;CÂMARA RESFRIAMENTO 03 - SAÍDA - CHAVES;99995182;ABT;SETOR ABATE/RESFRIAMENTO      ;10;0;9999;11009;2488;OUTROS
92;FRIG. AURORA CASTRO;4228;CÂMARA RESFRIAMENTO 03 - SAÍDA - SISTEMA ELÉTRICO;99995180;ABT;SETOR ABATE/RESFRIAMENTO      ;10;0;9999;11009;2488;OUTROS
92;FRIG. AURORA CASTRO;4228;CÂMARA RESFRIAMENTO 03 - SAÍDA - SISTEMA PNEUMÁTICO;99995179;ABT;SETOR ABATE/RESFRIAMENTO      ;10;0;9999;11009;2488;OUTROS
92;FRIG. AURORA CASTRO;4228;CÂMARA RESFRIAMENTO 04;99989911;ABT;SETOR ABATE/RESFRIAMENTO      ;8;0;9999;11009;2488;OUTROS
92;FRIG. AURORA CASTRO;4228;CÂMARA RESFRIAMENTO 04 - ENTRADA;99995102;ABT;SETOR ABATE/RESFRIAMENTO      ;8;0;9999;11009;2488;OUTROS
92;FRIG. AURORA CASTRO;4228;CÂMARA RESFRIAMENTO 04 - ENTRADA - CHAVES;99995105;ABT;SETOR ABATE/RESFRIAMENTO      ;8;0;9999;11009;2488;OUTROS
92;FRIG. AURORA CASTRO;4228;CÂMARA RESFRIAMENTO 04 - ENTRADA - NÓRIA DE ENTRADA;99995106;ABT;SETOR ABATE/RESFRIAMENTO      ;8;0;9999;11009;2488;OUTROS
92;FRIG. AURORA CASTRO;4228;CÂMARA RESFRIAMENTO 04 - ENTRADA - NÓRIA DE ENTRADA - TRANSMISSÃO;99995107;ABT;SETOR ABATE/RESFRIAMENTO      ;10;0;9999;11009;2488;OUTROS
92;FRIG. AURORA CASTRO;4228;CÂMARA RESFRIAMENTO 04 - ENTRADA - SISTEMA ELÉTRICO;99995108;ABT;SETOR ABATE/RESFRIAMENTO      ;8;0;9999;11009;2488;OUTROS
92;FRIG. AURORA CASTRO;4228;CÂMARA RESFRIAMENTO 04 - ENTRADA - SISTEMA PNEUMÁTICO;99995109;ABT;SETOR ABATE/RESFRIAMENTO      ;8;0;9999;11009;2488;OUTROS
92;FRIG. AURORA CASTRO;4228;CÂMARA RESFRIAMENTO 04 - INTERIOR - SISTEMA ELÉTRICO;99995535;ABT;SETOR ABATE/RESFRIAMENTO      ;8;0;9999;19000;2488;OUTROS
92;FRIG. AURORA CASTRO;4228;CÂMARA RESFRIAMENTO 04 - INTERIOR - SISTEMA PNEUMÁTICO;99995530;ABT;SETOR ABATE/RESFRIAMENTO      ;8;0;9999;11009;2488;OUTROS
92;FRIG. AURORA CASTRO;4228;CÂMARA RESFRIAMENTO 04 - INTERIOR - TRILHO 01;99995504;ABT;SETOR ABATE/RESFRIAMENTO      ;8;0;9999;11009;2488;OUTROS
92;FRIG. AURORA CASTRO;4228;CÂMARA RESFRIAMENTO 04 - INTERIOR - TRILHO 01 - CHAVES;99995509;ABT;SETOR ABATE/RESFRIAMENTO      ;8;0;9999;11009;2488;OUTROS
92;FRIG. AURORA CASTRO;4228;CÂMARA RESFRIAMENTO 04 - INTERIOR - TRILHO 01 - REDUTOR;99995510;ABT;SETOR ABATE/RESFRIAMENTO      ;8;0;9999;18000;2488;OUTROS
92;FRIG. AURORA CASTRO;4228;CÂMARA RESFRIAMENTO 04 - INTERIOR - TRILHO 01 - REDUTOR - MOTOR;99995512;ABT;SETOR ABATE/RESFRIAMENTO      ;8;0;9999;19000;2488;OUTROS
92;FRIG. AURORA CASTRO;4228;CÂMARA RESFRIAMENTO 04 - INTERIOR - TRILHO 02;99995514;ABT;SETOR ABATE/RESFRIAMENTO      ;8;0;9999;11009;2488;OUTROS
92;FRIG. AURORA CASTRO;4228;CÂMARA RESFRIAMENTO 04 - INTERIOR - TRILHO 02 - CHAVES;99995518;ABT;SETOR ABATE/RESFRIAMENTO      ;8;0;9999;11009;2488;OUTROS
92;FRIG. AURORA CASTRO;4228;CÂMARA RESFRIAMENTO 04 - INTERIOR - TRILHO 02 - REDUTOR;99995519;ABT;SETOR ABATE/RESFRIAMENTO      ;8;0;9999;18000;2488;OUTROS
92;FRIG. AURORA CASTRO;4228;CÂMARA RESFRIAMENTO 04 - INTERIOR - TRILHO 02 - REDUTOR - MOTOR;99995520;ABT;SETOR ABATE/RESFRIAMENTO      ;8;0;9999;19000;2488;OUTROS
92;FRIG. AURORA CASTRO;4228;CÂMARA RESFRIAMENTO 04 - INTERIOR - TRILHO 03;99995522;ABT;SETOR ABATE/RESFRIAMENTO      ;8;0;9999;11009;2488;OUTROS
92;FRIG. AURORA CASTRO;4228;CÂMARA RESFRIAMENTO 04 - INTERIOR - TRILHO 03 - CHAVES;99995525;ABT;SETOR ABATE/RESFRIAMENTO      ;8;0;9999;11009;2488;OUTROS
92;FRIG. AURORA CASTRO;4228;CÂMARA RESFRIAMENTO 04 - INTERIOR - TRILHO 03 - REDUTOR;99995526;ABT;SETOR ABATE/RESFRIAMENTO      ;8;0;9999;18000;2488;OUTROS
92;FRIG. AURORA CASTRO;4228;CÂMARA RESFRIAMENTO 04 - INTERIOR - TRILHO 03 - REDUTOR - MOTOR;99995527;ABT;SETOR ABATE/RESFRIAMENTO      ;8;0;9999;19000;2488;OUTROS
92;FRIG. AURORA CASTRO;4228;CÂMARA RESFRIAMENTO 04 - INTERIOR - TRILHO 04;99995529;ABT;SETOR ABATE/RESFRIAMENTO      ;8;0;9999;11009;2488;OUTROS
92;FRIG. AURORA CASTRO;4228;CÂMARA RESFRIAMENTO 04 - INTERIOR - TRILHO 04 - CHAVES;99995532;ABT;SETOR ABATE/RESFRIAMENTO      ;8;0;9999;11009;2488;OUTROS
92;FRIG. AURORA CASTRO;4228;CÂMARA RESFRIAMENTO 04 - INTERIOR - TRILHO 04 - REDUTOR;99995533;ABT;SETOR ABATE/RESFRIAMENTO      ;8;0;9999;18000;2488;OUTROS
92;FRIG. AURORA CASTRO;4228;CÂMARA RESFRIAMENTO 04 - INTERIOR - TRILHO 04 - REDUTOR - MOTOR;99995534;ABT;SETOR ABATE/RESFRIAMENTO      ;8;0;9999;19000;2488;OUTROS
92;FRIG. AURORA CASTRO;4228;CÂMARA RESFRIAMENTO 04 - INTERIOR - TRILHO 05;99995536;ABT;SETOR ABATE/RESFRIAMENTO      ;8;0;9999;11009;2488;OUTROS
92;FRIG. AURORA CASTRO;4228;CÂMARA RESFRIAMENTO 04 - INTERIOR - TRILHO 05 - REDUTOR;99995537;ABT;SETOR ABATE/RESFRIAMENTO      ;8;0;9999;18000;2488;OUTROS
92;FRIG. AURORA CASTRO;4228;CÂMARA RESFRIAMENTO 04 - INTERIOR - TRILHO 05 - REDUTOR - MOTOR;99995538;ABT;SETOR ABATE/RESFRIAMENTO      ;8;0;9999;19000;2488;OUTROS
92;FRIG. AURORA CASTRO;4228;CÂMARA RESFRIAMENTO 04 - SAÍDA;99995183;ABT;SETOR ABATE/RESFRIAMENTO      ;8;0;9999;11009;2488;OUTROS
92;FRIG. AURORA CASTRO;4228;CÂMARA RESFRIAMENTO 04 - SAÍDA - CHAVES;99995187;ABT;SETOR ABATE/RESFRIAMENTO      ;8;0;9999;11009;2488;OUTROS
92;FRIG. AURORA CASTRO;4228;CÂMARA RESFRIAMENTO 04 - SAÍDA - SISTEMA ELÉTRICO;99995186;ABT;SETOR ABATE/RESFRIAMENTO      ;8;0;9999;11009;2488;OUTROS
92;FRIG. AURORA CASTRO;4228;CÂMARA RESFRIAMENTO 04 - SAÍDA - SISTEMA PNEUMÁTICO;99995185;ABT;SETOR ABATE/RESFRIAMENTO      ;8;0;9999;11009;2488;OUTROS
92;FRIG. AURORA CASTRO;4228;CÂMARA RESFRIAMENTO 05;99989912;ABT;SETOR ABATE/RESFRIAMENTO      ;8;0;9999;11009;2488;OUTROS
92;FRIG. AURORA CASTRO;4228;CÂMARA RESFRIAMENTO 05 - ENTRADA;99995110;ABT;SETOR ABATE/RESFRIAMENTO      ;8;0;9999;11009;2488;OUTROS
92;FRIG. AURORA CASTRO;4228;CÂMARA RESFRIAMENTO 05 - ENTRADA - CHAVES;99995112;ABT;SETOR ABATE/RESFRIAMENTO      ;8;0;9999;11009;2488;OUTROS
92;FRIG. AURORA CASTRO;4228;CÂMARA RESFRIAMENTO 05 - ENTRADA - NÓRIA DE ENTRADA;99995115;ABT;SETOR ABATE/RESFRIAMENTO      ;8;0;9999;11009;2488;OUTROS
92;FRIG. AURORA CASTRO;4228;CÂMARA RESFRIAMENTO 05 - ENTRADA - NÓRIA DE ENTRADA - TRANSMISSÃO;99995116;ABT;SETOR ABATE/RESFRIAMENTO      ;8;0;9999;11009;2488;OUTROS
92;FRIG. AURORA CASTRO;4228;CÂMARA RESFRIAMENTO 05 - ENTRADA - SISTEMA ELÉTRICO;99995117;ABT;SETOR ABATE/RESFRIAMENTO      ;8;0;9999;11009;2488;OUTROS
92;FRIG. AURORA CASTRO;4228;CÂMARA RESFRIAMENTO 05 - ENTRADA - SISTEMA PNEUMÁTICO;99995118;ABT;SETOR ABATE/RESFRIAMENTO      ;8;0;9999;11009;2488;OUTROS
92;FRIG. AURORA CASTRO;4228;CÂMARA RESFRIAMENTO 05 - INTERIOR - SISTEMA ELÉTRICO;99995407;ABT;SETOR ABATE/RESFRIAMENTO      ;8;0;9999;11009;2488;OUTROS
92;FRIG. AURORA CASTRO;4228;CÂMARA RESFRIAMENTO 05 - INTERIOR - SISTEMA PNEUMÁTICO;99995404;ABT;SETOR ABATE/RESFRIAMENTO      ;10;0;9999;11009;2488;OUTROS
92;FRIG. AURORA CASTRO;4228;CÂMARA RESFRIAMENTO 05 - INTERIOR - TRILHO 01;99995540;ABT;SETOR ABATE/RESFRIAMENTO      ;8;0;9999;11009;2488;OUTROS
92;FRIG. AURORA CASTRO;4228;CÂMARA RESFRIAMENTO 05 - INTERIOR - TRILHO 01 - CHAVES;99995543;ABT;SETOR ABATE/RESFRIAMENTO      ;8;0;9999;11009;2488;OUTROS
92;FRIG. AURORA CASTRO;4228;CÂMARA RESFRIAMENTO 05 - INTERIOR - TRILHO 01 - REDUTOR;99995544;ABT;SETOR ABATE/RESFRIAMENTO      ;8;0;9999;18000;2488;OUTROS
92;FRIG. AURORA CASTRO;4228;CÂMARA RESFRIAMENTO 05 - INTERIOR - TRILHO 01 - REDUTOR - MOTOR;99995545;ABT;SETOR ABATE/RESFRIAMENTO      ;8;0;9999;19000;2488;OUTROS
92;FRIG. AURORA CASTRO;4228;CÂMARA RESFRIAMENTO 05 - INTERIOR - TRILHO 02;99995547;ABT;SETOR ABATE/RESFRIAMENTO      ;8;0;9999;11009;2488;OUTROS
92;FRIG. AURORA CASTRO;4228;CÂMARA RESFRIAMENTO 05 - INTERIOR - TRILHO 02 - CHAVES;99995550;ABT;SETOR ABATE/RESFRIAMENTO      ;8;0;9999;11009;2488;OUTROS
92;FRIG. AURORA CASTRO;4228;CÂMARA RESFRIAMENTO 05 - INTERIOR - TRILHO 02 - REDUTOR;99995551;ABT;SETOR ABATE/RESFRIAMENTO      ;8;0;9999;18000;2488;OUTROS
92;FRIG. AURORA CASTRO;4228;CÂMARA RESFRIAMENTO 05 - INTERIOR - TRILHO 02 - REDUTOR - MOTOR;99995553;ABT;SETOR ABATE/RESFRIAMENTO      ;8;0;9999;19000;2488;OUTROS
92;FRIG. AURORA CASTRO;4228;CÂMARA RESFRIAMENTO 05 - INTERIOR - TRILHO 03;99995555;ABT;SETOR ABATE/RESFRIAMENTO      ;8;0;9999;11009;2488;OUTROS
92;FRIG. AURORA CASTRO;4228;CÂMARA RESFRIAMENTO 05 - INTERIOR - TRILHO 03 - CHAVES;99995558;ABT;SETOR ABATE/RESFRIAMENTO      ;8;0;9999;11009;2488;OUTROS
92;FRIG. AURORA CASTRO;4228;CÂMARA RESFRIAMENTO 05 - INTERIOR - TRILHO 03 - REDUTOR;99995559;ABT;SETOR ABATE/RESFRIAMENTO      ;8;0;9999;18000;2488;OUTROS
92;FRIG. AURORA CASTRO;4228;CÂMARA RESFRIAMENTO 05 - INTERIOR - TRILHO 03 - REDUTOR - MOTOR;99995562;ABT;SETOR ABATE/RESFRIAMENTO      ;8;0;9999;11009;2488;OUTROS
92;FRIG. AURORA CASTRO;4228;CÂMARA RESFRIAMENTO 05 - INTERIOR - TRILHO 04;99995563;ABT;SETOR ABATE/RESFRIAMENTO      ;8;0;9999;11009;2488;OUTROS
92;FRIG. AURORA CASTRO;4228;CÂMARA RESFRIAMENTO 05 - INTERIOR - TRILHO 04 - CHAVES;99995566;ABT;SETOR ABATE/RESFRIAMENTO      ;8;0;9999;11009;2488;OUTROS
92;FRIG. AURORA CASTRO;4228;CÂMARA RESFRIAMENTO 05 - INTERIOR - TRILHO 04 - REDUTOR;99995567;ABT;SETOR ABATE/RESFRIAMENTO      ;8;0;9999;18000;2488;OUTROS
92;FRIG. AURORA CASTRO;4228;CÂMARA RESFRIAMENTO 05 - INTERIOR - TRILHO 04 - REDUTOR - MOTOR;99995568;ABT;SETOR ABATE/RESFRIAMENTO      ;8;0;9999;19000;2488;OUTROS
92;FRIG. AURORA CASTRO;4228;CÂMARA RESFRIAMENTO 05 - INTERIOR - TRILHO 05;99995570;ABT;SETOR ABATE/RESFRIAMENTO      ;8;0;9999;11009;2488;OUTROS
92;FRIG. AURORA CASTRO;4228;CÂMARA RESFRIAMENTO 05 - INTERIOR - TRILHO 05 - REDUTOR;99995571;ABT;SETOR ABATE/RESFRIAMENTO      ;8;0;9999;18000;2488;OUTROS
92;FRIG. AURORA CASTRO;4228;CÂMARA RESFRIAMENTO 05 - INTERIOR - TRILHO 05 - REDUTOR - MOTOR;99995572;ABT;SETOR ABATE/RESFRIAMENTO      ;8;0;9999;19000;2488;OUTROS
92;FRIG. AURORA CASTRO;4228;CÂMARA RESFRIAMENTO 05 - SAÍDA;99995188;ABT;SETOR ABATE/RESFRIAMENTO      ;10;0;9999;11009;2488;OUTROS
92;FRIG. AURORA CASTRO;4228;CÂMARA RESFRIAMENTO 05 - SAÍDA - CHAVES;99995192;ABT;SETOR ABATE/RESFRIAMENTO      ;10;0;9999;11009;2488;OUTROS
92;FRIG. AURORA CASTRO;4228;CÂMARA RESFRIAMENTO 05 - SAÍDA - SISTEMA ELÉTRICO;99995190;ABT;SETOR ABATE/RESFRIAMENTO      ;10;0;9999;11009;2488;OUTROS
92;FRIG. AURORA CASTRO;4228;CÂMARA RESFRIAMENTO 05 - SAÍDA - SISTEMA PNEUMÁTICO;99995189;ABT;SETOR ABATE/RESFRIAMENTO      ;10;0;9999;11009;2488;OUTROS
92;FRIG. AURORA CASTRO;4228;CÂMARA RESFRIAMENTO 06;99989913;ABT;SETOR ABATE/RESFRIAMENTO      ;8;0;9999;11009;2488;OUTROS
92;FRIG. AURORA CASTRO;4228;CÂMARA RESFRIAMENTO 06 - ENTRADA;99995119;ABT;SETOR ABATE/RESFRIAMENTO      ;10;;9999;11009;2488;OUTROS
92;FRIG. AURORA CASTRO;4228;CÂMARA RESFRIAMENTO 06 - ENTRADA - CHAVES;99995120;ABT;SETOR ABATE/RESFRIAMENTO      ;10;;9999;11009;2488;OUTROS
92;FRIG. AURORA CASTRO;4228;CÂMARA RESFRIAMENTO 06 - ENTRADA - NÓRIA DE ENTRADA;99995121;ABT;SETOR ABATE/RESFRIAMENTO      ;10;0;9999;11009;2488;OUTROS
92;FRIG. AURORA CASTRO;4228;CÂMARA RESFRIAMENTO 06 - ENTRADA - NÓRIA DE ENTRADA - TRANSMISSÃO;99995122;ABT;SETOR ABATE/RESFRIAMENTO      ;10;0;9999;11009;2488;OUTROS
92;FRIG. AURORA CASTRO;4228;CÂMARA RESFRIAMENTO 06 - ENTRADA - SISTEMA ELÉTRICO;99995123;ABT;SETOR ABATE/RESFRIAMENTO      ;10;;9999;11009;2488;OUTROS
92;FRIG. AURORA CASTRO;4228;CÂMARA RESFRIAMENTO 06 - ENTRADA - SISTEMA PNEUMÁTICO;99995124;ABT;SETOR ABATE/RESFRIAMENTO      ;10;0;9999;11009;2488;OUTROS
92;FRIG. AURORA CASTRO;4228;CÂMARA RESFRIAMENTO 06 - INTERIOR - SISTEMA ELÉTRICO;99995456;ABT;SETOR ABATE/RESFRIAMENTO      ;10;0;9999;11009;2488;OUTROS
92;FRIG. AURORA CASTRO;4228;CÂMARA RESFRIAMENTO 06 - INTERIOR - SISTEMA PNEUMÁTICO;99995451;ABT;SETOR ABATE/RESFRIAMENTO      ;8;0;9999;11009;2488;OUTROS
92;FRIG. AURORA CASTRO;4228;CÂMARA RESFRIAMENTO 06 - INTERIOR - TRILHO 01;99995574;ABT;SETOR ABATE/RESFRIAMENTO      ;8;0;9999;11009;2488;OUTROS
92;FRIG. AURORA CASTRO;4228;CÂMARA RESFRIAMENTO 06 - INTERIOR - TRILHO 01 - CHAVES;99995578;ABT;SETOR ABATE/RESFRIAMENTO      ;8;0;9999;11009;2488;OUTROS
92;FRIG. AURORA CASTRO;4228;CÂMARA RESFRIAMENTO 06 - INTERIOR - TRILHO 01 - REDUTOR;99995579;ABT;SETOR ABATE/RESFRIAMENTO      ;8;0;9999;18000;2488;OUTROS
92;FRIG. AURORA CASTRO;4228;CÂMARA RESFRIAMENTO 06 - INTERIOR - TRILHO 01 - REDUTOR - MOTOR;99995580;ABT;SETOR ABATE/RESFRIAMENTO      ;8;0;9999;19000;2488;OUTROS
92;FRIG. AURORA CASTRO;4228;CÂMARA RESFRIAMENTO 06 - INTERIOR - TRILHO 02;99995582;ABT;SETOR ABATE/RESFRIAMENTO      ;10;0;9999;11009;2488;OUTROS
92;FRIG. AURORA CASTRO;4228;CÂMARA RESFRIAMENTO 06 - INTERIOR - TRILHO 02 - CHAVES;99995584;ABT;SETOR ABATE/RESFRIAMENTO      ;10;0;9999;11009;2488;OUTROS
92;FRIG. AURORA CASTRO;4228;CÂMARA RESFRIAMENTO 06 - INTERIOR - TRILHO 02 - REDUTOR;99995586;ABT;SETOR ABATE/RESFRIAMENTO      ;10;0;9999;18000;2488;OUTROS
92;FRIG. AURORA CASTRO;4228;CÂMARA RESFRIAMENTO 06 - INTERIOR - TRILHO 02 - REDUTOR - MOTOR;99995587;ABT;SETOR ABATE/RESFRIAMENTO      ;10;0;9999;19000;2488;OUTROS
92;FRIG. AURORA CASTRO;4228;CÂMARA RESFRIAMENTO 06 - INTERIOR - TRILHO 03;99995589;ABT;SETOR ABATE/RESFRIAMENTO      ;10;0;9999;11009;2488;OUTROS
92;FRIG. AURORA CASTRO;4228;CÂMARA RESFRIAMENTO 06 - INTERIOR - TRILHO 03 - CHAVES;99995591;ABT;SETOR ABATE/RESFRIAMENTO      ;10;0;9999;11009;2488;OUTROS
92;FRIG. AURORA CASTRO;4228;CÂMARA RESFRIAMENTO 06 - INTERIOR - TRILHO 03 - REDUTOR;99995593;ABT;SETOR ABATE/RESFRIAMENTO      ;10;0;9999;18000;2488;OUTROS
92;FRIG. AURORA CASTRO;4228;CÂMARA RESFRIAMENTO 06 - INTERIOR - TRILHO 03 - REDUTOR - MOTOR;99995594;ABT;SETOR ABATE/RESFRIAMENTO      ;10;0;9999;19000;2488;OUTROS
92;FRIG. AURORA CASTRO;4228;CÂMARA RESFRIAMENTO 06 - INTERIOR - TRILHO 04;99995596;ABT;SETOR ABATE/RESFRIAMENTO      ;10;0;9999;11009;2488;OUTROS
92;FRIG. AURORA CASTRO;4228;CÂMARA RESFRIAMENTO 06 - INTERIOR - TRILHO 04 - CHAVES;99995598;ABT;SETOR ABATE/RESFRIAMENTO      ;10;0;9999;11009;2488;OUTROS
92;FRIG. AURORA CASTRO;4228;CÂMARA RESFRIAMENTO 06 - INTERIOR - TRILHO 04 - REDUTOR;99995600;ABT;SETOR ABATE/RESFRIAMENTO      ;10;0;9999;18000;2488;OUTROS
92;FRIG. AURORA CASTRO;4228;CÂMARA RESFRIAMENTO 06 - INTERIOR - TRILHO 04 - REDUTOR - MOTOR;99995601;ABT;SETOR ABATE/RESFRIAMENTO      ;10;0;9999;19000;2488;OUTROS
92;FRIG. AURORA CASTRO;4228;CÂMARA RESFRIAMENTO 06 - INTERIOR - TRILHO 05;99995603;ABT;SETOR ABATE/RESFRIAMENTO      ;10;0;9999;11009;2488;OUTROS
92;FRIG. AURORA CASTRO;4228;CÂMARA RESFRIAMENTO 06 - INTERIOR - TRILHO 05 - CHAVES;99995605;ABT;SETOR ABATE/RESFRIAMENTO      ;10;0;9999;11009;2488;OUTROS
92;FRIG. AURORA CASTRO;4228;CÂMARA RESFRIAMENTO 06 - INTERIOR - TRILHO 05 - REDUTOR;99995607;ABT;SETOR ABATE/RESFRIAMENTO      ;10;0;9999;18000;2488;OUTROS
92;FRIG. AURORA CASTRO;4228;CÂMARA RESFRIAMENTO 06 - INTERIOR - TRILHO 05 - REDUTOR - MOTOR;99995608;ABT;SETOR ABATE/RESFRIAMENTO      ;10;0;9999;19000;2488;OUTROS
92;FRIG. AURORA CASTRO;4228;CÂMARA RESFRIAMENTO 06 - INTERIOR - TRILHO 06;99995610;ABT;SETOR ABATE/RESFRIAMENTO      ;10;0;9999;11009;2488;OUTROS
92;FRIG. AURORA CASTRO;4228;CÂMARA RESFRIAMENTO 06 - INTERIOR - TRILHO 06 - REDUTOR;99995611;ABT;SETOR ABATE/RESFRIAMENTO      ;10;0;9999;18000;2488;OUTROS
92;FRIG. AURORA CASTRO;4228;CÂMARA RESFRIAMENTO 06 - INTERIOR - TRILHO 06 - REDUTOR - MOTOR;99995612;ABT;SETOR ABATE/RESFRIAMENTO      ;10;0;9999;19000;2488;OUTROS
92;FRIG. AURORA CASTRO;4228;CÂMARA RESFRIAMENTO 06 - SAÍDA;99995193;ABT;SETOR ABATE/RESFRIAMENTO      ;10;0;9999;11009;2488;OUTROS
92;FRIG. AURORA CASTRO;4228;CÂMARA RESFRIAMENTO 06 - SAÍDA - CHAVES;99995199;ABT;SETOR ABATE/RESFRIAMENTO      ;10;0;9999;11009;2488;OUTROS
92;FRIG. AURORA CASTRO;4228;CÂMARA RESFRIAMENTO 06 - SAÍDA - SISTEMA ELÉTRICO;99995197;ABT;SETOR ABATE/RESFRIAMENTO      ;10;0;9999;11009;2488;OUTROS
92;FRIG. AURORA CASTRO;4228;CÂMARA RESFRIAMENTO 06 - SAÍDA - SISTEMA PNEUMÁTICO;99995195;ABT;SETOR ABATE/RESFRIAMENTO      ;10;0;9999;11009;2488;OUTROS
92;FRIG. AURORA CASTRO;4228;CÂMARA RESFRIAMENTO 07;99989914;ABT;SETOR ABATE/RESFRIAMENTO      ;8;0;9999;11009;2488;OUTROS
92;FRIG. AURORA CASTRO;4228;CÂMARA RESFRIAMENTO 07 - ENTRADA;99995125;ABT;SETOR ABATE/RESFRIAMENTO      ;10;0;9999;11009;2488;OUTROS
92;FRIG. AURORA CASTRO;4228;CÂMARA RESFRIAMENTO 07 - ENTRADA - CHAVES;99995126;ABT;SETOR ABATE/RESFRIAMENTO      ;10;0;9999;11009;2488;OUTROS
92;FRIG. AURORA CASTRO;4228;CÂMARA RESFRIAMENTO 07 - ENTRADA - NÓRIA DE ENTRADA;99995127;ABT;SETOR ABATE/RESFRIAMENTO      ;10;0;9999;11009;2488;OUTROS
92;FRIG. AURORA CASTRO;4228;CÂMARA RESFRIAMENTO 07 - ENTRADA - NÓRIA DE ENTRADA - TRANSMISSÃO;99995128;ABT;SETOR ABATE/RESFRIAMENTO      ;10;0;9999;11009;2488;OUTROS
92;FRIG. AURORA CASTRO;4228;CÂMARA RESFRIAMENTO 07 - ENTRADA - SISTEMA ELÉTRICO;99995129;ABT;SETOR ABATE/RESFRIAMENTO      ;10;0;9999;11009;2488;OUTROS
92;FRIG. AURORA CASTRO;4228;CÂMARA RESFRIAMENTO 07 - ENTRADA - SISTEMA PNEUMÁTICO;99995130;ABT;SETOR ABATE/RESFRIAMENTO      ;10;0;9999;11009;2488;OUTROS
92;FRIG. AURORA CASTRO;4228;CÂMARA RESFRIAMENTO 07 - INTERIOR - SISTEMA ELÉTRICO;99995499;ABT;SETOR ABATE/RESFRIAMENTO      ;10;0;9999;11009;2488;OUTROS
92;FRIG. AURORA CASTRO;4228;CÂMARA RESFRIAMENTO 07 - INTERIOR - SISTEMA PNEUMÁTICO;99995494;ABT;SETOR ABATE/RESFRIAMENTO      ;10;0;9999;11009;2488;OUTROS
92;FRIG. AURORA CASTRO;4228;CÂMARA RESFRIAMENTO 07 - INTERIOR - TRILHO 01;99995369;ABT;SETOR ABATE/RESFRIAMENTO      ;10;0;9999;11009;2488;OUTROS
92;FRIG. AURORA CASTRO;4228;CÂMARA RESFRIAMENTO 07 - INTERIOR - TRILHO 01 - CHAVES;99995373;ABT;SETOR ABATE/RESFRIAMENTO      ;10;0;9999;11009;2488;OUTROS
92;FRIG. AURORA CASTRO;4228;CÂMARA RESFRIAMENTO 07 - INTERIOR - TRILHO 01 - REDUTOR;99995374;ABT;SETOR ABATE/RESFRIAMENTO      ;10;0;9999;18000;2488;OUTROS
92;FRIG. AURORA CASTRO;4228;CÂMARA RESFRIAMENTO 07 - INTERIOR - TRILHO 01 - REDUTOR - MOTOR;99995375;ABT;SETOR ABATE/RESFRIAMENTO      ;10;0;9999;19000;2488;OUTROS
92;FRIG. AURORA CASTRO;4228;CÂMARA RESFRIAMENTO 07 - INTERIOR - TRILHO 02;99995377;ABT;SETOR ABATE/RESFRIAMENTO      ;10;0;9999;11009;2488;OUTROS
92;FRIG. AURORA CASTRO;4228;CÂMARA RESFRIAMENTO 07 - INTERIOR - TRILHO 02 - CHAVES;99995380;ABT;SETOR ABATE/RESFRIAMENTO      ;10;0;9999;11009;2488;OUTROS
92;FRIG. AURORA CASTRO;4228;CÂMARA RESFRIAMENTO 07 - INTERIOR - TRILHO 02 - REDUTOR;99995381;ABT;SETOR ABATE/RESFRIAMENTO      ;10;0;9999;18000;2488;OUTROS
92;FRIG. AURORA CASTRO;4228;CÂMARA RESFRIAMENTO 07 - INTERIOR - TRILHO 02 - REDUTOR - MOTOR;99995382;ABT;SETOR ABATE/RESFRIAMENTO      ;10;0;9999;19000;2488;OUTROS
92;FRIG. AURORA CASTRO;4228;CÂMARA RESFRIAMENTO 07 - INTERIOR - TRILHO 03;99995384;ABT;SETOR ABATE/RESFRIAMENTO      ;10;0;9999;11009;2488;OUTROS
92;FRIG. AURORA CASTRO;4228;CÂMARA RESFRIAMENTO 07 - INTERIOR - TRILHO 03 - CHAVES;99995387;ABT;SETOR ABATE/RESFRIAMENTO      ;10;0;9999;11009;2488;OUTROS
92;FRIG. AURORA CASTRO;4228;CÂMARA RESFRIAMENTO 07 - INTERIOR - TRILHO 03 - REDUTOR;99995388;ABT;SETOR ABATE/RESFRIAMENTO      ;10;0;9999;18000;2488;OUTROS
92;FRIG. AURORA CASTRO;4228;CÂMARA RESFRIAMENTO 07 - INTERIOR - TRILHO 03 - REDUTOR - MOTOR;99995389;ABT;SETOR ABATE/RESFRIAMENTO      ;10;0;9999;19000;2488;OUTROS
92;FRIG. AURORA CASTRO;4228;CÂMARA RESFRIAMENTO 07 - INTERIOR - TRILHO 04;99995391;ABT;SETOR ABATE/RESFRIAMENTO      ;10;0;9999;11009;2488;OUTROS
92;FRIG. AURORA CASTRO;4228;CÂMARA RESFRIAMENTO 07 - INTERIOR - TRILHO 04 - CHAVES;99995393;ABT;SETOR ABATE/RESFRIAMENTO      ;10;0;9999;11009;2488;OUTROS
92;FRIG. AURORA CASTRO;4228;CÂMARA RESFRIAMENTO 07 - INTERIOR - TRILHO 04 - REDUTOR;99995395;ABT;SETOR ABATE/RESFRIAMENTO      ;10;0;9999;18000;2488;OUTROS
92;FRIG. AURORA CASTRO;4228;CÂMARA RESFRIAMENTO 07 - INTERIOR - TRILHO 04 - REDUTOR - MOTOR;99995396;ABT;SETOR ABATE/RESFRIAMENTO      ;8;0;9999;19000;2488;OUTROS
92;FRIG. AURORA CASTRO;4228;CÂMARA RESFRIAMENTO 07 - INTERIOR - TRILHO 05;99995398;ABT;SETOR ABATE/RESFRIAMENTO      ;10;0;9999;11009;2488;OUTROS
92;FRIG. AURORA CASTRO;4228;CÂMARA RESFRIAMENTO 07 - INTERIOR - TRILHO 05 - CHAVES;99995400;ABT;SETOR ABATE/RESFRIAMENTO      ;10;0;9999;11009;2488;OUTROS
92;FRIG. AURORA CASTRO;4228;CÂMARA RESFRIAMENTO 07 - INTERIOR - TRILHO 05 - REDUTOR;99995402;ABT;SETOR ABATE/RESFRIAMENTO      ;10;0;9999;18000;2488;OUTROS
92;FRIG. AURORA CASTRO;4228;CÂMARA RESFRIAMENTO 07 - INTERIOR - TRILHO 05 - REDUTOR - MOTOR;99995403;ABT;SETOR ABATE/RESFRIAMENTO      ;10;0;9999;19000;2488;OUTROS
92;FRIG. AURORA CASTRO;4228;CÂMARA RESFRIAMENTO 07 - INTERIOR - TRILHO 06;99995405;ABT;SETOR ABATE/RESFRIAMENTO      ;8;0;9999;11009;2488;OUTROS
92;FRIG. AURORA CASTRO;4228;CÂMARA RESFRIAMENTO 07 - INTERIOR - TRILHO 06 - REDUTOR;99995410;ABT;SETOR ABATE/RESFRIAMENTO      ;8;0;9999;18000;2488;OUTROS
92;FRIG. AURORA CASTRO;4228;CÂMARA RESFRIAMENTO 07 - INTERIOR - TRILHO 06 - REDUTOR - MOTOR;99995411;ABT;SETOR ABATE/RESFRIAMENTO      ;8;0;9999;19000;2488;OUTROS
92;FRIG. AURORA CASTRO;4228;CÂMARA RESFRIAMENTO 07 - SAÍDA;99995201;ABT;SETOR ABATE/RESFRIAMENTO      ;10;0;9999;11009;2488;OUTROS
92;FRIG. AURORA CASTRO;4228;CÂMARA RESFRIAMENTO 07 - SAÍDA - CHAVES;99995205;ABT;SETOR ABATE/RESFRIAMENTO      ;10;0;9999;11009;2488;OUTROS
92;FRIG. AURORA CASTRO;4228;CÂMARA RESFRIAMENTO 07 - SAÍDA - SISTEMA ELÉTRICO;99995204;ABT;SETOR ABATE/RESFRIAMENTO      ;10;0;9999;11009;2488;OUTROS
92;FRIG. AURORA CASTRO;4228;CÂMARA RESFRIAMENTO 07 - SAÍDA - SISTEMA PNEUMÁTICO;99995203;ABT;SETOR ABATE/RESFRIAMENTO      ;10;0;9999;11009;2488;OUTROS
92;FRIG. AURORA CASTRO;4228;CÂMARA RESFRIAMENTO 08;99989915;ABT;SETOR ABATE/RESFRIAMENTO      ;8;0;9999;11009;2488;OUTROS
92;FRIG. AURORA CASTRO;4228;CÂMARA RESFRIAMENTO 08 - ENTRADA;99995131;ABT;SETOR ABATE/RESFRIAMENTO      ;10;0;9999;11009;2488;OUTROS
92;FRIG. AURORA CASTRO;4228;CÂMARA RESFRIAMENTO 08 - ENTRADA - CHAVES;99995132;ABT;SETOR ABATE/RESFRIAMENTO      ;8;0;9999;11009;2488;OUTROS
92;FRIG. AURORA CASTRO;4228;CÂMARA RESFRIAMENTO 08 - ENTRADA - NÓRIA DE ENTRADA;99995133;ABT;SETOR ABATE/RESFRIAMENTO      ;8;0;9999;11009;2488;OUTROS
92;FRIG. AURORA CASTRO;4228;CÂMARA RESFRIAMENTO 08 - ENTRADA - NÓRIA DE ENTRADA - TRANSMISSÃO;99995134;ABT;SETOR ABATE/RESFRIAMENTO      ;10;0;9999;11009;2488;OUTROS
92;FRIG. AURORA CASTRO;4228;CÂMARA RESFRIAMENTO 08 - ENTRADA - SISTEMA ELÉTRICO;99995135;ABT;SETOR ABATE/RESFRIAMENTO      ;10;0;9999;11009;2488;OUTROS
92;FRIG. AURORA CASTRO;4228;CÂMARA RESFRIAMENTO 08 - ENTRADA - SISTEMA PNEUMÁTICO;99995136;ABT;SETOR ABATE/RESFRIAMENTO      ;10;;9999;11009;2488;OUTROS
92;FRIG. AURORA CASTRO;4228;CÂMARA RESFRIAMENTO 08 - INTERIOR - SISTEMA ELÉTRICO;99995503;ABT;SETOR ABATE/RESFRIAMENTO      ;10;0;9999;11009;2488;OUTROS
92;FRIG. AURORA CASTRO;4228;CÂMARA RESFRIAMENTO 08 - INTERIOR - SISTEMA PNEUMÁTICO;99995429;ABT;SETOR ABATE/RESFRIAMENTO      ;10;0;9999;11009;2488;OUTROS
92;FRIG. AURORA CASTRO;4228;CÂMARA RESFRIAMENTO 08 - INTERIOR - TRILHO 01;99995413;ABT;SETOR ABATE/RESFRIAMENTO      ;10;0;9999;11009;2488;OUTROS
92;FRIG. AURORA CASTRO;4228;CÂMARA RESFRIAMENTO 08 - INTERIOR - TRILHO 01 - CHAVES;99995416;ABT;SETOR ABATE/RESFRIAMENTO      ;10;0;9999;11009;2488;OUTROS
92;FRIG. AURORA CASTRO;4228;CÂMARA RESFRIAMENTO 08 - INTERIOR - TRILHO 01 - REDUTOR;99995417;ABT;SETOR ABATE/RESFRIAMENTO      ;10;0;9999;18000;2488;OUTROS
92;FRIG. AURORA CASTRO;4228;CÂMARA RESFRIAMENTO 08 - INTERIOR - TRILHO 01 - REDUTOR - MOTOR;99995418;ABT;SETOR ABATE/RESFRIAMENTO      ;10;0;9999;19000;2488;OUTROS
92;FRIG. AURORA CASTRO;4228;CÂMARA RESFRIAMENTO 08 - INTERIOR - TRILHO 02;99995421;ABT;SETOR ABATE/RESFRIAMENTO      ;10;0;9999;11009;2488;OUTROS
92;FRIG. AURORA CASTRO;4228;CÂMARA RESFRIAMENTO 08 - INTERIOR - TRILHO 02 - CHAVES;99995423;ABT;SETOR ABATE/RESFRIAMENTO      ;10;0;9999;11009;2488;OUTROS
92;FRIG. AURORA CASTRO;4228;CÂMARA RESFRIAMENTO 08 - INTERIOR - TRILHO 02 - REDUTOR;99995425;ABT;SETOR ABATE/RESFRIAMENTO      ;10;0;9999;18000;2488;OUTROS
92;FRIG. AURORA CASTRO;4228;CÂMARA RESFRIAMENTO 08 - INTERIOR - TRILHO 02 - REDUTOR - MOTOR;99995426;ABT;SETOR ABATE/RESFRIAMENTO      ;10;0;9999;19000;2488;OUTROS
92;FRIG. AURORA CASTRO;4228;CÂMARA RESFRIAMENTO 08 - INTERIOR - TRILHO 03;99995428;ABT;SETOR ABATE/RESFRIAMENTO      ;10;0;9999;11009;2488;OUTROS
92;FRIG. AURORA CASTRO;4228;CÂMARA RESFRIAMENTO 08 - INTERIOR - TRILHO 03 - CHAVES;99995430;ABT;SETOR ABATE/RESFRIAMENTO      ;10;0;9999;11009;2488;OUTROS
92;FRIG. AURORA CASTRO;4228;CÂMARA RESFRIAMENTO 08 - INTERIOR - TRILHO 03 - REDUTOR;99995432;ABT;SETOR ABATE/RESFRIAMENTO      ;10;0;9999;18000;2488;OUTROS
92;FRIG. AURORA CASTRO;4228;CÂMARA RESFRIAMENTO 08 - INTERIOR - TRILHO 03 - REDUTOR - MOTOR;99995433;ABT;SETOR ABATE/RESFRIAMENTO      ;10;0;9999;19000;2488;OUTROS
92;FRIG. AURORA CASTRO;4228;CÂMARA RESFRIAMENTO 08 - INTERIOR - TRILHO 04;99995436;ABT;SETOR ABATE/RESFRIAMENTO      ;10;0;9999;11009;2488;OUTROS
92;FRIG. AURORA CASTRO;4228;CÂMARA RESFRIAMENTO 08 - INTERIOR - TRILHO 04 - CHAVES;99995439;ABT;SETOR ABATE/RESFRIAMENTO      ;10;0;9999;11009;2488;OUTROS
92;FRIG. AURORA CASTRO;4228;CÂMARA RESFRIAMENTO 08 - INTERIOR - TRILHO 04 - REDUTOR;99995440;ABT;SETOR ABATE/RESFRIAMENTO      ;10;0;9999;18000;2488;OUTROS
92;FRIG. AURORA CASTRO;4228;CÂMARA RESFRIAMENTO 08 - INTERIOR - TRILHO 04 - REDUTOR - MOTOR;99995441;ABT;SETOR ABATE/RESFRIAMENTO      ;10;0;9999;19000;2488;OUTROS
92;FRIG. AURORA CASTRO;4228;CÂMARA RESFRIAMENTO 08 - INTERIOR - TRILHO 05;99995443;ABT;SETOR ABATE/RESFRIAMENTO      ;10;0;9999;11009;2488;OUTROS
92;FRIG. AURORA CASTRO;4228;CÂMARA RESFRIAMENTO 08 - INTERIOR - TRILHO 05 - CHAVES;99995446;ABT;SETOR ABATE/RESFRIAMENTO      ;10;0;9999;11009;2488;OUTROS
92;FRIG. AURORA CASTRO;4228;CÂMARA RESFRIAMENTO 08 - INTERIOR - TRILHO 05 - REDUTOR;99995447;ABT;SETOR ABATE/RESFRIAMENTO      ;10;0;9999;18000;2488;OUTROS
92;FRIG. AURORA CASTRO;4228;CÂMARA RESFRIAMENTO 08 - INTERIOR - TRILHO 05 - REDUTOR - MOTOR;99995448;ABT;SETOR ABATE/RESFRIAMENTO      ;10;0;9999;19000;2488;OUTROS
92;FRIG. AURORA CASTRO;4228;CÂMARA RESFRIAMENTO 08 - INTERIOR - TRILHO 06;99995450;ABT;SETOR ABATE/RESFRIAMENTO      ;10;0;9999;11009;2488;OUTROS
92;FRIG. AURORA CASTRO;4228;CÂMARA RESFRIAMENTO 08 - INTERIOR - TRILHO 06 - REDUTOR;99995454;ABT;SETOR ABATE/RESFRIAMENTO      ;10;0;9999;18000;2488;OUTROS
92;FRIG. AURORA CASTRO;4228;CÂMARA RESFRIAMENTO 08 - INTERIOR - TRILHO 06 - REDUTOR - MOTOR;99995455;ABT;SETOR ABATE/RESFRIAMENTO      ;10;0;9999;19000;2488;OUTROS
92;FRIG. AURORA CASTRO;4228;CÂMARA RESFRIAMENTO 08 - SAÍDA;99995206;ABT;SETOR ABATE/RESFRIAMENTO      ;10;0;9999;11009;2488;OUTROS
92;FRIG. AURORA CASTRO;4228;CÂMARA RESFRIAMENTO 08 - SAÍDA - CHAVES;99995209;ABT;SETOR ABATE/RESFRIAMENTO      ;10;0;9999;11009;2488;OUTROS
92;FRIG. AURORA CASTRO;4228;CÂMARA RESFRIAMENTO 08 - SAÍDA - SISTEMA ELÉTRICO;99995208;ABT;SETOR ABATE/RESFRIAMENTO      ;10;0;9999;11009;2488;OUTROS
92;FRIG. AURORA CASTRO;4228;CÂMARA RESFRIAMENTO 08 - SAÍDA - SISTEMA PNEUMÁTICO;99995207;ABT;SETOR ABATE/RESFRIAMENTO      ;10;0;9999;11009;2488;OUTROS
92;FRIG. AURORA CASTRO;4228;CÂMARA RESFRIAMENTO 09;99989916;ABT;SETOR ABATE/RESFRIAMENTO      ;8;0;9999;11009;2488;OUTROS
92;FRIG. AURORA CASTRO;4228;CÂMARA RESFRIAMENTO 09 - ENTRADA;99995137;ABT;SETOR ABATE/RESFRIAMENTO      ;10;0;9999;11009;2488;OUTROS
92;FRIG. AURORA CASTRO;4228;CÂMARA RESFRIAMENTO 09 - ENTRADA - CHAVES;99995138;ABT;SETOR ABATE/RESFRIAMENTO      ;10;0;9999;11009;2488;OUTROS
92;FRIG. AURORA CASTRO;4228;CÂMARA RESFRIAMENTO 09 - ENTRADA - NÓRIA DE ENTRADA;99995139;ABT;SETOR ABATE/RESFRIAMENTO      ;10;0;9999;11009;2488;OUTROS
92;FRIG. AURORA CASTRO;4228;CÂMARA RESFRIAMENTO 09 - ENTRADA - NÓRIA DE ENTRADA - TRANSMISSÃO;99995140;ABT;SETOR ABATE/RESFRIAMENTO      ;10;0;9999;11009;2488;OUTROS
92;FRIG. AURORA CASTRO;4228;CÂMARA RESFRIAMENTO 09 - ENTRADA - SISTEMA ELÉTRICO;99995141;ABT;SETOR ABATE/RESFRIAMENTO      ;10;0;9999;11009;2488;OUTROS
92;FRIG. AURORA CASTRO;4228;CÂMARA RESFRIAMENTO 09 - ENTRADA - SISTEMA PNEUMÁTICO;99995142;ABT;SETOR ABATE/RESFRIAMENTO      ;10;0;9999;11009;2488;OUTROS
92;FRIG. AURORA CASTRO;4228;CÂMARA RESFRIAMENTO 09 - INTERIOR - SISTEMA ELÉTRICO;99995471;ABT;SETOR ABATE/RESFRIAMENTO      ;10;0;9999;11009;2488;OUTROS
92;FRIG. AURORA CASTRO;4228;CÂMARA RESFRIAMENTO 09 - INTERIOR - SISTEMA PNEUMÁTICO;99995465;ABT;SETOR ABATE/RESFRIAMENTO      ;10;0;9999;11009;2488;OUTROS
92;FRIG. AURORA CASTRO;4228;CÂMARA RESFRIAMENTO 09 - INTERIOR - TRILHO 01;99995457;ABT;SETOR ABATE/RESFRIAMENTO      ;10;0;9999;11009;2488;OUTROS
92;FRIG. AURORA CASTRO;4228;CÂMARA RESFRIAMENTO 09 - INTERIOR - TRILHO 01 - CHAVES;99995466;ABT;SETOR ABATE/RESFRIAMENTO      ;10;0;9999;11009;2488;OUTROS
92;FRIG. AURORA CASTRO;4228;CÂMARA RESFRIAMENTO 09 - INTERIOR - TRILHO 01 - REDUTOR;99995468;ABT;SETOR ABATE/RESFRIAMENTO      ;10;0;9999;18000;2488;OUTROS
92;FRIG. AURORA CASTRO;4228;CÂMARA RESFRIAMENTO 09 - INTERIOR - TRILHO 01 - REDUTOR - MOTOR;99995470;ABT;SETOR ABATE/RESFRIAMENTO      ;10;0;9999;19000;2488;OUTROS
92;FRIG. AURORA CASTRO;4228;CÂMARA RESFRIAMENTO 09 - INTERIOR - TRILHO 02;99995472;ABT;SETOR ABATE/RESFRIAMENTO      ;10;0;9999;11009;2488;OUTROS
92;FRIG. AURORA CASTRO;4228;CÂMARA RESFRIAMENTO 09 - INTERIOR - TRILHO 02 - CHAVES;99995475;ABT;SETOR ABATE/RESFRIAMENTO      ;10;0;9999;11009;2488;OUTROS
92;FRIG. AURORA CASTRO;4228;CÂMARA RESFRIAMENTO 09 - INTERIOR - TRILHO 02 - REDUTOR;99995476;ABT;SETOR ABATE/RESFRIAMENTO      ;10;0;9999;18000;2488;OUTROS
92;FRIG. AURORA CASTRO;4228;CÂMARA RESFRIAMENTO 09 - INTERIOR - TRILHO 02 - REDUTOR - MOTOR;99995477;ABT;SETOR ABATE/RESFRIAMENTO      ;10;0;9999;19000;2488;OUTROS
92;FRIG. AURORA CASTRO;4228;CÂMARA RESFRIAMENTO 09 - INTERIOR - TRILHO 03;99995479;ABT;SETOR ABATE/RESFRIAMENTO      ;10;0;9999;11009;2488;OUTROS
92;FRIG. AURORA CASTRO;4228;CÂMARA RESFRIAMENTO 09 - INTERIOR - TRILHO 03 - CHAVES;99995482;ABT;SETOR ABATE/RESFRIAMENTO      ;10;0;9999;11009;2488;OUTROS
92;FRIG. AURORA CASTRO;4228;CÂMARA RESFRIAMENTO 09 - INTERIOR - TRILHO 03 - REDUTOR;99995483;ABT;SETOR ABATE/RESFRIAMENTO      ;10;0;9999;18000;2488;OUTROS
92;FRIG. AURORA CASTRO;4228;CÂMARA RESFRIAMENTO 09 - INTERIOR - TRILHO 03 - REDUTOR - MOTOR;99995484;ABT;SETOR ABATE/RESFRIAMENTO      ;10;0;9999;11009;2488;OUTROS
92;FRIG. AURORA CASTRO;4228;CÂMARA RESFRIAMENTO 09 - INTERIOR - TRILHO 04;99995486;ABT;SETOR ABATE/RESFRIAMENTO      ;10;0;9999;11009;2488;OUTROS
92;FRIG. AURORA CASTRO;4228;CÂMARA RESFRIAMENTO 09 - INTERIOR - TRILHO 04 - CHAVES;99995489;ABT;SETOR ABATE/RESFRIAMENTO      ;10;0;9999;11009;2488;OUTROS
92;FRIG. AURORA CASTRO;4228;CÂMARA RESFRIAMENTO 09 - INTERIOR - TRILHO 04 - REDUTOR;99995490;ABT;SETOR ABATE/RESFRIAMENTO      ;10;0;9999;18000;2488;OUTROS
92;FRIG. AURORA CASTRO;4228;CÂMARA RESFRIAMENTO 09 - INTERIOR - TRILHO 04 - REDUTOR - MOTOR;99995491;ABT;SETOR ABATE/RESFRIAMENTO      ;10;0;9999;19000;2488;OUTROS
92;FRIG. AURORA CASTRO;4228;CÂMARA RESFRIAMENTO 09 - INTERIOR - TRILHO 05;99995493;ABT;SETOR ABATE/RESFRIAMENTO      ;10;0;9999;11009;2488;OUTROS
92;FRIG. AURORA CASTRO;4228;CÂMARA RESFRIAMENTO 09 - INTERIOR - TRILHO 05 - CHAVES;99995496;ABT;SETOR ABATE/RESFRIAMENTO      ;10;0;9999;11009;2488;OUTROS
92;FRIG. AURORA CASTRO;4228;CÂMARA RESFRIAMENTO 09 - INTERIOR - TRILHO 05 - REDUTOR;99995497;ABT;SETOR ABATE/RESFRIAMENTO      ;10;0;9999;18000;2488;OUTROS
92;FRIG. AURORA CASTRO;4228;CÂMARA RESFRIAMENTO 09 - INTERIOR - TRILHO 05 - REDUTOR - MOTOR;99995498;ABT;SETOR ABATE/RESFRIAMENTO      ;10;0;9999;19000;2488;OUTROS
92;FRIG. AURORA CASTRO;4228;CÂMARA RESFRIAMENTO 09 - INTERIOR - TRILHO 06;99995500;ABT;SETOR ABATE/RESFRIAMENTO      ;10;0;9999;11009;2488;OUTROS
92;FRIG. AURORA CASTRO;4228;CÂMARA RESFRIAMENTO 09 - INTERIOR - TRILHO 06 - REDUTOR;99995501;ABT;SETOR ABATE/RESFRIAMENTO      ;10;0;9999;18000;2488;OUTROS
92;FRIG. AURORA CASTRO;4228;CÂMARA RESFRIAMENTO 09 - INTERIOR - TRILHO 06 - REDUTOR - MOTOR;99995502;ABT;SETOR ABATE/RESFRIAMENTO      ;10;0;9999;19000;2488;OUTROS
92;FRIG. AURORA CASTRO;4228;CÂMARA RESFRIAMENTO 09 - SAÍDA;99995210;ABT;SETOR ABATE/RESFRIAMENTO      ;10;0;9999;11009;2488;OUTROS
92;FRIG. AURORA CASTRO;4228;DATA LOGGER;99992882;PRD;DEPTO PRODUCAO                ;1;0;6;14;2208;EQUIPAMENTOS
92;FRIG. AURORA CASTRO;4228;DATADORA DA TERMOFORMADORA A220 MULTIVAC EMBALAGEM (DA1701000004);99985582;SEI;SETOR EMB INDUSTRIALIZADOS    ;6;0;9999;10003;5345;MÁQUINAS PRINCIPAL
92;FRIG. AURORA CASTRO;4228;DATADORA DOMINO DA CARIMBAGEM EMBALGEM A300 (DA1701000002);99985579;SEI;SETOR EMB INDUSTRIALIZADOS    ;6;0;9999;10003;5345;MÁQUINAS PRINCIPAL
92;FRIG. AURORA CASTRO;4228;DATADORA DOMINO DA CARIMBAGEM N° 2 EMBALAGEM (DA1701000003);99985580;SEI;SETOR EMB INDUSTRIALIZADOS    ;6;0;9999;10003;5345;MÁQUINAS PRINCIPAL
92;FRIG. AURORA CASTRO;4228;DATADORA MARKEM IMAJE EMBALADORA DE LINGUIÇAS (DA1701000005);99985951;SFR;SETOR EMBUTIDOS FRESCAIS      ;6;;9999;2004;4057;MÁQUINAS PRINCIPAL
92;FRIG. AURORA CASTRO;4228;DATADORA MARKEM-IMAJE 01 PRESUNTO;99986061;PRU;SETOR DE PRESUNTARIA          ;6;;9999;2004;2291;MÁQUINAS PRINCIPAL
92;FRIG. AURORA CASTRO;4228;DATADORA MARKEM-IMAJE 02 PRESUNTO;99986062;PRU;SETOR DE PRESUNTARIA          ;6;;9999;2004;2291;MÁQUINAS PRINCIPAL
92;FRIG. AURORA CASTRO;4228;DATADORA SALAME/COPA (DA1701000006);99986289;CUR;SETOR EMB CURADOS             ;6;1;9999;10003;5525;MÁQUINAS PRINCIPAL
92;FRIG. AURORA CASTRO;4228;DATALOGGER;2300;PRD;DEPTO PRODUCAO                ;1;0;1;14;2208;EQUIPAMENTOS
92;FRIG. AURORA CASTRO;4228;DATALOGGER;2298;PRD;DEPTO PRODUCAO                ;1;0;1;14;2208;EQUIPAMENTOS
92;FRIG. AURORA CASTRO;4228;DATALOGGER;2296;PRD;DEPTO PRODUCAO                ;1;0;1;14;2208;EQUIPAMENTOS
92;FRIG. AURORA CASTRO;4228;DATALOGGER;2285;PRD;DEPTO PRODUCAO                ;1;0;1;14;2208;EQUIPAMENTOS
92;FRIG. AURORA CASTRO;4228;DATALOGGER;2284;PRD;DEPTO PRODUCAO                ;1;0;1;14;2208;EQUIPAMENTOS
92;FRIG. AURORA CASTRO;4228;DATALOGGER;2247;PRD;DEPTO PRODUCAO                ;1;0;1;14;2208;EQUIPAMENTOS
92;FRIG. AURORA CASTRO;4228;DATALOGGER;2245;PRD;DEPTO PRODUCAO                ;1;0;1;14;2208;EQUIPAMENTOS
92;FRIG. AURORA CASTRO;4228;DATALOGGER;2244;PRD;DEPTO PRODUCAO                ;1;0;1;14;2208;EQUIPAMENTOS
92;FRIG. AURORA CASTRO;4228;DATALOGGER;2243;PRD;DEPTO PRODUCAO                ;1;0;1;14;2208;EQUIPAMENTOS
92;FRIG. AURORA CASTRO;4228;DATALOGGER;2242;PRD;DEPTO PRODUCAO                ;1;0;1;14;2208;EQUIPAMENTOS
92;FRIG. AURORA CASTRO;4228;DATALOGGER;2239;PRD;DEPTO PRODUCAO                ;1;0;1;14;2208;EQUIPAMENTOS
92;FRIG. AURORA CASTRO;4228;DATALOGGER;99992534;PRD;DEPTO PRODUCAO                ;1;0;1;14;2208;EQUIPAMENTOS
92;FRIG. AURORA CASTRO;4228;DECANTADOR 01 (DE1701000001);99985852;ETA;SETOR DE OPERACAO DE ETA      ;6;;9999;29009;1244;MÁQUINAS PRINCIPAL
92;FRIG. AURORA CASTRO;4228;DECANTADOR 02 (DE1701000002);99985854;ETA;SETOR DE OPERACAO DE ETA      ;6;;9999;29009;1244;MÁQUINAS PRINCIPAL
92;FRIG. AURORA CASTRO;4228;DECANTADOR SECUNDARIO (DEC1701000002);99986112;ETE;SETOR DE OPERACAO DE ETE      ;6;;9999;29009;1228;MÁQUINAS PRINCIPAL
92;FRIG. AURORA CASTRO;4228;DEPILADOR CONTÍNUO SULMAQ;99988518;ABT;SETOR ABATE/RESFRIAMENTO      ;8;252930;9999;13008;2488;MÁQUINAS PRINCIPAL
92;FRIG. AURORA CASTRO;4228;DEPILADOR CONTÍNUO SULMAQ - 1º ESTÁGIO;99985356;ABT;SETOR ABATE/RESFRIAMENTO      ;8;252930;9999;13008;2488;MÁQUINAS SECUNDÁRIAS
92;FRIG. AURORA CASTRO;4228;DEPILADOR CONTÍNUO SULMAQ - 1º ESTÁGIO - ROLO INFERIOR - REDUTOR;99988539;ABT;SETOR ABATE/RESFRIAMENTO      ;8;252930;9999;18000;2488;MÁQUINAS SECUNDÁRIAS
92;FRIG. AURORA CASTRO;4228;DEPILADOR CONTÍNUO SULMAQ - 1º ESTÁGIO - ROLO INFERIOR - REDUTOR - MOTOR;99988540;ABT;SETOR ABATE/RESFRIAMENTO      ;8;252930;9999;19000;2488;MÁQUINAS SECUNDÁRIAS
92;FRIG. AURORA CASTRO;4228;DEPILADOR CONTÍNUO SULMAQ - 1º ESTÁGIO - ROLO SUPERIOR - REDUTOR;99988538;ABT;SETOR ABATE/RESFRIAMENTO      ;8;252930;9999;18000;2488;MÁQUINAS SECUNDÁRIAS
92;FRIG. AURORA CASTRO;4228;DEPILADOR CONTÍNUO SULMAQ - 1º ESTÁGIO - ROLO SUPERIOR - REDUTOR - MOTOR;99988537;ABT;SETOR ABATE/RESFRIAMENTO      ;8;252930;9999;19000;2488;MÁQUINAS SECUNDÁRIAS
92;FRIG. AURORA CASTRO;4228;DEPILADOR CONTÍNUO SULMAQ - 2º ESTÁGIO;99985357;ABT;SETOR ABATE/RESFRIAMENTO      ;8;252930;9999;13008;2488;MÁQUINAS SECUNDÁRIAS
92;FRIG. AURORA CASTRO;4228;DEPILADOR CONTÍNUO SULMAQ - 2º ESTÁGIO - ROLO INFERIOR - REDUTOR;99988509;ABT;SETOR ABATE/RESFRIAMENTO      ;8;252930;9999;18000;2488;MÁQUINAS SECUNDÁRIAS
92;FRIG. AURORA CASTRO;4228;DEPILADOR CONTÍNUO SULMAQ - 2º ESTÁGIO - ROLO INFERIOR - REDUTOR - MOTOR;99988506;ABT;SETOR ABATE/RESFRIAMENTO      ;8;252930;9999;19000;2488;MÁQUINAS SECUNDÁRIAS
92;FRIG. AURORA CASTRO;4228;DEPILADOR CONTÍNUO SULMAQ - 2º ESTÁGIO - ROLO SUPERIOR - REDUTOR;99988494;ABT;SETOR ABATE/RESFRIAMENTO      ;8;252930;9999;18000;2488;MÁQUINAS SECUNDÁRIAS
92;FRIG. AURORA CASTRO;4228;DEPILADOR CONTÍNUO SULMAQ - 2º ESTÁGIO - ROLO SUPERIOR - REDUTOR - MOTOR;99988489;ABT;SETOR ABATE/RESFRIAMENTO      ;8;252930;9999;13008;2488;MÁQUINAS SECUNDÁRIAS
92;FRIG. AURORA CASTRO;4228;DEPILADOR CONTÍNUO SULMAQ - GUILHOTINA;99988523;ABT;SETOR ABATE/RESFRIAMENTO      ;8;252930;9999;13008;2488;MÁQUINAS SECUNDÁRIAS
92;FRIG. AURORA CASTRO;4228;DEPILADOR CONTÍNUO SULMAQ - RASPADOR PELOS;99985354;ABT;SETOR ABATE/RESFRIAMENTO      ;8;252930;9999;13008;2488;MÁQUINAS SECUNDÁRIAS
92;FRIG. AURORA CASTRO;4228;DEPILADOR CONTÍNUO SULMAQ - RASPADOR PELOS - REDUTOR;99988914;ABT;SETOR ABATE/RESFRIAMENTO      ;8;252930;9999;18000;2488;MÁQUINAS SECUNDÁRIAS
92;FRIG. AURORA CASTRO;4228;DEPILADOR CONTÍNUO SULMAQ - RASPADOR PELOS - REDUTOR - MOTOR;99988913;ABT;SETOR ABATE/RESFRIAMENTO      ;8;252930;9999;19000;2488;MÁQUINAS SECUNDÁRIAS
92;FRIG. AURORA CASTRO;4228;DEPILADOR CONTÍNUO SULMAQ - SISTEMA CONTROLE TEMPERATURA;99988520;ABT;SETOR ABATE/RESFRIAMENTO      ;8;252930;9999;13008;2488;MÁQUINAS SECUNDÁRIAS
92;FRIG. AURORA CASTRO;4228;DEPILADOR CONTÍNUO SULMAQ - SISTEMA DE SEGURANÇA;99999039;ABT;SETOR ABATE/RESFRIAMENTO      ;8;252930;9999;13008;2488;MÁQUINAS SECUNDÁRIAS
92;FRIG. AURORA CASTRO;4228;DEPILADOR CONTÍNUO SULMAQ - SISTEMA ELÉTRICO;99994349;ABT;SETOR ABATE/RESFRIAMENTO      ;8;252930;9999;13008;2488;MÁQUINAS SECUNDÁRIAS
92;FRIG. AURORA CASTRO;4228;DEPILADOR CONTÍNUO SULMAQ - SISTEMA PNEUMÁTICO;99994350;ABT;SETOR ABATE/RESFRIAMENTO      ;8;252930;9999;13008;2488;MÁQUINAS SECUNDÁRIAS
92;FRIG. AURORA CASTRO;4228;DEPILADOR CONTÍNUO SULMAQ - TANQUE ÁGUA;99994351;ABT;SETOR ABATE/RESFRIAMENTO      ;8;252930;9999;21008;2488;MÁQUINAS SECUNDÁRIAS
92;FRIG. AURORA CASTRO;4228;DEPILADOR CONTÍNUO SULMAQ - TANQUE ÁGUA - MOTOBOMBA SUBMERSA 01;99994352;ABT;SETOR ABATE/RESFRIAMENTO      ;8;252930;9999;6000;2488;MÁQUINAS SECUNDÁRIAS
92;FRIG. AURORA CASTRO;4228;DEPILADOR CONTÍNUO SULMAQ - TANQUE ÁGUA - MOTOBOMBA SUBMERSA 02;99994353;ABT;SETOR ABATE/RESFRIAMENTO      ;8;252930;9999;6000;2488;MÁQUINAS SECUNDÁRIAS
92;FRIG. AURORA CASTRO;4228;DEPOSITO DE LIQUIDO +35°C - SALA DE MAQUINAS (RE1701000005);99986085;GEF;SETOR DE OPERACAO DE FRIO     ;6;;9999;22005;1210;MÁQUINAS PRINCIPAL
92;FRIG. AURORA CASTRO;4228;DEPOSITO DE LIQUIDO 0°C - SALA DE MAQUINAS (RE1701000001);99986086;GEF;SETOR DE OPERACAO DE FRIO     ;6;;9999;22005;1210;MÁQUINAS PRINCIPAL
92;FRIG. AURORA CASTRO;4228;DEPÓSITO DE PALETE - PLATAFORMA NIVELADORA;99995019;EXD;EXPEDICAO                     ;4;0;9999;12001;2348;OUTROS
92;FRIG. AURORA CASTRO;4228;DEPÓSITO DE PALETE - PLATAFORMA NIVELADORA - BOMBA;99995020;EXD;EXPEDICAO                     ;4;0;9999;6000;2348;OUTROS
92;FRIG. AURORA CASTRO;4228;DEPÓSITO DE PALETE - PLATAFORMA NIVELADORA - BOMBA - MOTOR;99995021;EXD;EXPEDICAO                     ;4;0;9999;19000;2348;OUTROS
92;FRIG. AURORA CASTRO;4228;DEPÓSITO DE PALETE - PLATAFORMA NIVELADORA - QUADRO DE COMANDO;99995022;EXD;EXPEDICAO                     ;4;0;9999;46013;2348;OUTROS
92;FRIG. AURORA CASTRO;4228;DEPÓSITO DE PALETE - PLATAFORMA NIVELADORA - RESERVATÓRIO DE ÓLEO;99995023;EXD;EXPEDICAO                     ;4;0;9999;36008;2348;OUTROS
92;FRIG. AURORA CASTRO;4228;DEPÓSITO DE PALETE - PORTA;99995024;EXD;EXPEDICAO                     ;4;0;3;11017;2348;OUTROS
92;FRIG. AURORA CASTRO;4228;DEPÓSITO DE PALETE - PORTA - QUADRO DE COMANDO;99995025;EXD;EXPEDICAO                     ;4;0;9999;46013;2348;OUTROS
92;FRIG. AURORA CASTRO;4228;DEPÓSITO DE PALETE - PORTA - REDUTOR;99995026;EXD;EXPEDICAO                     ;4;0;9999;18000;2348;OUTROS
92;FRIG. AURORA CASTRO;4228;DEPÓSITO DE PALETE - PORTA - REDUTOR - MOTOR;99995027;EXD;EXPEDICAO                     ;4;0;9999;19000;2348;OUTROS
92;FRIG. AURORA CASTRO;4228;DESCOURADEIRA HH SKINNER KM0581 01;99994721;EPJ;SETOR DE ESPOSTEJAMENTO       ;6;0;9999;16040;2224;OUTROS
92;FRIG. AURORA CASTRO;4228;DESCOURADEIRA HH SKINNER KM0581 02;99994722;EPJ;SETOR DE ESPOSTEJAMENTO       ;6;0;9999;16040;2224;OUTROS
92;FRIG. AURORA CASTRO;4228;DESCOURADEIRA HH SKINNER KM0581 03;99994723;EPJ;SETOR DE ESPOSTEJAMENTO       ;6;0;9999;16040;2224;OUTROS
92;FRIG. AURORA CASTRO;4228;DESCOURADEIRA HH SKINNER KM0581 04;99994724;EPJ;SETOR DE ESPOSTEJAMENTO       ;6;0;9999;16040;2224;OUTROS
92;FRIG. AURORA CASTRO;4228;DESOSSA DE CABECA PHD - MAREL (DD1701000001);99987033;MEX;MIUDOS EXTERNOS               ;6;;9999;32009;2739;MÁQUINAS PRINCIPAL
92;FRIG. AURORA CASTRO;4228;DESUMIDIFICADOR G-DRY 3000;99994509;TCA;SETOR TUNEIS E CAMARAS        ;6;0;9999;39006;2313;OUTROS
92;FRIG. AURORA CASTRO;4228;DESUMIDIFICADOR G-DRY 3000 - ABSORÇÃO;99994510;TCA;SETOR TUNEIS E CAMARAS        ;6;0;9999;39006;2313;OUTROS
92;FRIG. AURORA CASTRO;4228;DESUMIDIFICADOR G-DRY 3000 - ABSORÇÃO - VENTILADOR;99994511;TCA;SETOR TUNEIS E CAMARAS        ;6;0;9999;27000;2313;OUTROS
92;FRIG. AURORA CASTRO;4228;DESUMIDIFICADOR G-DRY 3000 - ABSORÇÃO - VENTILADOR - MOTOR;99994512;TCA;SETOR TUNEIS E CAMARAS        ;6;0;9999;19000;2313;OUTROS
92;FRIG. AURORA CASTRO;4228;DESUMIDIFICADOR G-DRY 3000 - QUADRO COMANDO;99994513;TCA;SETOR TUNEIS E CAMARAS        ;6;0;9999;46013;2313;OUTROS
92;FRIG. AURORA CASTRO;4228;DESUMIDIFICADOR G-DRY 3000 - REGENERAÇÃO;99994514;TCA;SETOR TUNEIS E CAMARAS        ;6;0;9999;39006;2313;OUTROS
92;FRIG. AURORA CASTRO;4228;DESUMIDIFICADOR G-DRY 3000 - REGENERAÇÃO - VENTILADOR;99994515;TCA;SETOR TUNEIS E CAMARAS        ;6;0;9999;27000;2313;OUTROS
92;FRIG. AURORA CASTRO;4228;DESUMIDIFICADOR G-DRY 3000 - REGENERAÇÃO - VENTILADOR - MOTOR;99994516;TCA;SETOR TUNEIS E CAMARAS        ;6;0;9999;19000;2313;OUTROS
92;FRIG. AURORA CASTRO;4228;DESUMIDIFICADOR G-DRY 3000 - ROTOR DESSECANTE;99994517;TCA;SETOR TUNEIS E CAMARAS        ;6;0;9999;39006;2313;OUTROS
92;FRIG. AURORA CASTRO;4228;DESUMIDIFICADOR G-DRY 3000 - SISTEMA ELÉTRICO;99994518;TCA;SETOR TUNEIS E CAMARAS        ;6;0;9999;39006;2313;OUTROS
92;FRIG. AURORA CASTRO;4228;DESUMIDIFICADOR HCD 4500;99986408;EXD;EXPEDICAO                     ;6;255197;9999;39006;2348;MÁQUINAS PRINCIPAL
92;FRIG. AURORA CASTRO;4228;DESUMIDIFICADOR HCD 4500 - CILINDRO;99986410;EXD;EXPEDICAO                     ;6;255197;9999;39006;2348;MÁQUINAS SECUNDÁRIAS
92;FRIG. AURORA CASTRO;4228;DESUMIDIFICADOR HCD 4500 - PV VAPOR;99989901;EXD;EXPEDICAO                     ;6;255197;9999;39006;2348;MÁQUINAS SECUNDÁRIAS
92;FRIG. AURORA CASTRO;4228;DESUMIDIFICADOR HCD 4500 - QUADRO COMANDO;99994519;EXD;EXPEDICAO                     ;6;255197;9999;46013;2348;MÁQUINAS SECUNDÁRIAS
92;FRIG. AURORA CASTRO;4228;DESUMIDIFICADOR HCD 4500 - SISTEMA ELÉTRICO;99989902;EXD;EXPEDICAO                     ;6;255197;9999;39006;2348;MÁQUINAS SECUNDÁRIAS
92;FRIG. AURORA CASTRO;4228;DESUMIDIFICADOR HCD 4500 - VENT. PROCESSO;99989903;EXD;EXPEDICAO                     ;6;255197;9999;27000;2348;MÁQUINAS SECUNDÁRIAS
92;FRIG. AURORA CASTRO;4228;DESUMIDIFICADOR HCD 4500 - VENT. PROCESSO - MOTOR;99989904;EXD;EXPEDICAO                     ;6;255197;9999;19000;2348;MÁQUINAS SECUNDÁRIAS
92;FRIG. AURORA CASTRO;4228;DESUMIDIFICADOR HCD 4500 - VENT. REATIVAÇÃO;99989905;EXD;EXPEDICAO                     ;6;255197;9999;27000;2348;MÁQUINAS SECUNDÁRIAS
92;FRIG. AURORA CASTRO;4228;DESUMIDIFICADOR HCD 4500 - VENT. REATIVAÇÃO - MOTOR;99989906;EXD;EXPEDICAO                     ;6;255197;9999;19000;2348;MÁQUINAS SECUNDÁRIAS
92;FRIG. AURORA CASTRO;4228;DETECTOR DE METAIS;99989773;EPJ;SETOR DE ESPOSTEJAMENTO       ;1;0;9999;46017;2224;EQUIPAMENTOS
92;FRIG. AURORA CASTRO;4228;DETECTOR DE METAIS;99989731;PRU;SETOR DE PRESUNTARIA          ;1;0;9999;46017;2291;EQUIPAMENTOS
92;FRIG. AURORA CASTRO;4228;DETECTOR DE METAIS;99989728;CUR;SETOR EMB CURADOS             ;1;0;2;46017;5525;EQUIPAMENTOS
92;FRIG. AURORA CASTRO;4228;DETECTOR DE METAIS;99989726;PRU;SETOR DE PRESUNTARIA          ;1;0;9999;46017;2291;EQUIPAMENTOS
92;FRIG. AURORA CASTRO;4228;DETECTOR DE METAIS;99997041;FFG;SETOR DE FABRICA DE FARINHAS E GORDURAS;1;0;9999;46017;2330;EQUIPAMENTOS
92;FRIG. AURORA CASTRO;4228;DETECTOR DE METAIS;99999199;SFR;SETOR EMBUTIDOS FRESCAIS      ;1;0;9999;46017;4057;EQUIPAMENTOS
92;FRIG. AURORA CASTRO;4228;DETECTOR DE METAIS;99989724;EMB;SETOR EMBALAGEM               ;1;0;2;46017;4138;EQUIPAMENTOS
92;FRIG. AURORA CASTRO;4228;DETECTOR DE METAIS;99989709;SFR;SETOR EMBUTIDOS FRESCAIS      ;1;0;9999;46017;4057;EQUIPAMENTOS
92;FRIG. AURORA CASTRO;4228;DETECTOR DE METAIS;99993104;SFR;SETOR EMBUTIDOS FRESCAIS      ;1;0;3;46017;4057;EQUIPAMENTOS
92;FRIG. AURORA CASTRO;4228;DETECTOR DE METAIS;99989725;EMB;SETOR EMBALAGEM               ;1;0;9999;46017;4138;EQUIPAMENTOS
92;FRIG. AURORA CASTRO;4228;DETECTOR DE METAIS;99989638;TCA;SETOR TUNEIS E CAMARAS        ;1;55869;2;46017;2313;EQUIPAMENTOS
92;FRIG. AURORA CASTRO;4228;DETECTOR DE METAIS;99989662;SFT;SETOR DE FATIADOS             ;1;55916;2;46017;4600;EQUIPAMENTOS
92;FRIG. AURORA CASTRO;4228;DETECTOR DE METAIS;99989679;SEI;SETOR EMB INDUSTRIALIZADOS    ;1;0;2;46017;5345;EQUIPAMENTOS
92;FRIG. AURORA CASTRO;4228;DETECTOR DE METAIS;99989682;SEI;SETOR EMB INDUSTRIALIZADOS    ;1;0;9999;46017;5345;EQUIPAMENTOS
92;FRIG. AURORA CASTRO;4228;DETECTOR DE METAIS;99989698;SEI;SETOR EMB INDUSTRIALIZADOS    ;1;54428;9999;46017;5345;EQUIPAMENTOS
92;FRIG. AURORA CASTRO;4228;DETECTOR DE METAIS;99989699;EMB;SETOR EMBALAGEM               ;1;0;3;46017;4138;EQUIPAMENTOS
92;FRIG. AURORA CASTRO;4228;DETECTOR METAIS CEIA TÚNEL THS;99986179;PRU;SETOR DE PRESUNTARIA          ;8;257143;9999;46017;2291;MÁQUINAS PRINCIPAL
92;FRIG. AURORA CASTRO;4228;DETECTOR METAIS FORTRESS TÚNEL STEALTH;99987268;PRU;SETOR DE PRESUNTARIA          ;8;257147;4;46017;2291;MÁQUINAS PRINCIPAL
92;FRIG. AURORA CASTRO;4228;DETECTOR METAIS FORTRESS TÚNEL STEALTH;99987004;EPJ;SETOR DE ESPOSTEJAMENTO       ;8;256496;4;46017;2224;MÁQUINAS PRINCIPAL
92;FRIG. AURORA CASTRO;4228;DETECTOR METAIS LOMA TÚNEL IQ3;99985984;SFR;SETOR EMBUTIDOS FRESCAIS      ;8;257043;2;46017;4057;MÁQUINAS PRINCIPAL
92;FRIG. AURORA CASTRO;4228;DETECTOR METAIS LOMA TÚNEL IQ3;99985884;SFT;SETOR DE FATIADOS             ;8;258060;2;46017;4600;MÁQUINAS PRINCIPAL
92;FRIG. AURORA CASTRO;4228;DETECTOR METAIS LOMA TÚNEL IQ3;99985870;SFR;SETOR EMBUTIDOS FRESCAIS      ;8;257000;2;46017;4057;MÁQUINAS PRINCIPAL
92;FRIG. AURORA CASTRO;4228;DETECTOR METAIS LOMA TÚNEL IQ3;99985865;TCA;SETOR TUNEIS E CAMARAS        ;8;255110;2;46017;2313;MÁQUINAS PRINCIPAL
92;FRIG. AURORA CASTRO;4228;DETECTOR METAIS LOMA TÚNEL IQ3;99985583;SEI;SETOR EMB INDUSTRIALIZADOS    ;8;258026;2;46017;5345;MÁQUINAS PRINCIPAL
92;FRIG. AURORA CASTRO;4228;DETECTOR METAIS LOMA TÚNEL IQ3;99986291;CUR;SETOR EMB CURADOS             ;8;258862;2;46017;5525;MÁQUINAS PRINCIPAL
92;FRIG. AURORA CASTRO;4228;DETECTOR METAIS LOMA TÚNEL IQ3;99985553;EMB;SETOR EMBALAGEM               ;8;254899;2;46017;4138;MÁQUINAS PRINCIPAL
92;FRIG. AURORA CASTRO;4228;DETECTOR METAIS LOMA TÚNEL IQ3+E;99985585;SEI;SETOR EMB INDUSTRIALIZADOS    ;8;258028;2;46017;5345;MÁQUINAS PRINCIPAL
92;FRIG. AURORA CASTRO;4228;DETECTOR METAIS LOMA TÚNEL IQ3+E;99986055;SFR;SETOR EMBUTIDOS FRESCAIS      ;8;256285;2;46017;4057;MÁQUINAS PRINCIPAL
92;FRIG. AURORA CASTRO;4228;DETECTOR METAIS LOMA TÚNEL IQ4;99988596;SEI;SETOR EMB INDUSTRIALIZADOS    ;8;258027;3;46017;5345;MÁQUINAS PRINCIPAL
92;FRIG. AURORA CASTRO;4228;DETECTOR METAIS LOMA TÚNEL IQ4;99985556;EMB;SETOR EMBALAGEM               ;8;254915;3;46017;4138;MÁQUINAS PRINCIPAL
92;FRIG. AURORA CASTRO;4228;DETECTOR METAIS LOMA TÚNEL IQ4H;99988583;SFR;SETOR EMBUTIDOS FRESCAIS      ;6;257017;3;46017;4057;MÁQUINAS PRINCIPAL
92;FRIG. AURORA CASTRO;4228;DETECTOR METAIS SISCOM H-70.35;99986562;GRX;SETOR SUB PRODUTOS GRAXARIA   ;8;256486;9999;46017;2330;MÁQUINAS PRINCIPAL
92;FRIG. AURORA CASTRO;4228;DETECTOR METAIS SOMA TÚNEL M-PULSE 2 PRO;99985474;EMB;SETOR EMBALAGEM               ;8;254448;9999;46017;4138;MÁQUINAS PRINCIPAL
92;FRIG. AURORA CASTRO;4228;DIF - CÂMARA DE SEQUESTRO EVISCERAÇÃO;99985832;ABT;SETOR ABATE/RESFRIAMENTO      ;6;;9999;11009;2488;OUTROS
92;FRIG. AURORA CASTRO;4228;DIF - CÂMARA DE SEQUESTRO EVISCERAÇÃO - ELEVADOR PNEUMÁTICO;1728;ABT;SETOR ABATE/RESFRIAMENTO      ;6;0;9999;11009;2488;OUTROS
92;FRIG. AURORA CASTRO;4228;DIF - CÂMARA DE SEQUESTRO EVISCERAÇÃO - ELEVADOR PNEUMÁTICO - SISTEMA ELÉTRICO;1729;ABT;SETOR ABATE/RESFRIAMENTO      ;6;0;9999;11009;2488;OUTROS
92;FRIG. AURORA CASTRO;4228;DIF - CÂMARA DE SEQUESTRO EVISCERAÇÃO - ELEVADOR PNEUMÁTICO - SISTEMA PNEUMÁTICO;1730;ABT;SETOR ABATE/RESFRIAMENTO      ;6;0;9999;11009;2488;OUTROS
92;FRIG. AURORA CASTRO;4228;DIF - DOSADOR CHAVE DE DESVIO PARA ENTRADA;99985846;ABT;SETOR ABATE/RESFRIAMENTO      ;6;;9999;32010;2488;OUTROS
92;FRIG. AURORA CASTRO;4228;DIF - DOSADOR CHAVE DE DESVIO PARA ENTRADA - SISTEMA ELÉTRICO;1548;ABT;SETOR ABATE/RESFRIAMENTO      ;6;0;9999;3002;2488;OUTROS
92;FRIG. AURORA CASTRO;4228;DIF - DOSADOR CHAVE DE DESVIO PARA ENTRADA - SISTEMA PNEUMÁTICO;1547;ABT;SETOR ABATE/RESFRIAMENTO      ;6;0;9999;3002;2488;OUTROS
92;FRIG. AURORA CASTRO;4228;DIF - DOSADOR E CHAVE DE SAÍDA;99986722;ABT;SETOR ABATE/RESFRIAMENTO      ;6;;9999;1009;2488;OUTROS
92;FRIG. AURORA CASTRO;4228;DIF - DOSADOR E CHAVE DE SAÍDA - SISTEMA ELÉTRICO;1550;ABT;SETOR ABATE/RESFRIAMENTO      ;6;0;9999;3002;2488;OUTROS
92;FRIG. AURORA CASTRO;4228;DIF - DOSADOR E CHAVE DE SAÍDA - SISTEMA PNEUMÁTICO;1549;ABT;SETOR ABATE/RESFRIAMENTO      ;6;0;9999;3002;2488;OUTROS
92;FRIG. AURORA CASTRO;4228;DIF - ELEVADOR PNEUMÁTICO SAÍDA SULMAQ;99985849;ABT;SETOR ABATE/RESFRIAMENTO      ;6;;9999;43003;2488;OUTROS
92;FRIG. AURORA CASTRO;4228;DIF - ELEVADOR PNEUMÁTICO SAÍDA SULMAQ - SISTEMA ELÉTRICO;1492;ABT;SETOR ABATE/RESFRIAMENTO      ;6;0;9999;43003;2488;OUTROS
92;FRIG. AURORA CASTRO;4228;DIF - ELEVADOR PNEUMÁTICO SAÍDA SULMAQ - SISTEMA PNEUMÁTICO;1493;ABT;SETOR ABATE/RESFRIAMENTO      ;6;0;9999;43003;2488;OUTROS
92;FRIG. AURORA CASTRO;4228;DIF - ESTEIRA CONDENA;99985862;ABT;SETOR ABATE/RESFRIAMENTO      ;6;254314;9999;29004;2488;MÁQUINAS PRINCIPAL
92;FRIG. AURORA CASTRO;4228;DIF - ESTEIRA CONDENA - MOTOREDUTOR;99988544;ABT;SETOR ABATE/RESFRIAMENTO      ;4;254314;9999;18000;2488;MÁQUINAS SECUNDÁRIAS
92;FRIG. AURORA CASTRO;4228;DIF - ESTEIRA CONDENA - SISTEMA DE SEGURANÇA;1461;ABT;SETOR ABATE/RESFRIAMENTO      ;6;254314;9999;29004;2488;MÁQUINAS SECUNDÁRIAS
92;FRIG. AURORA CASTRO;4228;DIF - ESTEIRA CONDENA - SISTEMA ELÉTRICO;1460;ABT;SETOR ABATE/RESFRIAMENTO      ;6;254314;9999;29004;2488;MÁQUINAS SECUNDÁRIAS
92;FRIG. AURORA CASTRO;4228;DIF - SKINNER MANUAL MAREL KM0581 (SK01);99986005;ABT;SETOR ABATE/RESFRIAMENTO      ;6;;9999;16040;2488;MÁQUINAS PRINCIPAL
92;FRIG. AURORA CASTRO;4228;DIF - TALHA ELÉTRICA WORKER;1748;ABT;SETOR ABATE/RESFRIAMENTO      ;6;254311;9999;25006;2488;MÁQUINAS PRINCIPAL
92;FRIG. AURORA CASTRO;4228;DIGESTOR DE SANGUE E PELOS 8.000 LITROS - PRESTATTI DPS - 8000L (DIG1704000003);99985470;FFG;SETOR DE FABRICA DE FARINHAS E GORDURAS;6;;9999;23001;2330;MÁQUINAS PRINCIPAL
92;FRIG. AURORA CASTRO;4228;DIGESTOR DE VISCERAS 10.000 LITROS - PRESTATTI DPV 10000L (DIG1704000001);99985457;FFG;SETOR DE FABRICA DE FARINHAS E GORDURAS;6;;9999;29009;2330;MÁQUINAS PRINCIPAL
92;FRIG. AURORA CASTRO;4228;DIGESTOR DE VISCERAS 10.000 LITROS - PRESTATTI DPV 10000L (DIG1704000002);99985459;FFG;SETOR DE FABRICA DE FARINHAS E GORDURAS;6;;9999;23001;2330;MÁQUINAS PRINCIPAL
92;FRIG. AURORA CASTRO;4228;DISPOSITIVO VOLUMETRICO DE DOSAGEM - VOLTERM 1;99986180;PRU;SETOR DE PRESUNTARIA          ;6;257136;9999;6009;2291;MÁQUINAS PRINCIPAL
92;FRIG. AURORA CASTRO;4228;DISPOSITIVO VOLUMETRICO DE DOSAGEM - VOLTERM 1 - SISTEMA ELETRICO;3625;PRU;SETOR DE PRESUNTARIA          ;8;257136;9999;6009;2291;MÁQUINAS SECUNDÁRIAS
92;FRIG. AURORA CASTRO;4228;DISPOSITIVO VOLUMETRICO DE DOSAGEM - VOLTERM 1 - SISTEMA PENEUMATICO;3626;PRU;SETOR DE PRESUNTARIA          ;8;257136;9999;6009;2291;MÁQUINAS SECUNDÁRIAS
92;FRIG. AURORA CASTRO;4228;DISPOSITIVO VOLUMETRICO DE DOSAGEM - VOLTERM 2;99986181;PRU;SETOR DE PRESUNTARIA          ;6;257137;9999;6009;2291;MÁQUINAS PRINCIPAL
92;FRIG. AURORA CASTRO;4228;DISPOSITIVO VOLUMETRICO DE DOSAGEM - VOLTERM 2 - SISTEMA ELETRICO;3628;PRU;SETOR DE PRESUNTARIA          ;8;257137;9999;6009;2291;MÁQUINAS SECUNDÁRIAS
92;FRIG. AURORA CASTRO;4228;DISPOSITIVO VOLUMETRICO DE DOSAGEM - VOLTERM 2 - SISTEMA PENEUMATICO;3629;PRU;SETOR DE PRESUNTARIA          ;8;257137;9999;6009;2291;MÁQUINAS SECUNDÁRIAS
92;FRIG. AURORA CASTRO;4228;DISTRIBUIDOR DE LIQUIDO +35ºC - GFA (DIS1701000001);99986077;GEF;SETOR DE OPERACAO DE FRIO     ;6;;9999;11000;1210;MÁQUINAS PRINCIPAL
92;FRIG. AURORA CASTRO;4228;DOCA 01;99985882;EXD;EXPEDICAO                     ;6;0;9999;12001;2348;OUTROS
92;FRIG. AURORA CASTRO;4228;DOCA 01 - PLATAFORMA NIVELADORA;99995631;EXD;EXPEDICAO                     ;6;255145;9999;12001;2348;MÁQUINAS PRINCIPAL
92;FRIG. AURORA CASTRO;4228;DOCA 01 - PLATAFORMA NIVELADORA - BOMBA;99995632;EXD;EXPEDICAO                     ;6;255145;9999;6000;2348;MÁQUINAS SECUNDÁRIAS
92;FRIG. AURORA CASTRO;4228;DOCA 01 - PLATAFORMA NIVELADORA - BOMBA - MOTOR;99995633;EXD;EXPEDICAO                     ;6;255145;9999;19000;2348;MÁQUINAS SECUNDÁRIAS
92;FRIG. AURORA CASTRO;4228;DOCA 01 - PLATAFORMA NIVELADORA - QUADRO DE COMANDO;99995634;EXD;EXPEDICAO                     ;6;255145;9999;46013;2348;MÁQUINAS SECUNDÁRIAS
92;FRIG. AURORA CASTRO;4228;DOCA 01 - PLATAFORMA NIVELADORA - RESERVATÓRIO DE ÓLEO;99995635;EXD;EXPEDICAO                     ;6;255145;9999;36008;2348;MÁQUINAS SECUNDÁRIAS
92;FRIG. AURORA CASTRO;4228;DOCA 01 - PORTA;99995636;EXD;EXPEDICAO                     ;6;0;3;11017;2348;OUTROS
92;FRIG. AURORA CASTRO;4228;DOCA 01 - PORTA - MOTOR;99995637;EXD;EXPEDICAO                     ;6;0;9999;19000;2348;OUTROS
92;FRIG. AURORA CASTRO;4228;DOCA 01 - PORTA - SISTEMA ELÉTRICO;99995638;EXD;EXPEDICAO                     ;6;0;3;11017;2348;OUTROS
92;FRIG. AURORA CASTRO;4228;DOCA 02;99985886;EXD;EXPEDICAO                     ;6;0;9999;12001;2348;OUTROS
92;FRIG. AURORA CASTRO;4228;DOCA 02 - PLATAFORMA NIVELADORA;99995639;EXD;EXPEDICAO                     ;6;255146;9999;12001;2348;MÁQUINAS PRINCIPAL
92;FRIG. AURORA CASTRO;4228;DOCA 02 - PLATAFORMA NIVELADORA - BOMBA;99995640;EXD;EXPEDICAO                     ;6;255146;9999;6000;2348;MÁQUINAS SECUNDÁRIAS
92;FRIG. AURORA CASTRO;4228;DOCA 02 - PLATAFORMA NIVELADORA - BOMBA - MOTOR;99995641;EXD;EXPEDICAO                     ;6;255146;9999;19000;2348;MÁQUINAS SECUNDÁRIAS
92;FRIG. AURORA CASTRO;4228;DOCA 02 - PLATAFORMA NIVELADORA - QUADRO DE COMANDO;99995642;EXD;EXPEDICAO                     ;6;255146;9999;46013;2348;MÁQUINAS SECUNDÁRIAS
92;FRIG. AURORA CASTRO;4228;DOCA 02 - PLATAFORMA NIVELADORA - RESERVATÓRIO DE ÓLEO;99995643;EXD;EXPEDICAO                     ;6;255146;9999;36008;2348;MÁQUINAS SECUNDÁRIAS
92;FRIG. AURORA CASTRO;4228;DOCA 02 - PORTA;99995644;EXD;EXPEDICAO                     ;6;0;3;11017;2348;OUTROS
92;FRIG. AURORA CASTRO;4228;DOCA 02 - PORTA - MOTOR;99995645;EXD;EXPEDICAO                     ;6;0;9999;19000;2348;OUTROS
92;FRIG. AURORA CASTRO;4228;DOCA 02 - PORTA - SISTEMA ELÉTRICO;99995646;EXD;EXPEDICAO                     ;6;0;3;11017;2348;OUTROS
92;FRIG. AURORA CASTRO;4228;DOCA 03;99985890;EXD;EXPEDICAO                     ;6;0;9999;12001;2348;OUTROS
92;FRIG. AURORA CASTRO;4228;DOCA 03 - PLATAFORMA NIVELADORA;99995647;EXD;EXPEDICAO                     ;6;255147;9999;12001;2348;MÁQUINAS PRINCIPAL
92;FRIG. AURORA CASTRO;4228;DOCA 03 - PLATAFORMA NIVELADORA - BOMBA;99995648;EXD;EXPEDICAO                     ;6;255147;9999;6000;2348;MÁQUINAS SECUNDÁRIAS
92;FRIG. AURORA CASTRO;4228;DOCA 03 - PLATAFORMA NIVELADORA - BOMBA - MOTOR;99995649;EXD;EXPEDICAO                     ;6;255147;9999;19000;2348;MÁQUINAS SECUNDÁRIAS
92;FRIG. AURORA CASTRO;4228;DOCA 03 - PLATAFORMA NIVELADORA - QUADRO DE COMANDO;99995650;EXD;EXPEDICAO                     ;6;255147;9999;46013;2348;MÁQUINAS SECUNDÁRIAS
92;FRIG. AURORA CASTRO;4228;DOCA 03 - PLATAFORMA NIVELADORA - RESERVATÓRIO DE ÓLEO;99995651;EXD;EXPEDICAO                     ;6;255147;9999;36008;2348;MÁQUINAS SECUNDÁRIAS
92;FRIG. AURORA CASTRO;4228;DOCA 03 - PORTA;99995652;EXD;EXPEDICAO                     ;6;0;3;11017;2348;OUTROS
92;FRIG. AURORA CASTRO;4228;DOCA 03 - PORTA - MOTOR;99995653;EXD;EXPEDICAO                     ;6;0;9999;19000;2348;OUTROS
92;FRIG. AURORA CASTRO;4228;DOCA 03 - PORTA - SISTEMA ELÉTRICO;99995654;EXD;EXPEDICAO                     ;6;0;3;11017;2348;OUTROS
92;FRIG. AURORA CASTRO;4228;DOCA 04;99985894;EXD;EXPEDICAO                     ;6;0;9999;12001;2348;OUTROS
92;FRIG. AURORA CASTRO;4228;DOCA 04 - PLATAFORMA NIVELADORA;99995655;EXD;EXPEDICAO                     ;6;255148;9999;12001;2348;MÁQUINAS PRINCIPAL
92;FRIG. AURORA CASTRO;4228;DOCA 04 - PLATAFORMA NIVELADORA - BOMBA;99995656;EXD;EXPEDICAO                     ;6;255148;9999;6000;2348;MÁQUINAS SECUNDÁRIAS
92;FRIG. AURORA CASTRO;4228;DOCA 04 - PLATAFORMA NIVELADORA - BOMBA - MOTOR;99995657;EXD;EXPEDICAO                     ;6;255148;9999;19000;2348;MÁQUINAS SECUNDÁRIAS
92;FRIG. AURORA CASTRO;4228;DOCA 04 - PLATAFORMA NIVELADORA - QUADRO DE COMANDO;99995658;EXD;EXPEDICAO                     ;6;255148;9999;46013;2348;MÁQUINAS SECUNDÁRIAS
92;FRIG. AURORA CASTRO;4228;DOCA 04 - PLATAFORMA NIVELADORA - RESERVATÓRIO DE ÓLEO;99995659;EXD;EXPEDICAO                     ;6;255148;9999;36008;2348;MÁQUINAS SECUNDÁRIAS
92;FRIG. AURORA CASTRO;4228;DOCA 04 - PORTA;99995660;EXD;EXPEDICAO                     ;6;0;3;11017;2348;OUTROS
92;FRIG. AURORA CASTRO;4228;DOCA 04 - PORTA - MOTOR;99995661;EXD;EXPEDICAO                     ;6;0;9999;19000;2348;OUTROS
92;FRIG. AURORA CASTRO;4228;DOCA 04 - PORTA - SISTEMA ELÉTRICO;99995662;EXD;EXPEDICAO                     ;6;0;3;11017;2348;OUTROS
92;FRIG. AURORA CASTRO;4228;DOCA 05;99985897;EXD;EXPEDICAO                     ;6;0;9999;12001;2348;OUTROS
92;FRIG. AURORA CASTRO;4228;DOCA 05 - PLATAFORMA NIVELADORA;99995663;EXD;EXPEDICAO                     ;6;255149;9999;12001;2348;MÁQUINAS PRINCIPAL
92;FRIG. AURORA CASTRO;4228;DOCA 05 - PLATAFORMA NIVELADORA - BOMBA;99995664;EXD;EXPEDICAO                     ;6;255149;9999;6000;2348;MÁQUINAS SECUNDÁRIAS
92;FRIG. AURORA CASTRO;4228;DOCA 05 - PLATAFORMA NIVELADORA - BOMBA - MOTOR;99995665;EXD;EXPEDICAO                     ;6;255149;9999;19000;2348;MÁQUINAS SECUNDÁRIAS
92;FRIG. AURORA CASTRO;4228;DOCA 05 - PLATAFORMA NIVELADORA - QUADRO DE COMANDO;99995666;EXD;EXPEDICAO                     ;6;255149;9999;46013;2348;MÁQUINAS SECUNDÁRIAS
92;FRIG. AURORA CASTRO;4228;DOCA 05 - PLATAFORMA NIVELADORA - RESERVATÓRIO DE ÓLEO;99995667;EXD;EXPEDICAO                     ;6;255149;9999;36008;2348;MÁQUINAS SECUNDÁRIAS
92;FRIG. AURORA CASTRO;4228;DOCA 05 - PORTA;99995668;EXD;EXPEDICAO                     ;6;0;3;11017;2348;OUTROS
92;FRIG. AURORA CASTRO;4228;DOCA 05 - PORTA - QUADRO DE COMANDO;99995669;EXD;EXPEDICAO                     ;6;0;9999;46013;2348;OUTROS
92;FRIG. AURORA CASTRO;4228;DOCA 05 - PORTA - REDUTOR;99995670;EXD;EXPEDICAO                     ;6;0;9999;18000;2348;OUTROS
92;FRIG. AURORA CASTRO;4228;DOCA 05 - PORTA - REDUTOR - MOTOR;99995671;EXD;EXPEDICAO                     ;6;0;9999;19000;2348;OUTROS
92;FRIG. AURORA CASTRO;4228;DOCA 05 - PORTA - SISTEMA ELÉTRICO;99995672;EXD;EXPEDICAO                     ;6;0;3;11017;2348;OUTROS
92;FRIG. AURORA CASTRO;4228;DOCA EXPEDIÇÃO 01  EMB. INDUSTRIALIZADOS (DO1701000020);99986101;SEI;SETOR EMB INDUSTRIALIZADOS    ;6;;9999;12001;5345;MÁQUINAS PRINCIPAL
92;FRIG. AURORA CASTRO;4228;DOSADOR DE SAL VELATI;99986295;CUR;SETOR EMB CURADOS             ;6;257516;9999;25001;5525;MÁQUINAS PRINCIPAL
92;FRIG. AURORA CASTRO;4228;DOSADOR DE SAL VELATI - MOTOREDUTOR;5158;CUR;SETOR EMB CURADOS             ;8;257516;9999;6009;5525;MÁQUINAS SECUNDÁRIAS
92;FRIG. AURORA CASTRO;4228;DOSADOR DE SAL VELATI - SISTEMA DE SEGURANÇA;5157;CUR;SETOR EMB CURADOS             ;8;257516;9999;6009;5525;MÁQUINAS SECUNDÁRIAS
92;FRIG. AURORA CASTRO;4228;DOSADOR PÓS NÓRIA ELEVATÓRIA DE REPENDURA SULMAQ;99986925;ABT;SETOR ABATE/RESFRIAMENTO      ;6;253990;9999;13013;2488;MÁQUINAS PRINCIPAL
92;FRIG. AURORA CASTRO;4228;DOSADOR PÓS NÓRIA ELEVATÓRIA DE REPENDURA SULMAQ - SISTEMA ELÉTRICO;99985358;ABT;SETOR ABATE/RESFRIAMENTO      ;8;253990;9999;6009;2488;MÁQUINAS SECUNDÁRIAS
92;FRIG. AURORA CASTRO;4228;DOSADOR PÓS NÓRIA ELEVATÓRIA DE REPENDURA SULMAQ - SISTEMA PNEUMÁTICO;1503;ABT;SETOR ABATE/RESFRIAMENTO      ;6;253990;9999;13013;2488;MÁQUINAS SECUNDÁRIAS
92;FRIG. AURORA CASTRO;4228;DOSADOR SAÍDA NÓRIA EVISCERAÇÃO PARA ENTRADA DAS CÂMARAS;99986861;ABT;SETOR ABATE/RESFRIAMENTO      ;6;253946;9999;13013;2488;MÁQUINAS PRINCIPAL
92;FRIG. AURORA CASTRO;4228;DOSADOR SAÍDA NÓRIA EVISCERAÇÃO PARA ENTRADA DAS CÂMARAS - SISTEMA ELÉTRICO;1501;ABT;SETOR ABATE/RESFRIAMENTO      ;6;253946;9999;13013;2488;MÁQUINAS SECUNDÁRIAS
92;FRIG. AURORA CASTRO;4228;DOSADOR SAÍDA NÓRIA EVISCERAÇÃO PARA ENTRADA DAS CÂMARAS - SISTEMA PNEUMÁTICO;1551;ABT;SETOR ABATE/RESFRIAMENTO      ;6;253946;9999;13013;2488;MÁQUINAS SECUNDÁRIAS
92;FRIG. AURORA CASTRO;4228;ELEVADOR CARGA SALA LAV. CAIXAS 2 NIVEIS;99985442;LBM;SETOR LAVAGEM BACIAS/MONOBLOCO;6;;9999;34012;2470;MÁQUINAS PRINCIPAL
92;FRIG. AURORA CASTRO;4228;ELEVADOR CARRINHO AO LADO MISTURADOR MOTEMIL - MOTOREDUTOR;4742;CEB;EMBUTIDOS COZIDOS             ;6;;9999;34012;2283;OUTROS
92;FRIG. AURORA CASTRO;4228;ELEVADOR CARRINHO AO LADO MISTURADOR MOTEMIL - SISTEMA DE SEGURANÇA;4741;CEB;EMBUTIDOS COZIDOS             ;6;;9999;34012;2283;OUTROS
92;FRIG. AURORA CASTRO;4228;ELEVADOR CARRINHO AO LADO MISTURADOR MOTEMIL - SISTEMA ELETRICO;4740;CEB;EMBUTIDOS COZIDOS             ;8;;9999;34012;2283;OUTROS
92;FRIG. AURORA CASTRO;4228;ELEVADOR CONTAINERS TC-60 L - ALIMENTAÇÃO MOEDOR MO280;99997351;SFR;SETOR EMBUTIDOS FRESCAIS      ;6;256984;9999;25007;4057;MÁQUINAS PRINCIPAL
92;FRIG. AURORA CASTRO;4228;ELEVADOR CONTAINERS TC-60 L - ALIMENTAÇÃO MOEDOR MO280 - REDUTOR;99997352;SFR;SETOR EMBUTIDOS FRESCAIS      ;6;0;9999;18000;4057;OUTROS
92;FRIG. AURORA CASTRO;4228;ELEVADOR CONTAINERS TC-60 L - ALIMENTAÇÃO MOEDOR MO280 - REDUTOR - MOTOR;99997353;SFR;SETOR EMBUTIDOS FRESCAIS      ;6;0;9999;19000;4057;OUTROS
92;FRIG. AURORA CASTRO;4228;ELEVADOR CONTAINERS TC-60 L - ALIMENTAÇÃO MOEDOR MO280 - SISTEMA DE SEGURANÇA;4026;SFR;SETOR EMBUTIDOS FRESCAIS      ;8;256984;9999;34012;4057;MÁQUINAS SECUNDÁRIAS
92;FRIG. AURORA CASTRO;4228;ELEVADOR CONTAINERS TC-60 L - ALIMENTAÇÃO MOEDOR MO280 - SISTEMA ELÉTRICO;99997354;SFR;SETOR EMBUTIDOS FRESCAIS      ;6;256984;9999;25007;4057;MÁQUINAS SECUNDÁRIAS
92;FRIG. AURORA CASTRO;4228;ELEVADOR DE ALIM. MOEDOR MCD160;99985996;SFR;SETOR EMBUTIDOS FRESCAIS      ;8;256987;9999;34012;4057;MÁQUINAS PRINCIPAL
92;FRIG. AURORA CASTRO;4228;ELEVADOR DE ALIM. MOEDOR MCD160 - REDUTOR;4050;SFR;SETOR EMBUTIDOS FRESCAIS      ;8;256987;9999;34012;4057;MÁQUINAS SECUNDÁRIAS
92;FRIG. AURORA CASTRO;4228;ELEVADOR DE ALIM. MOEDOR MCD160 - REDUTOR - MOTOR;4051;SFR;SETOR EMBUTIDOS FRESCAIS      ;8;256987;9999;34012;4057;MÁQUINAS SECUNDÁRIAS
92;FRIG. AURORA CASTRO;4228;ELEVADOR DE ALIM. MOEDOR MCD160 - SISTEMA DE SEGURANÇA;4049;SFR;SETOR EMBUTIDOS FRESCAIS      ;6;256987;9999;34012;4057;MÁQUINAS SECUNDÁRIAS
92;FRIG. AURORA CASTRO;4228;ELEVADOR DE ALIM. MOEDOR MCD160 - SISTEMA ELÉTRICO;4052;SFR;SETOR EMBUTIDOS FRESCAIS      ;8;256987;9999;34012;4057;MÁQUINAS SECUNDÁRIAS
92;FRIG. AURORA CASTRO;4228;ELEVADOR DE CANECAS 8 X 11800 - FFO ELC - 5000 (EL1701000023);99985473;FFG;SETOR DE FABRICA DE FARINHAS E GORDURAS;6;;9999;37013;2330;MÁQUINAS PRINCIPAL
92;FRIG. AURORA CASTRO;4228;ELEVADOR DE CARGA - SALA DE LAVAGEM DE CAIXAS - 2 NIVEIS (EL1701000001);99986469;GRX;SETOR SUB PRODUTOS GRAXARIA   ;6;;9999;34012;2330;MÁQUINAS PRINCIPAL
92;FRIG. AURORA CASTRO;4228;ELEVADOR DE CARGA 3 NIVEIS  EMB. PALET.;99985560;EMB;SETOR EMBALAGEM               ;6;;9999;34012;4138;MÁQUINAS PRINCIPAL
92;FRIG. AURORA CASTRO;4228;ELEVADOR DE CARGA ECM 2003 2000KG MONTEMIL (3 PISOS);99991570;DPE;SETOR DEPOSITO PREP  EMBALAGEM;6;0;9999;34012;2461;OUTROS
92;FRIG. AURORA CASTRO;4228;ELEVADOR DE CARGA ECM 2003 2000KG MONTEMIL (3 PISOS) - REDUTOR;1335;DPE;SETOR DEPOSITO PREP  EMBALAGEM;6;0;9999;18000;2461;OUTROS
92;FRIG. AURORA CASTRO;4228;ELEVADOR DE CARGA ECM 2003 2000KG MONTEMIL (3 PISOS) - REDUTOR - MOTOR;1333;DPE;SETOR DEPOSITO PREP  EMBALAGEM;6;0;9999;34012;2461;OUTROS
92;FRIG. AURORA CASTRO;4228;ELEVADOR DE CARGA ECM 2003 2000KG MONTEMIL (3 PISOS) - SISTEMA DE SEGURANÇA;1334;DPE;SETOR DEPOSITO PREP  EMBALAGEM;6;0;9999;34012;2461;OUTROS
92;FRIG. AURORA CASTRO;4228;ELEVADOR DE CARGA ECM 2003 2000KG MONTEMIL (3 PISOS) - SISTEMA ELÉTRICO;1455;DPE;SETOR DEPOSITO PREP  EMBALAGEM;6;0;9999;34012;2461;OUTROS
92;FRIG. AURORA CASTRO;4228;ELEVADOR DE CARGAS 2000KG CURADOS - SISTEMA DE SEGURANÇA;5487;CUR;SETOR EMB CURADOS             ;6;258180;9999;34012;5525;MÁQUINAS SECUNDÁRIAS
92;FRIG. AURORA CASTRO;4228;ELEVADOR DE CARGAS 2000KG CURADOS - SISTEMA ELETRICO;5486;CUR;SETOR EMB CURADOS             ;6;258180;9999;34012;5525;MÁQUINAS SECUNDÁRIAS
92;FRIG. AURORA CASTRO;4228;ELEVADOR DE CARGAS 2000KG ECM 2002 EMB. SEC. EMBALEGEM (EL1701000008);99985785;CUR;SETOR EMB CURADOS             ;8;258180;9999;34012;5525;MÁQUINAS PRINCIPAL
92;FRIG. AURORA CASTRO;4228;ELEVADOR DE CARRINHOS P/ TRITURADOR (99986470) - MOTOR;99988874;GRX;SETOR SUB PRODUTOS GRAXARIA   ;6;;9999;19000;2330;MÁQUINAS SECUNDÁRIAS
92;FRIG. AURORA CASTRO;4228;ELEVADOR DE CARRINHOS P/ TRITURADOR (99986470) - REDUTOR;99988875;GRX;SETOR SUB PRODUTOS GRAXARIA   ;6;;9999;18000;2330;MÁQUINAS SECUNDÁRIAS
92;FRIG. AURORA CASTRO;4228;ELEVADOR DE CARRINHOS P/ TRITURADOR - GALERIA TECNICA;99986470;GRX;SETOR SUB PRODUTOS GRAXARIA   ;6;;9999;34012;2330;MÁQUINAS PRINCIPAL
92;FRIG. AURORA CASTRO;4228;ELEVADOR DE COLUNA DO MOEDOR MCD160 - SISTEMA DE SEGURANÇA;3635;PRU;SETOR DE PRESUNTARIA          ;6;257110;9999;34012;2291;MÁQUINAS SECUNDÁRIAS
92;FRIG. AURORA CASTRO;4228;ELEVADOR DE COLUNA DO MOEDOR MCD160 - SISTEMA ELETRICO;3636;PRU;SETOR DE PRESUNTARIA          ;6;257110;9999;34012;2291;MÁQUINAS SECUNDÁRIAS
92;FRIG. AURORA CASTRO;4228;ELEVADOR DE COLUNA DO MOEDOR MDC160;99986185;PRU;SETOR DE PRESUNTARIA          ;6;257110;9999;34012;2291;MÁQUINAS PRINCIPAL
92;FRIG. AURORA CASTRO;4228;ELEVADOR DE COLUNA TUMBLER  MARINADOS;99986056;STP;SETOR DE TEMPERADOS E PORCIONADOS;6;;9999;25007;4669;OUTROS
92;FRIG. AURORA CASTRO;4228;ELEVADOR DE DESENFORMAGEM;99986187;PRU;SETOR DE PRESUNTARIA          ;6;257215;9999;34012;2291;MÁQUINAS PRINCIPAL
92;FRIG. AURORA CASTRO;4228;ELEVADOR DE DESENFORMAGEM - SISTEMA DE SEGURANÇA;3643;PRU;SETOR DE PRESUNTARIA          ;6;257215;9999;34012;2291;MÁQUINAS SECUNDÁRIAS
92;FRIG. AURORA CASTRO;4228;ELEVADOR DE DESENFORMAGEM - SISTEMA ELETRICO/SUGURANÇA;3644;PRU;SETOR DE PRESUNTARIA          ;6;257215;9999;34012;2291;MÁQUINAS SECUNDÁRIAS
92;FRIG. AURORA CASTRO;4228;ELEVADOR DE ENFORMAGEM;99986198;PRU;SETOR DE PRESUNTARIA          ;6;257148;9999;34012;2291;MÁQUINAS PRINCIPAL
92;FRIG. AURORA CASTRO;4228;ELEVADOR DE ENFORMAGEM - SISTEMA DE SEGURANÇA;5273;PRU;SETOR DE PRESUNTARIA          ;6;257148;9999;34012;2291;MÁQUINAS SECUNDÁRIAS
92;FRIG. AURORA CASTRO;4228;ELEVADOR DE ENFORMAGEM - SISTEMA ELETRICO;5272;PRU;SETOR DE PRESUNTARIA          ;6;257148;9999;34012;2291;MÁQUINAS SECUNDÁRIAS
92;FRIG. AURORA CASTRO;4228;ELEVADOR DE GAIOLAS APÓS ELEV VARAS;99986306;CUR;SETOR EMB CURADOS             ;8;258796;9999;34012;5525;MÁQUINAS PRINCIPAL
92;FRIG. AURORA CASTRO;4228;ELEVADOR DE GAIOLAS APÓS ELEV. VARAS - SISTEMA DE SEGURANÇA;5781;CUR;SETOR EMB CURADOS             ;8;258796;9999;34012;5525;MÁQUINAS SECUNDÁRIAS
92;FRIG. AURORA CASTRO;4228;ELEVADOR DE GAIOLAS APÓS ELEV. VARAS - SISTEMA ELETRICO;5778;CUR;SETOR EMB CURADOS             ;8;258796;9999;25007;5525;MÁQUINAS SECUNDÁRIAS
92;FRIG. AURORA CASTRO;4228;ELEVADOR DE GAIOLAS DE HIGIENIZAÇÃO;99986309;CUR;SETOR EMB CURADOS             ;8;258882;9999;34012;5525;MÁQUINAS PRINCIPAL
92;FRIG. AURORA CASTRO;4228;ELEVADOR DE GAIOLAS DE HIGIENIZAÇÃO - SISTEMA DE SEGURANÇA;5783;CUR;SETOR EMB CURADOS             ;6;258882;9999;34012;5525;MÁQUINAS SECUNDÁRIAS
92;FRIG. AURORA CASTRO;4228;ELEVADOR DE GAIOLAS DE HIGIENIZAÇÃO - SISTEMA ELETRICO;5782;CUR;SETOR EMB CURADOS             ;6;258882;9999;34012;5525;MÁQUINAS SECUNDÁRIAS
92;FRIG. AURORA CASTRO;4228;ELEVADOR DE VARAS SALAME/COPA (EL1701000016);99986302;CUR;SETOR EMB CURADOS             ;8;257863;9999;34012;5525;MÁQUINAS PRINCIPAL
92;FRIG. AURORA CASTRO;4228;ELEVADOR DE VARAS SALAME/COPA - SISTEMA DE SEGURANÇA;5785;CUR;SETOR EMB CURADOS             ;6;257863;9999;34012;5525;MÁQUINAS SECUNDÁRIAS
92;FRIG. AURORA CASTRO;4228;ELEVADOR DE VARAS SALAME/COPA - SISTEMA ELETRICO;5784;CUR;SETOR EMB CURADOS             ;6;257863;9999;34012;5525;MÁQUINAS SECUNDÁRIAS
92;FRIG. AURORA CASTRO;4228;ELEVADOR DESENFORMAGEM - SISTEM DE SEGURANÇA;5674;PRU;SETOR DE PRESUNTARIA          ;8;257215;9999;34012;2291;MÁQUINAS SECUNDÁRIAS
92;FRIG. AURORA CASTRO;4228;ELEVADOR DESENFORMAGEM - SISTEM ELETRICO;5673;PRU;SETOR DE PRESUNTARIA          ;8;257215;9999;25007;2291;MÁQUINAS SECUNDÁRIAS
92;FRIG. AURORA CASTRO;4228;ELEVADOR TANQUES - TOLVA INJETORA;99986183;PRU;SETOR DE PRESUNTARIA          ;6;257110;9999;34012;2291;OUTROS
92;FRIG. AURORA CASTRO;4228;ELEVADOR TANQUES - TOLVA INJETORA - SISTEMA DE SEGURANÇA;4636;PRU;SETOR DE PRESUNTARIA          ;6;257110;9999;34012;2291;MÁQUINAS SECUNDÁRIAS
92;FRIG. AURORA CASTRO;4228;ELEVADOR TANQUES - TOLVA INJETORA - SISTEMA MECANICO;3654;PRU;SETOR DE PRESUNTARIA          ;6;257110;9999;34012;2291;MÁQUINAS SECUNDÁRIAS
92;FRIG. AURORA CASTRO;4228;ELEVADOR TOMBADOR DE CARNES MONTEMIL - REDUTOR;4745;CEB;EMBUTIDOS COZIDOS             ;6;257256;9999;34012;2283;MÁQUINAS SECUNDÁRIAS
92;FRIG. AURORA CASTRO;4228;ELEVADOR TOMBADOR DE CARNES MONTEMIL - SISTEMA DE SEGURANÇA;4744;CEB;EMBUTIDOS COZIDOS             ;6;257256;9999;34012;2283;MÁQUINAS SECUNDÁRIAS
92;FRIG. AURORA CASTRO;4228;ELEVADOR TOMBADOR DE CARNES MONTEMIL - SISTEMA ELETRICO;4743;CEB;EMBUTIDOS COZIDOS             ;6;257256;9999;34012;2283;MÁQUINAS SECUNDÁRIAS
92;FRIG. AURORA CASTRO;4228;ELEVADOR TOMBADOR DE CONTAINER - BACON - PROMAQ;99985437;DEF;SETOR DEFUMADOS               ;6;257392;9999;34012;2496;MÁQUINAS PRINCIPAL
92;FRIG. AURORA CASTRO;4228;ELEVADOR TOMBADOR DE CONTAINER - BACON - SISTEMA DE SEGURANÇA;4428;DEF;SETOR DEFUMADOS               ;6;257392;9999;34012;2496;MÁQUINAS SECUNDÁRIAS
92;FRIG. AURORA CASTRO;4228;ELEVADOR TOMBADOR DE CONTAINER - BACON - SISTEMA ELETRICO;4427;DEF;SETOR DEFUMADOS               ;6;257392;9999;34012;2496;MÁQUINAS SECUNDÁRIAS
92;FRIG. AURORA CASTRO;4228;ELEVADOR TOMBADOR DE CONTAINER - BACON - UNIDADE HIDRAULICA;2905;DEF;SETOR DEFUMADOS               ;8;257392;9999;34012;2496;MÁQUINAS SECUNDÁRIAS
92;FRIG. AURORA CASTRO;4228;ELEVADOR TOMBADOR DE CONTAINERS (EL1701000015);99986299;CUR;SETOR EMB CURADOS             ;6;1;9999;34012;5525;MÁQUINAS PRINCIPAL
92;FRIG. AURORA CASTRO;4228;ELEVADOR TOMBADOR DE CONTAINERS SEYDELMANN;99985992;CEB;EMBUTIDOS COZIDOS             ;6;257360;9999;34012;2283;MÁQUINAS PRINCIPAL
92;FRIG. AURORA CASTRO;4228;ELEVADOR TOMBADOR DE CONTAINERS SEYDELMANN - SISITEMA DE SEGURANÇA;4650;CEB;EMBUTIDOS COZIDOS             ;8;257360;9999;34012;2283;MÁQUINAS SECUNDÁRIAS
92;FRIG. AURORA CASTRO;4228;ELEVADOR TOMBADOR DE CONTAINERS SEYDELMANN - SISITEMA ELETRICO;4649;CEB;EMBUTIDOS COZIDOS             ;8;257360;9999;34012;2283;MÁQUINAS SECUNDÁRIAS
92;FRIG. AURORA CASTRO;4228;ELEVADOR TOMBADOR DE CONTAINERSSEYDELMANN - MOTOREDUTOR;4651;CEB;EMBUTIDOS COZIDOS             ;8;257360;9999;34012;2283;MÁQUINAS SECUNDÁRIAS
92;FRIG. AURORA CASTRO;4228;ELEVADOR/TOMBADOR DE CARNES (EL1701000002);99985989;CEB;EMBUTIDOS COZIDOS             ;6;257256;9999;34012;2283;MÁQUINAS PRINCIPAL
92;FRIG. AURORA CASTRO;4228;EMBALADORA CONTÍNUA À VÁCUO MULTIVAC B625;99999114;SFR;SETOR EMBUTIDOS FRESCAIS      ;6;269351;9999;33000;4057;MÁQUINAS PRINCIPAL
92;FRIG. AURORA CASTRO;4228;EMBALADORA CONTÍNUA À VÁCUO MULTIVAC B625 - BOMBA VÁCUO;99999711;SFR;SETOR EMBUTIDOS FRESCAIS      ;6;0;9999;33000;4057;OUTROS
92;FRIG. AURORA CASTRO;4228;EMBALADORA CONTÍNUA À VÁCUO MULTIVAC B625 - SISTEMA DE SEGURANÇA;4053;SFR;SETOR EMBUTIDOS FRESCAIS      ;8;269351;9999;33000;4057;MÁQUINAS SECUNDÁRIAS
92;FRIG. AURORA CASTRO;4228;EMBALADORA CONTÍNUA À VÁCUO MULTIVAC B625 - SISTEMA ELÉTRICO;99999715;SFR;SETOR EMBUTIDOS FRESCAIS      ;6;0;9999;33000;4057;OUTROS
92;FRIG. AURORA CASTRO;4228;EMBALADORA CONTÍNUA À VÁCUO MULTIVAC B625 - SISTEMA PNEUMÁTICO;99999716;SFR;SETOR EMBUTIDOS FRESCAIS      ;6;0;9999;33000;4057;OUTROS
92;FRIG. AURORA CASTRO;4228;EMBALADORA ULMA FLOW PACK MODELO FR200;99986316;CUR;SETOR EMB CURADOS             ;6;258176;9999;10000;5525;MÁQUINAS PRINCIPAL
92;FRIG. AURORA CASTRO;4228;EMBALADORA ULMA FLOW PACK MODELO FR200 - SISTEMA DE SEGURANÇA;5995;CUR;SETOR EMB CURADOS             ;6;258176;9999;46001;5525;MÁQUINAS SECUNDÁRIAS
92;FRIG. AURORA CASTRO;4228;EMBALADORA ULMA FLOW PACK MODELO FR200 - SISTEMA ELETRICO;5994;CUR;SETOR EMB CURADOS             ;8;258176;9999;46001;5525;MÁQUINAS SECUNDÁRIAS
92;FRIG. AURORA CASTRO;4228;EMBALADORA VÁCUO VC999 - 01;99985790;SEI;SETOR EMB INDUSTRIALIZADOS    ;6;258029;9999;33000;5345;MÁQUINAS PRINCIPAL
92;FRIG. AURORA CASTRO;4228;EMBALADORA VÁCUO VC999 - 01 - BOMBA DE VACUO;4340;SEI;SETOR EMB INDUSTRIALIZADOS    ;8;258029;9999;46001;5345;MÁQUINAS SECUNDÁRIAS
92;FRIG. AURORA CASTRO;4228;EMBALADORA VÁCUO VC999 - 01 - SISTEMA DE SEGURANÇA;4339;SEI;SETOR EMB INDUSTRIALIZADOS    ;8;258029;9999;46001;5345;MÁQUINAS SECUNDÁRIAS
92;FRIG. AURORA CASTRO;4228;EMBALADORA VÁCUO VC999 - 01 - SISTEMA ELETRICO;4338;SEI;SETOR EMB INDUSTRIALIZADOS    ;8;258029;9999;46001;5345;MÁQUINAS SECUNDÁRIAS
92;FRIG. AURORA CASTRO;4228;EMBALADORA VÁCUO VC999 - 02;99985792;SEI;SETOR EMB INDUSTRIALIZADOS    ;6;258030;9999;33000;5345;MÁQUINAS PRINCIPAL
92;FRIG. AURORA CASTRO;4228;EMBALADORA VÁCUO VC999 - 02 - BOMBA DE VACUO;4343;SEI;SETOR EMB INDUSTRIALIZADOS    ;8;258030;9999;46001;5345;MÁQUINAS SECUNDÁRIAS
92;FRIG. AURORA CASTRO;4228;EMBALADORA VÁCUO VC999 - 02 - SISTEMA DE SEGURANÇA;4342;SEI;SETOR EMB INDUSTRIALIZADOS    ;8;258030;9999;46001;5345;MÁQUINAS SECUNDÁRIAS
92;FRIG. AURORA CASTRO;4228;EMBALADORA VÁCUO VC999 - 02- SISTEMA ELETRICO;4341;SEI;SETOR EMB INDUSTRIALIZADOS    ;8;258030;9999;46001;5345;MÁQUINAS SECUNDÁRIAS
92;FRIG. AURORA CASTRO;4228;EMBALAGEM CARRÉ - EMBALADORA FLOWPACK PV550 ULMA;99985429;EPJ;SETOR DE ESPOSTEJAMENTO       ;6;254657;9999;33000;2224;MÁQUINAS SECUNDÁRIAS
92;FRIG. AURORA CASTRO;4228;EMBALAGEM CARRÉ - EMBALADORA FLOWPACK PV550 ULMA - CABINE DE RODILHOS;99999997;EPJ;SETOR DE ESPOSTEJAMENTO       ;6;254657;9999;33000;2224;MÁQUINAS SECUNDÁRIAS
92;FRIG. AURORA CASTRO;4228;EMBALAGEM CARRÉ - EMBALADORA FLOWPACK PV550 ULMA - ESTEIRA DE ALIMENTAÇÃO;99999993;EPJ;SETOR DE ESPOSTEJAMENTO       ;6;254657;9999;33000;2224;MÁQUINAS SECUNDÁRIAS
92;FRIG. AURORA CASTRO;4228;EMBALAGEM CARRÉ - EMBALADORA FLOWPACK PV550 ULMA - ESTEIRA DE SAÍDA;99999995;EPJ;SETOR DE ESPOSTEJAMENTO       ;6;;9999;33000;2224;OUTROS
92;FRIG. AURORA CASTRO;4228;EMBALAGEM CARRÉ - EMBALADORA FLOWPACK PV550 ULMA - ESTEIRA PRINCIPAL;99999994;EPJ;SETOR DE ESPOSTEJAMENTO       ;6;254657;9999;33000;2224;MÁQUINAS SECUNDÁRIAS
92;FRIG. AURORA CASTRO;4228;EMBALAGEM CARRÉ - EMBALADORA FLOWPACK PV550 ULMA - SISTEMA DE MORDAÇA;99999996;EPJ;SETOR DE ESPOSTEJAMENTO       ;6;254657;9999;33000;2224;MÁQUINAS SECUNDÁRIAS
92;FRIG. AURORA CASTRO;4228;EMBALAGEM CARRÉ - EMBALADORA FLOWPACK PV550 ULMA - SISTEMA DE SEGURANÇA;99999992;EPJ;SETOR DE ESPOSTEJAMENTO       ;6;254657;9999;33000;2224;MÁQUINAS SECUNDÁRIAS
92;FRIG. AURORA CASTRO;4228;EMBALAGEM CARRÉ - EMBALADORA FLOWPACK PV550 ULMA - SISTEMA DE TRANSMISSÃO;2858;EPJ;SETOR DE ESPOSTEJAMENTO       ;6;254657;9999;46001;2224;MÁQUINAS SECUNDÁRIAS
92;FRIG. AURORA CASTRO;4228;EMBALAGEM CARRÉ - EMBALADORA FLOWPACK PV550 ULMA - SISTEMA ELÉTRICO;99999991;EPJ;SETOR DE ESPOSTEJAMENTO       ;6;254657;9999;33000;2224;MÁQUINAS SECUNDÁRIAS
92;FRIG. AURORA CASTRO;4228;EMBALAGEM CARRÉ - ESTEIRA CURTA SAÍDA TÚNEL ENCOL.;99985767;EPJ;SETOR DE ESPOSTEJAMENTO       ;6;254655;9999;29004;2224;MÁQUINAS PRINCIPAL
92;FRIG. AURORA CASTRO;4228;EMBALAGEM CARRÉ - ESTEIRA CURTA SAÍDA TÚNEL ENCOL. - REDUTOR;1032;EPJ;SETOR DE ESPOSTEJAMENTO       ;6;254655;9999;18000;2224;MÁQUINAS SECUNDÁRIAS
92;FRIG. AURORA CASTRO;4228;EMBALAGEM CARRÉ - ESTEIRA CURTA SAÍDA TÚNEL ENCOL. - REDUTOR - MOTOR;1033;EPJ;SETOR DE ESPOSTEJAMENTO       ;6;254655;9999;19000;2224;MÁQUINAS SECUNDÁRIAS
92;FRIG. AURORA CASTRO;4228;EMBALAGEM CARRÉ - ESTEIRA CURTA SAÍDA TÚNEL ENCOL. - SIST. DE SEGURANÇA;1035;EPJ;SETOR DE ESPOSTEJAMENTO       ;6;254655;9999;29004;2224;MÁQUINAS SECUNDÁRIAS
92;FRIG. AURORA CASTRO;4228;EMBALAGEM CARRÉ - ESTEIRA CURTA SAÍDA TÚNEL ENCOL. - SISTEMA ELÉTRICO;1034;EPJ;SETOR DE ESPOSTEJAMENTO       ;6;254655;9999;29004;2224;MÁQUINAS SECUNDÁRIAS
92;FRIG. AURORA CASTRO;4228;EMBALAGEM CARRÉ - ESTEIRA DE ENTRADA;99985675;EPJ;SETOR DE ESPOSTEJAMENTO       ;6;;9999;29004;2224;OUTROS
92;FRIG. AURORA CASTRO;4228;EMBALAGEM CARRÉ - ESTEIRA RECEPÇÃO DE CARRÉ;99985577;EPJ;SETOR DE ESPOSTEJAMENTO       ;6;254659;9999;29004;2224;MÁQUINAS PRINCIPAL
92;FRIG. AURORA CASTRO;4228;EMBALAGEM CARRÉ - ESTEIRA RECEPÇÃO DE CARRÉ - REDUTOR - MOTOR;1016;EPJ;SETOR DE ESPOSTEJAMENTO       ;6;254659;9999;19000;2224;MÁQUINAS SECUNDÁRIAS
92;FRIG. AURORA CASTRO;4228;EMBALAGEM CARRÉ - ESTEIRA RECEPÇÃO DE CARRÉ - SISTEMA DE SEGURANÇA;1018;EPJ;SETOR DE ESPOSTEJAMENTO       ;6;254659;9999;29004;2224;MÁQUINAS SECUNDÁRIAS
92;FRIG. AURORA CASTRO;4228;EMBALAGEM CARRÉ - ESTEIRA RECEPÇÃO DE CARRÉ - SISTEMA ELÉTRICO;1017;EPJ;SETOR DE ESPOSTEJAMENTO       ;6;254659;9999;29004;2224;MÁQUINAS SECUNDÁRIAS
92;FRIG. AURORA CASTRO;4228;EMBALAGEM CARRÉ - TUNEL ENCOLHIMENTO TR-200 ULMA;99987638;EPJ;SETOR DE ESPOSTEJAMENTO       ;6;0;9999;33000;2224;OUTROS
92;FRIG. AURORA CASTRO;4228;EMBALAGEM CARRÉ - TUNEL ENCOLHIMENTO TR-200 ULMA - ESTEIRA DE TRANSPORTE;99985639;EPJ;SETOR DE ESPOSTEJAMENTO       ;6;0;9999;29004;2224;OUTROS
92;FRIG. AURORA CASTRO;4228;EMBALAGEM CARRÉ - TUNEL ENCOLHIMENTO TR-200 ULMA - RESISTÊNCIAS;99985628;EPJ;SETOR DE ESPOSTEJAMENTO       ;6;0;9999;29004;2224;OUTROS
92;FRIG. AURORA CASTRO;4228;EMBALAGEM CARRÉ - TUNEL ENCOLHIMENTO TR-200 ULMA - SISTEMA DE SEGURANÇA;99985777;EPJ;SETOR DE ESPOSTEJAMENTO       ;6;0;9999;29004;2224;OUTROS
92;FRIG. AURORA CASTRO;4228;EMBALAGEM CARRÉ - TUNEL ENCOLHIMENTO TR-200 ULMA - SISTEMA ELÉTRICO;99999999;EPJ;SETOR DE ESPOSTEJAMENTO       ;6;0;9999;33000;2224;OUTROS
92;FRIG. AURORA CASTRO;4228;EMBALAGEM CARRÉ - TUNEL ENCOLHIMENTO TR-200 ULMA - TRANS.;99985641;EPJ;SETOR DE ESPOSTEJAMENTO       ;6;0;9999;29004;2224;OUTROS
92;FRIG. AURORA CASTRO;4228;EMBALAGEM CARRÉ - TUNEL ENCOLHIMENTO TR-200 ULMA - TRANS. - REDUTOR;99988942;EPJ;SETOR DE ESPOSTEJAMENTO       ;6;;9999;18000;2224;OUTROS
92;FRIG. AURORA CASTRO;4228;EMBALAGEM CARRÉ - TUNEL ENCOLHIMENTO TR-200 ULMA - TRANS. - REDUTOR - MOTOR;99988941;EPJ;SETOR DE ESPOSTEJAMENTO       ;6;0;9999;19000;2224;OUTROS
92;FRIG. AURORA CASTRO;4228;EMBALAGEM CARRÉ - TUNEL ENCOLHIMENTO TR-200 ULMA - TURBINA E VENTILADOR;99985642;EPJ;SETOR DE ESPOSTEJAMENTO       ;6;0;9999;29004;2224;OUTROS
92;FRIG. AURORA CASTRO;4228;EMBALAGEM SOBREPALETA - EMBALADORA FLOWPACK PV550 ULMA;99985568;EPJ;SETOR DE ESPOSTEJAMENTO       ;6;254656;9999;33000;2224;MÁQUINAS PRINCIPAL
92;FRIG. AURORA CASTRO;4228;EMBALAGEM SOBREPALETA - EMBALADORA FLOWPACK PV550 ULMA - CABINE DE RODILHOS;99999984;EPJ;SETOR DE ESPOSTEJAMENTO       ;6;254656;9999;33000;2224;MÁQUINAS SECUNDÁRIAS
92;FRIG. AURORA CASTRO;4228;EMBALAGEM SOBREPALETA - EMBALADORA FLOWPACK PV550 ULMA - ESTEIRA DE ALIMENTAÇÃO;99999980;EPJ;SETOR DE ESPOSTEJAMENTO       ;6;254656;9999;33000;2224;MÁQUINAS SECUNDÁRIAS
92;FRIG. AURORA CASTRO;4228;EMBALAGEM SOBREPALETA - EMBALADORA FLOWPACK PV550 ULMA - ESTEIRA DE SAÍDA;99999982;EPJ;SETOR DE ESPOSTEJAMENTO       ;6;254656;9999;33000;2224;MÁQUINAS SECUNDÁRIAS
92;FRIG. AURORA CASTRO;4228;EMBALAGEM SOBREPALETA - EMBALADORA FLOWPACK PV550 ULMA - ESTEIRA PRINCIPAL;99999981;EPJ;SETOR DE ESPOSTEJAMENTO       ;6;254656;9999;33000;2224;MÁQUINAS SECUNDÁRIAS
92;FRIG. AURORA CASTRO;4228;EMBALAGEM SOBREPALETA - EMBALADORA FLOWPACK PV550 ULMA - SISTEMA DE MORDAÇA;99999983;EPJ;SETOR DE ESPOSTEJAMENTO       ;6;254656;9999;33000;2224;MÁQUINAS SECUNDÁRIAS
92;FRIG. AURORA CASTRO;4228;EMBALAGEM SOBREPALETA - EMBALADORA FLOWPACK PV550 ULMA - SISTEMA DE SEGURANÇA;99999979;EPJ;SETOR DE ESPOSTEJAMENTO       ;6;254656;9999;33000;2224;MÁQUINAS SECUNDÁRIAS
92;FRIG. AURORA CASTRO;4228;EMBALAGEM SOBREPALETA - EMBALADORA FLOWPACK PV550 ULMA - SISTEMA DE TRANSMISSÃO;2857;EPJ;SETOR DE ESPOSTEJAMENTO       ;6;254656;9999;46001;2224;MÁQUINAS SECUNDÁRIAS
92;FRIG. AURORA CASTRO;4228;EMBALAGEM SOBREPALETA - EMBALADORA FLOWPACK PV550 ULMA - SISTEMA ELÉTRICO;99999976;EPJ;SETOR DE ESPOSTEJAMENTO       ;6;254656;9999;33000;2224;MÁQUINAS SECUNDÁRIAS
92;FRIG. AURORA CASTRO;4228;EMBALAGEM SOBREPALETA - ESTEIRA RECEPÇÃO DE SOBREPALETA;99985631;EPJ;SETOR DE ESPOSTEJAMENTO       ;6;0;9999;29004;2224;OUTROS
92;FRIG. AURORA CASTRO;4228;EMBALAGEM SOBREPALETA - ESTEIRA RECEPÇÃO DE SOBREPALETA - REDUTOR;99999972;EPJ;SETOR DE ESPOSTEJAMENTO       ;6;0;9999;29004;2224;OUTROS
92;FRIG. AURORA CASTRO;4228;EMBALAGEM SOBREPALETA - ESTEIRA RECEPÇÃO DE SOBREPALETA - REDUTOR - MOTOR;99999973;EPJ;SETOR DE ESPOSTEJAMENTO       ;6;0;9999;29004;2224;OUTROS
92;FRIG. AURORA CASTRO;4228;EMBALAGEM SOBREPALETA - ESTEIRA RECEPÇÃO DE SOBREPALETA - SIST. DE SEGURANÇA;99999975;EPJ;SETOR DE ESPOSTEJAMENTO       ;6;0;9999;29004;2224;OUTROS
92;FRIG. AURORA CASTRO;4228;EMBALAGEM SOBREPALETA - ESTEIRA RECEPÇÃO DE SOBREPALETA - SISTEMA ELÉTRICO;99999974;EPJ;SETOR DE ESPOSTEJAMENTO       ;6;0;9999;29004;2224;OUTROS
92;FRIG. AURORA CASTRO;4228;EMBALAGEM SOBREPALETA - TUNEL ENCOLHIMENTO TR-200 ULMA - ESTEIRA DE TRANSPORTE;99999987;EPJ;SETOR DE ESPOSTEJAMENTO       ;6;0;9999;33000;2224;OUTROS
92;FRIG. AURORA CASTRO;4228;EMBALAGEM SOBREPALETA - TUNEL ENCOLHIMENTO TR-200 ULMA - RESISTÊNCIAS;99999989;EPJ;SETOR DE ESPOSTEJAMENTO       ;6;0;9999;33000;2224;OUTROS
92;FRIG. AURORA CASTRO;4228;EMBALAGEM SOBREPALETA - TUNEL ENCOLHIMENTO TR-200 ULMA - SISTEMA DE SEGURANÇA;99999986;EPJ;SETOR DE ESPOSTEJAMENTO       ;6;0;9999;33000;2224;OUTROS
92;FRIG. AURORA CASTRO;4228;EMBALAGEM SOBREPALETA - TUNEL ENCOLHIMENTO TR-200 ULMA - SISTEMA ELÉTRICO;99999985;EPJ;SETOR DE ESPOSTEJAMENTO       ;6;0;9999;33000;2224;OUTROS
92;FRIG. AURORA CASTRO;4228;EMBALAGEM SOBREPALETA - TUNEL ENCOLHIMENTO TR-200 ULMA - TRANS.;99999988;EPJ;SETOR DE ESPOSTEJAMENTO       ;6;0;9999;33000;2224;OUTROS
92;FRIG. AURORA CASTRO;4228;EMBALAGEM SOBREPALETA - TUNEL ENCOLHIMENTO TR-200 ULMA - TRANS. - REDUTOR;99988939;EPJ;SETOR DE ESPOSTEJAMENTO       ;6;;9999;19000;2224;OUTROS
92;FRIG. AURORA CASTRO;4228;EMBALAGEM SOBREPALETA - TUNEL ENCOLHIMENTO TR-200 ULMA - TRANS. - REDUTOR - MT;99988940;EPJ;SETOR DE ESPOSTEJAMENTO       ;6;;9999;18000;2224;OUTROS
92;FRIG. AURORA CASTRO;4228;EMBALAGEM SOBREPALETA - TUNEL ENCOLHIMENTO TR-200 ULMA - TURBINA E VENTILADOR;99999990;EPJ;SETOR DE ESPOSTEJAMENTO       ;6;0;9999;33000;2224;OUTROS
92;FRIG. AURORA CASTRO;4228;EMBUTIDEIRA HANDTMANN - POS.02 - SISTEMA ELETRICO;3665;SFR;SETOR EMBUTIDOS FRESCAIS      ;6;269357;9999;8000;4057;MÁQUINAS SECUNDÁRIAS
92;FRIG. AURORA CASTRO;4228;EMBUTIDEIRA HANDTMANN - VF620 - POS.01;99985598;SFR;SETOR EMBUTIDOS FRESCAIS      ;6;257020;17;8000;4057;MÁQUINAS PRINCIPAL
92;FRIG. AURORA CASTRO;4228;EMBUTIDEIRA HANDTMANN - VF620 - POS.01 - SISTEMA ELETRICO;3658;SFR;SETOR EMBUTIDOS FRESCAIS      ;6;257020;9999;8000;4057;MÁQUINAS SECUNDÁRIAS
92;FRIG. AURORA CASTRO;4228;EMBUTIDEIRA HANDTMANN - VF620 - POS.03;99985599;SFR;SETOR EMBUTIDOS FRESCAIS      ;6;257006;17;8000;4057;MÁQUINAS PRINCIPAL
92;FRIG. AURORA CASTRO;4228;EMBUTIDEIRA HANDTMANN - VF620 - POS.03 - SISTEMA ELETRICO;3667;SFR;SETOR EMBUTIDOS FRESCAIS      ;6;257006;9999;8000;4057;MÁQUINAS SECUNDÁRIAS
92;FRIG. AURORA CASTRO;4228;EMBUTIDEIRA HANDTMANN - VF620 - POS.05;99985601;SFR;SETOR EMBUTIDOS FRESCAIS      ;6;257005;17;8000;4057;MÁQUINAS PRINCIPAL
92;FRIG. AURORA CASTRO;4228;EMBUTIDEIRA HANDTMANN - VF620 - POS.05 - SISTRMA ELETRICO;3669;SFR;SETOR EMBUTIDOS FRESCAIS      ;6;257005;9999;8000;4057;MÁQUINAS SECUNDÁRIAS
92;FRIG. AURORA CASTRO;4228;EMBUTIDEIRA HANDTMANN - VF620 - POS.06;99985603;STP;SETOR DE TEMPERADOS E PORCIONADOS;6;257004;17;8000;4669;MÁQUINAS PRINCIPAL
92;FRIG. AURORA CASTRO;4228;EMBUTIDEIRA HANDTMANN - VF620 - POS.06 - SISTRMA ELETRICO;3671;STP;SETOR DE TEMPERADOS E PORCIONADOS;6;257004;9999;8000;4669;MÁQUINAS SECUNDÁRIAS
92;FRIG. AURORA CASTRO;4228;EMBUTIDEIRA HANDTMANN - VF830 - POS.02;99993078;SFR;SETOR EMBUTIDOS FRESCAIS      ;6;269357;18;8000;4057;MÁQUINAS PRINCIPAL
92;FRIG. AURORA CASTRO;4228;EMBUTIDEIRA HANDTMANN - VF830 - POS.02 - SISTEMA ELETRICO;3666;SFR;SETOR EMBUTIDOS FRESCAIS      ;6;269357;9999;8000;4057;MÁQUINAS SECUNDÁRIAS
92;FRIG. AURORA CASTRO;4228;EMBUTIDEIRA HANDTMANN - VF830 - POS.04;99993079;SFR;SETOR EMBUTIDOS FRESCAIS      ;6;269358;18;8000;4057;MÁQUINAS PRINCIPAL
92;FRIG. AURORA CASTRO;4228;EMBUTIDEIRA HANDTMANN - VF830 - POS.04 - SISTEMA ELETRICO;3663;SFR;SETOR EMBUTIDOS FRESCAIS      ;6;269358;9999;8000;4057;MÁQUINAS SECUNDÁRIAS
92;FRIG. AURORA CASTRO;4228;EMBUTIDEIRA VACUO METALQUIMIA;99985606;PRU;SETOR DE PRESUNTARIA          ;6;257142;9999;8000;2291;MÁQUINAS PRINCIPAL
92;FRIG. AURORA CASTRO;4228;EMBUTIDEIRA VACUO METALQUIMIA - SISTEMA DE SEGURANÇA;5163;PRU;SETOR DE PRESUNTARIA          ;8;257142;9999;8000;2291;MÁQUINAS SECUNDÁRIAS
92;FRIG. AURORA CASTRO;4228;EMBUTIDEIRA VACUO METALQUIMIA - SISTEMA ELETRICO;5162;PRU;SETOR DE PRESUNTARIA          ;8;257142;9999;8000;2291;MÁQUINAS SECUNDÁRIAS
92;FRIG. AURORA CASTRO;4228;EMBUTIDEIRA VACUO METALQUIMIA - SISTEMA HIDRAULICO;5164;PRU;SETOR DE PRESUNTARIA          ;8;257142;9999;8000;2291;MÁQUINAS SECUNDÁRIAS
92;FRIG. AURORA CASTRO;4228;EMBUTIDEIRA VACUO METALQUIMIA - SISTEMA PENEUMATICO;5165;PRU;SETOR DE PRESUNTARIA          ;8;257142;9999;8000;2291;MÁQUINAS SECUNDÁRIAS
92;FRIG. AURORA CASTRO;4228;EMBUTIDEIRA VÁCUO VF 620;99986182;CUR;SETOR EMB CURADOS             ;6;257866;17;8000;5525;MÁQUINAS PRINCIPAL
92;FRIG. AURORA CASTRO;4228;EMBUTIDEIRA VÁCUO VF 620 - SISTEMA DE SEGURANÇA;5183;CUR;SETOR EMB CURADOS             ;8;257866;9999;8000;5525;MÁQUINAS SECUNDÁRIAS
92;FRIG. AURORA CASTRO;4228;EMBUTIDEIRA VÁCUO VF 620 - SISTEMA ELETICO;4804;CUR;SETOR EMB CURADOS             ;6;257866;9999;8000;5525;MÁQUINAS SECUNDÁRIAS
92;FRIG. AURORA CASTRO;4228;EMBUTIDEIRA VÁCUO VF 620 POS.01;99985611;CEB;EMBUTIDOS COZIDOS             ;6;257868;17;8000;2283;MÁQUINAS PRINCIPAL
92;FRIG. AURORA CASTRO;4228;EMBUTIDEIRA VÁCUO VF 620 POS.01 - SISTEMA ELETRICO;5289;CEB;EMBUTIDOS COZIDOS             ;6;257868;9999;8000;2283;MÁQUINAS SECUNDÁRIAS
92;FRIG. AURORA CASTRO;4228;EMBUTIDEIRA VÁCUO VF 620 POS.02;99985612;CEB;EMBUTIDOS COZIDOS             ;6;257867;17;8000;2283;MÁQUINAS PRINCIPAL
92;FRIG. AURORA CASTRO;4228;EMBUTIDEIRA VÁCUO VF 620 POS.02 - SISTEMA ELETRICO;4792;CEB;EMBUTIDOS COZIDOS             ;6;257867;9999;8000;2283;MÁQUINAS SECUNDÁRIAS
92;FRIG. AURORA CASTRO;4228;EMPILHADEIRA A COMBUSTÃO (A92-2);99986464;GRX;SETOR SUB PRODUTOS GRAXARIA   ;4;;4;46036;2330;OUTROS
92;FRIG. AURORA CASTRO;4228;ENVOLVEDOR SEMIAUTOMÁTICA MASTERPLAT PLUS ROBOPAC 01;3167;TCA;SETOR TUNEIS E CAMARAS        ;6;0;9999;10010;2313;OUTROS
92;FRIG. AURORA CASTRO;4228;ENVOLVEDORA DE PALETES  ROBOPACK;99985791;SEI;SETOR EMB INDUSTRIALIZADOS    ;6;;9999;37012;5345;OUTROS
92;FRIG. AURORA CASTRO;4228;ENVOLVEDORA DE PALETES  ROBOPACK - REDUTOR;4346;SEI;SETOR EMB INDUSTRIALIZADOS    ;8;;9999;46045;5345;OUTROS
92;FRIG. AURORA CASTRO;4228;ENVOLVEDORA DE PALETES  ROBOPACK - REDUTOR - MOTOR;4347;SEI;SETOR EMB INDUSTRIALIZADOS    ;8;;9999;46045;5345;OUTROS
92;FRIG. AURORA CASTRO;4228;ENVOLVEDORA DE PALETES  ROBOPACK - SISTEMA DE SEGURANÇA;4345;SEI;SETOR EMB INDUSTRIALIZADOS    ;8;;9999;46045;5345;OUTROS
92;FRIG. AURORA CASTRO;4228;ENVOLVEDORA DE PALETES  ROBOPACK - SISTEMA ELETRICO;4344;SEI;SETOR EMB INDUSTRIALIZADOS    ;8;;9999;46045;5345;OUTROS
92;FRIG. AURORA CASTRO;4228;ENVOLVEDORA DE PALETES 01  CYKLOP (ENV1701000001);99986366;TCA;SETOR TUNEIS E CAMARAS        ;6;;9999;37012;2313;MÁQUINAS PRINCIPAL
92;FRIG. AURORA CASTRO;4228;ENVOLVEDORA DE PALETES 01  CYKLOP(ENV1701000005);99986361;TCA;SETOR TUNEIS E CAMARAS        ;6;;9999;37012;2313;MÁQUINAS PRINCIPAL
92;FRIG. AURORA CASTRO;4228;ENVOLVEDORA PALETES 02 (COM NR12) CYKLOP (ENV1701000003);99986369;TCA;SETOR TUNEIS E CAMARAS        ;6;;9999;37012;2313;MÁQUINAS PRINCIPAL
92;FRIG. AURORA CASTRO;4228;ENVOLVEDORA PALETES 02 (COM NR12) CYKLOP (ENV1701000006);99986362;TCA;SETOR TUNEIS E CAMARAS        ;6;;9999;37012;2313;MÁQUINAS PRINCIPAL
92;FRIG. AURORA CASTRO;4228;ENVOLVEDORA PALETES 03 (COM NR12) CYKLOP (ENV1701000004);99986371;TCA;SETOR TUNEIS E CAMARAS        ;6;;9999;37012;2313;MÁQUINAS PRINCIPAL
92;FRIG. AURORA CASTRO;4228;ENVOLVEDORA PALETES 03 (COM NR12) CYKLOP (ENV1701000007);99986363;TCA;SETOR TUNEIS E CAMARAS        ;6;;9999;37012;2313;MÁQUINAS PRINCIPAL
92;FRIG. AURORA CASTRO;4228;ESCALA GRADUADA;99987704;CQL;SETOR CONTROLE DE QUALIDADE   ;1;0;2;9;1759;EQUIPAMENTOS
92;FRIG. AURORA CASTRO;4228;ESPALHADOR VERTICAL VELATI;99986345;CUR;SETOR EMB CURADOS             ;6;1;9999;38017;5525;MÁQUINAS PRINCIPAL
92;FRIG. AURORA CASTRO;4228;ESPALHADOR VERTICAL VELATI - MOTOR;4806;CUR;SETOR EMB CURADOS             ;8;;9999;38017;5525;OUTROS
92;FRIG. AURORA CASTRO;4228;ESPALHADOR VERTICAL VELATI - SISTEMA ELETRICO;4805;CUR;SETOR EMB CURADOS             ;8;;9999;38017;5525;OUTROS
92;FRIG. AURORA CASTRO;4228;ESPOSTEJAMENTO - ESTEIRA CAIXAS PARA HIGIENIZAÇÃO TOPO;99985626;EPJ;SETOR DE ESPOSTEJAMENTO       ;6;254636;9999;29004;2224;MÁQUINAS SECUNDÁRIAS
92;FRIG. AURORA CASTRO;4228;ESPOSTEJAMENTO - ESTEIRA CAIXAS PARA HIGIENIZAÇÃO TOPO - MOTOR;99985621;EPJ;SETOR DE ESPOSTEJAMENTO       ;6;254636;9999;29004;2224;MÁQUINAS SECUNDÁRIAS
92;FRIG. AURORA CASTRO;4228;ESPOSTEJAMENTO - ESTEIRA CAIXAS PARA HIGIENIZAÇÃO TOPO - REDUTOR - MOTOR;99985623;EPJ;SETOR DE ESPOSTEJAMENTO       ;6;254636;9999;29004;2224;MÁQUINAS SECUNDÁRIAS
92;FRIG. AURORA CASTRO;4228;ESPOSTEJAMENTO - ESTEIRA CAIXAS PARA HIGIENIZAÇÃO TOPO - SISTEMA DE SEGURANÇA;99987612;EPJ;SETOR DE ESPOSTEJAMENTO       ;6;254636;9999;29004;2224;MÁQUINAS SECUNDÁRIAS
92;FRIG. AURORA CASTRO;4228;ESPOSTEJAMENTO - ESTEIRA CAIXAS PARA HIGIENIZAÇÃO TOPO - SISTEMA ELÉTRICO;99985624;EPJ;SETOR DE ESPOSTEJAMENTO       ;6;254636;9999;29004;2224;MÁQUINAS SECUNDÁRIAS
92;FRIG. AURORA CASTRO;4228;ESPOSTEJAMENTO - ESTEIRA PRINCIPAL CONDUÇÃO AO CMS;99985660;EPJ;SETOR DE ESPOSTEJAMENTO       ;6;254643;9999;29004;2224;MÁQUINAS PRINCIPAL
92;FRIG. AURORA CASTRO;4228;ESPOSTEJAMENTO - ESTEIRA PRINCIPAL CONDUÇÃO AO CMS - MOTOR;99985658;EPJ;SETOR DE ESPOSTEJAMENTO       ;6;0;9999;29004;2224;OUTROS
92;FRIG. AURORA CASTRO;4228;ESPOSTEJAMENTO - ESTEIRA PRINCIPAL CONDUÇÃO AO CMS - REDUTOR - MOTOR;99985668;EPJ;SETOR DE ESPOSTEJAMENTO       ;6;0;9999;29004;2224;OUTROS
92;FRIG. AURORA CASTRO;4228;ESPOSTEJAMENTO - ESTEIRA PRINCIPAL CONDUÇÃO AO CMS - SISTEMA DE SEGURANÇA;99985670;EPJ;SETOR DE ESPOSTEJAMENTO       ;6;0;9999;29004;2224;OUTROS
92;FRIG. AURORA CASTRO;4228;ESPOSTEJAMENTO - ESTEIRA PRINCIPAL CONDUÇÃO AO CMS - SISTEMA ELÉTRICO;99985665;EPJ;SETOR DE ESPOSTEJAMENTO       ;8;0;9999;29004;2224;OUTROS
92;FRIG. AURORA CASTRO;4228;ESPOSTEJAMENTO - ESTEIRA PRINCIPAL CONDUÇÃO PARA GALERIA;99985762;EPJ;SETOR DE ESPOSTEJAMENTO       ;6;0;9999;29004;2224;OUTROS
92;FRIG. AURORA CASTRO;4228;ESPOSTEJAMENTO - ESTEIRA PRINCIPAL CONDUÇÃO PARA GALERIA - MOTOR;99985666;EPJ;SETOR DE ESPOSTEJAMENTO       ;6;0;9999;29004;2224;OUTROS
92;FRIG. AURORA CASTRO;4228;ESPOSTEJAMENTO - ESTEIRA PRINCIPAL CONDUÇÃO PARA GALERIA - REDUTOR - MOTOR;99985646;EPJ;SETOR DE ESPOSTEJAMENTO       ;6;0;9999;29004;2224;OUTROS
92;FRIG. AURORA CASTRO;4228;ESPOSTEJAMENTO - ESTEIRA PRINCIPAL CONDUÇÃO PARA GALERIA - SISTEMA DE SEGURANÇA;99985647;EPJ;SETOR DE ESPOSTEJAMENTO       ;6;0;9999;29004;2224;OUTROS
92;FRIG. AURORA CASTRO;4228;ESPOSTEJAMENTO - ESTEIRA PRINCIPAL CONDUÇÃO PARA GALERIA - SISTEMA ELÉTRICO;1069;EPJ;SETOR DE ESPOSTEJAMENTO       ;6;0;9999;29004;2224;OUTROS
92;FRIG. AURORA CASTRO;4228;ESPOSTEJAMENTO - ESTEIRA PRINCIPAL DE PÉS;99985573;EPJ;SETOR DE ESPOSTEJAMENTO       ;6;0;9999;29004;2224;OUTROS
92;FRIG. AURORA CASTRO;4228;ESPOSTEJAMENTO - ESTEIRA PRINCIPAL DE PÉS - REDUTOR;99985575;EPJ;SETOR DE ESPOSTEJAMENTO       ;6;0;9999;29004;2224;OUTROS
92;FRIG. AURORA CASTRO;4228;ESPOSTEJAMENTO - ESTEIRA PRINCIPAL DE PÉS - REDUTOR - MOTOR;99985576;EPJ;SETOR DE ESPOSTEJAMENTO       ;6;0;9999;29004;2224;OUTROS
92;FRIG. AURORA CASTRO;4228;ESPOSTEJAMENTO - ESTEIRA PRINCIPAL DE PÉS - SISTEEMA ELÉTRICO;1068;EPJ;SETOR DE ESPOSTEJAMENTO       ;6;0;9999;29004;2224;OUTROS
92;FRIG. AURORA CASTRO;4228;ESPOSTEJAMENTO - ESTEIRA PRINCIPAL DE PÉS - SISTEMA DE SEGURANÇA;99985643;EPJ;SETOR DE ESPOSTEJAMENTO       ;6;0;9999;29004;2224;OUTROS
92;FRIG. AURORA CASTRO;4228;ESPOSTEJAMENTO - NÓRIA CAIXAS BRANCAS LIMPAS SULMAQ;99985441;EPJ;SETOR DE ESPOSTEJAMENTO       ;6;254640;9999;13013;2224;MÁQUINAS PRINCIPAL
92;FRIG. AURORA CASTRO;4228;ESPOSTEJAMENTO - NÓRIA CAIXAS BRANCAS LIMPAS SULMAQ - ESTICADOR 01;1100;EPJ;SETOR DE ESPOSTEJAMENTO       ;6;254640;9999;13013;2224;MÁQUINAS SECUNDÁRIAS
92;FRIG. AURORA CASTRO;4228;ESPOSTEJAMENTO - NÓRIA CAIXAS BRANCAS LIMPAS SULMAQ - ESTICADOR 02;1996;EPJ;SETOR DE ESPOSTEJAMENTO       ;6;254640;9999;13013;2224;MÁQUINAS SECUNDÁRIAS
92;FRIG. AURORA CASTRO;4228;ESPOSTEJAMENTO - NÓRIA CAIXAS BRANCAS LIMPAS SULMAQ - ESTICADOR 03;1997;EPJ;SETOR DE ESPOSTEJAMENTO       ;6;254640;9999;13013;2224;MÁQUINAS SECUNDÁRIAS
92;FRIG. AURORA CASTRO;4228;ESPOSTEJAMENTO - NÓRIA CAIXAS BRANCAS LIMPAS SULMAQ - REDUTOR 01;99986260;EPJ;SETOR DE ESPOSTEJAMENTO       ;6;254640;9999;18000;2224;MÁQUINAS SECUNDÁRIAS
92;FRIG. AURORA CASTRO;4228;ESPOSTEJAMENTO - NÓRIA CAIXAS BRANCAS LIMPAS SULMAQ - REDUTOR 01 - MOTOR 01;6006;EPJ;SETOR DE ESPOSTEJAMENTO       ;6;254640;9999;13013;2224;MÁQUINAS SECUNDÁRIAS
92;FRIG. AURORA CASTRO;4228;ESPOSTEJAMENTO - NÓRIA CAIXAS BRANCAS LIMPAS SULMAQ - REDUTOR 02;1097;EPJ;SETOR DE ESPOSTEJAMENTO       ;6;254640;9999;18000;2224;MÁQUINAS SECUNDÁRIAS
92;FRIG. AURORA CASTRO;4228;ESPOSTEJAMENTO - NÓRIA CAIXAS BRANCAS LIMPAS SULMAQ - REDUTOR 02 - MOTOR 02;99986269;EPJ;SETOR DE ESPOSTEJAMENTO       ;6;254640;9999;19000;2224;MÁQUINAS SECUNDÁRIAS
92;FRIG. AURORA CASTRO;4228;ESPOSTEJAMENTO - NÓRIA CAIXAS BRANCAS LIMPAS SULMAQ - REDUTOR 03;99986261;EPJ;SETOR DE ESPOSTEJAMENTO       ;6;254640;9999;18000;2224;MÁQUINAS SECUNDÁRIAS
92;FRIG. AURORA CASTRO;4228;ESPOSTEJAMENTO - NÓRIA CAIXAS BRANCAS LIMPAS SULMAQ - REDUTOR 03 - MOTOR 03;2000;EPJ;SETOR DE ESPOSTEJAMENTO       ;6;254640;9999;13013;2224;MÁQUINAS SECUNDÁRIAS
92;FRIG. AURORA CASTRO;4228;ESPOSTEJAMENTO - NÓRIA CAIXAS BRANCAS LIMPAS SULMAQ - SISTEMA DE SEGURANÇA;1099;EPJ;SETOR DE ESPOSTEJAMENTO       ;6;254640;9999;13013;2224;MÁQUINAS SECUNDÁRIAS
92;FRIG. AURORA CASTRO;4228;ESPOSTEJAMENTO - NÓRIA CAIXAS BRANCAS LIMPAS SULMAQ - SISTEMA ELÉTRICO;1098;EPJ;SETOR DE ESPOSTEJAMENTO       ;6;254640;9999;13013;2224;MÁQUINAS SECUNDÁRIAS
92;FRIG. AURORA CASTRO;4228;ESPOSTEJAMENTO - NÓRIA CAIXAS BRANCAS LIMPAS SULMAQ - TÚNEL DE SECAGEM;4978;EPJ;SETOR DE ESPOSTEJAMENTO       ;6;254640;9999;13013;2224;MÁQUINAS SECUNDÁRIAS
92;FRIG. AURORA CASTRO;4228;ESPOSTEJAMENTO - SIST. ESTEIRAS MATÉRIA PRIMA;2424;EPJ;SETOR DE ESPOSTEJAMENTO       ;6;0;9999;29004;2224;OUTROS
92;FRIG. AURORA CASTRO;4228;ESPOSTEJAMENTO - SIST. ESTEIRAS MATÉRIA PRIMA - ESTEIRA 01;2425;EPJ;SETOR DE ESPOSTEJAMENTO       ;6;0;9999;29004;2224;OUTROS
92;FRIG. AURORA CASTRO;4228;ESPOSTEJAMENTO - SIST. ESTEIRAS MATÉRIA PRIMA - ESTEIRA 01 - REDUTOR;2426;EPJ;SETOR DE ESPOSTEJAMENTO       ;6;0;9999;29004;2224;OUTROS
92;FRIG. AURORA CASTRO;4228;ESPOSTEJAMENTO - SIST. ESTEIRAS MATÉRIA PRIMA - ESTEIRA 01 - REDUTOR - MOTOR;2427;EPJ;SETOR DE ESPOSTEJAMENTO       ;6;0;9999;29004;2224;OUTROS
92;FRIG. AURORA CASTRO;4228;ESPOSTEJAMENTO - SIST. ESTEIRAS MATÉRIA PRIMA - ESTEIRA 02;2428;EPJ;SETOR DE ESPOSTEJAMENTO       ;6;0;9999;29004;2224;OUTROS
92;FRIG. AURORA CASTRO;4228;ESPOSTEJAMENTO - SIST. ESTEIRAS MATÉRIA PRIMA - ESTEIRA 02 - REDUTOR;2429;EPJ;SETOR DE ESPOSTEJAMENTO       ;6;0;9999;29004;2224;OUTROS
92;FRIG. AURORA CASTRO;4228;ESPOSTEJAMENTO - SIST. ESTEIRAS MATÉRIA PRIMA - ESTEIRA 02 - REDUTOR - MOTOR;2430;EPJ;SETOR DE ESPOSTEJAMENTO       ;6;0;9999;29004;2224;OUTROS
92;FRIG. AURORA CASTRO;4228;ESPOSTEJAMENTO - SIST. ESTEIRAS MATÉRIA PRIMA - ESTEIRA 03;2431;EPJ;SETOR DE ESPOSTEJAMENTO       ;6;0;9999;29004;2224;OUTROS
92;FRIG. AURORA CASTRO;4228;ESPOSTEJAMENTO - SIST. ESTEIRAS MATÉRIA PRIMA - ESTEIRA 03 - REDUTOR;2432;EPJ;SETOR DE ESPOSTEJAMENTO       ;6;0;9999;29004;2224;OUTROS
92;FRIG. AURORA CASTRO;4228;ESPOSTEJAMENTO - SIST. ESTEIRAS MATÉRIA PRIMA - ESTEIRA 03 - REDUTOR - MOTOR;2433;EPJ;SETOR DE ESPOSTEJAMENTO       ;6;0;9999;29004;2224;OUTROS
92;FRIG. AURORA CASTRO;4228;ESPOSTEJAMENTO - SIST. ESTEIRAS MATÉRIA PRIMA - SISTEMA DE SEGURANÇA;2435;EPJ;SETOR DE ESPOSTEJAMENTO       ;6;0;9999;29004;2224;OUTROS
92;FRIG. AURORA CASTRO;4228;ESPOSTEJAMENTO - SIST. ESTEIRAS MATÉRIA PRIMA - SISTEMA ELÉTRICO;2434;EPJ;SETOR DE ESPOSTEJAMENTO       ;6;0;9999;29004;2224;OUTROS
92;FRIG. AURORA CASTRO;4228;ESPOSTEJAMENTO - SIST. ESTEIRAS MATÉRIA PRIMA - SISTEMA PNEUMÁTICO;2436;EPJ;SETOR DE ESPOSTEJAMENTO       ;6;0;9999;29004;2224;OUTROS
92;FRIG. AURORA CASTRO;4228;ESPOSTEJAMENTO - SKINNER MAREL 11;1854;EPJ;SETOR DE ESPOSTEJAMENTO       ;6;;9999;16004;2224;OUTROS
92;FRIG. AURORA CASTRO;4228;ESTEIRA  ACELEAR CAIXAS  EMB 015;99985602;EMB;SETOR EMBALAGEM               ;6;;9999;29004;4138;MÁQUINAS PRINCIPAL
92;FRIG. AURORA CASTRO;4228;ESTEIRA  ACELERAR CAIXAS  EMB 013;99985633;EMB;SETOR EMBALAGEM               ;6;;9999;29004;4138;MÁQUINAS PRINCIPAL
92;FRIG. AURORA CASTRO;4228;ESTEIRA  ACELERAR CAIXAS  EMB 022 (ES1701000132);99985640;EMB;SETOR EMBALAGEM               ;6;;9999;29004;4138;MÁQUINAS PRINCIPAL
92;FRIG. AURORA CASTRO;4228;ESTEIRA  ACELERAR CAIXAS  EMB 026.01 (ES1701000138);99985645;EMB;SETOR EMBALAGEM               ;6;;9999;29004;4138;MÁQUINAS PRINCIPAL
92;FRIG. AURORA CASTRO;4228;ESTEIRA  ACUMULAR CAIXAS  EMB 025 (ES1701000136);99985650;EMB;SETOR EMBALAGEM               ;6;;9999;29004;4138;MÁQUINAS PRINCIPAL
92;FRIG. AURORA CASTRO;4228;ESTEIRA  ACUMULAR CAIXAS  PLT 005.01 (ES1701000173);99986272;TCA;SETOR TUNEIS E CAMARAS        ;6;;9999;29004;2313;MÁQUINAS PRINCIPAL
92;FRIG. AURORA CASTRO;4228;ESTEIRA  ACUMULAR CAIXAS  PLT M146E (ES1701000159);99986221;TCA;SETOR TUNEIS E CAMARAS        ;6;;9999;29004;2313;MÁQUINAS PRINCIPAL
92;FRIG. AURORA CASTRO;4228;ESTEIRA  ACUMULAR CAIXAS  PLT MI105E (ES1701000181);99986300;TCA;SETOR TUNEIS E CAMARAS        ;6;;1;1;2313;MÁQUINAS PRINCIPAL
92;FRIG. AURORA CASTRO;4228;ESTEIRA  ACUMULAR CAIXAS  PLT MI117E (ES1701000165);99986250;TCA;SETOR TUNEIS E CAMARAS        ;6;;9999;29004;2313;MÁQUINAS PRINCIPAL
92;FRIG. AURORA CASTRO;4228;ESTEIRA  ACUMULAR CAIXAS 01 PLT MI50E (ES1701000162);99986236;TCA;SETOR TUNEIS E CAMARAS        ;6;;9999;29004;2313;MÁQUINAS PRINCIPAL
92;FRIG. AURORA CASTRO;4228;ESTEIRA  ACUMULAR CAIXAS 03  PLT 010 (ES1701000175);99986278;TCA;SETOR TUNEIS E CAMARAS        ;6;;9999;29004;2313;MÁQUINAS PRINCIPAL
92;FRIG. AURORA CASTRO;4228;ESTEIRA  ACUMULAR CAIXAS DIR.  EMB 031 (ES1701000144);99985654;EMB;SETOR EMBALAGEM               ;6;;9999;29004;4138;MÁQUINAS PRINCIPAL
92;FRIG. AURORA CASTRO;4228;ESTEIRA  ACUMULAR CAIXAS DIR.A  EMB 036 (ES1701000154);99985659;EMB;SETOR EMBALAGEM               ;6;;9999;29004;4138;MÁQUINAS PRINCIPAL
92;FRIG. AURORA CASTRO;4228;ESTEIRA  ACUMULAR CAIXAS ESQ.  EMB 036(ES1701000155);99985664;EMB;SETOR EMBALAGEM               ;6;;9999;29004;4138;MÁQUINAS PRINCIPAL
92;FRIG. AURORA CASTRO;4228;ESTEIRA  ACUMULAR CAIXAS ESQ. EMB 035(ES1701000153);99985667;EMB;SETOR EMBALAGEM               ;6;;9999;29004;4138;MÁQUINAS PRINCIPAL
92;FRIG. AURORA CASTRO;4228;ESTEIRA  ACUMULO CAIXAS DIR. EMB 030(ES1701000142);99985671;EMB;SETOR EMBALAGEM               ;6;;9999;29004;4138;MÁQUINAS PRINCIPAL
92;FRIG. AURORA CASTRO;4228;ESTEIRA  CAIXAS  EMB 010 (ES1701000121);99985674;EMB;SETOR EMBALAGEM               ;6;;9999;29004;4138;MÁQUINAS PRINCIPAL
92;FRIG. AURORA CASTRO;4228;ESTEIRA  CAIXAS  EMB 011 (ES1701000123);99985678;EMB;SETOR EMBALAGEM               ;6;;9999;29004;4138;MÁQUINAS PRINCIPAL
92;FRIG. AURORA CASTRO;4228;ESTEIRA  CAIXAS  EMB 016.01 (ES1701000131);99985682;EMB;SETOR EMBALAGEM               ;6;;9999;29004;4138;MÁQUINAS PRINCIPAL
92;FRIG. AURORA CASTRO;4228;ESTEIRA  CAIXAS  EMB 017 (ES1701000130);99985703;EMB;SETOR EMBALAGEM               ;6;;9999;29004;4138;MÁQUINAS PRINCIPAL
92;FRIG. AURORA CASTRO;4228;ESTEIRA  CAIXAS  EMB 018 (SUBIDA) (ES1701000133);99985706;EMB;SETOR EMBALAGEM               ;6;;9999;29004;4138;MÁQUINAS PRINCIPAL
92;FRIG. AURORA CASTRO;4228;ESTEIRA  CAIXAS  EMB 024 (ES1701000135);99985709;EMB;SETOR EMBALAGEM               ;6;;9999;29004;4138;MÁQUINAS PRINCIPAL
92;FRIG. AURORA CASTRO;4228;ESTEIRA  CAIXAS  PLT 009 MI115E (ES1701000168);99986258;TCA;SETOR TUNEIS E CAMARAS        ;6;;9999;29004;2313;MÁQUINAS PRINCIPAL
92;FRIG. AURORA CASTRO;4228;ESTEIRA  CAIXAS  PLT M144E (ES1701000178);99986290;TCA;SETOR TUNEIS E CAMARAS        ;6;;9999;29004;2313;MÁQUINAS PRINCIPAL
92;FRIG. AURORA CASTRO;4228;ESTEIRA  CAIXAS  PLT MI118E (ES1701000166);99986254;TCA;SETOR TUNEIS E CAMARAS        ;6;;9999;29004;2313;MÁQUINAS PRINCIPAL
92;FRIG. AURORA CASTRO;4228;ESTEIRA  CAIXAS  PLT MI45E (ES1701000158);99986214;TCA;SETOR TUNEIS E CAMARAS        ;6;;9999;29004;2313;MÁQUINAS PRINCIPAL
92;FRIG. AURORA CASTRO;4228;ESTEIRA  CAIXAS 03  PLT 015 (ES1701000172);99986271;TCA;SETOR TUNEIS E CAMARAS        ;6;;9999;29004;2313;MÁQUINAS PRINCIPAL
92;FRIG. AURORA CASTRO;4228;ESTEIRA  CAIXAS ACUMULADORA  EMB 016 (ES1701000129);99985712;EMB;SETOR EMBALAGEM               ;6;;9999;29004;4138;MÁQUINAS PRINCIPAL
92;FRIG. AURORA CASTRO;4228;ESTEIRA  CAIXAS DESVIO PLT MI114E (ES1701000170);99986267;TCA;SETOR TUNEIS E CAMARAS        ;6;;9999;29004;2313;MÁQUINAS PRINCIPAL
92;FRIG. AURORA CASTRO;4228;ESTEIRA  CARNE DE CABECA  CBS 012;99985523;MEX;MIUDOS EXTERNOS               ;6;;9999;29004;2739;MÁQUINAS PRINCIPAL
92;FRIG. AURORA CASTRO;4228;ESTEIRA  CARNE DE CABECA  CBS 012 (99985523) - MOTOR;99988541;MEX;MIUDOS EXTERNOS               ;4;;9999;19001;2739;MÁQUINAS SECUNDÁRIAS
92;FRIG. AURORA CASTRO;4228;ESTEIRA  CARNE DE CABECA  CBS 012 (99985523) - REDUTOR;99988542;MEX;MIUDOS EXTERNOS               ;4;;9999;18000;2739;MÁQUINAS SECUNDÁRIAS
92;FRIG. AURORA CASTRO;4228;ESTEIRA  DOSAR CAIXAS  EMB 026 (ES1701000137);99985721;EMB;SETOR EMBALAGEM               ;6;;9999;29004;4138;MÁQUINAS PRINCIPAL
92;FRIG. AURORA CASTRO;4228;ESTEIRA  DOSAR CAIXAS 01  BALENA (ES1701000124);99985727;EMB;SETOR EMBALAGEM               ;6;;9999;29004;4138;MÁQUINAS PRINCIPAL
92;FRIG. AURORA CASTRO;4228;ESTEIRA  DOSAR CAIXAS 02  EMB 012 (ES1701000126);99985731;EMB;SETOR EMBALAGEM               ;6;;9999;29004;4138;MÁQUINAS PRINCIPAL
92;FRIG. AURORA CASTRO;4228;ESTEIRA  DOSAR CAIXAS DIR.A  EMB 032;99985734;EMB;SETOR EMBALAGEM               ;6;;9999;29004;4138;MÁQUINAS PRINCIPAL
92;FRIG. AURORA CASTRO;4228;ESTEIRA  DOSAR CAIXAS ESQ.  EMB 032 (1257510);99985735;EMB;SETOR EMBALAGEM               ;6;;9999;29004;4138;MÁQUINAS PRINCIPAL
92;FRIG. AURORA CASTRO;4228;ESTEIRA  DOSAS CAIXAS DIR.A  EMB 037 (ES1701000156);99985736;EMB;SETOR EMBALAGEM               ;6;;9999;29004;4138;MÁQUINAS PRINCIPAL
92;FRIG. AURORA CASTRO;4228;ESTEIRA  DOSAS CAIXAS ESQ.  EMB 037(ES1701000157);99985737;EMB;SETOR EMBALAGEM               ;6;;9999;29004;4138;MÁQUINAS PRINCIPAL
92;FRIG. AURORA CASTRO;4228;ESTEIRA  PÓS TUNEL ULMA EMB 003.01 ( ES1701000176);99986281;TCA;SETOR TUNEIS E CAMARAS        ;6;;9999;29004;2313;MÁQUINAS PRINCIPAL
92;FRIG. AURORA CASTRO;4228;ESTEIRA 06- AEREA RETA SAIDA EMB SECUND (ES1701000207);99985588;EMB;SETOR EMBALAGEM               ;6;;9999;29004;4138;MÁQUINAS PRINCIPAL
92;FRIG. AURORA CASTRO;4228;ESTEIRA 90º ROL. MOTOR CAIXA DIR EMB 033 (ES1701000148);99985739;EMB;SETOR EMBALAGEM               ;6;;9999;29004;4138;MÁQUINAS PRINCIPAL
92;FRIG. AURORA CASTRO;4228;ESTEIRA ACEL. DE CAIXAS PLT MI112E(ES1701000257);99986353;TCA;SETOR TUNEIS E CAMARAS        ;6;;9999;29004;2313;MÁQUINAS PRINCIPAL
92;FRIG. AURORA CASTRO;4228;ESTEIRA ACEL. POS TUNEL ENCOL. 02 MI111E (ES1701000191);99986315;TCA;SETOR TUNEIS E CAMARAS        ;6;;9999;29004;2313;MÁQUINAS PRINCIPAL
92;FRIG. AURORA CASTRO;4228;ESTEIRA ACUM FINAL PLT 02 MI120E (ES1701000247);99986332;TCA;SETOR TUNEIS E CAMARAS        ;6;;9999;29004;2313;MÁQUINAS PRINCIPAL
92;FRIG. AURORA CASTRO;4228;ESTEIRA ACUM. CAIXAS PLT MI103E(ES1701000253);99986347;TCA;SETOR TUNEIS E CAMARAS        ;6;;9999;29004;2313;MÁQUINAS PRINCIPAL
92;FRIG. AURORA CASTRO;4228;ESTEIRA ACUM. CAIXAS PLT MI108E (ES1701000255);99986349;TCA;SETOR TUNEIS E CAMARAS        ;6;;9999;29004;2313;MÁQUINAS PRINCIPAL
92;FRIG. AURORA CASTRO;4228;ESTEIRA ACUM. FINAL PLT 01 MI119E (ES1701000192);99986319;TCA;SETOR TUNEIS E CAMARAS        ;6;;9999;29004;2313;MÁQUINAS PRINCIPAL
92;FRIG. AURORA CASTRO;4228;ESTEIRA ACUM.POS TUNEL ENCOL. 01 MI107E (ES1701000184);99986311;TCA;SETOR TUNEIS E CAMARAS        ;6;;9999;29004;2313;MÁQUINAS PRINCIPAL
92;FRIG. AURORA CASTRO;4228;ESTEIRA ACUMUL. POS TUNEL ENC 03 MI113E (ES1701000245);99986322;TCA;SETOR TUNEIS E CAMARAS        ;6;;9999;29004;2313;MÁQUINAS PRINCIPAL
92;FRIG. AURORA CASTRO;4228;ESTEIRA ACUMULAR CAIXAS DIR.  EMB 036.01 (ES1701000152);99985740;EMB;SETOR EMBALAGEM               ;6;;9999;29004;4138;MÁQUINAS PRINCIPAL
92;FRIG. AURORA CASTRO;4228;ESTEIRA ACUMULO CAIXAS ESQ.  EMB 030 (ES1701000141);99985741;EMB;SETOR EMBALAGEM               ;6;;9999;29004;4138;MÁQUINAS PRINCIPAL
92;FRIG. AURORA CASTRO;4228;ESTEIRA ACUMULO CAIXAS ESQ.  EMB 030.01 (ES1701000143);99985742;EMB;SETOR EMBALAGEM               ;6;;9999;29004;4138;MÁQUINAS PRINCIPAL
92;FRIG. AURORA CASTRO;4228;ESTEIRA ALIMENTAÇÃO MISTURADOR MONTEMIL;99994799;CEB;EMBUTIDOS COZIDOS             ;6;257342;9999;29004;2283;MÁQUINAS SECUNDÁRIAS
92;FRIG. AURORA CASTRO;4228;ESTEIRA ALIMENTAÇÃO MISTURADOR MONTEMIL - MOTOREDUTOR;6618;CEB;EMBUTIDOS COZIDOS             ;6;257342;9999;29004;2283;MÁQUINAS SECUNDÁRIAS
92;FRIG. AURORA CASTRO;4228;ESTEIRA APOS ESPARGIDOR VERTICAL;99986336;CUR;SETOR EMB CURADOS             ;6;257515;9999;29004;5525;MÁQUINAS PRINCIPAL
92;FRIG. AURORA CASTRO;4228;ESTEIRA APOS ESPARGIDOR VERTICAL - MOTOREDUTOR;5983;CUR;SETOR EMB CURADOS             ;6;257515;9999;29004;5525;MÁQUINAS SECUNDÁRIAS
92;FRIG. AURORA CASTRO;4228;ESTEIRA APOS ESPARGIDOR VERTICAL - MOTOREDUTOR;4815;CUR;SETOR EMB CURADOS             ;6;257515;9999;29004;5525;MÁQUINAS SECUNDÁRIAS
92;FRIG. AURORA CASTRO;4228;ESTEIRA ARB  PASSIVE ON/OFF  PLT 009.02 (ES1701000174);99986274;TCA;SETOR TUNEIS E CAMARAS        ;6;;9999;29004;2313;MÁQUINAS PRINCIPAL
92;FRIG. AURORA CASTRO;4228;ESTEIRA ARB  PASSIVE ON/OFF  PLT 017.02 (ES1701000167);99986257;TCA;SETOR TUNEIS E CAMARAS        ;6;;9999;29004;2313;MÁQUINAS PRINCIPAL
92;FRIG. AURORA CASTRO;4228;ESTEIRA ARB PASSIVE ON/OFF  PLT 008.01 (ES1701000169);99986262;TCA;SETOR TUNEIS E CAMARAS        ;6;;9999;29004;2313;MÁQUINAS PRINCIPAL
92;FRIG. AURORA CASTRO;4228;ESTEIRA AÉREA CHEGADA DE PRODUTO;99998432;CMS;SETOR PRODUCAO CMS            ;6;0;9999;29004;4120;OUTROS
92;FRIG. AURORA CASTRO;4228;ESTEIRA AÉREA CHEGADA DE PRODUTO - REDUTOR;99998433;CMS;SETOR PRODUCAO CMS            ;6;0;9999;29004;4120;OUTROS
92;FRIG. AURORA CASTRO;4228;ESTEIRA AÉREA CHEGADA DE PRODUTO - REDUTOR - MOTOR;99998434;CMS;SETOR PRODUCAO CMS            ;6;0;9999;29004;4120;OUTROS
92;FRIG. AURORA CASTRO;4228;ESTEIRA AÉREA CHEGADA DE PRODUTO - SISTEMA DE SEGURANÇA;1931;CMS;SETOR PRODUCAO CMS            ;6;0;9999;29004;4120;OUTROS
92;FRIG. AURORA CASTRO;4228;ESTEIRA AÉREA CHEGADA DE PRODUTO - SISTEMA ELÉTRICO;99998435;CMS;SETOR PRODUCAO CMS            ;6;0;9999;29004;4120;OUTROS
92;FRIG. AURORA CASTRO;4228;ESTEIRA AÉREA DE PRODUTOS TERMOFORMADOS;99986059;SMR;SETOR DE MARINADOS            ;6;;9999;29004;2267;OUTROS
92;FRIG. AURORA CASTRO;4228;ESTEIRA CAIXA  PALETA EMB 001.01 (ES1701000177);99986286;TCA;SETOR TUNEIS E CAMARAS        ;6;;9999;29004;2313;MÁQUINAS PRINCIPAL
92;FRIG. AURORA CASTRO;4228;ESTEIRA CAIXAS MP FINAL MI163E (ES1701000094);99985620;EMB;SETOR EMBALAGEM               ;6;;9999;29004;4138;MÁQUINAS PRINCIPAL
92;FRIG. AURORA CASTRO;4228;ESTEIRA CLEAN PARA CAIXAS PLT MI102E(ES1701000252);99986344;TCA;SETOR TUNEIS E CAMARAS        ;6;;9999;29004;2313;MÁQUINAS PRINCIPAL
92;FRIG. AURORA CASTRO;4228;ESTEIRA CONDENA EVISCERAÇÃO PÓS DIF;99985868;ABT;SETOR ABATE/RESFRIAMENTO      ;6;254274;999;46054;2488;MÁQUINAS PRINCIPAL
92;FRIG. AURORA CASTRO;4228;ESTEIRA CONDENA EVISCERAÇÃO PÓS DIF - MOTOREDUTOR;99988545;ABT;SETOR ABATE/RESFRIAMENTO      ;4;254274;9999;19001;2488;MÁQUINAS SECUNDÁRIAS
92;FRIG. AURORA CASTRO;4228;ESTEIRA CONDENA EVISCERAÇÃO PÓS DIF - SISTEMA DE SEGURANÇA;1554;ABT;SETOR ABATE/RESFRIAMENTO      ;6;254274;999;46054;2488;MÁQUINAS SECUNDÁRIAS
92;FRIG. AURORA CASTRO;4228;ESTEIRA CONDENA EVISCERAÇÃO PÓS DIF - SISTEMA ELÉTRICO;1552;ABT;SETOR ABATE/RESFRIAMENTO      ;6;254274;999;46054;2488;MÁQUINAS SECUNDÁRIAS
92;FRIG. AURORA CASTRO;4228;ESTEIRA CONDENA EVISCERAÇÃO PÓS DIF - SISTEMA PNEUMÁTICO;1553;ABT;SETOR ABATE/RESFRIAMENTO      ;6;254274;999;46054;2488;MÁQUINAS SECUNDÁRIAS
92;FRIG. AURORA CASTRO;4228;ESTEIRA CORTES DESOSSA PRE BEM.  EMB 003 (ES1701000118);99985743;EMB;SETOR EMBALAGEM               ;6;;9999;29004;4138;MÁQUINAS PRINCIPAL
92;FRIG. AURORA CASTRO;4228;ESTEIRA CURTA CONDUÇÃO REFUGO ATÉ ESTEIRA DE SAÍDA;99998428;CMS;SETOR PRODUCAO CMS            ;6;0;9999;29004;4120;OUTROS
92;FRIG. AURORA CASTRO;4228;ESTEIRA CURTA CONDUÇÃO REFUGO ATÉ ESTEIRA DE SAÍDA - REDUTOR;99998429;CMS;SETOR PRODUCAO CMS            ;6;0;9999;29004;4120;OUTROS
92;FRIG. AURORA CASTRO;4228;ESTEIRA CURTA CONDUÇÃO REFUGO ATÉ ESTEIRA DE SAÍDA - REDUTOR - MOTOR;99998430;CMS;SETOR PRODUCAO CMS            ;6;0;9999;29004;4120;OUTROS
92;FRIG. AURORA CASTRO;4228;ESTEIRA CURTA CONDUÇÃO REFUGO ATÉ ESTEIRA DE SAÍDA - SISTEMA DE SEGURANÇA;1932;CMS;SETOR PRODUCAO CMS            ;6;0;9999;29004;4120;OUTROS
92;FRIG. AURORA CASTRO;4228;ESTEIRA CURTA CONDUÇÃO REFUGO ATÉ ESTEIRA DE SAÍDA - SISTEMA ELÉTRICO;99998431;CMS;SETOR PRODUCAO CMS            ;6;0;9999;29004;4120;OUTROS
92;FRIG. AURORA CASTRO;4228;ESTEIRA CURVA CAIXAS PLT MI218E (ES1701000259);99986356;TCA;SETOR TUNEIS E CAMARAS        ;6;;9999;29004;2313;MÁQUINAS PRINCIPAL
92;FRIG. AURORA CASTRO;4228;ESTEIRA CURVA FINAL PLT MI88E (ES1701000246);99986328;TCA;SETOR TUNEIS E CAMARAS        ;6;;9999;29004;2313;MÁQUINAS PRINCIPAL
92;FRIG. AURORA CASTRO;4228;ESTEIRA DE ALIMENTAÇÃO EMBUTIDEIRAS 05;99986031;SFR;SETOR EMBUTIDOS FRESCAIS      ;8;257003;9999;29004;4057;MÁQUINAS PRINCIPAL
92;FRIG. AURORA CASTRO;4228;ESTEIRA DE ALIMENTAÇÃO EMBUTIDEIRAS 05 - MOTOREDUTOR;4079;SFR;SETOR EMBUTIDOS FRESCAIS      ;8;269287;9999;29004;4057;MÁQUINAS SECUNDÁRIAS
92;FRIG. AURORA CASTRO;4228;ESTEIRA DE ALIMENTAÇÃO EMBUTIDEIRAS 05 - REDUTOR;4076;SFR;SETOR EMBUTIDOS FRESCAIS      ;8;;9999;8000;4057;OUTROS
92;FRIG. AURORA CASTRO;4228;ESTEIRA DE ALIMENTAÇÃO EMBUTIDEIRAS 05 - SISTEMA ELÉTRICO;4080;SFR;SETOR EMBUTIDOS FRESCAIS      ;8;269287;9999;29004;4057;MÁQUINAS SECUNDÁRIAS
92;FRIG. AURORA CASTRO;4228;ESTEIRA DE ALIMENTAÇÃO PARA AEREA 04;99986030;SFR;SETOR EMBUTIDOS FRESCAIS      ;6;257002;9999;29004;4057;MÁQUINAS PRINCIPAL
92;FRIG. AURORA CASTRO;4228;ESTEIRA DE ALIMENTAÇÃO PARA AEREA 04 - MOTOREDUTOR;4093;SFR;SETOR EMBUTIDOS FRESCAIS      ;8;257003;9999;29004;4057;MÁQUINAS SECUNDÁRIAS
92;FRIG. AURORA CASTRO;4228;ESTEIRA DE ALIMENTAÇÃO PARA AEREA 04 - SISTEMA ELÉTRICO;4094;SFR;SETOR EMBUTIDOS FRESCAIS      ;8;257003;9999;29004;4057;MÁQUINAS SECUNDÁRIAS
92;FRIG. AURORA CASTRO;4228;ESTEIRA DE ALIMENTAÇÃO TOLVA;99986027;SFR;SETOR EMBUTIDOS FRESCAIS      ;6;256998;9999;29004;4057;MÁQUINAS PRINCIPAL
92;FRIG. AURORA CASTRO;4228;ESTEIRA DE ALIMENTAÇÃO TOLVA - REDUTOR - MOTOR;4161;SFR;SETOR EMBUTIDOS FRESCAIS      ;8;256998;9999;29004;4057;MÁQUINAS SECUNDÁRIAS
92;FRIG. AURORA CASTRO;4228;ESTEIRA DE ALIMENTAÇÃO TOLVA - SISTEMA ELÉTRICO;4162;SFR;SETOR EMBUTIDOS FRESCAIS      ;8;256998;9999;29004;4057;MÁQUINAS SECUNDÁRIAS
92;FRIG. AURORA CASTRO;4228;ESTEIRA DE ALIMENTAÇÃO USINOX - SAÍDA EMBUTIDEIRAS 01 A 05;99997280;SFR;SETOR EMBUTIDOS FRESCAIS      ;8;269287;1;46054;4057;MÁQUINAS PRINCIPAL
92;FRIG. AURORA CASTRO;4228;ESTEIRA DE ALIMENTAÇÃO USINOX - SAÍDA EMBUTIDEIRAS 01 A 05 - MOTOREDUTOR;4164;SFR;SETOR EMBUTIDOS FRESCAIS      ;8;269287;9999;29004;4057;MÁQUINAS SECUNDÁRIAS
92;FRIG. AURORA CASTRO;4228;ESTEIRA DE ALIMENTAÇÃO USINOX - SAÍDA EMBUTIDEIRAS 01 A 05 - SISTEMA ELÉTRICO;4165;SFR;SETOR EMBUTIDOS FRESCAIS      ;8;269287;9999;29004;4057;MÁQUINAS SECUNDÁRIAS
92;FRIG. AURORA CASTRO;4228;ESTEIRA DE BANHA RAMA;99985528;ABT;SETOR ABATE/RESFRIAMENTO      ;6;;9999;29004;2488;OUTROS
92;FRIG. AURORA CASTRO;4228;ESTEIRA DE BANHA RAMA - MOTOREDUTOR;99988548;ABT;SETOR ABATE/RESFRIAMENTO      ;4;;9999;18000;2488;OUTROS
92;FRIG. AURORA CASTRO;4228;ESTEIRA DE BANHA RAMA - SISTEMA DE SEGURANÇA;1463;ABT;SETOR ABATE/RESFRIAMENTO      ;6;0;9999;29004;2488;OUTROS
92;FRIG. AURORA CASTRO;4228;ESTEIRA DE BANHA RAMA - SISTEMA ELÉTRICO;1462;ABT;SETOR ABATE/RESFRIAMENTO      ;6;0;9999;29004;2488;OUTROS
92;FRIG. AURORA CASTRO;4228;ESTEIRA DE CLASSIFICAÇÃO MATÉRIA PRIMA - MOTOREDUTOR;6619;CEB;EMBUTIDOS COZIDOS             ;6;254579;9999;29004;2283;MÁQUINAS SECUNDÁRIAS
92;FRIG. AURORA CASTRO;4228;ESTEIRA DE ENTRADA DO TUNEL (ES1701000186);99986330;TCA;SETOR TUNEIS E CAMARAS        ;6;;9999;29004;2313;MÁQUINAS PRINCIPAL
92;FRIG. AURORA CASTRO;4228;ESTEIRA DE MATERIA PRIMA 2;99986989;COD;SETOR DE CONDIMENTOS          ;6;1;9999;29004;4472;MÁQUINAS PRINCIPAL
92;FRIG. AURORA CASTRO;4228;ESTEIRA DE MATERIA PRIMA 3;99986990;COD;SETOR DE CONDIMENTOS          ;6;1;9999;29004;4472;MÁQUINAS PRINCIPAL
92;FRIG. AURORA CASTRO;4228;ESTEIRA DE MATERIA PRIMA 5;99986992;COD;SETOR DE CONDIMENTOS          ;6;1;9999;29004;4472;MÁQUINAS PRINCIPAL
92;FRIG. AURORA CASTRO;4228;ESTEIRA DE MATERIA PRIMA 6;99986993;COD;SETOR DE CONDIMENTOS          ;6;1;9999;29004;4472;MÁQUINAS PRINCIPAL
92;FRIG. AURORA CASTRO;4228;ESTEIRA DE MATERIA PRIMA 7;99986994;COD;SETOR DE CONDIMENTOS          ;6;1;9999;29004;4472;MÁQUINAS PRINCIPAL
92;FRIG. AURORA CASTRO;4228;ESTEIRA DE MATERIA PRIMA 8;99986995;COD;SETOR DE CONDIMENTOS          ;6;1;9999;29004;4472;MÁQUINAS PRINCIPAL
92;FRIG. AURORA CASTRO;4228;ESTEIRA DE OSSOS 01 GRAXARIA;99986721;GRX;SETOR SUB PRODUTOS GRAXARIA   ;8;;999;46054;2330;MÁQUINAS PRINCIPAL
92;FRIG. AURORA CASTRO;4228;ESTEIRA DE OSSOS 01 GRAXARIA (99986721) - MOTOR;99988896;GRX;SETOR SUB PRODUTOS GRAXARIA   ;6;;9999;19000;2330;MÁQUINAS SECUNDÁRIAS
92;FRIG. AURORA CASTRO;4228;ESTEIRA DE OSSOS 01 GRAXARIA (99986721) - REDUTOR;99988898;GRX;SETOR SUB PRODUTOS GRAXARIA   ;6;;9999;18000;2330;MÁQUINAS SECUNDÁRIAS
92;FRIG. AURORA CASTRO;4228;ESTEIRA DE OSSOS 02 GRAXARIA;99988899;GRX;SETOR SUB PRODUTOS GRAXARIA   ;6;;999;46054;2330;MÁQUINAS PRINCIPAL
92;FRIG. AURORA CASTRO;4228;ESTEIRA DE OSSOS 02 GRAXARIA (99988899) - MOTOR;99988900;GRX;SETOR SUB PRODUTOS GRAXARIA   ;6;;9999;19000;2330;MÁQUINAS SECUNDÁRIAS
92;FRIG. AURORA CASTRO;4228;ESTEIRA DE OSSOS 02 GRAXARIA (99988899) - REDUTOR;99988901;GRX;SETOR SUB PRODUTOS GRAXARIA   ;6;;9999;18000;2330;MÁQUINAS SECUNDÁRIAS
92;FRIG. AURORA CASTRO;4228;ESTEIRA DE REVISÃO / CLASSIFICAÇÃO MATÉRIA PRIMA;99994542;SFR;SETOR EMBUTIDOS FRESCAIS      ;6;0;9999;29004;4057;OUTROS
92;FRIG. AURORA CASTRO;4228;ESTEIRA DE REVISÃO / CLASSIFICAÇÃO MATÉRIA PRIMA;99994543;CEB;EMBUTIDOS COZIDOS             ;6;254579;9999;29004;2283;MÁQUINAS PRINCIPAL
92;FRIG. AURORA CASTRO;4228;ESTEIRA DE REVISÃO / CLASSIFICAÇÃO MATÉRIA PRIMA - MOTOREDUTOR;4461;SFR;SETOR EMBUTIDOS FRESCAIS      ;6;;9999;29004;4057;OUTROS
92;FRIG. AURORA CASTRO;4228;ESTEIRA DE REVISÃO / CLASSIFICAÇÃO MATÉRIA PRIMA - SISTEMA ELÉTRICO;4462;SFR;SETOR EMBUTIDOS FRESCAIS      ;6;;9999;29004;4057;OUTROS
92;FRIG. AURORA CASTRO;4228;ESTEIRA DE ROLETE  FINAL PLT (ES1701000180);99986296;TCA;SETOR TUNEIS E CAMARAS        ;6;;9999;29004;2313;MÁQUINAS PRINCIPAL
92;FRIG. AURORA CASTRO;4228;ESTEIRA DE ROLETE  PLT 009.03 (ES1701000182);99986304;TCA;SETOR TUNEIS E CAMARAS        ;6;;9999;29004;2313;MÁQUINAS PRINCIPAL
92;FRIG. AURORA CASTRO;4228;ESTEIRA DE ROLETE MOTORIZADO  EMB 024.01 (ES1701000134);99985744;EMB;SETOR EMBALAGEM               ;6;;9999;29004;4138;MÁQUINAS PRINCIPAL
92;FRIG. AURORA CASTRO;4228;ESTEIRA DE ROLETE MOTORIZADO PLT MI219E (ES1701000179);99986292;TCA;SETOR TUNEIS E CAMARAS        ;6;;9999;29004;2313;MÁQUINAS PRINCIPAL
92;FRIG. AURORA CASTRO;4228;ESTEIRA DE ROLO APÓS A 3M (ES1701000194);99985896;SFT;SETOR DE FATIADOS             ;6;;9999;10000;4600;MÁQUINAS PRINCIPAL
92;FRIG. AURORA CASTRO;4228;ESTEIRA DE SAIDA DA EMBUTIDEIRA 01 (ES1701000029);99986019;SFR;SETOR EMBUTIDOS FRESCAIS      ;6;257008;9999;29004;4057;MÁQUINAS PRINCIPAL
92;FRIG. AURORA CASTRO;4228;ESTEIRA DE SAIDA DA EMBUTIDEIRA 01 - MOTOREDUTOR;4464;SFR;SETOR EMBUTIDOS FRESCAIS      ;6;257008;9999;29004;4057;MÁQUINAS SECUNDÁRIAS
92;FRIG. AURORA CASTRO;4228;ESTEIRA DE SAIDA DA EMBUTIDEIRA 01 - SISTEMA ELÉTRICO;4465;SFR;SETOR EMBUTIDOS FRESCAIS      ;6;257008;9999;29004;4057;MÁQUINAS SECUNDÁRIAS
92;FRIG. AURORA CASTRO;4228;ESTEIRA DE SAIDA DA EMBUTIDEIRA 02 (ES1701000031);99986020;SFR;SETOR EMBUTIDOS FRESCAIS      ;6;257009;9999;29004;4057;MÁQUINAS PRINCIPAL
92;FRIG. AURORA CASTRO;4228;ESTEIRA DE SAIDA DA EMBUTIDEIRA 02 - MOTOREDUTOR;6164;SFR;SETOR EMBUTIDOS FRESCAIS      ;6;;999;46054;4057;OUTROS
92;FRIG. AURORA CASTRO;4228;ESTEIRA DE SAIDA DA EMBUTIDEIRA 02 - SISTEMA ELÉTRICO;6165;SFR;SETOR EMBUTIDOS FRESCAIS      ;6;;999;46054;4057;OUTROS
92;FRIG. AURORA CASTRO;4228;ESTEIRA DE SAIDA DA EMBUTIDEIRA 03;5498;SFR;SETOR EMBUTIDOS FRESCAIS      ;6;;9999;29004;4057;OUTROS
92;FRIG. AURORA CASTRO;4228;ESTEIRA DE SAIDA DA EMBUTIDEIRA 03 - MOTOREDUTOR;6166;SFR;SETOR EMBUTIDOS FRESCAIS      ;6;;9999;29004;4057;OUTROS
92;FRIG. AURORA CASTRO;4228;ESTEIRA DE SAIDA DA EMBUTIDEIRA 03 - SISTEMA ELÉTRICO;6167;SFR;SETOR EMBUTIDOS FRESCAIS      ;6;;9999;29004;4057;OUTROS
92;FRIG. AURORA CASTRO;4228;ESTEIRA DE SAIDA DA EMBUTIDEIRA 04;5499;SFR;SETOR EMBUTIDOS FRESCAIS      ;6;;9999;29004;4057;OUTROS
92;FRIG. AURORA CASTRO;4228;ESTEIRA DE SAIDA DA EMBUTIDEIRA 04 - MOTOREDUTOR;6168;SFR;SETOR EMBUTIDOS FRESCAIS      ;6;;9999;29004;4057;OUTROS
92;FRIG. AURORA CASTRO;4228;ESTEIRA DE SAIDA DA EMBUTIDEIRA 04 - SISTEMA ELÉTRICO;6169;SFR;SETOR EMBUTIDOS FRESCAIS      ;6;;9999;29004;4057;OUTROS
92;FRIG. AURORA CASTRO;4228;ESTEIRA DE SAÍDA DA EMBUTIDEIRA 05;3749;SFR;SETOR EMBUTIDOS FRESCAIS      ;6;0;9999;29004;4057;OUTROS
92;FRIG. AURORA CASTRO;4228;ESTEIRA DE SAÍDA DA EMBUTIDEIRA 05 - REDUTOR - MOTOR;3751;SFR;SETOR EMBUTIDOS FRESCAIS      ;6;0;9999;29004;4057;OUTROS
92;FRIG. AURORA CASTRO;4228;ESTEIRA DE SAÍDA DA EMBUTIDEIRA 05 - SISTEMA ELÉTRICO;3752;SFR;SETOR EMBUTIDOS FRESCAIS      ;6;0;9999;29004;4057;OUTROS
92;FRIG. AURORA CASTRO;4228;ESTEIRA DE SAÍDA DO TUNEL GEA;99986331;TCA;SETOR TUNEIS E CAMARAS        ;6;0;9999;29004;2313;OUTROS
92;FRIG. AURORA CASTRO;4228;ESTEIRA DE SAÍDA DO TUNEL GEA - REDUTOR;99996939;TCA;SETOR TUNEIS E CAMARAS        ;6;0;9999;18000;2313;OUTROS
92;FRIG. AURORA CASTRO;4228;ESTEIRA DE SAÍDA DO TUNEL GEA - REDUTOR - MOTOR;99996940;TCA;SETOR TUNEIS E CAMARAS        ;6;0;9999;19000;2313;OUTROS
92;FRIG. AURORA CASTRO;4228;ESTEIRA DE SAÍDA DO TUNEL GEA - SISTEMA ELÉTRICO;99996941;TCA;SETOR TUNEIS E CAMARAS        ;6;0;9999;29004;2313;OUTROS
92;FRIG. AURORA CASTRO;4228;ESTEIRA DESOSSA PRE EMBALADOS  EMB 002 (ES1701000117);99985748;EMB;SETOR EMBALAGEM               ;6;;9999;29004;4138;MÁQUINAS PRINCIPAL
92;FRIG. AURORA CASTRO;4228;ESTEIRA DESVIO CAIXAS PLT MI114E (ES1701000248);99986337;TCA;SETOR TUNEIS E CAMARAS        ;6;;9999;29004;2313;MÁQUINAS PRINCIPAL
92;FRIG. AURORA CASTRO;4228;ESTEIRA DISTRIBUIDORA SORTER POP UP (ES1701000209);99985752;EMB;SETOR EMBALAGEM               ;6;;9999;29004;4138;MÁQUINAS PRINCIPAL
92;FRIG. AURORA CASTRO;4228;ESTEIRA DO DETECTOR DE METAIS GRAXARIA;99988878;GRX;SETOR SUB PRODUTOS GRAXARIA   ;6;;999;46054;2330;MÁQUINAS PRINCIPAL
92;FRIG. AURORA CASTRO;4228;ESTEIRA DOSAR CAIXAS PLT MI104E(ES1701000254);99986348;TCA;SETOR TUNEIS E CAMARAS        ;6;;9999;29004;2313;MÁQUINAS PRINCIPAL
92;FRIG. AURORA CASTRO;4228;ESTEIRA DOSAR CAIXAS PLT MI109E (ES1701000249);99986339;TCA;SETOR TUNEIS E CAMARAS        ;6;;9999;29004;2313;MÁQUINAS PRINCIPAL
92;FRIG. AURORA CASTRO;4228;ESTEIRA DOSAR CAIXAS PLT MI110E (ES1701000256);99986351;TCA;SETOR TUNEIS E CAMARAS        ;6;;9999;29004;2313;MÁQUINAS PRINCIPAL
92;FRIG. AURORA CASTRO;4228;ESTEIRA DOSAR TUNEL ENCOLHIMENTO MI106E (ES1701000183);99986307;TCA;SETOR TUNEIS E CAMARAS        ;6;;9999;29004;2313;MÁQUINAS PRINCIPAL
92;FRIG. AURORA CASTRO;4228;ESTEIRA EMBALAGEM SECUNDARIA  FATIADOS (ES1701000006);99985892;SFT;SETOR DE FATIADOS             ;6;258076;9999;29004;4600;MÁQUINAS PRINCIPAL
92;FRIG. AURORA CASTRO;4228;ESTEIRA EMBALAGEM SECUNDARIA  FATIADOS - MOTOR;4237;SFT;SETOR DE FATIADOS             ;6;258076;9999;29004;4600;MÁQUINAS SECUNDÁRIAS
92;FRIG. AURORA CASTRO;4228;ESTEIRA GIRAFA ELEVAÇÃO ATÉ DMM50 + HU40;99985651;CMS;SETOR PRODUCAO CMS            ;6;;9999;29004;4120;OUTROS
92;FRIG. AURORA CASTRO;4228;ESTEIRA GIRAFA ELEVAÇÃO ATÉ DMM50 + HU40 - REDUTOR;99998425;CMS;SETOR PRODUCAO CMS            ;6;0;9999;29004;4120;OUTROS
92;FRIG. AURORA CASTRO;4228;ESTEIRA GIRAFA ELEVAÇÃO ATÉ DMM50 + HU40 - REDUTOR - MOTOR;99998426;CMS;SETOR PRODUCAO CMS            ;6;0;9999;29004;4120;OUTROS
92;FRIG. AURORA CASTRO;4228;ESTEIRA GIRAFA ELEVAÇÃO ATÉ DMM50 + HU40 - SISITEMA DE SEGURANÇA;1927;CMS;SETOR PRODUCAO CMS            ;6;0;9999;29004;4120;OUTROS
92;FRIG. AURORA CASTRO;4228;ESTEIRA GIRAFA ELEVAÇÃO ATÉ DMM50 + HU40 - SISITEMA ELÉTRICO;99998427;CMS;SETOR PRODUCAO CMS            ;6;0;9999;29004;4120;OUTROS
92;FRIG. AURORA CASTRO;4228;ESTEIRA INCLINADA SAIDA EMBALADORA ULMA BISTECA DSS48 (ES1701000244);99985662;EMB;SETOR EMBALAGEM               ;6;;9999;29004;4138;MÁQUINAS PRINCIPAL
92;FRIG. AURORA CASTRO;4228;ESTEIRA INCLINADA SAIDA MOEDOR MO280;99986018;SFR;SETOR EMBUTIDOS FRESCAIS      ;8;256988;1;29004;4057;MÁQUINAS PRINCIPAL
92;FRIG. AURORA CASTRO;4228;ESTEIRA INCLINADA SAIDA MOEDOR MO280 - REDUTOR - MOTOR;4098;SFR;SETOR EMBUTIDOS FRESCAIS      ;8;256988;9999;29004;4057;MÁQUINAS SECUNDÁRIAS
92;FRIG. AURORA CASTRO;4228;ESTEIRA INCLINADA SAIDA MOEDOR MO280 - SISTEMA DE SEGURANÇA;4096;SFR;SETOR EMBUTIDOS FRESCAIS      ;8;256988;9999;29004;4057;MÁQUINAS SECUNDÁRIAS
92;FRIG. AURORA CASTRO;4228;ESTEIRA INCLINADA SAIDA MOEDOR MO280 - SISTEMA ELETRICO;4095;SFR;SETOR EMBUTIDOS FRESCAIS      ;8;256988;9999;29004;4057;MÁQUINAS SECUNDÁRIAS
92;FRIG. AURORA CASTRO;4228;ESTEIRA MIUDOS (PALETIZACAO)  EMB 008 (ES1701000116);99985753;EMB;SETOR EMBALAGEM               ;6;;9999;29004;4138;MÁQUINAS PRINCIPAL
92;FRIG. AURORA CASTRO;4228;ESTEIRA PASSIVE ON PLT MI113E(ES1701000250);99986341;TCA;SETOR TUNEIS E CAMARAS        ;6;;9999;29004;2313;MÁQUINAS PRINCIPAL
92;FRIG. AURORA CASTRO;4228;ESTEIRA PASSIVE ON/OFF PLT MI113E (ES1701000171);99986270;TCA;SETOR TUNEIS E CAMARAS        ;6;;9999;29004;2313;MÁQUINAS PRINCIPAL
92;FRIG. AURORA CASTRO;4228;ESTEIRA PASSIVE ON/OFF PLT MI124E (ES1701000251);99986342;TCA;SETOR TUNEIS E CAMARAS        ;6;;9999;29004;2313;MÁQUINAS PRINCIPAL
92;FRIG. AURORA CASTRO;4228;ESTEIRA PASSIVE/ON PLT MI217E (ES1701000258);99986355;TCA;SETOR TUNEIS E CAMARAS        ;6;;9999;29004;2313;MÁQUINAS PRINCIPAL
92;FRIG. AURORA CASTRO;4228;ESTEIRA PÓS DETECTOR DE METAIS;99986057;SMR;SETOR DE MARINADOS            ;6;;9999;29004;2267;OUTROS
92;FRIG. AURORA CASTRO;4228;ESTEIRA ROLETE MOTOR. 90° PLT MD47E (ES1701000160);99986228;TCA;SETOR TUNEIS E CAMARAS        ;6;;9999;29004;2313;MÁQUINAS PRINCIPAL
92;FRIG. AURORA CASTRO;4228;ESTEIRA ROLETE MOTOR. CURVA 02  EMB 009 (ES1701000122);99985754;EMB;SETOR EMBALAGEM               ;6;;9999;29004;4138;MÁQUINAS PRINCIPAL
92;FRIG. AURORA CASTRO;4228;ESTEIRA ROLETE MOTOR/ CURVA 01  EMB 009 (ES1701000120);99985756;EMB;SETOR EMBALAGEM               ;6;;9999;29004;4138;MÁQUINAS PRINCIPAL
92;FRIG. AURORA CASTRO;4228;ESTEIRA ROLETE MOTORIZADO 90º PLT MD48E (ES1701000161);99986233;TCA;SETOR TUNEIS E CAMARAS        ;6;;9999;29004;2313;MÁQUINAS PRINCIPAL
92;FRIG. AURORA CASTRO;4228;ESTEIRA SAIDA DETECTOR METAIS  FATIADOS;99985888;SFT;SETOR DE FATIADOS             ;6;258075;9999;29004;4600;MÁQUINAS PRINCIPAL
92;FRIG. AURORA CASTRO;4228;ESTEIRA SAIDA DETECTOR METAIS  FATIADOS - MOTOREDUTOR;4240;SFT;SETOR DE FATIADOS             ;6;258075;9999;29004;4600;MÁQUINAS SECUNDÁRIAS
92;FRIG. AURORA CASTRO;4228;ESTEIRA SAIDA DETECTOR METAIS F200;4362;SEI;SETOR EMB INDUSTRIALIZADOS    ;6;;999;46054;5345;OUTROS
92;FRIG. AURORA CASTRO;4228;ESTEIRA SAIDA DETECTOR METAIS F200 - REDUTOR;4363;SEI;SETOR EMB INDUSTRIALIZADOS    ;6;;999;46054;5345;OUTROS
92;FRIG. AURORA CASTRO;4228;ESTEIRA SAIDA DETECTOR METAIS F200 - REDUTOR - MOTOR;4364;SEI;SETOR EMB INDUSTRIALIZADOS    ;6;;999;46054;5345;OUTROS
92;FRIG. AURORA CASTRO;4228;ESTEIRA SAIDA DETECTOR METAIS R145;4365;SEI;SETOR EMB INDUSTRIALIZADOS    ;6;;999;46054;5345;OUTROS
92;FRIG. AURORA CASTRO;4228;ESTEIRA SAIDA DETECTOR METAIS R145 - REDUTOR;4366;SEI;SETOR EMB INDUSTRIALIZADOS    ;6;;999;46054;5345;OUTROS
92;FRIG. AURORA CASTRO;4228;ESTEIRA SAIDA DETECTOR METAIS R145 - REDUTOR - MOTOR;4367;SEI;SETOR EMB INDUSTRIALIZADOS    ;6;;999;46054;5345;OUTROS
92;FRIG. AURORA CASTRO;4228;ESTEIRA SAIDA DETECTOR METAIS VC999;4359;SEI;SETOR EMB INDUSTRIALIZADOS    ;8;;999;46054;5345;OUTROS
92;FRIG. AURORA CASTRO;4228;ESTEIRA SAIDA DETECTOR METAIS VC999 - REDUTOR;4360;SEI;SETOR EMB INDUSTRIALIZADOS    ;6;;999;46054;5345;OUTROS
92;FRIG. AURORA CASTRO;4228;ESTEIRA SAIDA DETECTOR METAIS VC999 - REDUTOR - MOTOR;4361;SEI;SETOR EMB INDUSTRIALIZADOS    ;6;;999;46054;5345;OUTROS
92;FRIG. AURORA CASTRO;4228;ESTEIRA SAIDA ELEVADOR DESENFORMAGEM;99986191;PRU;SETOR DE PRESUNTARIA          ;6;;9999;29004;2291;OUTROS
92;FRIG. AURORA CASTRO;4228;ESTEIRA SAIDA ELEVADOR DESENFORMAGEM - MOTOREDUTOR;5281;PRU;SETOR DE PRESUNTARIA          ;6;;9999;29004;2291;OUTROS
92;FRIG. AURORA CASTRO;4228;ESTEIRA SAIDA MISTURADEIRA HIGHTECH;99986026;SFR;SETOR EMBUTIDOS FRESCAIS      ;6;256997;9999;29004;4057;MÁQUINAS PRINCIPAL
92;FRIG. AURORA CASTRO;4228;ESTEIRA SAIDA MISTURADEIRA HIGHTECH - REDUTOR - MOTOR;4109;SFR;SETOR EMBUTIDOS FRESCAIS      ;8;256997;9999;29004;4057;MÁQUINAS SECUNDÁRIAS
92;FRIG. AURORA CASTRO;4228;ESTEIRA SAIDA MISTURADEIRA HIGHTECH - SISTEMA DE SEGURANÇA;4104;SFR;SETOR EMBUTIDOS FRESCAIS      ;8;256997;9999;29004;4057;MÁQUINAS SECUNDÁRIAS
92;FRIG. AURORA CASTRO;4228;ESTEIRA SAIDA MISTURADEIRA HIGHTECH - SISTEMA ELETRICO;4102;SFR;SETOR EMBUTIDOS FRESCAIS      ;8;256997;9999;29004;4057;MÁQUINAS SECUNDÁRIAS
92;FRIG. AURORA CASTRO;4228;ESTEIRA SAIDA MP REFILE PALETA DEBOFLEX DIREITA MI08E (ES1701000228);99985773;EPJ;SETOR DE ESPOSTEJAMENTO       ;6;;9999;29004;2224;MÁQUINAS PRINCIPAL
92;FRIG. AURORA CASTRO;4228;ESTEIRA SAIDA PRESUNTARIA;99985794;SEI;SETOR EMB INDUSTRIALIZADOS    ;6;;9999;29004;5345;OUTROS
92;FRIG. AURORA CASTRO;4228;ESTEIRA SAIDA PRESUNTARIA - REDUTOR;4350;SEI;SETOR EMB INDUSTRIALIZADOS    ;6;;999;46054;5345;OUTROS
92;FRIG. AURORA CASTRO;4228;ESTEIRA SAIDA PRESUNTARIA - REDUTOR - MOTOR;4351;SEI;SETOR EMB INDUSTRIALIZADOS    ;6;;999;46054;5345;OUTROS
92;FRIG. AURORA CASTRO;4228;ESTEIRA SAIDA TENDERIZADOR;99986189;PRU;SETOR DE PRESUNTARIA          ;6;257116;9999;29004;2291;MÁQUINAS PRINCIPAL
92;FRIG. AURORA CASTRO;4228;ESTEIRA SAIDA TENDERIZADOR - MOTOREDUTOR;5275;PRU;SETOR DE PRESUNTARIA          ;6;257116;9999;29004;2291;MÁQUINAS SECUNDÁRIAS
92;FRIG. AURORA CASTRO;4228;ESTEIRA SAIDA TERMOFORMADORA;5277;PRU;SETOR DE PRESUNTARIA          ;6;257144;9999;29004;2291;MÁQUINAS PRINCIPAL
92;FRIG. AURORA CASTRO;4228;ESTEIRA SAIDA TERMOFORMADORA - MOTOREDUTOR;5279;PRU;SETOR DE PRESUNTARIA          ;6;257144;9999;29004;2291;MÁQUINAS SECUNDÁRIAS
92;FRIG. AURORA CASTRO;4228;ESTEIRA SAIDA ULMA CARRE 01 MD178E (ES1701000083);99985771;EMB;SETOR EMBALAGEM               ;6;;9999;29004;4138;MÁQUINAS PRINCIPAL
92;FRIG. AURORA CASTRO;4228;ESTEIRA SAIDA ULMA CARRE 02 MD177E (ES1701000084);99985772;EMB;SETOR EMBALAGEM               ;6;;9999;29004;4138;MÁQUINAS PRINCIPAL
92;FRIG. AURORA CASTRO;4228;ESTEIRA SAIDA VC999;99985793;SEI;SETOR EMB INDUSTRIALIZADOS    ;6;258122;9999;29004;5345;MÁQUINAS PRINCIPAL
92;FRIG. AURORA CASTRO;4228;ESTEIRA SAIDA VC999 - REDUTOR;4348;SEI;SETOR EMB INDUSTRIALIZADOS    ;6;258122;999;46054;5345;MÁQUINAS SECUNDÁRIAS
92;FRIG. AURORA CASTRO;4228;ESTEIRA SAIDA VC999 - REDUTOR - MOTOR;4349;SEI;SETOR EMB INDUSTRIALIZADOS    ;6;258122;999;46054;5345;MÁQUINAS SECUNDÁRIAS
92;FRIG. AURORA CASTRO;4228;ESTEIRA SAÍDA CMS PARA GALERIA;99985779;CMS;SETOR PRODUCAO CMS            ;6;254644;9999;29004;4120;MÁQUINAS PRINCIPAL
92;FRIG. AURORA CASTRO;4228;ESTEIRA SAÍDA CMS PARA GALERIA - REDUTOR;99987637;CMS;SETOR PRODUCAO CMS            ;6;254644;9999;33000;4120;MÁQUINAS SECUNDÁRIAS
92;FRIG. AURORA CASTRO;4228;ESTEIRA SAÍDA CMS PARA GALERIA - REDUTOR - MOTOR;99985559;CMS;SETOR PRODUCAO CMS            ;6;0;9999;32010;4120;OUTROS
92;FRIG. AURORA CASTRO;4228;ESTEIRA SAÍDA CMS PARA GALERIA - SISTEMA DE SEGURANÇA;99985656;CMS;SETOR PRODUCAO CMS            ;6;0;9999;29004;4120;OUTROS
92;FRIG. AURORA CASTRO;4228;ESTEIRA SAÍDA CMS PARA GALERIA - SISTEMA ELÉTRICO;99985652;CMS;SETOR PRODUCAO CMS            ;6;0;9999;29004;4120;OUTROS
92;FRIG. AURORA CASTRO;4228;ESTEIRA SAÍDA MESA ROLANTE VISCERAS PARA TRIPARIA;99985876;ABT;SETOR ABATE/RESFRIAMENTO      ;6;254252;9999;29004;2488;MÁQUINAS PRINCIPAL
92;FRIG. AURORA CASTRO;4228;ESTEIRA SAÍDA MESA ROLANTE VISCERAS PARA TRIPARIA - MOTOREDUTOR;99988923;ABT;SETOR ABATE/RESFRIAMENTO      ;6;254252;9999;19000;2488;MÁQUINAS SECUNDÁRIAS
92;FRIG. AURORA CASTRO;4228;ESTEIRA SAÍDA MESA ROLANTE VISCERAS PARA TRIPARIA - SISTEMA DE SEGURANÇA;1556;ABT;SETOR ABATE/RESFRIAMENTO      ;6;254252;9999;29004;2488;MÁQUINAS SECUNDÁRIAS
92;FRIG. AURORA CASTRO;4228;ESTEIRA SAÍDA MESA ROLANTE VISCERAS PARA TRIPARIA - SISTEMA ELÉTRICO;1555;ABT;SETOR ABATE/RESFRIAMENTO      ;6;254252;9999;29004;2488;MÁQUINAS SECUNDÁRIAS
92;FRIG. AURORA CASTRO;4228;ESTEIRA SAÍDA TOLVA;99986028;SFR;SETOR EMBUTIDOS FRESCAIS      ;6;;9999;29004;4057;MÁQUINAS PRINCIPAL
92;FRIG. AURORA CASTRO;4228;ESTEIRA SAÍDA TOLVA - MOTOREDUTOR;6170;SFR;SETOR EMBUTIDOS FRESCAIS      ;6;;9999;29004;4057;OUTROS
92;FRIG. AURORA CASTRO;4228;ESTEIRA SAÍDA TOLVA - SISTEMA ELÉTRICO;6171;SFR;SETOR EMBUTIDOS FRESCAIS      ;6;;9999;29004;4057;OUTROS
92;FRIG. AURORA CASTRO;4228;ESTEIRA TRANS. APOS ELEVADOR TOMBADOR (ES1701000039);99986324;CUR;SETOR EMB CURADOS             ;6;1;9999;29004;5525;MÁQUINAS PRINCIPAL
92;FRIG. AURORA CASTRO;4228;ESTEIRA TRANS. APOS ELEVADOR TOMBADOR - MOTOREDUTOR;5984;CUR;SETOR EMB CURADOS             ;6;;9999;29004;5525;OUTROS
92;FRIG. AURORA CASTRO;4228;ESTEIRA TRANS. GZB 350 BELT CONVEYOR BACON;99985444;DEF;SETOR DEFUMADOS               ;6;257393;9999;29004;2496;MÁQUINAS PRINCIPAL
92;FRIG. AURORA CASTRO;4228;ESTEIRA TRANS. GZB 350 BELT CONVEYOR BACON - REDUTOR;2903;DEF;SETOR DEFUMADOS               ;8;257393;9999;29004;2496;MÁQUINAS SECUNDÁRIAS
92;FRIG. AURORA CASTRO;4228;ESTEIRA TRANS. GZB 350 BELT CONVEYOR BACON - REDUTOR - MOTOR;2904;DEF;SETOR DEFUMADOS               ;8;257393;9999;29004;2496;MÁQUINAS SECUNDÁRIAS
92;FRIG. AURORA CASTRO;4228;ESTEIRA TRANSP. CAIXAS DIR.A  EMB 029 (ES1701000140);99985757;EMB;SETOR EMBALAGEM               ;6;;9999;29004;4138;MÁQUINAS PRINCIPAL
92;FRIG. AURORA CASTRO;4228;ESTEIRA TRANSP. PRODUTO EMB. SEC. 01 (ES1701000033);99986024;SFR;SETOR EMBUTIDOS FRESCAIS      ;6;;9999;29004;4057;MÁQUINAS PRINCIPAL
92;FRIG. AURORA CASTRO;4228;ESTEIRA TRANSP. PRODUTO EMB. SEC. 02 (ES1701000035);99986025;SFR;SETOR EMBUTIDOS FRESCAIS      ;6;;9999;29004;4057;MÁQUINAS PRINCIPAL
92;FRIG. AURORA CASTRO;4228;ESTEIRA TRANSPORTE APOS ESTOURAR TRIPA;99986338;CUR;SETOR EMB CURADOS             ;6;258858;9999;29004;5525;MÁQUINAS PRINCIPAL
92;FRIG. AURORA CASTRO;4228;ESTEIRA TRANSPORTE APOS ESTOURAR TRIPA - MOTOREDUTOR;5985;CUR;SETOR EMB CURADOS             ;6;258858;9999;29004;5525;MÁQUINAS SECUNDÁRIAS
92;FRIG. AURORA CASTRO;4228;ESTEIRA TRANSPORTE CAIXAS ESQ.  EMB 029 (ES1701000139);99985758;EMB;SETOR EMBALAGEM               ;6;;9999;29004;4138;MÁQUINAS PRINCIPAL
92;FRIG. AURORA CASTRO;4228;ESTEIRA TRANSPORTE SAIDA MOEDOR;99986334;CUR;SETOR EMB CURADOS             ;6;257513;9999;29004;5525;MÁQUINAS PRINCIPAL
92;FRIG. AURORA CASTRO;4228;ESTEIRA TRANSPORTE SAIDA MOEDOR - MOTOREDUTOR;5986;CUR;SETOR EMB CURADOS             ;6;257513;9999;29004;5525;MÁQUINAS SECUNDÁRIAS
92;FRIG. AURORA CASTRO;4228;ESTERILIZADOR ABATE EMERGÊNCIA RECEPCAO (ET1701000004);99986755;REC;SETOR DE RECEPCAO             ;6;;9999;31002;2216;MÁQUINAS PRINCIPAL
92;FRIG. AURORA CASTRO;4228;ESTERILIZADOR PARA SERRA MANUAL DE CARCAÇA SULMAQ 01;1407;ABT;SETOR ABATE/RESFRIAMENTO      ;6;0;9999;15005;2488;OUTROS
92;FRIG. AURORA CASTRO;4228;ESTERILIZADOR PARA SERRA MANUAL DE CARCAÇA SULMAQ 02;1408;ABT;SETOR ABATE/RESFRIAMENTO      ;6;0;9999;15005;2488;OUTROS
92;FRIG. AURORA CASTRO;4228;ESTUFA VEMAG 01;99985848;EST;SETOR DE ESTUFAS              ;6;257928;9999;7001;4588;MÁQUINAS PRINCIPAL
92;FRIG. AURORA CASTRO;4228;ESTUFA VEMAG 01 - COZIMENTO - SISTEMA VENTILAÇÃO CIRCULAÇÃO;99996063;EST;SETOR DE ESTUFAS              ;6;257928;9999;7001;4588;MÁQUINAS SECUNDÁRIAS
92;FRIG. AURORA CASTRO;4228;ESTUFA VEMAG 01 - COZIMENTO - SISTEMA VENTILAÇÃO EXAUSTÃO;99996093;EST;SETOR DE ESTUFAS              ;6;257928;9999;7001;4588;MÁQUINAS SECUNDÁRIAS
92;FRIG. AURORA CASTRO;4228;ESTUFA VEMAG 01 - FUMEIRO;99985853;EST;SETOR DE ESTUFAS              ;6;257928;9999;7001;4588;MÁQUINAS SECUNDÁRIAS
92;FRIG. AURORA CASTRO;4228;ESTUFA VEMAG 01 - FUMEIRO - AGITADOR - MOTOREDUTOR;99996144;EST;SETOR DE ESTUFAS              ;6;257928;9999;18000;4588;MÁQUINAS SECUNDÁRIAS
92;FRIG. AURORA CASTRO;4228;ESTUFA VEMAG 01 - FUMEIRO - INSUFLADOR;99996146;EST;SETOR DE ESTUFAS              ;6;257928;9999;7001;4588;MÁQUINAS SECUNDÁRIAS
92;FRIG. AURORA CASTRO;4228;ESTUFA VEMAG 01 - FUMEIRO - SISTEMA ELETRICO;99996148;EST;SETOR DE ESTUFAS              ;6;257928;9999;7001;4588;MÁQUINAS SECUNDÁRIAS
92;FRIG. AURORA CASTRO;4228;ESTUFA VEMAG 01 - RESFRIAMENTO - SISTEMA VENTILAÇÃO CIRCULAÇÃO;99996104;EST;SETOR DE ESTUFAS              ;6;257928;9999;7001;4588;MÁQUINAS SECUNDÁRIAS
92;FRIG. AURORA CASTRO;4228;ESTUFA VEMAG 01 - SISTEMA DE TRANSPOTE;99996051;EST;SETOR DE ESTUFAS              ;6;257928;9999;7001;4588;MÁQUINAS SECUNDÁRIAS
92;FRIG. AURORA CASTRO;4228;ESTUFA VEMAG 01 - SISTEMA ELETRICO;99996106;EST;SETOR DE ESTUFAS              ;6;257928;9999;7001;4588;MÁQUINAS SECUNDÁRIAS
92;FRIG. AURORA CASTRO;4228;ESTUFA VEMAG 01 CAMARA DE TROCA - FLAP - COZIMENTO;99996047;EST;SETOR DE ESTUFAS              ;6;257928;9999;7001;4588;MÁQUINAS SECUNDÁRIAS
92;FRIG. AURORA CASTRO;4228;ESTUFA VEMAG 01 CAMARA DE TROCA - FLAP - RESFRIAMENTO;99996096;EST;SETOR DE ESTUFAS              ;6;257928;9999;7001;4588;MÁQUINAS SECUNDÁRIAS
92;FRIG. AURORA CASTRO;4228;ESTUFA VEMAG 01 CÂMARA DE TROCA - FLAP - COZIMENTO - MOTOREDUTOR;99996043;EST;SETOR DE ESTUFAS              ;6;257928;9999;18000;4588;MÁQUINAS SECUNDÁRIAS
92;FRIG. AURORA CASTRO;4228;ESTUFA VEMAG 01 CÂMARA DE TROCA - FLAP - RESFRIAMENTO - MOTOREDUTOR;99996097;EST;SETOR DE ESTUFAS              ;6;257928;9999;19000;4588;MÁQUINAS SECUNDÁRIAS
92;FRIG. AURORA CASTRO;4228;ESTUFA VEMAG 02;99985855;EST;SETOR DE ESTUFAS              ;6;257929;9999;7001;4588;MÁQUINAS PRINCIPAL
92;FRIG. AURORA CASTRO;4228;ESTUFA VEMAG 02 - COZIMENTO - SISTEMA VENTILAÇÃO CIRCULAÇÃO;99996227;EST;SETOR DE ESTUFAS              ;6;257929;9999;7001;4588;MÁQUINAS SECUNDÁRIAS
92;FRIG. AURORA CASTRO;4228;ESTUFA VEMAG 02 - COZIMENTO - SISTEMA VENTILAÇÃO EXAUSTÃO;99996229;EST;SETOR DE ESTUFAS              ;6;257929;9999;7001;4588;MÁQUINAS SECUNDÁRIAS
92;FRIG. AURORA CASTRO;4228;ESTUFA VEMAG 02 - FUMEIRO;99985858;EST;SETOR DE ESTUFAS              ;6;257929;9999;7001;4588;MÁQUINAS SECUNDÁRIAS
92;FRIG. AURORA CASTRO;4228;ESTUFA VEMAG 02 - FUMEIRO - INSUFLADOR;99996249;EST;SETOR DE ESTUFAS              ;6;257929;9999;7001;4588;MÁQUINAS SECUNDÁRIAS
92;FRIG. AURORA CASTRO;4228;ESTUFA VEMAG 02 - FUMEIRO - SISTEMA ELETRICO;99996251;EST;SETOR DE ESTUFAS              ;6;257929;9999;7001;4588;MÁQUINAS SECUNDÁRIAS
92;FRIG. AURORA CASTRO;4228;ESTUFA VEMAG 02 - RESFRIAMENTO - SISTEMA VENTILAÇÃO CIRCULAÇÃO;99996240;EST;SETOR DE ESTUFAS              ;6;257929;9999;7001;4588;MÁQUINAS SECUNDÁRIAS
92;FRIG. AURORA CASTRO;4228;ESTUFA VEMAG 02 - SISTEMA DE TRANSPOTE;99996220;EST;SETOR DE ESTUFAS              ;6;257929;9999;7001;4588;MÁQUINAS SECUNDÁRIAS
92;FRIG. AURORA CASTRO;4228;ESTUFA VEMAG 02 - SISTEMA ELETRICO;99996242;EST;SETOR DE ESTUFAS              ;6;257929;9999;7001;4588;MÁQUINAS SECUNDÁRIAS
92;FRIG. AURORA CASTRO;4228;ESTUFA VEMAG 02 CAMARA DE TROCA - FLAP - COZIMENTO;99996217;EST;SETOR DE ESTUFAS              ;6;257929;9999;7001;4588;MÁQUINAS SECUNDÁRIAS
92;FRIG. AURORA CASTRO;4228;ESTUFA VEMAG 02 CAMARA DE TROCA - FLAP - RESFRIAMENTO;99996231;EST;SETOR DE ESTUFAS              ;6;257929;9999;7001;4588;MÁQUINAS SECUNDÁRIAS
92;FRIG. AURORA CASTRO;4228;ESTUFA VEMAG 02 CÂMARA DE TROCA - FLAP - COZIMENTO - MOTOREDUTOR;99996218;EST;SETOR DE ESTUFAS              ;6;257929;9999;18000;4588;MÁQUINAS SECUNDÁRIAS
92;FRIG. AURORA CASTRO;4228;ESTUFA VEMAG 02 CÂMARA DE TROCA - FLAP - RESFRIAMENTO - MOTOREDUTOR;99996232;EST;SETOR DE ESTUFAS              ;6;257929;9999;18000;4588;MÁQUINAS SECUNDÁRIAS
92;FRIG. AURORA CASTRO;4228;ESTUFA VEMAG 03;99985860;EST;SETOR DE ESTUFAS              ;6;257930;9999;7001;4588;MÁQUINAS PRINCIPAL
92;FRIG. AURORA CASTRO;4228;ESTUFA VEMAG 03 - COZIMENTO - SISTEMA VENTILAÇÃO CIRCULAÇÃO;99996271;EST;SETOR DE ESTUFAS              ;6;257930;9999;7001;4588;MÁQUINAS SECUNDÁRIAS
92;FRIG. AURORA CASTRO;4228;ESTUFA VEMAG 03 - COZIMENTO - SISTEMA VENTILAÇÃO EXAUSTÃO;99996273;EST;SETOR DE ESTUFAS              ;6;257930;9999;7001;4588;MÁQUINAS SECUNDÁRIAS
92;FRIG. AURORA CASTRO;4228;ESTUFA VEMAG 03 - FUMEIRO;99985863;EST;SETOR DE ESTUFAS              ;6;257930;9999;7001;4588;MÁQUINAS SECUNDÁRIAS
92;FRIG. AURORA CASTRO;4228;ESTUFA VEMAG 03 - FUMEIRO - AGITADOR - MOTOREDUTOR;99996291;EST;SETOR DE ESTUFAS              ;6;257930;9999;18000;4588;MÁQUINAS SECUNDÁRIAS
92;FRIG. AURORA CASTRO;4228;ESTUFA VEMAG 03 - FUMEIRO - INSUFLADOR;99996293;EST;SETOR DE ESTUFAS              ;6;257930;9999;7001;4588;MÁQUINAS SECUNDÁRIAS
92;FRIG. AURORA CASTRO;4228;ESTUFA VEMAG 03 - FUMEIRO - SISTEMA ELETRICO;99996295;EST;SETOR DE ESTUFAS              ;6;257930;9999;7001;4588;MÁQUINAS SECUNDÁRIAS
92;FRIG. AURORA CASTRO;4228;ESTUFA VEMAG 03 - RESFRIAMENTO - SISTEMA VENTILAÇÃO CIRCULAÇÃO;99996284;EST;SETOR DE ESTUFAS              ;6;257930;9999;7001;4588;MÁQUINAS SECUNDÁRIAS
92;FRIG. AURORA CASTRO;4228;ESTUFA VEMAG 03 - SISTEMA DE TRANSPOTE;99996265;EST;SETOR DE ESTUFAS              ;6;257930;9999;7001;4588;MÁQUINAS SECUNDÁRIAS
92;FRIG. AURORA CASTRO;4228;ESTUFA VEMAG 03 - SISTEMA ELETRICO;99996286;EST;SETOR DE ESTUFAS              ;6;257930;9999;7001;4588;MÁQUINAS SECUNDÁRIAS
92;FRIG. AURORA CASTRO;4228;ESTUFA VEMAG 03 CAMARA DE TROCA - FLAP - COZIMENTO;99996262;EST;SETOR DE ESTUFAS              ;6;257930;9999;7001;4588;MÁQUINAS SECUNDÁRIAS
92;FRIG. AURORA CASTRO;4228;ESTUFA VEMAG 03 CAMARA DE TROCA - FLAP - RESFRIAMENTO;99996275;EST;SETOR DE ESTUFAS              ;6;257930;9999;7001;4588;MÁQUINAS SECUNDÁRIAS
92;FRIG. AURORA CASTRO;4228;ESTUFA VEMAG 03 CÂMARA DE TROCA - FLAP - COZIMENTO - MOTOREDUTOR;99996263;EST;SETOR DE ESTUFAS              ;6;257930;9999;18000;4588;MÁQUINAS SECUNDÁRIAS
92;FRIG. AURORA CASTRO;4228;ESTUFA VEMAG 03 CÂMARA DE TROCA - FLAP - RESFRIAMENTO - MOTOREDUTOR;99996276;EST;SETOR DE ESTUFAS              ;6;257930;9999;18000;4588;MÁQUINAS SECUNDÁRIAS
92;FRIG. AURORA CASTRO;4228;ESTUFA VEMAG 04;99985866;EST;SETOR DE ESTUFAS              ;6;257931;9999;7001;4588;MÁQUINAS PRINCIPAL
92;FRIG. AURORA CASTRO;4228;ESTUFA VEMAG 04 - COZIMENTO - SISTEMA VENTILAÇÃO CIRCULAÇÃO;99996307;EST;SETOR DE ESTUFAS              ;6;257931;9999;7001;4588;MÁQUINAS SECUNDÁRIAS
92;FRIG. AURORA CASTRO;4228;ESTUFA VEMAG 04 - COZIMENTO - SISTEMA VENTILAÇÃO EXAUSTÃO;99996309;EST;SETOR DE ESTUFAS              ;6;257931;9999;7001;4588;MÁQUINAS SECUNDÁRIAS
92;FRIG. AURORA CASTRO;4228;ESTUFA VEMAG 04 - FUMEIRO;99985869;EST;SETOR DE ESTUFAS              ;6;257931;9999;7001;4588;MÁQUINAS SECUNDÁRIAS
92;FRIG. AURORA CASTRO;4228;ESTUFA VEMAG 04 - FUMEIRO - AGITADOR - MOTOREDUTOR;99996380;EST;SETOR DE ESTUFAS              ;6;257931;9999;18000;4588;MÁQUINAS SECUNDÁRIAS
92;FRIG. AURORA CASTRO;4228;ESTUFA VEMAG 04 - FUMEIRO - INSUFLADOR;99996382;EST;SETOR DE ESTUFAS              ;6;257931;9999;7001;4588;MÁQUINAS SECUNDÁRIAS
92;FRIG. AURORA CASTRO;4228;ESTUFA VEMAG 04 - FUMEIRO - SISTEMA ELETRICO;99996384;EST;SETOR DE ESTUFAS              ;6;257931;9999;7001;4588;MÁQUINAS SECUNDÁRIAS
92;FRIG. AURORA CASTRO;4228;ESTUFA VEMAG 04 - RESFRIAMENTO - SISTEMA VENTILAÇÃO CIRCULAÇÃO;99996320;EST;SETOR DE ESTUFAS              ;6;257931;9999;7001;4588;MÁQUINAS SECUNDÁRIAS
92;FRIG. AURORA CASTRO;4228;ESTUFA VEMAG 04 - SISTEMA DE TRANSPOTE;99996301;EST;SETOR DE ESTUFAS              ;6;257931;9999;7001;4588;MÁQUINAS SECUNDÁRIAS
92;FRIG. AURORA CASTRO;4228;ESTUFA VEMAG 04 - SISTEMA ELETRICO;99996322;EST;SETOR DE ESTUFAS              ;6;257931;9999;7001;4588;MÁQUINAS SECUNDÁRIAS
92;FRIG. AURORA CASTRO;4228;ESTUFA VEMAG 04 CAMARA DE TROCA - FLAP - COZIMENTO;99996298;EST;SETOR DE ESTUFAS              ;6;257931;9999;7001;4588;MÁQUINAS SECUNDÁRIAS
92;FRIG. AURORA CASTRO;4228;ESTUFA VEMAG 04 CAMARA DE TROCA - FLAP - RESFRIAMENTO;99996311;EST;SETOR DE ESTUFAS              ;6;257931;9999;7001;4588;MÁQUINAS SECUNDÁRIAS
92;FRIG. AURORA CASTRO;4228;ESTUFA VEMAG 04 CÂMARA DE TROCA - FLAP - COZIMENTO - MOTOREDUTOR;99996299;EST;SETOR DE ESTUFAS              ;6;257931;9999;18000;4588;MÁQUINAS SECUNDÁRIAS
92;FRIG. AURORA CASTRO;4228;ESTUFA VEMAG 04 CÂMARA DE TROCA - FLAP - RESFRIAMENTO - MOTOREDUTOR;99996312;EST;SETOR DE ESTUFAS              ;6;257931;9999;18000;4588;MÁQUINAS SECUNDÁRIAS
92;FRIG. AURORA CASTRO;4228;ESTUFA VEMAG 05;99985871;EST;SETOR DE ESTUFAS              ;6;257932;9999;7001;4588;MÁQUINAS PRINCIPAL
92;FRIG. AURORA CASTRO;4228;ESTUFA VEMAG 05 - COZIMENTO - SISTEMA VENTILAÇÃO CIRCULAÇÃO;99996396;EST;SETOR DE ESTUFAS              ;6;257932;9999;7001;4588;MÁQUINAS SECUNDÁRIAS
92;FRIG. AURORA CASTRO;4228;ESTUFA VEMAG 05 - COZIMENTO - SISTEMA VENTILAÇÃO EXAUSTÃO;99996398;EST;SETOR DE ESTUFAS              ;6;257932;9999;7001;4588;MÁQUINAS SECUNDÁRIAS
92;FRIG. AURORA CASTRO;4228;ESTUFA VEMAG 05 - FUMEIRO;99996415;EST;SETOR DE ESTUFAS              ;6;257932;9999;7001;4588;MÁQUINAS SECUNDÁRIAS
92;FRIG. AURORA CASTRO;4228;ESTUFA VEMAG 05 - FUMEIRO - AGITADOR - MOTOREDUTOR;99996417;EST;SETOR DE ESTUFAS              ;6;257932;9999;18000;4588;MÁQUINAS SECUNDÁRIAS
92;FRIG. AURORA CASTRO;4228;ESTUFA VEMAG 05 - FUMEIRO - INSUFLADOR;99996419;EST;SETOR DE ESTUFAS              ;6;257932;9999;7001;4588;MÁQUINAS SECUNDÁRIAS
92;FRIG. AURORA CASTRO;4228;ESTUFA VEMAG 05 - FUMEIRO - SISTEMA ELETRICO;99996421;EST;SETOR DE ESTUFAS              ;6;257932;9999;7001;4588;MÁQUINAS SECUNDÁRIAS
92;FRIG. AURORA CASTRO;4228;ESTUFA VEMAG 05 - RESFRIAMENTO - SISTEMA VENTILAÇÃO CIRCULAÇÃO;99996409;EST;SETOR DE ESTUFAS              ;6;257932;9999;7001;4588;MÁQUINAS SECUNDÁRIAS
92;FRIG. AURORA CASTRO;4228;ESTUFA VEMAG 05 - SISTEMA DE TRANSPOTE;99996390;EST;SETOR DE ESTUFAS              ;6;257932;9999;7001;4588;MÁQUINAS SECUNDÁRIAS
92;FRIG. AURORA CASTRO;4228;ESTUFA VEMAG 05 - SISTEMA ELETRICO;99996411;EST;SETOR DE ESTUFAS              ;6;257932;9999;7001;4588;MÁQUINAS SECUNDÁRIAS
92;FRIG. AURORA CASTRO;4228;ESTUFA VEMAG 05 CAMARA DE TROCA - FLAP - COZIMENTO;99996387;EST;SETOR DE ESTUFAS              ;6;257932;9999;7001;4588;MÁQUINAS SECUNDÁRIAS
92;FRIG. AURORA CASTRO;4228;ESTUFA VEMAG 05 CAMARA DE TROCA - FLAP - RESFRIAMENTO;99996400;EST;SETOR DE ESTUFAS              ;6;257932;9999;7001;4588;MÁQUINAS SECUNDÁRIAS
92;FRIG. AURORA CASTRO;4228;ESTUFA VEMAG 05 CÂMARA DE TROCA - FLAP - COZIMENTO - MOTOREDUTOR;99996388;EST;SETOR DE ESTUFAS              ;6;257932;9999;18000;4588;MÁQUINAS SECUNDÁRIAS
92;FRIG. AURORA CASTRO;4228;ESTUFA VEMAG 05 CÂMARA DE TROCA - FLAP - RESFRIAMENTO - MOTOREDUTOR;99996401;EST;SETOR DE ESTUFAS              ;6;257932;9999;18000;4588;MÁQUINAS SECUNDÁRIAS
92;FRIG. AURORA CASTRO;4228;EVAP. RE. 5°C AMBIENTE CÂMARA PÓS ESTUFA (EVA1701000156);99986022;CEB;EMBUTIDOS COZIDOS             ;6;;9999;22008;2283;MÁQUINAS PRINCIPAL
92;FRIG. AURORA CASTRO;4228;EVAP. REG.  5 AMBIENTE (EVA1701000123);99986001;CEB;EMBUTIDOS COZIDOS             ;6;;9999;22008;2283;MÁQUINAS PRINCIPAL
92;FRIG. AURORA CASTRO;4228;EVAP. REG. 35°C (TUNEL CONGELAMENTO GEA) (EVA1701000097);99986335;TCA;SETOR TUNEIS E CAMARAS        ;4;;9999;22008;2313;MÁQUINAS SECUNDÁRIAS
92;FRIG. AURORA CASTRO;4228;EVAP. REG. 35°C CÂMARA EST. CONG. 01;99985905;EXD;EXPEDICAO                     ;6;;9999;22008;2348;MÁQUINAS PRINCIPAL
92;FRIG. AURORA CASTRO;4228;EVAP. REG. 35°C CÂMARA EST. CONG. 02;99985907;EXD;EXPEDICAO                     ;6;;9999;22008;2348;MÁQUINAS PRINCIPAL
92;FRIG. AURORA CASTRO;4228;EVAP. REG. 35°C CÂMARA SECAGEM PALETA01 (EVA1701000075);99986346;CUR;SETOR EMB CURADOS             ;6;1;9999;22008;5525;MÁQUINAS PRINCIPAL
92;FRIG. AURORA CASTRO;4228;EVAP. REG. 35°C CÂMARA SECAGEM PALETA02 (EVA1701000076);99986375;CUR;SETOR EMB CURADOS             ;6;0;9999;22008;5525;MÁQUINAS PRINCIPAL
92;FRIG. AURORA CASTRO;4228;EVAP. REG. 35°C TÚNEL CONG. MIÚDO 02 (EVA1701000104);99986329;TCA;SETOR TUNEIS E CAMARAS        ;4;;9999;22008;2313;MÁQUINAS SECUNDÁRIAS
92;FRIG. AURORA CASTRO;4228;EVAP. REG. 35°C TÚNEL CONG. MIÚDOS 01 (EVA1701000103);99986326;TCA;SETOR TUNEIS E CAMARAS        ;4;;9999;22008;2313;MÁQUINAS SECUNDÁRIAS
92;FRIG. AURORA CASTRO;4228;EVAP. REG. 5°C  DE GAIOLAS 01 (EVA1701000147);99986379;CUR;SETOR EMB CURADOS             ;6;1;9999;22008;5525;MÁQUINAS PRINCIPAL
92;FRIG. AURORA CASTRO;4228;EVAP. REG. 5°C  DE GAIOLAS 02 (EVA1701000148);99986380;CUR;SETOR EMB CURADOS             ;6;1;9999;22008;5525;MÁQUINAS PRINCIPAL
92;FRIG. AURORA CASTRO;4228;EVAP. REG. 5°C  DE TRIPAS (EVA1701000149);99986381;CUR;SETOR EMB CURADOS             ;6;1;9999;22008;5525;MÁQUINAS PRINCIPAL
92;FRIG. AURORA CASTRO;4228;EVAP. REG. 5°C (CIRC.  03);99985909;EXD;EXPEDICAO                     ;6;;9999;22008;2348;MÁQUINAS PRINCIPAL
92;FRIG. AURORA CASTRO;4228;EVAP. REG. 5°C (CIRC. 01);99985920;EXD;EXPEDICAO                     ;6;;9999;22008;2348;MÁQUINAS PRINCIPAL
92;FRIG. AURORA CASTRO;4228;EVAP. REG. 5°C (CIRC. 02);99985925;EXD;EXPEDICAO                     ;6;;9999;22008;2348;MÁQUINAS PRINCIPAL
92;FRIG. AURORA CASTRO;4228;EVAP. REG. 5°C (CIRC. 03);99985929;EXD;EXPEDICAO                     ;4;;9999;22008;2348;MÁQUINAS PRINCIPAL
92;FRIG. AURORA CASTRO;4228;EVAP. REG. 5°C (CÂMARA RESFR. FRESCAL) (EVA1701000135);99986037;SFR;SETOR EMBUTIDOS FRESCAIS      ;4;;9999;22008;4057;MÁQUINAS PRINCIPAL
92;FRIG. AURORA CASTRO;4228;EVAP. REG. 5°C ABS. ( CMS) (EVA1701000096);99986207;EPJ;SETOR DE ESPOSTEJAMENTO       ;6;;9999;22008;2224;MÁQUINAS PRINCIPAL
92;FRIG. AURORA CASTRO;4228;EVAP. REG. 5°C ABS. ( SALA DE PAINÉIS) (EVA1701000094);99986209;EPJ;SETOR DE ESPOSTEJAMENTO       ;4;;9999;22008;2224;MÁQUINAS PRINCIPAL
92;FRIG. AURORA CASTRO;4228;EVAP. REG. 5°C ABS. (CORREDOR DESOSSA01) (EVA1701000089);99986210;EPJ;SETOR DE ESPOSTEJAMENTO       ;4;;9999;22008;2224;MÁQUINAS PRINCIPAL
92;FRIG. AURORA CASTRO;4228;EVAP. REG. 5°C ABS. (CORREDOR DESOSSA02) (EVA1701000090);99986211;EPJ;SETOR DE ESPOSTEJAMENTO       ;4;;9999;22008;2224;MÁQUINAS PRINCIPAL
92;FRIG. AURORA CASTRO;4228;EVAP. REG. 5°C ABS. (DESOSSA01) (EVA1701000080);99986212;EPJ;SETOR DE ESPOSTEJAMENTO       ;4;;9999;22008;2224;MÁQUINAS PRINCIPAL
92;FRIG. AURORA CASTRO;4228;EVAP. REG. 5°C ABS. (DESOSSA02) (EVA1701000081);99986215;EPJ;SETOR DE ESPOSTEJAMENTO       ;4;;9999;22008;2224;MÁQUINAS PRINCIPAL
92;FRIG. AURORA CASTRO;4228;EVAP. REG. 5°C ABS. (DESOSSA03) (EVA1701000082);99986216;EPJ;SETOR DE ESPOSTEJAMENTO       ;4;;9999;22008;2224;MÁQUINAS PRINCIPAL
92;FRIG. AURORA CASTRO;4228;EVAP. REG. 5°C ABS. (DESOSSA04) (EVA1701000083);99986217;EPJ;SETOR DE ESPOSTEJAMENTO       ;4;;9999;22008;2224;MÁQUINAS PRINCIPAL
92;FRIG. AURORA CASTRO;4228;EVAP. REG. 5°C ABS. (DESOSSA05) (EVA1701000084);99986218;EPJ;SETOR DE ESPOSTEJAMENTO       ;4;;9999;22008;2224;MÁQUINAS PRINCIPAL
92;FRIG. AURORA CASTRO;4228;EVAP. REG. 5°C ABS. (DESOSSA06) (EVA1701000085);99986220;EPJ;SETOR DE ESPOSTEJAMENTO       ;4;;9999;22008;2224;MÁQUINAS PRINCIPAL
92;FRIG. AURORA CASTRO;4228;EVAP. REG. 5°C ABS. (DESOSSA07) (EVA1701000086);99986222;EPJ;SETOR DE ESPOSTEJAMENTO       ;4;;9999;22008;2224;MÁQUINAS PRINCIPAL
92;FRIG. AURORA CASTRO;4228;EVAP. REG. 5°C ABS. (DESOSSA08) (EVA1701000087);99986223;EPJ;SETOR DE ESPOSTEJAMENTO       ;4;;9999;22008;2224;MÁQUINAS PRINCIPAL
92;FRIG. AURORA CASTRO;4228;EVAP. REG. 5°C ABS. (DESOSSA09) (EVA1701000088);99986225;EPJ;SETOR DE ESPOSTEJAMENTO       ;4;;9999;22008;2224;MÁQUINAS PRINCIPAL
92;FRIG. AURORA CASTRO;4228;EVAP. REG. 5°C ABS. (ENTRADA MEZ. CORTE) (EVA1701000091);99986227;EPJ;SETOR DE ESPOSTEJAMENTO       ;4;;9999;22008;2224;MÁQUINAS PRINCIPAL
92;FRIG. AURORA CASTRO;4228;EVAP. REG. 5°C ABS. (EVISC. ABATE02) (EVA1701000002);99985542;ABT;SETOR ABATE/RESFRIAMENTO      ;4;;9999;22008;2488;MÁQUINAS PRINCIPAL
92;FRIG. AURORA CASTRO;4228;EVAP. REG. 5°C ABS. (EXPEDIÇÃO  SUBSOLO);99985933;EXD;EXPEDICAO                     ;4;;9999;22008;2348;MÁQUINAS PRINCIPAL
92;FRIG. AURORA CASTRO;4228;EVAP. REG. 5°C ABS. (EXPEDIÇÃO01);99985944;EXD;EXPEDICAO                     ;4;;9999;22008;2348;MÁQUINAS PRINCIPAL
92;FRIG. AURORA CASTRO;4228;EVAP. REG. 5°C ABS. (EXPEDIÇÃO02);99985948;EXD;EXPEDICAO                     ;4;;9999;22008;2348;MÁQUINAS PRINCIPAL
92;FRIG. AURORA CASTRO;4228;EVAP. REG. 5°C ABS. (MEZANINO CORTES01) (EVA1701000092);99986229;EPJ;SETOR DE ESPOSTEJAMENTO       ;4;;9999;22008;2224;MÁQUINAS PRINCIPAL
92;FRIG. AURORA CASTRO;4228;EVAP. REG. 5°C ABS. (MEZANINO CORTES02) (EVA1701000093);99986230;EPJ;SETOR DE ESPOSTEJAMENTO       ;4;;9999;22008;2224;MÁQUINAS PRINCIPAL
92;FRIG. AURORA CASTRO;4228;EVAP. REG. 5°C ABS. ANTECAM TÚNEL MIÚDO (EVA1701000102);99986320;TCA;SETOR TUNEIS E CAMARAS        ;4;;9999;22008;2313;MÁQUINAS PRINCIPAL
92;FRIG. AURORA CASTRO;4228;EVAP. REG. 5°C ABS. CIRC 05  LAV. CAIXA1;99985445;LBM;SETOR LAVAGEM BACIAS/MONOBLOCO;4;;9999;22008;2470;MÁQUINAS PRINCIPAL
92;FRIG. AURORA CASTRO;4228;EVAP. REG. 5°C ABS. CIRC 05  LAV. CAIXA2;99985447;LBM;SETOR LAVAGEM BACIAS/MONOBLOCO;4;;9999;22008;2470;MÁQUINAS PRINCIPAL
92;FRIG. AURORA CASTRO;4228;EVAP. REG. 5°C ABS. CIRC. ACESSO DESOSSA (EVA1701000077);99986231;EPJ;SETOR DE ESPOSTEJAMENTO       ;4;;9999;22008;2224;MÁQUINAS PRINCIPAL
92;FRIG. AURORA CASTRO;4228;EVAP. REG. 5°C ABS. CÂMARA EST. RESF. 01;99985955;EXD;EXPEDICAO                     ;4;;9999;22008;2348;MÁQUINAS PRINCIPAL
92;FRIG. AURORA CASTRO;4228;EVAP. REG. 5°C ABS. CÂMARA EST. RESF. 02;99985958;EXD;EXPEDICAO                     ;4;;9999;22008;2348;MÁQUINAS PRINCIPAL
92;FRIG. AURORA CASTRO;4228;EVAP. REG. 5°C ABS. PALET. DE CONG. 01;99985967;EXD;EXPEDICAO                     ;4;;9999;22008;2348;MÁQUINAS PRINCIPAL
92;FRIG. AURORA CASTRO;4228;EVAP. REG. 5°C ABS. PALET. DE CONG. 04;99985968;EXD;EXPEDICAO                     ;4;;9999;22008;2348;MÁQUINAS PRINCIPAL
92;FRIG. AURORA CASTRO;4228;EVAP. REG. 5°C AMB ANTE CÂMARA CONG/RESF (EVA1701000171);99987015;COD;SETOR DE CONDIMENTOS          ;6;1;9999;22008;4472;MÁQUINAS PRINCIPAL
92;FRIG. AURORA CASTRO;4228;EVAP. REG. 5°C AMB CAM RESFR IND. 02 (EVA1701000170);99987014;COD;SETOR DE CONDIMENTOS          ;6;0;9999;22008;4472;MÁQUINAS PRINCIPAL
92;FRIG. AURORA CASTRO;4228;EVAP. REG. 5°C AMB CAM. RECEB. MP CORTE (EVA1701000163);99987007;COD;SETOR DE CONDIMENTOS          ;6;1;9999;22008;4472;MÁQUINAS PRINCIPAL
92;FRIG. AURORA CASTRO;4228;EVAP. REG. 5°C AMB COR. PREPARO MASSA 01;99986035;CEB;EMBUTIDOS COZIDOS             ;4;;9999;22008;2283;MÁQUINAS PRINCIPAL
92;FRIG. AURORA CASTRO;4228;EVAP. REG. 5°C AMB COR. PREPARO MASSA 02 (EVA1701000161);99986188;CEB;EMBUTIDOS COZIDOS             ;4;;9999;22008;2283;MÁQUINAS PRINCIPAL
92;FRIG. AURORA CASTRO;4228;EVAP. REG. 5°C AMB COR. PREPARO MASSA 03 (EVA1701000162);99986430;CEB;EMBUTIDOS COZIDOS             ;6;1;9999;22008;2283;MÁQUINAS PRINCIPAL
92;FRIG. AURORA CASTRO;4228;EVAP. REG. 5°C AMB CÂMARA CONG. (EVA1701000168);99987012;COD;SETOR DE CONDIMENTOS          ;6;1;9999;22008;4472;MÁQUINAS PRINCIPAL
92;FRIG. AURORA CASTRO;4228;EVAP. REG. 5°C AMB CÂMARA DESCONG. (EVA1701000167);99987011;COD;SETOR DE CONDIMENTOS          ;6;1;9999;22008;4472;MÁQUINAS PRINCIPAL
92;FRIG. AURORA CASTRO;4228;EVAP. REG. 5°C AMB CÂMARA RESFR IND 01 (EVA1701000169);99987013;COD;SETOR DE CONDIMENTOS          ;6;1;9999;22008;4472;MÁQUINAS PRINCIPAL
92;FRIG. AURORA CASTRO;4228;EVAP. REG. 5°C AMB DOCA DESC LIXO IND 01 (EVA1701000165);99987009;COD;SETOR DE CONDIMENTOS          ;6;1;9999;22008;4472;MÁQUINAS PRINCIPAL
92;FRIG. AURORA CASTRO;4228;EVAP. REG. 5°C AMB DOCA DESC LIXO IND 02 (EVA1701000166);99987010;COD;SETOR DE CONDIMENTOS          ;6;1;9999;22008;4472;MÁQUINAS PRINCIPAL
92;FRIG. AURORA CASTRO;4228;EVAP. REG. 5°C AMB DOCA RECEB. MP IND. (EVA1701000164);99987008;COD;SETOR DE CONDIMENTOS          ;6;1;9999;22008;4472;MÁQUINAS PRINCIPAL
92;FRIG. AURORA CASTRO;4228;EVAP. REG. 5°C AMB. (COR. CAMARA MP) 02 (EVA1701000159);99987006;COD;SETOR DE CONDIMENTOS          ;6;1;9999;22008;4472;MÁQUINAS PRINCIPAL
92;FRIG. AURORA CASTRO;4228;EVAP. REG. 5°C AMB. COR. CÂMARAS MP 01 (EVA1701000158);99987005;COD;SETOR DE CONDIMENTOS          ;6;1;9999;22008;4472;MÁQUINAS PRINCIPAL
92;FRIG. AURORA CASTRO;4228;EVAP. REG. 5°C AMBIENTE (EVA1701000125);99985899;SFT;SETOR DE FATIADOS             ;6;;9999;22008;4600;MÁQUINAS PRINCIPAL
92;FRIG. AURORA CASTRO;4228;EVAP. REG. 5°C AMBIENTE 01  FRESCAL (EVA1701000133);99986033;SFR;SETOR EMBUTIDOS FRESCAIS      ;4;;9999;22008;4057;MÁQUINAS PRINCIPAL
92;FRIG. AURORA CASTRO;4228;EVAP. REG. 5°C AMBIENTE 01 EMBALAGEM (EVA1701000128);99985795;SEI;SETOR EMB INDUSTRIALIZADOS    ;4;0;9999;22008;5345;MÁQUINAS PRINCIPAL
92;FRIG. AURORA CASTRO;4228;EVAP. REG. 5°C AMBIENTE 01 PRESUNTARIA (EVA1701000138);99986193;PRU;SETOR DE PRESUNTARIA          ;6;1;9999;22008;2291;MÁQUINAS PRINCIPAL
92;FRIG. AURORA CASTRO;4228;EVAP. REG. 5°C AMBIENTE 02 (EVA1701000134);99986036;SFR;SETOR EMBUTIDOS FRESCAIS      ;4;;9999;22008;4057;MÁQUINAS PRINCIPAL
92;FRIG. AURORA CASTRO;4228;EVAP. REG. 5°C AMBIENTE 02 EMBALAGEM (EVA1701000129);99985797;SEI;SETOR EMB INDUSTRIALIZADOS    ;4;0;9999;22008;5345;MÁQUINAS PRINCIPAL
92;FRIG. AURORA CASTRO;4228;EVAP. REG. 5°C AMBIENTE 02 PRESUNTARIA (EVA1701000139);99986194;PRU;SETOR DE PRESUNTARIA          ;6;1;9999;22008;2291;MÁQUINAS PRINCIPAL
92;FRIG. AURORA CASTRO;4228;EVAP. REG. 5°C AMBIENTE 03 EMBALAGEM (EVA1701000130);99985800;SEI;SETOR EMB INDUSTRIALIZADOS    ;4;0;9999;22008;5345;MÁQUINAS PRINCIPAL
92;FRIG. AURORA CASTRO;4228;EVAP. REG. 5°C AMBIENTE 04 EMBALAGEM (EVA1701000131);99985801;SEI;SETOR EMB INDUSTRIALIZADOS    ;4;0;9999;22008;5345;MÁQUINAS PRINCIPAL
92;FRIG. AURORA CASTRO;4228;EVAP. REG. 5°C AMBIENTE BACON (EVA1701000136);99985446;DEF;SETOR DEFUMADOS               ;4;257398;9999;22008;2496;MÁQUINAS PRINCIPAL
92;FRIG. AURORA CASTRO;4228;EVAP. REG. 5°C AMBIENTE EMB PRIMARIA ME (EVA1701000150);99986382;CUR;SETOR EMB CURADOS             ;6;1;9999;22008;5525;MÁQUINAS PRINCIPAL
92;FRIG. AURORA CASTRO;4228;EVAP. REG. 5°C AMBIENTE EMB SECUN. ME (EVA1701000151);99986383;CUR;SETOR EMB CURADOS             ;6;1;9999;22008;5525;MÁQUINAS PRINCIPAL
92;FRIG. AURORA CASTRO;4228;EVAP. REG. 5°C AMBIENTE PREPARO DE MASSA (EVA1701000154);99986386;CUR;SETOR EMB CURADOS             ;6;1;9999;22008;5525;MÁQUINAS PRINCIPAL
92;FRIG. AURORA CASTRO;4228;EVAP. REG. 5°C AMBIENTE SALMOURA (EVA1701000141);99986196;PRU;SETOR DE PRESUNTARIA          ;6;1;9999;22008;2291;MÁQUINAS PRINCIPAL
92;FRIG. AURORA CASTRO;4228;EVAP. REG. 5°C ANTECÂMARA ESTUFA (EVA1701000124);99986016;CEB;EMBUTIDOS COZIDOS             ;8;;9999;22008;2283;MÁQUINAS PRINCIPAL
92;FRIG. AURORA CASTRO;4228;EVAP. REG. 5°C CAMARA PRODUTO EMB 02 (EVA1701000157);99985806;SEI;SETOR EMB INDUSTRIALIZADOS    ;4;0;9999;22008;5345;MÁQUINAS PRINCIPAL
92;FRIG. AURORA CASTRO;4228;EVAP. REG. 5°C CÂMARA DE CURA 01 (EVA1701000152);99986384;CUR;SETOR EMB CURADOS             ;6;1;9999;22008;5525;MÁQUINAS PRINCIPAL
92;FRIG. AURORA CASTRO;4228;EVAP. REG. 5°C CÂMARA DE CURA 02 (EVA1701000153);99986385;CUR;SETOR EMB CURADOS             ;6;0;9999;22008;5525;MÁQUINAS PRINCIPAL
92;FRIG. AURORA CASTRO;4228;EVAP. REG. 5°C CÂMARA RESFR. BACON ( EVA1701000137);99985449;DEF;SETOR DEFUMADOS               ;4;257399;9999;22008;2496;MÁQUINAS PRINCIPAL
92;FRIG. AURORA CASTRO;4228;EVAP. REG. 5°C CÂMARA RESFR. PRESUNT. (EVA1701000140);99986195;PRU;SETOR DE PRESUNTARIA          ;6;1;9999;22008;2291;MÁQUINAS PRINCIPAL
92;FRIG. AURORA CASTRO;4228;EVAP. REG. 5°C CÂMARA RESFRIAMENTO (EVA1701000126);99985901;SFT;SETOR DE FATIADOS             ;6;;9999;22008;4600;MÁQUINAS PRINCIPAL
92;FRIG. AURORA CASTRO;4228;EVAP. REG. 5°C CÂMARA RESFRIAMENTO EMBALGEM (EVA1701000132);99985804;SEI;SETOR EMB INDUSTRIALIZADOS    ;4;0;9999;22008;5345;MÁQUINAS PRINCIPAL
92;FRIG. AURORA CASTRO;4228;EVAP. REG. 5°C CÂMARA SECAGEM PALETA 01 (EVA1701000145);99986377;CUR;SETOR EMB CURADOS             ;6;1;9999;22008;5525;MÁQUINAS PRINCIPAL
92;FRIG. AURORA CASTRO;4228;EVAP. REG. 5°C CÂMARA SECAGEM PALETA 02 (EVA1701000146);99986378;CUR;SETOR EMB CURADOS             ;6;1;9999;22008;5525;MÁQUINAS PRINCIPAL
92;FRIG. AURORA CASTRO;4228;EVAP. REG. 5°C EMBALAGEM PRIMARIA (EVA1701000127);99985903;SFT;SETOR DE FATIADOS             ;6;;9999;22008;4600;MÁQUINAS PRINCIPAL
92;FRIG. AURORA CASTRO;4228;EVAP. REG. 5°C TUMBLER COPA (EVA1701000155);99986387;CUR;SETOR EMB CURADOS             ;6;1;9999;22008;5525;MÁQUINAS PRINCIPAL
92;FRIG. AURORA CASTRO;4228;EVAPORADOR 01 - A4E1;99988304;MIN;MIUDOS INTERNOS               ;6;;9999;22008;2721;MÁQUINAS PRINCIPAL
92;FRIG. AURORA CASTRO;4228;EVAPORADOR REG. 5°C ABS. (EVISC. ABATE01) (EVA1701000001);99985541;ABT;SETOR ABATE/RESFRIAMENTO      ;4;;9999;22008;2488;MÁQUINAS PRINCIPAL
92;FRIG. AURORA CASTRO;4228;EVAPORADOR REGIME -5°C ABSORÇÃO PALETIZAÇÃO CONGELADOS - 03 (EVA1701000109);99985962;ABT;SETOR ABATE/RESFRIAMENTO      ;4;;9999;22008;2488;MÁQUINAS PRINCIPAL
92;FRIG. AURORA CASTRO;4228;EVAPORADOR REGIME -5°C ABSORÇÃO PALETIZAÇÃO CONGELADOS-02 (EVA1701000108);99985964;ABT;SETOR ABATE/RESFRIAMENTO      ;4;;9999;22008;2488;MÁQUINAS PRINCIPAL
92;FRIG. AURORA CASTRO;4228;EXTRATOR DE AR LADO CONDENSADORES ABSORCAO - SEGUNDO ANDAR (EXT1701000002);99986076;GEF;SETOR DE OPERACAO DE FRIO     ;6;;9999;11000;1210;MÁQUINAS PRINCIPAL
92;FRIG. AURORA CASTRO;4228;EXTRATOR DE GORDURAS / LIPÍDIOS SOLAB SL - 202;99988134;LDA;LABORATÓRIO DE ANALISES DE ALIMENTOS - FAC;4;0;9999;36001;3591;OUTROS
92;FRIG. AURORA CASTRO;4228;EXTRATORA DE BANHA RAMA JARVIS 01;99985535;ABT;SETOR ABATE/RESFRIAMENTO      ;6;254270;9999;32030;2488;MÁQUINAS PRINCIPAL
92;FRIG. AURORA CASTRO;4228;EXTRATORA DE BANHA RAMA JARVIS 01 - BALANCIN NOVOAR BDA-13-26;1499;ABT;SETOR ABATE/RESFRIAMENTO      ;6;0;9999;32008;2488;OUTROS
92;FRIG. AURORA CASTRO;4228;EXTRATORA DE BANHA RAMA JARVIS 01 - CAIXA DE COMANDO;1498;ABT;SETOR ABATE/RESFRIAMENTO      ;6;0;9999;32030;2488;OUTROS
92;FRIG. AURORA CASTRO;4228;EXTRATORA DE BANHA RAMA JARVIS 01 - CENTRAL HIDRAULICA;99988550;ABT;SETOR ABATE/RESFRIAMENTO      ;4;254270;9999;42000;2488;MÁQUINAS SECUNDÁRIAS
92;FRIG. AURORA CASTRO;4228;EXTRATORA DE BANHA RAMA JARVIS 01 - CENTRAL HIDRAULICA - MOTOR;99988551;ABT;SETOR ABATE/RESFRIAMENTO      ;4;254270;9999;19001;2488;MÁQUINAS SECUNDÁRIAS
92;FRIG. AURORA CASTRO;4228;EXTRATORA DE BANHA RAMA JARVIS 01 - SISTEMA DE SEGURANÇA;1500;ABT;SETOR ABATE/RESFRIAMENTO      ;6;254270;9999;1600;2488;MÁQUINAS SECUNDÁRIAS
92;FRIG. AURORA CASTRO;4228;EXTRATORA DE BANHA RAMA JARVIS 02;99985537;ABT;SETOR ABATE/RESFRIAMENTO      ;6;254271;9999;32030;2488;MÁQUINAS PRINCIPAL
92;FRIG. AURORA CASTRO;4228;EXTRATORA DE BANHA RAMA JARVIS 02 - BALANCIN NOVOAR BDA-13-26;99988632;ABT;SETOR ABATE/RESFRIAMENTO      ;4;;9999;32030;2488;OUTROS
92;FRIG. AURORA CASTRO;4228;EXTRATORA DE BANHA RAMA JARVIS 02 - CAIXA DE COMANDO;99988631;ABT;SETOR ABATE/RESFRIAMENTO      ;4;254271;9999;32030;2488;MÁQUINAS SECUNDÁRIAS
92;FRIG. AURORA CASTRO;4228;EXTRATORA DE BANHA RAMA JARVIS 02 - CENTRAL HIDRAULICA;99988554;ABT;SETOR ABATE/RESFRIAMENTO      ;4;254271;9999;42000;2488;MÁQUINAS SECUNDÁRIAS
92;FRIG. AURORA CASTRO;4228;EXTRATORA DE BANHA RAMA JARVIS 02 - CENTRAL HIDRAULICA - MOTOR;99988555;ABT;SETOR ABATE/RESFRIAMENTO      ;4;254271;9999;19001;2488;MÁQUINAS SECUNDÁRIAS
92;FRIG. AURORA CASTRO;4228;EXTRATORA DE BANHA RAMA JARVIS 02 - SISTEMA DE SEGURANÇA;99988633;ABT;SETOR ABATE/RESFRIAMENTO      ;4;254271;9999;32030;2488;MÁQUINAS SECUNDÁRIAS
92;FRIG. AURORA CASTRO;4228;FAQUEIRO - AFIADOR DE FACA COZZINI;99985823;ABT;SETOR ABATE/RESFRIAMENTO      ;6;;9999;15009;2488;OUTROS
92;FRIG. AURORA CASTRO;4228;FAQUEIRO - AFIADOR DE FACAS COZZINI HE4;99985443;EPJ;SETOR DE ESPOSTEJAMENTO       ;6;;9999;15009;2224;OUTROS
92;FRIG. AURORA CASTRO;4228;FAQUEIRO - AFIADOR DE TRIMMERS;1075;EPJ;SETOR DE ESPOSTEJAMENTO       ;4;254328;9999;32014;2224;MÁQUINAS PRINCIPAL
92;FRIG. AURORA CASTRO;4228;FAQUEIRO - AFIADOR DE TRIMMERS BETTCHER;99985548;EPJ;SETOR DE ESPOSTEJAMENTO       ;6;;9999;15009;2224;OUTROS
92;FRIG. AURORA CASTRO;4228;FAQUEIRO - ESTERELIZADOR DE UTENSILIOS;1073;EPJ;SETOR DE ESPOSTEJAMENTO       ;4;254321;9999;32014;2224;MÁQUINAS PRINCIPAL
92;FRIG. AURORA CASTRO;4228;FAQUEIRO - ESTUFA PARA SECAGEM DE LUVAS 01 ESL 60 MONTEMIL;99985891;ABT;SETOR ABATE/RESFRIAMENTO      ;4;0;9999;31002;2488;OUTROS
92;FRIG. AURORA CASTRO;4228;FAQUEIRO - ESTUFA SECAGEM LUVAS 02  ESL 60 MONTEMIL;99985780;EPJ;SETOR DE ESPOSTEJAMENTO       ;1;;9999;37003;2224;MÁQUINAS PRINCIPAL
92;FRIG. AURORA CASTRO;4228;FAQUEIRO - LAVADOR DE FACA NETTER;99985926;ABT;SETOR ABATE/RESFRIAMENTO      ;6;0;9999;15010;2488;OUTROS
92;FRIG. AURORA CASTRO;4228;FAQUEIRO - LAVADOR DE FACAS ROTATIVO NETTER NT230 01;1070;EPJ;SETOR DE ESPOSTEJAMENTO       ;4;254322;9999;32014;2224;MÁQUINAS PRINCIPAL
92;FRIG. AURORA CASTRO;4228;FAQUEIRO - LAVADOR DE FACAS ROTATIVO NETTER NT230 02;1071;EPJ;SETOR DE ESPOSTEJAMENTO       ;4;254323;9999;32014;2224;MÁQUINAS PRINCIPAL
92;FRIG. AURORA CASTRO;4228;FAQUEIRO - LAVADORA DE LUVAS DE ACO 01 LLA 100;99985928;ABT;SETOR ABATE/RESFRIAMENTO      ;6;0;9999;4001;2488;OUTROS
92;FRIG. AURORA CASTRO;4228;FAQUEIRO - LAVADORA DE LUVAS MONTEMIL;99985783;EPJ;SETOR DE ESPOSTEJAMENTO       ;6;254318;9999;4001;2224;MÁQUINAS PRINCIPAL
92;FRIG. AURORA CASTRO;4228;FAQUEIRO - MÁQUINA DE DESBASTE COZZINI;99985460;EPJ;SETOR DE ESPOSTEJAMENTO       ;6;;9999;15009;2224;MÁQUINAS PRINCIPAL
92;FRIG. AURORA CASTRO;4228;FAQUEIRO - SECADOR DE LUVAS MONTEMIL;1074;EPJ;SETOR DE ESPOSTEJAMENTO       ;4;254335;9999;32014;2224;MÁQUINAS PRINCIPAL
92;FRIG. AURORA CASTRO;4228;FAQUEIRO - VAZADORA DE FACA COZZINI HG4S;99985782;EPJ;SETOR DE ESPOSTEJAMENTO       ;6;;9999;15010;2224;OUTROS
92;FRIG. AURORA CASTRO;4228;FAQUEIRO - VAZADORA DE FACAS COZZINI;99985827;ABT;SETOR ABATE/RESFRIAMENTO      ;6;0;9999;15009;2488;OUTROS
92;FRIG. AURORA CASTRO;4228;FATIADORA 01 FT-600;99994667;SFT;SETOR DE FATIADOS             ;6;269317;9999;5008;4600;OUTROS
92;FRIG. AURORA CASTRO;4228;FATIADORA 01 FT-600 - ESTEIRA DE SAÍDA - MOTOREDUTOR;99994669;SFT;SETOR DE FATIADOS             ;6;269317;9999;18000;4600;MÁQUINAS SECUNDÁRIAS
92;FRIG. AURORA CASTRO;4228;FATIADORA 01 FT-600 - LÂMINA - MOTOR;99994671;SFT;SETOR DE FATIADOS             ;6;269317;9999;19000;4600;MÁQUINAS SECUNDÁRIAS
92;FRIG. AURORA CASTRO;4228;FATIADORA 01 FT-600 - SISTEMA DE SEGURANÇA;5177;SFT;SETOR DE FATIADOS             ;6;;9999;5008;4600;OUTROS
92;FRIG. AURORA CASTRO;4228;FATIADORA 01 FT-600 - SISTEMA ELÉTRICO;99994673;SFT;SETOR DE FATIADOS             ;6;269317;9999;5008;4600;MÁQUINAS SECUNDÁRIAS
92;FRIG. AURORA CASTRO;4228;FATIADORA 02 FT-600;99994674;SFT;SETOR DE FATIADOS             ;6;269318;9999;5008;4600;MÁQUINAS PRINCIPAL
92;FRIG. AURORA CASTRO;4228;FATIADORA 02 FT-600 - ESTEIRA DE SAÍDA - MOTOREDUTOR;99994677;SFT;SETOR DE FATIADOS             ;6;269318;9999;18000;4600;MÁQUINAS SECUNDÁRIAS
92;FRIG. AURORA CASTRO;4228;FATIADORA 02 FT-600 - LÂMINA - MOTOR;99994679;SFT;SETOR DE FATIADOS             ;6;269318;9999;19000;4600;MÁQUINAS SECUNDÁRIAS
92;FRIG. AURORA CASTRO;4228;FATIADORA 02 FT-600 - SISTEMA DE SEGURANÇA;5283;SFT;SETOR DE FATIADOS             ;6;269318;9999;5008;4600;MÁQUINAS SECUNDÁRIAS
92;FRIG. AURORA CASTRO;4228;FATIADORA 02 FT-600 - SISTEMA ELÉTRICO;99994681;SFT;SETOR DE FATIADOS             ;6;269318;9999;5008;4600;MÁQUINAS SECUNDÁRIAS
92;FRIG. AURORA CASTRO;4228;FATIADORA TS 700 TEXTOR;99985914;SFT;SETOR DE FATIADOS             ;6;258053;9999;5008;4600;MÁQUINAS PRINCIPAL
92;FRIG. AURORA CASTRO;4228;FATIADORA TS 700 TEXTOR - MOTO ESTEIRA SAÍDA;4219;SFT;SETOR DE FATIADOS             ;8;258053;9999;5008;4600;MÁQUINAS SECUNDÁRIAS
92;FRIG. AURORA CASTRO;4228;FATIADORA TS 700 TEXTOR - MOTOR DISCO DE CORTE;4221;SFT;SETOR DE FATIADOS             ;8;258053;9999;5008;4600;MÁQUINAS SECUNDÁRIAS
92;FRIG. AURORA CASTRO;4228;FATIADORA TS 700 TEXTOR - MOTOR ESTEIRA ALIMENTAÇÃO;4217;SFT;SETOR DE FATIADOS             ;8;258053;9999;5008;4600;MÁQUINAS SECUNDÁRIAS
92;FRIG. AURORA CASTRO;4228;FATIADORA TS 700 TEXTOR - SISTEMA ELÉTRICO;4222;SFT;SETOR DE FATIADOS             ;8;258053;9999;5008;4600;MÁQUINAS SECUNDÁRIAS
92;FRIG. AURORA CASTRO;4228;FATIADORA TS 700 TEXTOR - SISTEMA PNEUMÁTICO;4224;SFT;SETOR DE FATIADOS             ;8;258053;9999;5008;4600;MÁQUINAS SECUNDÁRIAS
92;FRIG. AURORA CASTRO;4228;FATIADORA TS 700 TEXTOR - SISTEMA SEGURANÇA;4223;SFT;SETOR DE FATIADOS             ;8;258053;9999;5008;4600;MÁQUINAS SECUNDÁRIAS
92;FRIG. AURORA CASTRO;4228;FECHADORA DE CAIXAS GR 555-1070A;99986358;EMB;SETOR EMBALAGEM               ;6;0;9999;10000;4138;OUTROS
92;FRIG. AURORA CASTRO;4228;FECHADORA DE CAIXAS GR 555-1070A;99986388;CUR;SETOR EMB CURADOS             ;6;0;9999;10000;5525;OUTROS
92;FRIG. AURORA CASTRO;4228;FECHADORA DE CAIXAS GR 555-1070A;99985919;SFT;SETOR DE FATIADOS             ;6;0;9999;10000;4600;OUTROS
92;FRIG. AURORA CASTRO;4228;FECHADORA DE CAIXAS GR 555-1070A 01;99985808;SEI;SETOR EMB INDUSTRIALIZADOS    ;6;0;9999;10000;5345;OUTROS
92;FRIG. AURORA CASTRO;4228;FECHADORA DE CAIXAS GR 555-1070A 02;99985810;SEI;SETOR EMB INDUSTRIALIZADOS    ;6;0;9999;10000;5345;OUTROS
92;FRIG. AURORA CASTRO;4228;FECHADORA DE CAIXAS GR 555-1070A 03;99985812;SEI;SETOR EMB INDUSTRIALIZADOS    ;6;0;9999;10000;5345;OUTROS
92;FRIG. AURORA CASTRO;4228;FECHADORA DE CAIXAS GR 555-1070A 04;99986040;SEI;SETOR EMB INDUSTRIALIZADOS    ;6;0;9999;10000;5345;OUTROS
92;FRIG. AURORA CASTRO;4228;FECHADORA DE CAIXAS GR 755-1080A 01;99985917;SEI;SETOR EMB INDUSTRIALIZADOS    ;6;0;9999;10000;5345;OUTROS
92;FRIG. AURORA CASTRO;4228;FECHADORA DE CAIXAS GR 755-1080A 02;99995111;SEI;SETOR EMB INDUSTRIALIZADOS    ;6;0;9999;10000;5345;OUTROS
92;FRIG. AURORA CASTRO;4228;FILTRADOR 01 (FI1701000002);99985856;ETA;SETOR DE OPERACAO DE ETA      ;6;;9999;28004;1244;MÁQUINAS PRINCIPAL
92;FRIG. AURORA CASTRO;4228;FILTRADOR 02 (FI1701000004);99985857;ETA;SETOR DE OPERACAO DE ETA      ;6;;9999;28004;1244;MÁQUINAS PRINCIPAL
92;FRIG. AURORA CASTRO;4228;FITA MÉTRICA;99995315;CQL;SETOR CONTROLE DE QUALIDADE   ;1;0;1;10;1759;EQUIPAMENTOS
92;FRIG. AURORA CASTRO;4228;FITA MÉTRICA;99995299;CQL;SETOR CONTROLE DE QUALIDADE   ;1;0;1;10;1759;EQUIPAMENTOS
92;FRIG. AURORA CASTRO;4228;FITA MÉTRICA;99995316;CQL;SETOR CONTROLE DE QUALIDADE   ;1;0;1;10;1759;EQUIPAMENTOS
92;FRIG. AURORA CASTRO;4228;FLOCULADOR 01 (FLO1701000002);99985859;ETA;SETOR DE OPERACAO DE ETA      ;6;;9999;28002;1244;MÁQUINAS PRINCIPAL
92;FRIG. AURORA CASTRO;4228;FLOCULADOR 02 (FLO1701000004);99985861;ETA;SETOR DE OPERACAO DE ETA      ;6;;9999;28002;1244;MÁQUINAS PRINCIPAL
92;FRIG. AURORA CASTRO;4228;FLOTADOR PRIMÁRIO DE AR DISSOLVIDO 6200  (FLO1701000001);99986114;ETE;SETOR DE OPERACAO DE ETE      ;6;;9999;29002;1228;MÁQUINAS PRINCIPAL
92;FRIG. AURORA CASTRO;4228;FLOTADOR TERCIARIO DE AR DISSOLVIDO 6200 (FLO1701000003);99986116;ETE;SETOR DE OPERACAO DE ETE      ;6;;9999;29002;1228;MÁQUINAS PRINCIPAL
92;FRIG. AURORA CASTRO;4228;FORNO MUFLA SP1200 SP LABOR;4474;SGB;SETOR GERAÇÃO BIOGAS;6;255282;9999;46006;2321;MÁQUINAS PRINCIPAL
92;FRIG. AURORA CASTRO;4228;FREEZER CONGELAMENTO  CONTINUO JBT;99985977;SFT;SETOR DE FATIADOS             ;6;252926;9999;11004;4600;MÁQUINAS PRINCIPAL
92;FRIG. AURORA CASTRO;4228;FREEZER CONGELAMENTO  CONTINUO JBT - MOTOREDUTOR;4232;SFT;SETOR DE FATIADOS             ;8;252926;9999;5002;4600;MÁQUINAS SECUNDÁRIAS
92;FRIG. AURORA CASTRO;4228;FREEZER CONGELAMENTO  CONTINUO JBT - SISITEMA DE SEGURANÇA;4231;SFT;SETOR DE FATIADOS             ;8;252926;9999;5002;4600;MÁQUINAS SECUNDÁRIAS
92;FRIG. AURORA CASTRO;4228;FREEZER CONGELAMENTO  CONTINUO JBT - SISITEMA ELETRICO;4229;SFT;SETOR DE FATIADOS             ;8;252926;9999;5002;4600;MÁQUINAS SECUNDÁRIAS
92;FRIG. AURORA CASTRO;4228;G92-1 (TRANSPALETEIRA A PÉ 5A833048);99987505;EXD;EXPEDICAO                     ;8;;11;35004;2348;MÁQUINAS PRINCIPAL
92;FRIG. AURORA CASTRO;4228;G92-10 (TRANSPALETEIRA 5A832509);99989066;PRU;SETOR DE PRESUNTARIA          ;6;0;11;35004;2291;OUTROS
92;FRIG. AURORA CASTRO;4228;G92-11 (TRANSPALETEIRA 5A832508);99989586;EPJ;SETOR DE ESPOSTEJAMENTO       ;6;;10;35004;2224;MÁQUINAS PRINCIPAL
92;FRIG. AURORA CASTRO;4228;G92-12 (TRANSPALETEIRA 5A832507);99989074;SFR;SETOR EMBUTIDOS FRESCAIS      ;6;;11;35004;4057;MÁQUINAS PRINCIPAL
92;FRIG. AURORA CASTRO;4228;G92-13 (TRANSPALETEIRA 5A832510);99989075;EXD;EXPEDICAO                     ;6;0;11;35004;2348;OUTROS
92;FRIG. AURORA CASTRO;4228;G92-14 (TRANSPALETEIRA 10092839);99989084;SFR;SETOR EMBUTIDOS FRESCAIS      ;6;;11;35004;4057;MÁQUINAS PRINCIPAL
92;FRIG. AURORA CASTRO;4228;G92-15 (TRANSPALETEIRA 5A832506);99989087;CEB;EMBUTIDOS COZIDOS             ;6;;11;35004;2283;MÁQUINAS PRINCIPAL
92;FRIG. AURORA CASTRO;4228;G92-16 (TRANSPALETEIRA 5A833052);99989585;CEB;EMBUTIDOS COZIDOS             ;6;;12;35004;2283;MÁQUINAS PRINCIPAL
92;FRIG. AURORA CASTRO;4228;G92-17 (TRANSPALETEIRA 5A833050);99989085;CUR;SETOR EMB CURADOS             ;6;;11;35004;5525;MÁQUINAS PRINCIPAL
92;FRIG. AURORA CASTRO;4228;G92-18 (TRANSPALETEIRA 7A253748);99989086;PRU;SETOR DE PRESUNTARIA          ;6;0;11;35004;2291;OUTROS
92;FRIG. AURORA CASTRO;4228;G92-19 (TRANSPALETEIRA 10227224);99989079;SCL;SETOR ALMOX./CONTR. MATERIAIS ;6;;11;35004;2089;MÁQUINAS PRINCIPAL
92;FRIG. AURORA CASTRO;4228;G92-2 (TRANSPALETEIRA A PÉ 7A253196;99987472;EXD;EXPEDICAO                     ;8;;11;35004;2348;MÁQUINAS PRINCIPAL
92;FRIG. AURORA CASTRO;4228;G92-3 (TRANSPALETEIRA A PÉ 10152364);99987510;EXD;EXPEDICAO                     ;8;;11;35004;2348;MÁQUINAS PRINCIPAL
92;FRIG. AURORA CASTRO;4228;G92-4 (TRANSPALETEIRA A PÉ 7A253747);99987508;EXD;EXPEDICAO                     ;8;;11;35004;2348;MÁQUINAS PRINCIPAL
92;FRIG. AURORA CASTRO;4228;G92-5 (TRANSPALETEIRA 7A296544);99989088;EMB;SETOR EMBALAGEM               ;6;;11;35004;4138;MÁQUINAS PRINCIPAL
92;FRIG. AURORA CASTRO;4228;G92-6 (TRANSPALETEIRA 10152365);99989089;EMB;SETOR EMBALAGEM               ;6;;11;35004;4138;MÁQUINAS PRINCIPAL
92;FRIG. AURORA CASTRO;4228;G92-7 (TRANSPALETEIRA 10152366);99989090;EMB;SETOR EMBALAGEM               ;6;;11;35004;4138;MÁQUINAS PRINCIPAL
92;FRIG. AURORA CASTRO;4228;G92-8 (TRANSPALETEIRA 5A833051);99989587;EMB;SETOR EMBALAGEM               ;6;;10;35004;4138;MÁQUINAS PRINCIPAL
92;FRIG. AURORA CASTRO;4228;G92-9 (TRANSPALETEIRA 5A833049);99989065;SEI;SETOR EMB INDUSTRIALIZADOS    ;6;;11;35004;5345;MÁQUINAS PRINCIPAL
92;FRIG. AURORA CASTRO;4228;GANCHEIRA EMBUTIDEIRA 01 - PVLH226;99999296;CEB;EMBUTIDOS COZIDOS             ;6;257876;9999;34000;2283;MÁQUINAS PRINCIPAL
92;FRIG. AURORA CASTRO;4228;GANCHEIRA EMBUTIDEIRA 01 - PVLH226 - SERVOMOTOR;6000;CEB;EMBUTIDOS COZIDOS             ;8;257876;9999;8000;2283;MÁQUINAS SECUNDÁRIAS
92;FRIG. AURORA CASTRO;4228;GANCHEIRA EMBUTIDEIRA 01 - PVLH226 -SISTEMA DE SEGURANÇA;5999;CEB;EMBUTIDOS COZIDOS             ;8;257876;9999;8000;2283;MÁQUINAS SECUNDÁRIAS
92;FRIG. AURORA CASTRO;4228;GANCHEIRA EMBUTIDEIRA 01 - PVLH226 -SISTEMA ELETRICO;5998;CEB;EMBUTIDOS COZIDOS             ;8;257876;9999;8000;2283;MÁQUINAS SECUNDÁRIAS
92;FRIG. AURORA CASTRO;4228;GEF COMPRESSOR DE AR 01 GA55VSDFF175;99986098;GEF;SETOR DE OPERACAO DE FRIO     ;10;253339;9999;22011;1210;MÁQUINAS PRINCIPAL
92;FRIG. AURORA CASTRO;4228;GEF COMPRESSOR DE AR 01 GA55VSDFF175 - ELEMENTO;99993196;GEF;SETOR DE OPERACAO DE FRIO     ;10;253339;9999;22011;1210;MÁQUINAS SECUNDÁRIAS
92;FRIG. AURORA CASTRO;4228;GEF COMPRESSOR DE AR 01 GA55VSDFF175 - ELEMENTO - MOTOR;99993197;GEF;SETOR DE OPERACAO DE FRIO     ;10;253339;9999;19000;1210;MÁQUINAS SECUNDÁRIAS
92;FRIG. AURORA CASTRO;4228;GEF COMPRESSOR DE AR 01 GA55VSDFF175 - QUADRO COMANDO;99993200;GEF;SETOR DE OPERACAO DE FRIO     ;10;253339;9999;46013;1210;MÁQUINAS SECUNDÁRIAS
92;FRIG. AURORA CASTRO;4228;GEF COMPRESSOR DE AR 01 GA55VSDFF175 - RESFRIADOR AR / ÓLEO;99993199;GEF;SETOR DE OPERACAO DE FRIO     ;10;253339;9999;22011;1210;MÁQUINAS SECUNDÁRIAS
92;FRIG. AURORA CASTRO;4228;GEF COMPRESSOR DE AR 01 GA55VSDFF175 - SECADOR AR;99993198;GEF;SETOR DE OPERACAO DE FRIO     ;10;253339;9999;22015;1210;MÁQUINAS SECUNDÁRIAS
92;FRIG. AURORA CASTRO;4228;GEF COMPRESSOR DE AR 01 GA55VSDFF175 - VENTILADOR;99993201;GEF;SETOR DE OPERACAO DE FRIO     ;10;253339;9999;27000;1210;MÁQUINAS SECUNDÁRIAS
92;FRIG. AURORA CASTRO;4228;GEF COMPRESSOR DE AR 02 GA55VSDFF175;99986097;GEF;SETOR DE OPERACAO DE FRIO     ;10;253340;9999;22011;1210;MÁQUINAS PRINCIPAL
92;FRIG. AURORA CASTRO;4228;GEF COMPRESSOR DE AR 02 GA55VSDFF175 - ELEMENTO;99993202;GEF;SETOR DE OPERACAO DE FRIO     ;10;253340;9999;22011;1210;MÁQUINAS SECUNDÁRIAS
92;FRIG. AURORA CASTRO;4228;GEF COMPRESSOR DE AR 02 GA55VSDFF175 - ELEMENTO - MOTOR;99993203;GEF;SETOR DE OPERACAO DE FRIO     ;10;253340;9999;19000;1210;MÁQUINAS SECUNDÁRIAS
92;FRIG. AURORA CASTRO;4228;GEF COMPRESSOR DE AR 02 GA55VSDFF175 - QUADRO COMANDO;99993206;GEF;SETOR DE OPERACAO DE FRIO     ;10;253340;9999;46013;1210;MÁQUINAS SECUNDÁRIAS
92;FRIG. AURORA CASTRO;4228;GEF COMPRESSOR DE AR 02 GA55VSDFF175 - RESFRIADOR AR / ÓLEO;99993205;GEF;SETOR DE OPERACAO DE FRIO     ;10;253340;9999;22011;1210;MÁQUINAS SECUNDÁRIAS
92;FRIG. AURORA CASTRO;4228;GEF COMPRESSOR DE AR 02 GA55VSDFF175 - SECADOR AR;99993204;GEF;SETOR DE OPERACAO DE FRIO     ;10;253340;9999;22015;1210;MÁQUINAS SECUNDÁRIAS
92;FRIG. AURORA CASTRO;4228;GEF COMPRESSOR DE AR 02 GA55VSDFF175 - VENTILADOR;99993207;GEF;SETOR DE OPERACAO DE FRIO     ;10;253340;9999;27000;1210;MÁQUINAS SECUNDÁRIAS
92;FRIG. AURORA CASTRO;4228;GEF COMPRESSOR DE AR 03 GA55VSD+AFF;99985937;GEF;SETOR DE OPERACAO DE FRIO     ;10;253341;9999;22011;1210;MÁQUINAS PRINCIPAL
92;FRIG. AURORA CASTRO;4228;GEF COMPRESSOR DE AR 03 GA55VSD+AFF - ELEMENTO;99993208;GEF;SETOR DE OPERACAO DE FRIO     ;10;253341;9999;22011;1210;MÁQUINAS SECUNDÁRIAS
92;FRIG. AURORA CASTRO;4228;GEF COMPRESSOR DE AR 03 GA55VSD+AFF - ELEMENTO - MOTOR;99993209;GEF;SETOR DE OPERACAO DE FRIO     ;10;253341;9999;19000;1210;MÁQUINAS SECUNDÁRIAS
92;FRIG. AURORA CASTRO;4228;GEF COMPRESSOR DE AR 03 GA55VSD+AFF - QUADRO COMANDO;99993210;GEF;SETOR DE OPERACAO DE FRIO     ;10;253341;9999;46013;1210;MÁQUINAS SECUNDÁRIAS
92;FRIG. AURORA CASTRO;4228;GEF COMPRESSOR DE AR 03 GA55VSD+AFF - RESFRIADOR AR / ÓLEO;99993211;GEF;SETOR DE OPERACAO DE FRIO     ;10;253341;9999;22011;1210;MÁQUINAS SECUNDÁRIAS
92;FRIG. AURORA CASTRO;4228;GEF COMPRESSOR DE AR 03 GA55VSD+AFF - SECADOR AR;99993212;GEF;SETOR DE OPERACAO DE FRIO     ;10;253341;9999;22015;1210;MÁQUINAS SECUNDÁRIAS
92;FRIG. AURORA CASTRO;4228;GEF COMPRESSOR DE AR 03 GA55VSD+AFF - VENTILADOR;99993213;GEF;SETOR DE OPERACAO DE FRIO     ;10;253341;9999;27000;1210;MÁQUINAS SECUNDÁRIAS
92;FRIG. AURORA CASTRO;4228;GEF COMPRESSOR DE AR 04 G110FF159;6286;GEF;SETOR DE OPERACAO DE FRIO     ;8;0;9999;22010;1210;OUTROS
92;FRIG. AURORA CASTRO;4228;GRAMPEADOR AUT. POLYCLYP (GRA1701000003);99985608;PRU;SETOR DE PRESUNTARIA          ;6;;9999;8009;2291;MÁQUINAS PRINCIPAL
92;FRIG. AURORA CASTRO;4228;GRAMPEADOR AUT. POLYCLYP SYSTEM FCA80;99986390;CUR;SETOR EMB CURADOS             ;6;257869;9999;8009;5525;MÁQUINAS PRINCIPAL
92;FRIG. AURORA CASTRO;4228;GRAMPEADOR AUT. POLYCLYP SYSTEM FCA80 - MOTOR;3050;CUR;SETOR EMB CURADOS             ;6;257869;9999;8009;5525;MÁQUINAS SECUNDÁRIAS
92;FRIG. AURORA CASTRO;4228;GRAMPEADOR AUT. POLYCLYP SYSTEM FCA80 - SISTEMA ELÉTRICO;3051;CUR;SETOR EMB CURADOS             ;6;257869;9999;8009;5525;MÁQUINAS SECUNDÁRIAS
92;FRIG. AURORA CASTRO;4228;GRAMPEADOR AUT. POLYCLYP SYSTEM FCA80 - SISTEMA SEGURANÇA;4216;CUR;SETOR EMB CURADOS             ;6;257869;9999;8009;5525;MÁQUINAS SECUNDÁRIAS
92;FRIG. AURORA CASTRO;4228;GRAMPEADORA AUT. PIC99B INOX MECCANICA;99986184;CUR;SETOR EMB CURADOS             ;6;257864;9999;8000;5525;MÁQUINAS PRINCIPAL
92;FRIG. AURORA CASTRO;4228;GRAMPEADORA AUT. PIC99B INOX MECCANICA - SISTEMA ELÉTRICO;3535;CUR;SETOR EMB CURADOS             ;6;257864;9999;8000;5525;MÁQUINAS SECUNDÁRIAS
92;FRIG. AURORA CASTRO;4228;GRAMPEADORA AUT. PIC99B INOX MECCANICA - SISTEMA PNEUMÁTICO;3534;CUR;SETOR EMB CURADOS             ;6;257864;9999;8000;5525;MÁQUINAS SECUNDÁRIAS
92;FRIG. AURORA CASTRO;4228;GRAMPEADORA AUT. PIC99B INOX MECCANICA - SISTEMA SEGURANÇA;3536;CUR;SETOR EMB CURADOS             ;6;257864;9999;8000;5525;MÁQUINAS SECUNDÁRIAS
92;FRIG. AURORA CASTRO;4228;GRAMPEADORA MANUAL POLYCLYP;99986391;CUR;SETOR EMB CURADOS             ;6;258175;9999;8009;5525;MÁQUINAS PRINCIPAL
92;FRIG. AURORA CASTRO;4228;GRUPO GERADOR STEMAC;99990068;SFL;SUBSTACAO FORCA E LUZ         ;8;255219;9999;1012;1295;OUTROS
92;FRIG. AURORA CASTRO;4228;GRUPO GERADOR STEMAC 01;99990066;SFL;SUBSTACAO FORCA E LUZ         ;10;253387;9999;1012;1295;OUTROS
92;FRIG. AURORA CASTRO;4228;GRUPO GERADOR STEMAC 02;99990067;SFL;SUBSTACAO FORCA E LUZ         ;10;253388;9999;1012;1295;OUTROS
92;FRIG. AURORA CASTRO;4228;GUILHOTINA DOSADORA;2437;GRX;SETOR SUB PRODUTOS GRAXARIA   ;6;0;9999;6009;2330;OUTROS
92;FRIG. AURORA CASTRO;4228;GUINCHO DESCARREG. SUINOS  RECEP. SUINO (GU1701000001);99986372;REC;SETOR DE RECEPCAO             ;6;;9999;12003;2216;MÁQUINAS PRINCIPAL
92;FRIG. AURORA CASTRO;4228;HIDROMETRO;99987265;REC;SETOR DE RECEPCAO             ;1;1;1;21;2216;EQUIPAMENTOS
92;FRIG. AURORA CASTRO;4228;IND COMPRESSOR DE AR 01 GA55VSDFF175;99986096;GEF;SETOR DE OPERACAO DE FRIO     ;10;255308;9999;22011;1210;MÁQUINAS PRINCIPAL
92;FRIG. AURORA CASTRO;4228;IND COMPRESSOR DE AR 01 GA55VSDFF175 - ELEMENTO;99993214;GEF;SETOR DE OPERACAO DE FRIO     ;10;255308;9999;22011;1210;MÁQUINAS SECUNDÁRIAS
92;FRIG. AURORA CASTRO;4228;IND COMPRESSOR DE AR 01 GA55VSDFF175 - ELEMENTO - MOTOR;99993215;GEF;SETOR DE OPERACAO DE FRIO     ;10;255308;9999;19000;1210;MÁQUINAS SECUNDÁRIAS
92;FRIG. AURORA CASTRO;4228;IND COMPRESSOR DE AR 01 GA55VSDFF175 - QUADRO COMANDO;99993216;GEF;SETOR DE OPERACAO DE FRIO     ;10;255308;9999;46013;1210;MÁQUINAS SECUNDÁRIAS
92;FRIG. AURORA CASTRO;4228;IND COMPRESSOR DE AR 01 GA55VSDFF175 - RESFRIADOR AR / ÓLEO;99993217;GEF;SETOR DE OPERACAO DE FRIO     ;10;255308;9999;22011;1210;MÁQUINAS SECUNDÁRIAS
92;FRIG. AURORA CASTRO;4228;IND COMPRESSOR DE AR 01 GA55VSDFF175 - SECADOR AR;99993218;GEF;SETOR DE OPERACAO DE FRIO     ;10;255308;9999;22015;1210;MÁQUINAS SECUNDÁRIAS
92;FRIG. AURORA CASTRO;4228;IND COMPRESSOR DE AR 01 GA55VSDFF175 - VENTILADOR;99993219;GEF;SETOR DE OPERACAO DE FRIO     ;10;255308;9999;27000;1210;MÁQUINAS SECUNDÁRIAS
92;FRIG. AURORA CASTRO;4228;IND COMPRESSOR DE AR 02 GA55VSDFF175;99986095;GEF;SETOR DE OPERACAO DE FRIO     ;10;255309;9999;22011;1210;MÁQUINAS PRINCIPAL
92;FRIG. AURORA CASTRO;4228;IND COMPRESSOR DE AR 02 GA55VSDFF175 - ELEMENTO;99993220;GEF;SETOR DE OPERACAO DE FRIO     ;10;255309;9999;22011;1210;MÁQUINAS SECUNDÁRIAS
92;FRIG. AURORA CASTRO;4228;IND COMPRESSOR DE AR 02 GA55VSDFF175 - ELEMENTO - MOTOR;99993221;GEF;SETOR DE OPERACAO DE FRIO     ;10;255309;9999;19000;1210;MÁQUINAS SECUNDÁRIAS
92;FRIG. AURORA CASTRO;4228;IND COMPRESSOR DE AR 02 GA55VSDFF175 - QUADRO COMANDO;99993222;GEF;SETOR DE OPERACAO DE FRIO     ;10;255309;9999;46013;1210;MÁQUINAS SECUNDÁRIAS
92;FRIG. AURORA CASTRO;4228;IND COMPRESSOR DE AR 02 GA55VSDFF175 - RESFRIADOR AR / ÓLEO;99993223;GEF;SETOR DE OPERACAO DE FRIO     ;10;255309;9999;22011;1210;MÁQUINAS SECUNDÁRIAS
92;FRIG. AURORA CASTRO;4228;IND COMPRESSOR DE AR 02 GA55VSDFF175 - SECADOR AR;99993224;GEF;SETOR DE OPERACAO DE FRIO     ;10;255309;9999;22015;1210;MÁQUINAS SECUNDÁRIAS
92;FRIG. AURORA CASTRO;4228;IND COMPRESSOR DE AR 02 GA55VSDFF175 - VENTILADOR;99993225;GEF;SETOR DE OPERACAO DE FRIO     ;10;255309;9999;27000;1210;MÁQUINAS SECUNDÁRIAS
92;FRIG. AURORA CASTRO;4228;INDICADOR DO INSENSIBILIZADOR  FX100  (264685);4289;ABT;SETOR ABATE/RESFRIAMENTO      ;8;264685;1;13001;2488;MÁQUINAS PRINCIPAL
92;FRIG. AURORA CASTRO;4228;INDICADOR/MALHA CONTROLE DE TEMPERATURA;1303;EPJ;SETOR DE ESPOSTEJAMENTO       ;1;0;1;29;2224;EQUIPAMENTOS
92;FRIG. AURORA CASTRO;4228;INDICADOR/MALHA CONTROLE DE TEMPERATURA;1314;MEX;MIUDOS EXTERNOS               ;1;0;1;29;2739;EQUIPAMENTOS
92;FRIG. AURORA CASTRO;4228;INDICADOR/MALHA CONTROLE DE TEMPERATURA;1316;BET;SETOR BENEFICIAMENTO DE TRIPA ;1;0;1;29;2232;EQUIPAMENTOS
92;FRIG. AURORA CASTRO;4228;INDICADOR/MALHA CONTROLE DE TEMPERATURA;1305;CUR;SETOR EMB CURADOS             ;1;0;1;29;5525;EQUIPAMENTOS
92;FRIG. AURORA CASTRO;4228;INDICADOR/MALHA CONTROLE DE TEMPERATURA;1485;ABT;SETOR ABATE/RESFRIAMENTO      ;1;0;1;29;2488;EQUIPAMENTOS
92;FRIG. AURORA CASTRO;4228;INDICADOR/MALHA CONTROLE DE TEMPERATURA;1483;TCA;SETOR TUNEIS E CAMARAS        ;1;0;1;29;2313;EQUIPAMENTOS
92;FRIG. AURORA CASTRO;4228;INJETORA DE SALMORA GUNTHER;99985454;DEF;SETOR DEFUMADOS               ;8;257394;9999;25001;2496;MÁQUINAS PRINCIPAL
92;FRIG. AURORA CASTRO;4228;INJETORA DE SALMORA GUNTHER - MOTOREDUTOR ESTEIRA;99997815;DEF;SETOR DEFUMADOS               ;6;257394;9999;19000;2496;MÁQUINAS SECUNDÁRIAS
92;FRIG. AURORA CASTRO;4228;INJETORA DE SALMORA GUNTHER - SERVOMOTOR CABEÇOTE;99997814;DEF;SETOR DEFUMADOS               ;6;257394;9999;18000;2496;MÁQUINAS SECUNDÁRIAS
92;FRIG. AURORA CASTRO;4228;INJETORA DE SALMORA GUNTHER - SISTEMA DE SEGURANÇA;6092;DEF;SETOR DEFUMADOS               ;8;257394;9999;25001;2496;MÁQUINAS SECUNDÁRIAS
92;FRIG. AURORA CASTRO;4228;INJETORA DE SALMORA GUNTHER - SISTEMA ELÉTRICO;99997816;DEF;SETOR DEFUMADOS               ;6;257394;9999;25001;2496;MÁQUINAS SECUNDÁRIAS
92;FRIG. AURORA CASTRO;4228;INJETORA SALMOURA MOVISTICK 3000;99986199;PRU;SETOR DE PRESUNTARIA          ;8;257115;9999;25001;2291;MÁQUINAS PRINCIPAL
92;FRIG. AURORA CASTRO;4228;INJETORA SALMOURA MOVISTICK 3000 - MOTOR BOMBA HIDRAULICA;5812;PRU;SETOR DE PRESUNTARIA          ;8;257115;9999;25001;2291;MÁQUINAS SECUNDÁRIAS
92;FRIG. AURORA CASTRO;4228;INJETORA SALMOURA MOVISTICK 3000 - SISTEMA DE SEGURANÇA;5166;PRU;SETOR DE PRESUNTARIA          ;8;257115;9999;25001;2291;MÁQUINAS SECUNDÁRIAS
92;FRIG. AURORA CASTRO;4228;INJETORA SALMOURA MOVISTICK 3000 - SISTEMA ELETRICO;5810;PRU;SETOR DE PRESUNTARIA          ;8;257115;9999;25001;2291;MÁQUINAS SECUNDÁRIAS
92;FRIG. AURORA CASTRO;4228;INJETORA SALMOURA MOVISTICK 3000 - SISTEMA HIDRAULICO;5811;PRU;SETOR DE PRESUNTARIA          ;8;257115;9999;25001;2291;MÁQUINAS SECUNDÁRIAS
92;FRIG. AURORA CASTRO;4228;INSENSIBILIZADOR;99998872;REC;SETOR DE RECEPCAO             ;1;0;9999;13001;2216;EQUIPAMENTOS
92;FRIG. AURORA CASTRO;4228;INSENSIBILIZADOR;99998870;REC;SETOR DE RECEPCAO             ;1;0;9999;13001;2216;EQUIPAMENTOS
92;FRIG. AURORA CASTRO;4228;INSENSIBILIZADOR;99998871;REC;SETOR DE RECEPCAO             ;1;0;9999;13001;2216;EQUIPAMENTOS
92;FRIG. AURORA CASTRO;4228;INSENSIBILIZADOR CO2 BUTINA;99985360;ABT;SETOR ABATE/RESFRIAMENTO      ;8;253954;9999;13100;2488;MÁQUINAS PRINCIPAL
92;FRIG. AURORA CASTRO;4228;INSENSIBILIZADOR CO2 BUTINA;99996458;ABT;SETOR ABATE/RESFRIAMENTO      ;8;253954;9999;13100;2488;EQUIPAMENTOS
92;FRIG. AURORA CASTRO;4228;INSENSIBILIZADOR CO2 BUTINA - CABINE INSENSIB.;3603;ABT;SETOR ABATE/RESFRIAMENTO      ;6;253954;9999;32015;2488;MÁQUINAS SECUNDÁRIAS
92;FRIG. AURORA CASTRO;4228;INSENSIBILIZADOR CO2 BUTINA - CABINE INSENSIB. - PORTÃO DE ENTRADA;3607;ABT;SETOR ABATE/RESFRIAMENTO      ;6;253954;9999;32015;2488;MÁQUINAS SECUNDÁRIAS
92;FRIG. AURORA CASTRO;4228;INSENSIBILIZADOR CO2 BUTINA - CABINE INSENSIB. - PORTÃO E TOMBADOR DE SAÍDA;3608;ABT;SETOR ABATE/RESFRIAMENTO      ;6;253954;9999;32015;2488;MÁQUINAS SECUNDÁRIAS
92;FRIG. AURORA CASTRO;4228;INSENSIBILIZADOR CO2 BUTINA - CABINE INSENSIB. - SISTEMA ELÉTRICO INTERNO;99997021;ABT;SETOR ABATE/RESFRIAMENTO      ;8;253954;9999;13100;2488;MÁQUINAS SECUNDÁRIAS
92;FRIG. AURORA CASTRO;4228;INSENSIBILIZADOR CO2 BUTINA - ESTEIRA DE LONA;99985359;ABT;SETOR ABATE/RESFRIAMENTO      ;8;253954;9999;29004;2488;MÁQUINAS SECUNDÁRIAS
92;FRIG. AURORA CASTRO;4228;INSENSIBILIZADOR CO2 BUTINA - ESTEIRA DE LONA - REDUTOR;99988568;ABT;SETOR ABATE/RESFRIAMENTO      ;4;253958;9999;19001;2488;MÁQUINAS SECUNDÁRIAS
92;FRIG. AURORA CASTRO;4228;INSENSIBILIZADOR CO2 BUTINA - ESTEIRA DE LONA - REDUTOR - MOTOR;99988569;ABT;SETOR ABATE/RESFRIAMENTO      ;4;253958;9999;18000;2488;MÁQUINAS SECUNDÁRIAS
92;FRIG. AURORA CASTRO;4228;INSENSIBILIZADOR CO2 BUTINA - ESTEIRA DE LONA - SISTEMA DE SEGURANÇA;3584;ABT;SETOR ABATE/RESFRIAMENTO      ;10;253954;9999;32015;2488;MÁQUINAS SECUNDÁRIAS
92;FRIG. AURORA CASTRO;4228;INSENSIBILIZADOR CO2 BUTINA - ESTEIRA DE LONA - SISTEMA ELÉTRICO;3583;ABT;SETOR ABATE/RESFRIAMENTO      ;6;253954;9999;32015;2488;MÁQUINAS SECUNDÁRIAS
92;FRIG. AURORA CASTRO;4228;INSENSIBILIZADOR CO2 BUTINA - MESA DE ROLETES;3587;ABT;SETOR ABATE/RESFRIAMENTO      ;10;253954;9999;32015;2488;MÁQUINAS SECUNDÁRIAS
92;FRIG. AURORA CASTRO;4228;INSENSIBILIZADOR CO2 BUTINA - MESA DE ROLETES - SISTEMA PNEUMÁTICO;3588;ABT;SETOR ABATE/RESFRIAMENTO      ;6;253954;9999;32015;2488;MÁQUINAS SECUNDÁRIAS
92;FRIG. AURORA CASTRO;4228;INSENSIBILIZADOR CO2 BUTINA - PORTA CORREDIÇA 01;99988559;ABT;SETOR ABATE/RESFRIAMENTO      ;8;253954;9999;18000;2488;MÁQUINAS SECUNDÁRIAS
92;FRIG. AURORA CASTRO;4228;INSENSIBILIZADOR CO2 BUTINA - PORTA CORREDIÇA 01 - SISTEMA DE SEGURANÇA;99988560;ABT;SETOR ABATE/RESFRIAMENTO      ;8;253954;9999;19000;2488;MÁQUINAS SECUNDÁRIAS
92;FRIG. AURORA CASTRO;4228;INSENSIBILIZADOR CO2 BUTINA - PORTA CORREDIÇA 01 - SISTEMA ELÉTRICO;99988561;ABT;SETOR ABATE/RESFRIAMENTO      ;8;253954;9999;18000;2488;MÁQUINAS SECUNDÁRIAS
92;FRIG. AURORA CASTRO;4228;INSENSIBILIZADOR CO2 BUTINA - PORTA CORREDIÇA 01 - SISTEMA PNEUMÁTICO;99988558;ABT;SETOR ABATE/RESFRIAMENTO      ;8;253954;9999;19000;2488;MÁQUINAS SECUNDÁRIAS
92;FRIG. AURORA CASTRO;4228;INSENSIBILIZADOR CO2 BUTINA - PORTA CORREDIÇA 02;3594;ABT;SETOR ABATE/RESFRIAMENTO      ;6;253954;9999;32015;2488;MÁQUINAS SECUNDÁRIAS
92;FRIG. AURORA CASTRO;4228;INSENSIBILIZADOR CO2 BUTINA - PORTA CORREDIÇA 02 - SISTEMA DE SEGURANÇA;3597;ABT;SETOR ABATE/RESFRIAMENTO      ;6;253954;9999;32015;2488;MÁQUINAS SECUNDÁRIAS
92;FRIG. AURORA CASTRO;4228;INSENSIBILIZADOR CO2 BUTINA - PORTA CORREDIÇA 02 - SISTEMA ELÉTRICO;3596;ABT;SETOR ABATE/RESFRIAMENTO      ;6;253954;9999;32015;2488;MÁQUINAS SECUNDÁRIAS
92;FRIG. AURORA CASTRO;4228;INSENSIBILIZADOR CO2 BUTINA - PORTA CORREDIÇA 02 - SISTEMA MECÂNICO;3595;ABT;SETOR ABATE/RESFRIAMENTO      ;6;253954;9999;32015;2488;MÁQUINAS SECUNDÁRIAS
92;FRIG. AURORA CASTRO;4228;INSENSIBILIZADOR CO2 BUTINA - PORTA CORREDIÇA 03;3598;ABT;SETOR ABATE/RESFRIAMENTO      ;6;253954;9999;32015;2488;MÁQUINAS SECUNDÁRIAS
92;FRIG. AURORA CASTRO;4228;INSENSIBILIZADOR CO2 BUTINA - PORTA CORREDIÇA 03 - SISTEMA DE SEGURANÇA;3601;ABT;SETOR ABATE/RESFRIAMENTO      ;6;253954;9999;32015;2488;MÁQUINAS SECUNDÁRIAS
92;FRIG. AURORA CASTRO;4228;INSENSIBILIZADOR CO2 BUTINA - PORTA CORREDIÇA 03 - SISTEMA ELÉTRICO;3599;ABT;SETOR ABATE/RESFRIAMENTO      ;10;253954;9999;32015;2488;MÁQUINAS SECUNDÁRIAS
92;FRIG. AURORA CASTRO;4228;INSENSIBILIZADOR CO2 BUTINA - PORTA CORREDIÇA 03 - SISTEMA MECÂNICO;3602;ABT;SETOR ABATE/RESFRIAMENTO      ;6;253954;9999;32015;2488;MÁQUINAS SECUNDÁRIAS
92;FRIG. AURORA CASTRO;4228;INSENSIBILIZADOR CO2 BUTINA - PORTÃO EMPURRADOR FINAL;99988557;ABT;SETOR ABATE/RESFRIAMENTO      ;8;253954;9999;18000;2488;MÁQUINAS SECUNDÁRIAS
92;FRIG. AURORA CASTRO;4228;INSENSIBILIZADOR CO2 BUTINA - PORTÃO EMPURRADOR FINAL - SERVOMOTOR;99988556;ABT;SETOR ABATE/RESFRIAMENTO      ;8;253954;9999;19000;2488;MÁQUINAS SECUNDÁRIAS
92;FRIG. AURORA CASTRO;4228;INSENSIBILIZADOR CO2 BUTINA - PORTÃO EMPURRADOR FINAL - SISTEMA DE SEGURANÇA;3586;ABT;SETOR ABATE/RESFRIAMENTO      ;8;253954;9999;32015;2488;MÁQUINAS SECUNDÁRIAS
92;FRIG. AURORA CASTRO;4228;INSENSIBILIZADOR CO2 BUTINA - PORTÃO EMPURRADOR FINAL - SISTEMA ELÉTRICO;3585;ABT;SETOR ABATE/RESFRIAMENTO      ;8;253954;9999;32015;2488;MÁQUINAS SECUNDÁRIAS
92;FRIG. AURORA CASTRO;4228;INSENSIBILIZADOR CO2 BUTINA - QUADROS DE COMANDO E IHM;99986926;ABT;SETOR ABATE/RESFRIAMENTO      ;8;253954;9999;46013;2488;MÁQUINAS SECUNDÁRIAS
92;FRIG. AURORA CASTRO;4228;INSENSIBILIZADOR CO2 BUTINA - SIST. DE GIRO DAS GAIOLAS;99999915;ABT;SETOR ABATE/RESFRIAMENTO      ;8;253954;9999;13100;2488;MÁQUINAS SECUNDÁRIAS
92;FRIG. AURORA CASTRO;4228;INSENSIBILIZADOR CO2 BUTINA - SIST. DE GIRO DAS GAIOLAS - CORRENTE PRINCIPAL;99999918;ABT;SETOR ABATE/RESFRIAMENTO      ;8;253954;9999;13100;2488;MÁQUINAS SECUNDÁRIAS
92;FRIG. AURORA CASTRO;4228;INSENSIBILIZADOR CO2 BUTINA - SIST. DE GIRO DAS GAIOLAS - GAIOLAS;3609;ABT;SETOR ABATE/RESFRIAMENTO      ;6;253954;9999;32015;2488;MÁQUINAS SECUNDÁRIAS
92;FRIG. AURORA CASTRO;4228;INSENSIBILIZADOR CO2 BUTINA - SIST. DE GIRO DAS GAIOLAS - REDUTOR;99988849;ABT;SETOR ABATE/RESFRIAMENTO      ;8;253954;9999;18000;2488;MÁQUINAS SECUNDÁRIAS
92;FRIG. AURORA CASTRO;4228;INSENSIBILIZADOR CO2 BUTINA - SIST. DE GIRO DAS GAIOLAS - REDUTOR - MOTOR;99988848;ABT;SETOR ABATE/RESFRIAMENTO      ;8;253954;9999;19000;2488;MÁQUINAS SECUNDÁRIAS
92;FRIG. AURORA CASTRO;4228;INSENSIBILIZADOR CO2 BUTINA - SISTEMA DE LUBRIFICAÇÃO CENTRAL;99999917;ABT;SETOR ABATE/RESFRIAMENTO      ;8;253954;9999;13100;2488;MÁQUINAS SECUNDÁRIAS
92;FRIG. AURORA CASTRO;4228;INSENSIBILIZADOR CO2 BUTINA - TRILHO PRINCIPAL;3589;ABT;SETOR ABATE/RESFRIAMENTO      ;6;253954;9999;32015;2488;MÁQUINAS SECUNDÁRIAS
92;FRIG. AURORA CASTRO;4228;INSENSIBILIZADOR CO2 BUTINA - TRILHO PRINCIPAL - PORTÃO EMPURRADOR 01;3592;ABT;SETOR ABATE/RESFRIAMENTO      ;6;253954;9999;32015;2488;MÁQUINAS SECUNDÁRIAS
92;FRIG. AURORA CASTRO;4228;INSENSIBILIZADOR CO2 BUTINA - TRILHO PRINCIPAL - PORTÃO EMPURRADOR 02;3593;ABT;SETOR ABATE/RESFRIAMENTO      ;6;253954;9999;32015;2488;MÁQUINAS SECUNDÁRIAS
92;FRIG. AURORA CASTRO;4228;INSENSIBILIZADOR CO2 BUTINA - TRILHO PRINCIPAL - SERVOMOTOR 01;3590;ABT;SETOR ABATE/RESFRIAMENTO      ;10;253954;9999;32015;2488;MÁQUINAS SECUNDÁRIAS
92;FRIG. AURORA CASTRO;4228;INSENSIBILIZADOR CO2 BUTINA - TRILHO PRINCIPAL - SERVOMOTOR 02;3591;ABT;SETOR ABATE/RESFRIAMENTO      ;6;253954;9999;32015;2488;MÁQUINAS SECUNDÁRIAS
92;FRIG. AURORA CASTRO;4228;INSENSIBILIZADOR CO2 BUTINA - TRILHO PRINCIPAL - SISTEMA DE SEGURANÇA;99988562;ABT;SETOR ABATE/RESFRIAMENTO      ;8;253954;9999;19000;2488;MÁQUINAS SECUNDÁRIAS
92;FRIG. AURORA CASTRO;4228;INSENSIBILIZADOR CO2 BUTINA - TRILHO PRINCIPAL - SISTEMA ELÉTRICO;99988563;ABT;SETOR ABATE/RESFRIAMENTO      ;8;253954;9999;18000;2488;MÁQUINAS SECUNDÁRIAS
92;FRIG. AURORA CASTRO;4228;INSENSIBILIZADOR DE SUÍNOS EMERGÊNCIAL FLUXO NEW EFX;2817;REC;SETOR DE RECEPCAO             ;4;0;9999;13001;2216;OUTROS
92;FRIG. AURORA CASTRO;4228;INSENSIBILIZADOR ELÉTRICO;6678;MEL;SETOR ENG E MANUT. ELETRICA   ;1;0;9999;13001;1163;EQUIPAMENTOS
92;FRIG. AURORA CASTRO;4228;INSENSIBILIZADOR ELÉTRICO;6679;MEL;SETOR ENG E MANUT. ELETRICA   ;1;0;9999;13001;1163;EQUIPAMENTOS
92;FRIG. AURORA CASTRO;4228;INSENSIBILIZADOR ELÉTRICO;6655;MEL;SETOR ENG E MANUT. ELETRICA   ;1;0;9999;13001;1163;EQUIPAMENTOS
92;FRIG. AURORA CASTRO;4228;INSENSIBILIZADOR ELÉTRICO;6270;MEL;SETOR ENG E MANUT. ELETRICA   ;1;0;9999;13001;1163;EQUIPAMENTOS
92;FRIG. AURORA CASTRO;4228;INSENSIBILIZADOR ELÉTRICO MANUAL - QUADRO DE COMANDO;1746;ABT;SETOR ABATE/RESFRIAMENTO      ;6;253949;9999;32015;2488;MÁQUINAS PRINCIPAL
92;FRIG. AURORA CASTRO;4228;INSENSIBILIZADOR ELÉTRICO MANUAL 01 SULMAQ - ABATE SANITÁRIO;99997007;REC;SETOR DE RECEPCAO             ;6;0;9999;13001;2216;OUTROS
92;FRIG. AURORA CASTRO;4228;INSENSIBILIZADOR ELÉTRICO MANUAL 02 SULMAQ - SANGRIA;99997010;ABT;SETOR ABATE/RESFRIAMENTO      ;6;0;9999;13001;2488;OUTROS
92;FRIG. AURORA CASTRO;4228;INSENSIBILIZADOR ELÉTRICO MANUAL 03 NEW EFX FLUXO - EMERGÊNCIAL;99997011;ABT;SETOR ABATE/RESFRIAMENTO      ;6;0;9999;13001;2488;OUTROS
92;FRIG. AURORA CASTRO;4228;INSENSIBILIZADOR ELÉTRICO MANUAL 04 FX 6.0 DUPLO FLUXO - PRÉ CO2;4287;ABT;SETOR ABATE/RESFRIAMENTO      ;8;264685;1;13001;2488;MÁQUINAS PRINCIPAL
92;FRIG. AURORA CASTRO;4228;LAGOA 01 SELETOR AERÓBIO;99986143;ETE;SETOR DE OPERACAO DE ETE      ;8;0;9999;29007;1228;OUTROS
92;FRIG. AURORA CASTRO;4228;LAGOA 02 ANÓXICA;99995615;ETE;SETOR DE OPERACAO DE ETE      ;8;0;9999;29007;1228;OUTROS
92;FRIG. AURORA CASTRO;4228;LAGOA 03 AERAÇÃO;99986134;ETE;SETOR DE OPERACAO DE ETE      ;8;0;9999;29007;1228;OUTROS
92;FRIG. AURORA CASTRO;4228;LAGOA 03 AERAÇÃO - BOMBA RECIRCULAÇÃO 01;99995196;ETE;SETOR DE OPERACAO DE ETE      ;6;0;9999;6000;1228;OUTROS
92;FRIG. AURORA CASTRO;4228;LAGOA 03 AERAÇÃO - BOMBA RECIRCULAÇÃO 01 - MOTOR;99995198;ETE;SETOR DE OPERACAO DE ETE      ;6;0;9999;19000;1228;OUTROS
92;FRIG. AURORA CASTRO;4228;LAGOA 03 AERAÇÃO - BOMBA RECIRCULAÇÃO 02;99995200;ETE;SETOR DE OPERACAO DE ETE      ;6;0;9999;6000;1228;OUTROS
92;FRIG. AURORA CASTRO;4228;LAGOA 03 AERAÇÃO - BOMBA RECIRCULAÇÃO 02 - MOTOR;99995202;ETE;SETOR DE OPERACAO DE ETE      ;6;0;9999;19000;1228;OUTROS
92;FRIG. AURORA CASTRO;4228;LAGOA 04 PÓS OXIDAÇÃO / ANÓXICA 02;99986135;ETE;SETOR DE OPERACAO DE ETE      ;8;0;9999;29007;1228;OUTROS
92;FRIG. AURORA CASTRO;4228;LAGOA 04 PÓS OXIDAÇÃO / ANÓXICA 02 - BOMBA TORNADO 01;99986113;ETE;SETOR DE OPERACAO DE ETE      ;6;0;9999;6000;1228;OUTROS
92;FRIG. AURORA CASTRO;4228;LAGOA 04 PÓS OXIDAÇÃO / ANÓXICA 02 - BOMBA TORNADO 01 - REDUTOR;99995616;ETE;SETOR DE OPERACAO DE ETE      ;6;0;9999;18000;1228;OUTROS
92;FRIG. AURORA CASTRO;4228;LAGOA 04 PÓS OXIDAÇÃO / ANÓXICA 02 - BOMBA TORNADO 01 - REDUTOR - MOTOR;99995617;ETE;SETOR DE OPERACAO DE ETE      ;6;0;9999;19000;1228;OUTROS
92;FRIG. AURORA CASTRO;4228;LAGOA 04 PÓS OXIDAÇÃO / ANÓXICA 02 - BOMBA TORNADO 02;99986110;ETE;SETOR DE OPERACAO DE ETE      ;6;0;9999;6000;1228;OUTROS
92;FRIG. AURORA CASTRO;4228;LAGOA 04 PÓS OXIDAÇÃO / ANÓXICA 02 - BOMBA TORNADO 02 - REDUTOR;99988958;ETE;SETOR DE OPERACAO DE ETE      ;6;0;9999;18000;1228;OUTROS
92;FRIG. AURORA CASTRO;4228;LAGOA 04 PÓS OXIDAÇÃO / ANÓXICA 02 - BOMBA TORNADO 02 - REDUTOR - MOTOR;99988957;ETE;SETOR DE OPERACAO DE ETE      ;6;0;9999;19000;1228;OUTROS
92;FRIG. AURORA CASTRO;4228;LAGOA DE AGUA BRUTA (LGA1701000005);99985864;ETA;SETOR DE OPERACAO DE ETA      ;6;;9999;28001;1244;MÁQUINAS PRINCIPAL
92;FRIG. AURORA CASTRO;4228;LAGOA DE SEGURANÇA;99986142;ETE;SETOR DE OPERACAO DE ETE      ;6;0;9999;29007;1228;OUTROS
92;FRIG. AURORA CASTRO;4228;LAGOA DE SEGURANÇA - BOMBA P/ FLOTADOR 01;99986148;ETE;SETOR DE OPERACAO DE ETE      ;6;0;9999;6000;1228;OUTROS
92;FRIG. AURORA CASTRO;4228;LAGOA DE SEGURANÇA - BOMBA P/ FLOTADOR 01 - MOTOR;99995068;ETE;SETOR DE OPERACAO DE ETE      ;6;0;9999;19000;1228;OUTROS
92;FRIG. AURORA CASTRO;4228;LAGOA DE SEGURANÇA - BOMBA P/ FLOTADOR 02;99986147;ETE;SETOR DE OPERACAO DE ETE      ;6;0;9999;6000;1228;OUTROS
92;FRIG. AURORA CASTRO;4228;LAGOA DE SEGURANÇA - BOMBA P/ FLOTADOR 02 - MOTOR;99995069;ETE;SETOR DE OPERACAO DE ETE      ;6;0;9999;19000;1228;OUTROS
92;FRIG. AURORA CASTRO;4228;LAGOA DE SEGURANÇA - BOMBA P/ FLOTADOR 03;99986146;ETE;SETOR DE OPERACAO DE ETE      ;6;0;9999;6000;1228;OUTROS
92;FRIG. AURORA CASTRO;4228;LAGOA DE SEGURANÇA - BOMBA P/ FLOTADOR 03 - MOTOR;99995070;ETE;SETOR DE OPERACAO DE ETE      ;6;0;9999;19000;1228;OUTROS
92;FRIG. AURORA CASTRO;4228;LAGOA DE SEGURANÇA - BOMBA P/ LANÇAMENTO FINAL 01;99986139;ETE;SETOR DE OPERACAO DE ETE      ;6;0;9999;6000;1228;OUTROS
92;FRIG. AURORA CASTRO;4228;LAGOA DE SEGURANÇA - BOMBA P/ LANÇAMENTO FINAL 01 - MOTOR;99988963;ETE;SETOR DE OPERACAO DE ETE      ;6;0;9999;19000;1228;OUTROS
92;FRIG. AURORA CASTRO;4228;LAGOA DE SEGURANÇA - BOMBA P/ LANÇAMENTO FINAL 02;99988964;ETE;SETOR DE OPERACAO DE ETE      ;6;0;9999;6000;1228;OUTROS
92;FRIG. AURORA CASTRO;4228;LAGOA DE SEGURANÇA - BOMBA P/ LANÇAMENTO FINAL 02 - MOTOR;99995071;ETE;SETOR DE OPERACAO DE ETE      ;6;0;9999;19000;1228;OUTROS
92;FRIG. AURORA CASTRO;4228;LAVA BOTAS ENTRADA EMBALAGEM SECUNDARIA (LA1701000006);99985818;SEI;SETOR EMB INDUSTRIALIZADOS    ;4;0;9999;3002;5345;MÁQUINAS PRINCIPAL
92;FRIG. AURORA CASTRO;4228;LAVA BOTAS ENTRADA PALETIZAÇÃO MANUAL (LA1701000022);99986364;TCA;SETOR TUNEIS E CAMARAS        ;4;;9999;3002;2313;MÁQUINAS PRINCIPAL
92;FRIG. AURORA CASTRO;4228;LAVABOTAS AUTO. DE PASSAGEM ENTRADA ÁREA LIMPA 01;99985898;ABT;SETOR ABATE/RESFRIAMENTO      ;2;254127;9999;3002;2488;MÁQUINAS PRINCIPAL
92;FRIG. AURORA CASTRO;4228;LAVABOTAS AUTO. DE PASSAGEM ENTRADA ÁREA LIMPA 01 - MOTOREDUTOR HORIZ;99988927;ABT;SETOR ABATE/RESFRIAMENTO      ;6;254127;9999;18000;2488;MÁQUINAS SECUNDÁRIAS
92;FRIG. AURORA CASTRO;4228;LAVABOTAS AUTO. DE PASSAGEM ENTRADA ÁREA LIMPA 01 - MOTOREDUTOR VERT.;1536;ABT;SETOR ABATE/RESFRIAMENTO      ;6;254127;9999;3002;2488;MÁQUINAS SECUNDÁRIAS
92;FRIG. AURORA CASTRO;4228;LAVABOTAS AUTO. DE PASSAGEM ENTRADA ÁREA LIMPA 01 - SISTEMA DE SEGURANÇA;1539;ABT;SETOR ABATE/RESFRIAMENTO      ;6;254127;9999;3002;2488;MÁQUINAS SECUNDÁRIAS
92;FRIG. AURORA CASTRO;4228;LAVABOTAS AUTO. DE PASSAGEM ENTRADA ÁREA LIMPA 01 - SISTEMA ELÉTRICO;1538;ABT;SETOR ABATE/RESFRIAMENTO      ;6;254127;9999;3002;2488;MÁQUINAS SECUNDÁRIAS
92;FRIG. AURORA CASTRO;4228;LAVABOTAS AUTO. DE PASSAGEM ENTRADA ÁREA LIMPA 01 - SISTEMA HÍDRICO;1537;ABT;SETOR ABATE/RESFRIAMENTO      ;6;254127;9999;3002;2488;MÁQUINAS SECUNDÁRIAS
92;FRIG. AURORA CASTRO;4228;LAVABOTAS AUTO. DE PASSAGEM ENTRADA ÁREA LIMPA 02;99985908;ABT;SETOR ABATE/RESFRIAMENTO      ;2;254127;9999;3002;2488;MÁQUINAS SECUNDÁRIAS
92;FRIG. AURORA CASTRO;4228;LAVABOTAS AUTO. DE PASSAGEM ENTRADA ÁREA LIMPA 02 - MOTOREDUTOR HORIZ;1541;ABT;SETOR ABATE/RESFRIAMENTO      ;6;254127;9999;3002;2488;MÁQUINAS SECUNDÁRIAS
92;FRIG. AURORA CASTRO;4228;LAVABOTAS AUTO. DE PASSAGEM ENTRADA ÁREA LIMPA 02 - REDUTOR VERT. - MOTOR VERT.;1542;ABT;SETOR ABATE/RESFRIAMENTO      ;6;254127;9999;3002;2488;MÁQUINAS SECUNDÁRIAS
92;FRIG. AURORA CASTRO;4228;LAVABOTAS AUTO. DE PASSAGEM ENTRADA ÁREA LIMPA 02 - SISTEMA DE SEGURANÇA;1546;ABT;SETOR ABATE/RESFRIAMENTO      ;6;254127;9999;3002;2488;MÁQUINAS SECUNDÁRIAS
92;FRIG. AURORA CASTRO;4228;LAVABOTAS AUTO. DE PASSAGEM ENTRADA ÁREA LIMPA 02 - SISTEMA ELÉTRICO;1545;ABT;SETOR ABATE/RESFRIAMENTO      ;6;254127;9999;3002;2488;MÁQUINAS SECUNDÁRIAS
92;FRIG. AURORA CASTRO;4228;LAVABOTAS AUTO. DE PASSAGEM ENTRADA ÁREA LIMPA 02 - SISTEMA HÍDRICO;1544;ABT;SETOR ABATE/RESFRIAMENTO      ;6;254127;9999;3002;2488;MÁQUINAS SECUNDÁRIAS
92;FRIG. AURORA CASTRO;4228;LAVABOTAS ESCOVA HORIZONTAL SULMAQ;1636;BET;SETOR BENEFICIAMENTO DE TRIPA ;6;254096;9999;3002;2232;MÁQUINAS PRINCIPAL
92;FRIG. AURORA CASTRO;4228;LAVABOTAS ESCOVA HORIZONTAL SULMAQ - REDUTOR;1637;BET;SETOR BENEFICIAMENTO DE TRIPA ;6;254096;9999;3002;2232;MÁQUINAS SECUNDÁRIAS
92;FRIG. AURORA CASTRO;4228;LAVABOTAS ESCOVA HORIZONTAL SULMAQ - REDUTOR - MOTOR;1638;BET;SETOR BENEFICIAMENTO DE TRIPA ;6;254096;9999;3002;2232;MÁQUINAS SECUNDÁRIAS
92;FRIG. AURORA CASTRO;4228;LAVABOTAS ESCOVA HORIZONTAL SULMAQ - SISTEMA ELÉTRICO;1639;BET;SETOR BENEFICIAMENTO DE TRIPA ;6;254096;9999;3002;2232;MÁQUINAS SECUNDÁRIAS
92;FRIG. AURORA CASTRO;4228;LAVABOTAS ESCOVA HORIZONTAL SULMAQ - SISTEMA HÍDRICO;1640;BET;SETOR BENEFICIAMENTO DE TRIPA ;6;254096;9999;3002;2232;MÁQUINAS SECUNDÁRIAS
92;FRIG. AURORA CASTRO;4228;LAVABOTAS MANUAL ÁREA LIMPA SULMAQ 01;99985910;ABT;SETOR ABATE/RESFRIAMENTO      ;2;254125;9999;3002;2488;MÁQUINAS PRINCIPAL
92;FRIG. AURORA CASTRO;4228;LAVABOTAS MANUAL ÁREA LIMPA SULMAQ 01 - MOTOREDUTOR;1716;ABT;SETOR ABATE/RESFRIAMENTO      ;6;254125;9999;46012;2488;MÁQUINAS SECUNDÁRIAS
92;FRIG. AURORA CASTRO;4228;LAVABOTAS MANUAL ÁREA LIMPA SULMAQ 01 - SISTEMA ELÉTRICO;1718;ABT;SETOR ABATE/RESFRIAMENTO      ;6;254125;9999;3002;2488;MÁQUINAS SECUNDÁRIAS
92;FRIG. AURORA CASTRO;4228;LAVABOTAS MANUAL ÁREA LIMPA SULMAQ 01 - SISTEMA HÍDRICO;1719;ABT;SETOR ABATE/RESFRIAMENTO      ;6;254125;9999;3002;2488;MÁQUINAS SECUNDÁRIAS
92;FRIG. AURORA CASTRO;4228;LAVABOTAS MANUAL ÁREA LIMPA SULMAQ 02;99985913;ABT;SETOR ABATE/RESFRIAMENTO      ;4;254126;9999;3002;2488;MÁQUINAS PRINCIPAL
92;FRIG. AURORA CASTRO;4228;LAVABOTAS MANUAL ÁREA LIMPA SULMAQ 02 - MOTOREDUTOR;1720;ABT;SETOR ABATE/RESFRIAMENTO      ;6;254126;9999;18000;2488;MÁQUINAS SECUNDÁRIAS
92;FRIG. AURORA CASTRO;4228;LAVABOTAS MANUAL ÁREA LIMPA SULMAQ 02 - SISTEMA ELÉTRICO;1722;ABT;SETOR ABATE/RESFRIAMENTO      ;6;254126;9999;3002;2488;MÁQUINAS SECUNDÁRIAS
92;FRIG. AURORA CASTRO;4228;LAVABOTAS MANUAL ÁREA LIMPA SULMAQ 02 - SISTEMA HÍDRICO;1723;ABT;SETOR ABATE/RESFRIAMENTO      ;6;254126;9999;3002;2488;MÁQUINAS SECUNDÁRIAS
92;FRIG. AURORA CASTRO;4228;LAVABOTAS MANUAL ÁREA SUJA SULMAQ;99985499;ABT;SETOR ABATE/RESFRIAMENTO      ;1;254005;9999;3002;2488;MÁQUINAS PRINCIPAL
92;FRIG. AURORA CASTRO;4228;LAVABOTAS MANUAL ÁREA SUJA SULMAQ - MOTOREDUTOR;1724;ABT;SETOR ABATE/RESFRIAMENTO      ;6;0;9999;3002;2488;OUTROS
92;FRIG. AURORA CASTRO;4228;LAVABOTAS MANUAL ÁREA SUJA SULMAQ - SISTEMA ELÉTRICO;1726;ABT;SETOR ABATE/RESFRIAMENTO      ;6;254005;9999;3002;2488;MÁQUINAS SECUNDÁRIAS
92;FRIG. AURORA CASTRO;4228;LAVABOTAS MANUAL ÁREA SUJA SULMAQ - SISTEMA HÍDRICO;1727;ABT;SETOR ABATE/RESFRIAMENTO      ;6;254005;9999;3002;2488;MÁQUINAS SECUNDÁRIAS
92;FRIG. AURORA CASTRO;4228;LAVADOR DE BOTAS MBL 101 FFG (LA1701000035);99985476;FFG;SETOR DE FABRICA DE FARINHAS E GORDURAS;1;;9999;3002;2330;MÁQUINAS PRINCIPAL
92;FRIG. AURORA CASTRO;4228;LAVADOR DE CABEÇA (ÁREA LIMPA PÓS BANHA RAMA);99985921;ABT;SETOR ABATE/RESFRIAMENTO      ;6;254273;9999;13012;2488;MÁQUINAS PRINCIPAL
92;FRIG. AURORA CASTRO;4228;LAVADOR DE CABEÇA (ÁREA LIMPA PÓS BANHA RAMA) - MOTOBOMBA;1707;ABT;SETOR ABATE/RESFRIAMENTO      ;6;254273;9999;13012;2488;MÁQUINAS SECUNDÁRIAS
92;FRIG. AURORA CASTRO;4228;LAVADOR DE CABEÇA (ÁREA LIMPA PÓS BANHA RAMA) - SISTEMA ELÉTRICO;1557;ABT;SETOR ABATE/RESFRIAMENTO      ;6;254273;9999;13012;2488;MÁQUINAS SECUNDÁRIAS
92;FRIG. AURORA CASTRO;4228;LAVADOR DE CABEÇA (ÁREA LIMPA PÓS BANHA RAMA) - SISTEMA HÍDRICO;1558;ABT;SETOR ABATE/RESFRIAMENTO      ;6;254273;9999;13012;2488;MÁQUINAS SECUNDÁRIAS
92;FRIG. AURORA CASTRO;4228;LAVADOR DE CARCACAS PRÉ TIPIFICAÇÃO 01;1559;ABT;SETOR ABATE/RESFRIAMENTO      ;6;0;9999;13012;2488;OUTROS
92;FRIG. AURORA CASTRO;4228;LAVADOR DE CARCACAS PÓS TIPIFICAÇÃO 02;99985918;ABT;SETOR ABATE/RESFRIAMENTO      ;6;254276;9999;13012;2488;MÁQUINAS PRINCIPAL
92;FRIG. AURORA CASTRO;4228;LAVADOR DE CARCACAS PÓS TIPIFICAÇÃO 02 - MOTOBOMBA;1562;ABT;SETOR ABATE/RESFRIAMENTO      ;6;254276;9999;13012;2488;MÁQUINAS SECUNDÁRIAS
92;FRIG. AURORA CASTRO;4228;LAVADOR DE CARCACAS PÓS TIPIFICAÇÃO 02 - SISTEMA ELÉTRICO;1560;ABT;SETOR ABATE/RESFRIAMENTO      ;6;254276;9999;13012;2488;MÁQUINAS SECUNDÁRIAS
92;FRIG. AURORA CASTRO;4228;LAVADOR DE CARCACAS PÓS TIPIFICAÇÃO 02 - SISTEMA HÍDRICO;1561;ABT;SETOR ABATE/RESFRIAMENTO      ;6;254276;9999;13012;2488;MÁQUINAS SECUNDÁRIAS
92;FRIG. AURORA CASTRO;4228;LAVADOR DE CARCAÇAS SAÍDA ÁREA SUJA SULMAQ;99985362;ABT;SETOR ABATE/RESFRIAMENTO      ;8;253973;9999;13012;2488;MÁQUINAS PRINCIPAL
92;FRIG. AURORA CASTRO;4228;LAVADOR DE CARCAÇAS SAÍDA ÁREA SUJA SULMAQ - SISTEMA ELÉTRICO;1504;ABT;SETOR ABATE/RESFRIAMENTO      ;8;253973;9999;13005;2488;MÁQUINAS SECUNDÁRIAS
92;FRIG. AURORA CASTRO;4228;LAVADOR DE CARCAÇAS SAÍDA ÁREA SUJA SULMAQ - SISTEMA HÍDRICO;1505;ABT;SETOR ABATE/RESFRIAMENTO      ;6;253973;9999;13005;2488;MÁQUINAS SECUNDÁRIAS
92;FRIG. AURORA CASTRO;4228;LAVADOR DE CARCAÇAS SAÍDA ÁREA SUJA SULMAQ - SISTEMA HÍDRICO - MOTOBOMBA;1506;ABT;SETOR ABATE/RESFRIAMENTO      ;6;253973;9999;13005;2488;MÁQUINAS SECUNDÁRIAS
92;FRIG. AURORA CASTRO;4228;LAVADOR DE TRIPAS GROSSAS (99986563) - MOTOR;99988884;GRX;SETOR SUB PRODUTOS GRAXARIA   ;6;;9999;19000;2330;MÁQUINAS SECUNDÁRIAS
92;FRIG. AURORA CASTRO;4228;LAVADOR DE TRIPAS GROSSAS (99986563) - REDUTOR;99988885;GRX;SETOR SUB PRODUTOS GRAXARIA   ;6;;9999;18000;2330;MÁQUINAS SECUNDÁRIAS
92;FRIG. AURORA CASTRO;4228;LAVADOR DE TRIPAS GROSSAS - TRI 28;99986563;GRX;SETOR SUB PRODUTOS GRAXARIA   ;6;;9999;15008;2330;MÁQUINAS PRINCIPAL
92;FRIG. AURORA CASTRO;4228;LAVADOR PARA TIPIFICACAO - ZONA LIMPA (LA1701000010);99985915;ABT;SETOR ABATE/RESFRIAMENTO      ;6;;9999;13012;2488;MÁQUINAS PRINCIPAL
92;FRIG. AURORA CASTRO;4228;LAVADORA ALTA PRESSÃO;99996091;PRU;SETOR DE PRESUNTARIA          ;6;0;9999;46012;2291;OUTROS
92;FRIG. AURORA CASTRO;4228;LAVADORA ALTA PRESSÃO;99996253;CEB;EMBUTIDOS COZIDOS             ;6;0;9999;46012;2283;OUTROS
92;FRIG. AURORA CASTRO;4228;LAVADORA DE ESTOMAGO;99985430;MIN;MIUDOS INTERNOS               ;6;;9999;7004;2721;MÁQUINAS PRINCIPAL
92;FRIG. AURORA CASTRO;4228;LAVADORA DE VARAS LINGUIÇAS COZIDAS;99986042;CEB;EMBUTIDOS COZIDOS             ;6;;9999;38004;2283;OUTROS
92;FRIG. AURORA CASTRO;4228;LAVADORA DE VARAS LINGUIÇAS COZIDAS - MOTOREDUTOR;6215;CEB;EMBUTIDOS COZIDOS             ;6;;9999;26011;2283;OUTROS
92;FRIG. AURORA CASTRO;4228;LAVADORA DE VARAS LINGUIÇAS COZIDAS - SISTEMA DE SEGURANÇA;6214;CEB;EMBUTIDOS COZIDOS             ;6;;9999;26011;2283;OUTROS
92;FRIG. AURORA CASTRO;4228;LAVADORA DE VARAS LINGUIÇAS COZIDAS - SISTEMA ELETRICO;6213;CEB;EMBUTIDOS COZIDOS             ;6;;9999;26011;2283;OUTROS
92;FRIG. AURORA CASTRO;4228;LIMPADOR PÉ SUÍNO MONTEMIL LPS 600 01;99997897;MEX;MIUDOS EXTERNOS               ;6;0;9999;14005;2739;OUTROS
92;FRIG. AURORA CASTRO;4228;LIMPADOR PÉ SUÍNO MONTEMIL LPS 600 01 - MOTOR;99997898;MEX;MIUDOS EXTERNOS               ;6;0;9999;19000;2739;OUTROS
92;FRIG. AURORA CASTRO;4228;LIMPADOR PÉ SUÍNO MONTEMIL LPS 600 01 - QUADRO COMANDO;99997899;MEX;MIUDOS EXTERNOS               ;6;0;9999;46013;2739;OUTROS
92;FRIG. AURORA CASTRO;4228;LIMPADOR PÉ SUÍNO MONTEMIL LPS 600 02;99997900;MEX;MIUDOS EXTERNOS               ;6;0;9999;14005;2739;OUTROS
92;FRIG. AURORA CASTRO;4228;LIMPADOR PÉ SUÍNO MONTEMIL LPS 600 02 - MOTOR;99997901;MEX;MIUDOS EXTERNOS               ;6;0;9999;19000;2739;OUTROS
92;FRIG. AURORA CASTRO;4228;LIMPADOR PÉ SUÍNO MONTEMIL LPS 600 02 - QUADRO COMANDO;99997902;MEX;MIUDOS EXTERNOS               ;6;0;9999;46013;2739;OUTROS
92;FRIG. AURORA CASTRO;4228;LIMPADOR PÉ SUÍNO MONTEMIL LPS 600 03;5746;MEX;MIUDOS EXTERNOS               ;6;0;9999;15005;2739;OUTROS
92;FRIG. AURORA CASTRO;4228;LIMPADOR PÉ SUÍNO MONTEMIL LPS 600 03 - MOTOR;5747;MEX;MIUDOS EXTERNOS               ;6;0;9999;29004;2739;OUTROS
92;FRIG. AURORA CASTRO;4228;LIMPADOR PÉ SUÍNO MONTEMIL LPS 600 03 - QUADRO COMANDO;5748;MEX;MIUDOS EXTERNOS               ;6;0;9999;29004;2739;OUTROS
92;FRIG. AURORA CASTRO;4228;LINHA CALABRESA 5030 - DOSADOR PNEUMÁTICO MANUAL;99997172;SEI;SETOR EMB INDUSTRIALIZADOS    ;6;269269;9999;6009;5345;MÁQUINAS PRINCIPAL
92;FRIG. AURORA CASTRO;4228;LINHA CALABRESA 5030 - ESTEIRA ALIMENTAÇÃO 01;99997173;SEI;SETOR EMB INDUSTRIALIZADOS    ;6;269309;9999;29004;5345;MÁQUINAS PRINCIPAL
92;FRIG. AURORA CASTRO;4228;LINHA CALABRESA 5030 - ESTEIRA ALIMENTAÇÃO 01 - MOTOREDUTOR;99997178;SEI;SETOR EMB INDUSTRIALIZADOS    ;6;269309;9999;18000;5345;MÁQUINAS SECUNDÁRIAS
92;FRIG. AURORA CASTRO;4228;LINHA CALABRESA 5030 - ESTEIRA ALIMENTAÇÃO 02;99997174;SEI;SETOR EMB INDUSTRIALIZADOS    ;6;269310;9999;29004;5345;MÁQUINAS PRINCIPAL
92;FRIG. AURORA CASTRO;4228;LINHA CALABRESA 5030 - ESTEIRA ALIMENTAÇÃO 02 - MOTOREDUTOR;99997180;SEI;SETOR EMB INDUSTRIALIZADOS    ;6;269310;9999;18000;5345;MÁQUINAS SECUNDÁRIAS
92;FRIG. AURORA CASTRO;4228;LINHA CALABRESA 5030 - ESTEIRA ALIMENTAÇÃO 03;99997175;SEI;SETOR EMB INDUSTRIALIZADOS    ;6;269311;9999;29004;5345;MÁQUINAS PRINCIPAL
92;FRIG. AURORA CASTRO;4228;LINHA CALABRESA 5030 - ESTEIRA ALIMENTAÇÃO 03 - MOTOREDUTOR;99997182;SEI;SETOR EMB INDUSTRIALIZADOS    ;6;269311;9999;18000;5345;MÁQUINAS SECUNDÁRIAS
92;FRIG. AURORA CASTRO;4228;LINHA CALABRESA 5030 - ESTEIRA PRODUTOS EMBALADOS;99997176;SEI;SETOR EMB INDUSTRIALIZADOS    ;6;269312;9999;29004;5345;MÁQUINAS PRINCIPAL
92;FRIG. AURORA CASTRO;4228;LINHA CALABRESA 5030 - ESTEIRA PRODUTOS EMBALADOS - MOTOREDUTOR;99997184;SEI;SETOR EMB INDUSTRIALIZADOS    ;6;269312;9999;18000;5345;MÁQUINAS SECUNDÁRIAS
92;FRIG. AURORA CASTRO;4228;LINHA CALABRESA 5030 - ESTEIRA PRODUTOS PORCIONADOS;99997177;SEI;SETOR EMB INDUSTRIALIZADOS    ;6;269313;9999;29004;5345;MÁQUINAS PRINCIPAL
92;FRIG. AURORA CASTRO;4228;LINHA CALABRESA 5030 - ESTEIRA PRODUTOS PORCIONADOS - MOTOREDUTOR;99997186;SEI;SETOR EMB INDUSTRIALIZADOS    ;6;269313;9999;18000;5345;MÁQUINAS SECUNDÁRIAS
92;FRIG. AURORA CASTRO;4228;LINHA VERDE - PENEIRA ROTATIVA HIDROSSANITÁRIO;99986145;ETE;SETOR DE OPERACAO DE ETE      ;6;253245;9999;29000;1228;MÁQUINAS PRINCIPAL
92;FRIG. AURORA CASTRO;4228;LINHA VERDE - PENEIRA ROTATIVA REC;99986141;ETE;SETOR DE OPERACAO DE ETE      ;6;253244;9999;29000;1228;MÁQUINAS PRINCIPAL
92;FRIG. AURORA CASTRO;4228;LINHA VERDE - PENEIRA ROTATIVA REC - REDUTOR;99988975;ETE;SETOR DE OPERACAO DE ETE      ;6;253244;9999;18000;1228;MÁQUINAS SECUNDÁRIAS
92;FRIG. AURORA CASTRO;4228;LINHA VERDE - PENEIRA ROTATIVA REC - REDUTOR - MOTOR;99988974;ETE;SETOR DE OPERACAO DE ETE      ;6;253244;9999;19000;1228;MÁQUINAS SECUNDÁRIAS
92;FRIG. AURORA CASTRO;4228;LINHA VERDE - PENEIRA ROTATIVA VÍSCERAS HIDROSSANITÁRIAS - REDUTOR;99988980;ETE;SETOR DE OPERACAO DE ETE      ;6;253245;9999;18000;1228;MÁQUINAS SECUNDÁRIAS
92;FRIG. AURORA CASTRO;4228;LINHA VERDE - PENEIRA ROTATIVA VÍSCERAS HIDROSSANITÁRIAS - REDUTOR - MOTOR;99988979;ETE;SETOR DE OPERACAO DE ETE      ;6;253245;9999;19000;1228;MÁQUINAS SECUNDÁRIAS
92;FRIG. AURORA CASTRO;4228;LINHA VERDE - TANQUE EQUALIZAÇÃO;99991315;ETE;SETOR DE OPERACAO DE ETE      ;6;0;9999;23008;1228;OUTROS
92;FRIG. AURORA CASTRO;4228;LINHA VERDE - TANQUE EQUALIZAÇÃO - AGITADOR;99991318;ETE;SETOR DE OPERACAO DE ETE      ;6;0;9999;38009;1228;OUTROS
92;FRIG. AURORA CASTRO;4228;LINHA VERDE - TANQUE EQUALIZAÇÃO - AGITADOR - REDUTOR;99991316;ETE;SETOR DE OPERACAO DE ETE      ;6;0;9999;18000;1228;OUTROS
92;FRIG. AURORA CASTRO;4228;LINHA VERDE - TANQUE EQUALIZAÇÃO - AGITADOR - REDUTOR - MOTOR;99991317;ETE;SETOR DE OPERACAO DE ETE      ;6;0;9999;19000;1228;OUTROS
92;FRIG. AURORA CASTRO;4228;LINHA VERDE - TANQUE EQUALIZAÇÃO - BOMBA 01;99991319;ETE;SETOR DE OPERACAO DE ETE      ;6;0;9999;6000;1228;OUTROS
92;FRIG. AURORA CASTRO;4228;LINHA VERDE - TANQUE EQUALIZAÇÃO - BOMBA 01 - MOTOR;99991320;ETE;SETOR DE OPERACAO DE ETE      ;6;0;9999;19000;1228;OUTROS
92;FRIG. AURORA CASTRO;4228;LINHA VERDE - TANQUE EQUALIZAÇÃO - BOMBA 02;99991321;ETE;SETOR DE OPERACAO DE ETE      ;6;0;9999;6000;1228;OUTROS
92;FRIG. AURORA CASTRO;4228;LINHA VERDE - TANQUE EQUALIZAÇÃO - BOMBA 02 - MOTOR;99991322;ETE;SETOR DE OPERACAO DE ETE      ;6;0;9999;19000;1228;OUTROS
92;FRIG. AURORA CASTRO;4228;LINHA VERDE - TRANSPORTADOR HELICOIDAL;99986122;ETE;SETOR DE OPERACAO DE ETE      ;6;253251;9999;37010;1228;MÁQUINAS PRINCIPAL
92;FRIG. AURORA CASTRO;4228;LINHA VERDE - TRANSPORTADOR HELICOIDAL - REDUTOR;99988960;ETE;SETOR DE OPERACAO DE ETE      ;6;253251;9999;18000;1228;MÁQUINAS SECUNDÁRIAS
92;FRIG. AURORA CASTRO;4228;LINHA VERDE - TRANSPORTADOR HELICOIDAL - REDUTOR - MOTOR;99988959;ETE;SETOR DE OPERACAO DE ETE      ;6;253251;9999;19000;1228;MÁQUINAS SECUNDÁRIAS
92;FRIG. AURORA CASTRO;4228;LINHA VERDE / VERMELHA - MOTOBOMBA HIGIENIZAÇÃO PENEIRAS 01;99991327;ETE;SETOR DE OPERACAO DE ETE      ;6;0;9999;19000;1228;OUTROS
92;FRIG. AURORA CASTRO;4228;LINHA VERDE / VERMELHA - MOTOBOMBA HIGIENIZAÇÃO PENEIRAS 02;99991328;ETE;SETOR DE OPERACAO DE ETE      ;6;0;9999;19000;1228;OUTROS
92;FRIG. AURORA CASTRO;4228;LINHA VERDE / VERMELHA - QUADRO PNEUMÁTICO;99991329;ETE;SETOR DE OPERACAO DE ETE      ;6;0;9999;46013;1228;OUTROS
92;FRIG. AURORA CASTRO;4228;LINHA VERMELHA - BLOW TANK 1000 LITROS;99986120;ETE;SETOR DE OPERACAO DE ETE      ;6;0;9999;23008;1228;OUTROS
92;FRIG. AURORA CASTRO;4228;LINHA VERMELHA - PENEIRA ROTATIVA;99986144;ETE;SETOR DE OPERACAO DE ETE      ;6;253246;9999;29000;1228;MÁQUINAS PRINCIPAL
92;FRIG. AURORA CASTRO;4228;LINHA VERMELHA - PENEIRA ROTATIVA - REDUTOR;99988978;ETE;SETOR DE OPERACAO DE ETE      ;6;253246;9999;18000;1228;MÁQUINAS SECUNDÁRIAS
92;FRIG. AURORA CASTRO;4228;LINHA VERMELHA - PENEIRA ROTATIVA - REDUTOR - MOTOR;99988977;ETE;SETOR DE OPERACAO DE ETE      ;6;253246;9999;19000;1228;MÁQUINAS SECUNDÁRIAS
92;FRIG. AURORA CASTRO;4228;LINHA VERMELHA - TANQUE EQUALIZAÇÃO;99986158;ETE;SETOR DE OPERACAO DE ETE      ;6;0;9999;23008;1228;OUTROS
92;FRIG. AURORA CASTRO;4228;LINHA VERMELHA - TANQUE EQUALIZAÇÃO - BOMBA 01;99991330;ETE;SETOR DE OPERACAO DE ETE      ;6;0;9999;6000;1228;OUTROS
92;FRIG. AURORA CASTRO;4228;LINHA VERMELHA - TANQUE EQUALIZAÇÃO - BOMBA 01 - MOTOR;99991331;ETE;SETOR DE OPERACAO DE ETE      ;6;0;9999;19000;1228;OUTROS
92;FRIG. AURORA CASTRO;4228;LINHA VERMELHA - TANQUE EQUALIZAÇÃO - BOMBA 02;99991332;ETE;SETOR DE OPERACAO DE ETE      ;6;0;9999;6000;1228;OUTROS
92;FRIG. AURORA CASTRO;4228;LINHA VERMELHA - TANQUE EQUALIZAÇÃO - BOMBA 02 - MOTOR;99991333;ETE;SETOR DE OPERACAO DE ETE      ;6;0;9999;19000;1228;OUTROS
92;FRIG. AURORA CASTRO;4228;LUXÍMETRO;99996793;SIF;SETOR INSP. FEDERAL DIPOA     ;1;0;1;18;1767;EQUIPAMENTOS
92;FRIG. AURORA CASTRO;4228;LUXÍMETRO;99989576;CQL;SETOR CONTROLE DE QUALIDADE   ;1;;1;18;1759;EQUIPAMENTOS
92;FRIG. AURORA CASTRO;4228;LUXÍMETRO;99987673;CQL;SETOR CONTROLE DE QUALIDADE   ;1;52382;1;18;1759;EQUIPAMENTOS
92;FRIG. AURORA CASTRO;4228;M92-1 (EMPILHADEIRA RETRATIL 5A237810);99987479;EXD;EXPEDICAO                     ;8;;9;35010;2348;MÁQUINAS PRINCIPAL
92;FRIG. AURORA CASTRO;4228;M92-2 (EMPILHADEIRA RETRATIL 5A237812);99987501;EXD;EXPEDICAO                     ;8;;9;35010;2348;MÁQUINAS PRINCIPAL
92;FRIG. AURORA CASTRO;4228;M92-3 (EMPILHADEIRA RETRATIL 5A237814);99987503;EXD;EXPEDICAO                     ;8;;9;35010;2348;MÁQUINAS PRINCIPAL
92;FRIG. AURORA CASTRO;4228;M92-4 (EMPILHADEIRA RETRATIL 5A242592);99987518;EXD;EXPEDICAO                     ;8;;9;35010;2348;MÁQUINAS PRINCIPAL
92;FRIG. AURORA CASTRO;4228;M92-5 (EMPILHADEIRA 5A244346);99989073;COD;SETOR DE CONDIMENTOS          ;6;0;9;35010;4472;OUTROS
92;FRIG. AURORA CASTRO;4228;M92-7 (EMPILHADEIRA 3297396);99989083;FFG;SETOR DE FABRICA DE FARINHAS E GORDURAS;6;;9;35010;2330;MÁQUINAS PRINCIPAL
92;FRIG. AURORA CASTRO;4228;MALHA CONTROLE DE TEMPERATURA;99992464;EST;SETOR DE ESTUFAS              ;1;0;1;29;4588;EQUIPAMENTOS
92;FRIG. AURORA CASTRO;4228;MALHA CONTROLE DE TEMPERATURA;99992430;EST;SETOR DE ESTUFAS              ;1;0;1;29;4588;EQUIPAMENTOS
92;FRIG. AURORA CASTRO;4228;MALHA CONTROLE DE TEMPERATURA;99992446;EST;SETOR DE ESTUFAS              ;1;0;1;29;4588;EQUIPAMENTOS
92;FRIG. AURORA CASTRO;4228;MALHA CONTROLE DE TEMPERATURA;99992445;EST;SETOR DE ESTUFAS              ;1;0;1;29;4588;EQUIPAMENTOS
92;FRIG. AURORA CASTRO;4228;MALHA CONTROLE DE TEMPERATURA;99992444;EST;SETOR DE ESTUFAS              ;1;0;1;29;4588;EQUIPAMENTOS
92;FRIG. AURORA CASTRO;4228;MALHA CONTROLE DE TEMPERATURA;99992435;EST;SETOR DE ESTUFAS              ;1;0;1;29;4588;EQUIPAMENTOS
92;FRIG. AURORA CASTRO;4228;MALHA CONTROLE DE TEMPERATURA;99992432;EST;SETOR DE ESTUFAS              ;1;0;1;29;4588;EQUIPAMENTOS
92;FRIG. AURORA CASTRO;4228;MALHA CONTROLE DE TEMPERATURA;99992431;EST;SETOR DE ESTUFAS              ;1;0;1;29;4588;EQUIPAMENTOS
92;FRIG. AURORA CASTRO;4228;MALHA CONTROLE DE TEMPERATURA;99992463;EST;SETOR DE ESTUFAS              ;1;0;1;29;4588;EQUIPAMENTOS
92;FRIG. AURORA CASTRO;4228;MALHA CONTROLE DE TEMPERATURA;99992429;EST;SETOR DE ESTUFAS              ;1;0;1;29;4588;EQUIPAMENTOS
92;FRIG. AURORA CASTRO;4228;MALHA CONTROLE DE TEMPERATURA;99992428;EST;SETOR DE ESTUFAS              ;1;0;1;29;4588;EQUIPAMENTOS
92;FRIG. AURORA CASTRO;4228;MALHA CONTROLE DE TEMPERATURA;99992421;EST;SETOR DE ESTUFAS              ;1;0;1;29;4588;EQUIPAMENTOS
92;FRIG. AURORA CASTRO;4228;MALHA CONTROLE DE TEMPERATURA;99992420;EST;SETOR DE ESTUFAS              ;1;0;1;29;4588;EQUIPAMENTOS
92;FRIG. AURORA CASTRO;4228;MALHA CONTROLE DE TEMPERATURA;99992419;EST;SETOR DE ESTUFAS              ;1;0;1;29;4588;EQUIPAMENTOS
92;FRIG. AURORA CASTRO;4228;MALHA CONTROLE DE TEMPERATURA;99992465;EST;SETOR DE ESTUFAS              ;1;0;1;29;4588;EQUIPAMENTOS
92;FRIG. AURORA CASTRO;4228;MALHA TANQUE DE COZIMENTO;4635;PRU;SETOR DE PRESUNTARIA          ;1;0;1;29;2291;EQUIPAMENTOS
92;FRIG. AURORA CASTRO;4228;MALHA TANQUE DE COZIMENTO;4637;PRU;SETOR DE PRESUNTARIA          ;1;0;1;29;2291;EQUIPAMENTOS
92;FRIG. AURORA CASTRO;4228;MALHA TANQUE DE COZIMENTO;4647;PRU;SETOR DE PRESUNTARIA          ;1;0;1;29;2291;EQUIPAMENTOS
92;FRIG. AURORA CASTRO;4228;MALHA TANQUE DE COZIMENTO;4646;PRU;SETOR DE PRESUNTARIA          ;1;0;1;29;2291;EQUIPAMENTOS
92;FRIG. AURORA CASTRO;4228;MALHA TANQUE DE COZIMENTO;4643;PRU;SETOR DE PRESUNTARIA          ;1;0;1;29;2291;EQUIPAMENTOS
92;FRIG. AURORA CASTRO;4228;MALHA TANQUE DE COZIMENTO;4641;PRU;SETOR DE PRESUNTARIA          ;1;0;1;1;2291;EQUIPAMENTOS
92;FRIG. AURORA CASTRO;4228;MALHA TANQUE DE COZIMENTO;4639;PRU;SETOR DE PRESUNTARIA          ;1;0;1;1;2291;EQUIPAMENTOS
92;FRIG. AURORA CASTRO;4228;MALHA TANQUE DE COZIMENTO;4638;PRU;SETOR DE PRESUNTARIA          ;1;0;1;29;2291;EQUIPAMENTOS
92;FRIG. AURORA CASTRO;4228;MANOMETRO;5770;ABT;SETOR ABATE/RESFRIAMENTO      ;1;0;1;5;2488;EQUIPAMENTOS
92;FRIG. AURORA CASTRO;4228;MANOMETRO;5769;ABT;SETOR ABATE/RESFRIAMENTO      ;1;0;1;5;2488;EQUIPAMENTOS
92;FRIG. AURORA CASTRO;4228;MANOMETRO;4972;FFG;SETOR DE FABRICA DE FARINHAS E GORDURAS;1;0;1;5;2330;EQUIPAMENTOS
92;FRIG. AURORA CASTRO;4228;MANOMETRO;99996949;MEL;SETOR ENG E MANUT. ELETRICA   ;1;0;1;5;1163;EQUIPAMENTOS
92;FRIG. AURORA CASTRO;4228;MANOMETRO;6926;REC;SETOR DE RECEPCAO             ;1;0;1;5;2216;EQUIPAMENTOS
92;FRIG. AURORA CASTRO;4228;MANOMETRO;99988470;FFG;SETOR DE FABRICA DE FARINHAS E GORDURAS;1;0;1;5;2330;EQUIPAMENTOS
92;FRIG. AURORA CASTRO;4228;MANOMETRO;99988466;FFG;SETOR DE FABRICA DE FARINHAS E GORDURAS;1;0;1;5;2330;EQUIPAMENTOS
92;FRIG. AURORA CASTRO;4228;MANOMETRO;99988463;FFG;SETOR DE FABRICA DE FARINHAS E GORDURAS;1;0;1;5;2330;EQUIPAMENTOS
92;FRIG. AURORA CASTRO;4228;MANOMETRO;99988464;FFG;SETOR DE FABRICA DE FARINHAS E GORDURAS;1;0;1;5;2330;EQUIPAMENTOS
92;FRIG. AURORA CASTRO;4228;MANÔMETRO;99993324;FFG;SETOR DE FABRICA DE FARINHAS E GORDURAS;1;0;1;5;2330;EQUIPAMENTOS
92;FRIG. AURORA CASTRO;4228;MANÔMETRO;99993325;FFG;SETOR DE FABRICA DE FARINHAS E GORDURAS;1;0;1;5;2330;EQUIPAMENTOS
92;FRIG. AURORA CASTRO;4228;MANÔMETRO;99993326;FFG;SETOR DE FABRICA DE FARINHAS E GORDURAS;1;0;1;5;2330;EQUIPAMENTOS
92;FRIG. AURORA CASTRO;4228;MANÔMETRO;99993327;FFG;SETOR DE FABRICA DE FARINHAS E GORDURAS;1;0;1;5;2330;EQUIPAMENTOS
92;FRIG. AURORA CASTRO;4228;MANÔMETRO;99993328;FFG;SETOR DE FABRICA DE FARINHAS E GORDURAS;1;0;1;5;2330;EQUIPAMENTOS
92;FRIG. AURORA CASTRO;4228;MANÔMETRO;99993329;FFG;SETOR DE FABRICA DE FARINHAS E GORDURAS;1;0;1;5;2330;EQUIPAMENTOS
92;FRIG. AURORA CASTRO;4228;MANÔMETRO;99993432;FFG;SETOR DE FABRICA DE FARINHAS E GORDURAS;1;0;1;5;2330;EQUIPAMENTOS
92;FRIG. AURORA CASTRO;4228;MANÔMETRO;99996950;MEL;SETOR ENG E MANUT. ELETRICA   ;1;0;1;5;1163;EQUIPAMENTOS
92;FRIG. AURORA CASTRO;4228;MANÔMETRO;99996951;MEL;SETOR ENG E MANUT. ELETRICA   ;1;0;1;5;1163;EQUIPAMENTOS
92;FRIG. AURORA CASTRO;4228;MANÔMETRO;99996952;FFG;SETOR DE FABRICA DE FARINHAS E GORDURAS;1;0;1;5;2330;EQUIPAMENTOS
92;FRIG. AURORA CASTRO;4228;MANÔMETRO;99996953;FFG;SETOR DE FABRICA DE FARINHAS E GORDURAS;1;0;1;5;2330;EQUIPAMENTOS
92;FRIG. AURORA CASTRO;4228;MANÔMETRO;99996954;PRD;DEPTO PRODUCAO                ;1;0;1;5;2208;EQUIPAMENTOS
92;FRIG. AURORA CASTRO;4228;MANÔMETRO;99996955;PRD;DEPTO PRODUCAO                ;1;0;1;5;2208;EQUIPAMENTOS
92;FRIG. AURORA CASTRO;4228;MANÔMETRO;99996956;PRD;DEPTO PRODUCAO                ;1;0;1;5;2208;EQUIPAMENTOS
92;FRIG. AURORA CASTRO;4228;MANÔMETRO;99996957;PRD;DEPTO PRODUCAO                ;1;0;1;5;2208;EQUIPAMENTOS
92;FRIG. AURORA CASTRO;4228;MANÔMETRO;99996958;PRD;DEPTO PRODUCAO                ;1;0;1;5;2208;EQUIPAMENTOS
92;FRIG. AURORA CASTRO;4228;MANÔMETRO;99996959;PRD;DEPTO PRODUCAO                ;1;0;1;5;2208;EQUIPAMENTOS
92;FRIG. AURORA CASTRO;4228;MANÔMETRO;99996960;PRD;DEPTO PRODUCAO                ;1;0;1;5;2208;EQUIPAMENTOS
92;FRIG. AURORA CASTRO;4228;MANÔMETRO;4678;GEF;SETOR DE OPERACAO DE FRIO     ;1;0;1;5;1210;EQUIPAMENTOS
92;FRIG. AURORA CASTRO;4228;MANÔMETRO;4683;GEF;SETOR DE OPERACAO DE FRIO     ;1;0;1;5;1210;EQUIPAMENTOS
92;FRIG. AURORA CASTRO;4228;MANÔMETRO;4688;GEF;SETOR DE OPERACAO DE FRIO     ;1;0;1;5;1210;EQUIPAMENTOS
92;FRIG. AURORA CASTRO;4228;MANÔMETRO;4694;GEF;SETOR DE OPERACAO DE FRIO     ;1;0;2;5;1210;EQUIPAMENTOS
92;FRIG. AURORA CASTRO;4228;MANÔMETRO;4697;GEF;SETOR DE OPERACAO DE FRIO     ;1;0;1;5;1210;EQUIPAMENTOS
92;FRIG. AURORA CASTRO;4228;MANÔMETRO;4704;GEF;SETOR DE OPERACAO DE FRIO     ;1;0;1;5;1210;EQUIPAMENTOS
92;FRIG. AURORA CASTRO;4228;MANÔMETRO;4712;GEF;SETOR DE OPERACAO DE FRIO     ;1;0;1;5;1210;EQUIPAMENTOS
92;FRIG. AURORA CASTRO;4228;MANÔMETRO;4713;GEF;SETOR DE OPERACAO DE FRIO     ;1;0;1;5;1210;EQUIPAMENTOS
92;FRIG. AURORA CASTRO;4228;MANÔMETRO;4718;GEF;SETOR DE OPERACAO DE FRIO     ;1;0;1;5;1210;EQUIPAMENTOS
92;FRIG. AURORA CASTRO;4228;MANÔMETRO;4722;GEF;SETOR DE OPERACAO DE FRIO     ;1;0;1;5;1210;EQUIPAMENTOS
92;FRIG. AURORA CASTRO;4228;MANÔMETRO;4726;GEF;SETOR DE OPERACAO DE FRIO     ;1;0;1;5;1210;EQUIPAMENTOS
92;FRIG. AURORA CASTRO;4228;MANÔMETRO;4730;GEF;SETOR DE OPERACAO DE FRIO     ;1;0;1;5;1210;EQUIPAMENTOS
92;FRIG. AURORA CASTRO;4228;MANÔMETRO;4731;GEF;SETOR DE OPERACAO DE FRIO     ;1;0;1;5;1210;EQUIPAMENTOS
92;FRIG. AURORA CASTRO;4228;MANÔMETRO;4732;GEF;SETOR DE OPERACAO DE FRIO     ;1;0;1;5;1210;EQUIPAMENTOS
92;FRIG. AURORA CASTRO;4228;MANÔMETRO;4734;GEF;SETOR DE OPERACAO DE FRIO     ;1;0;1;5;1210;EQUIPAMENTOS
92;FRIG. AURORA CASTRO;4228;MANÔMETRO;4735;GEF;SETOR DE OPERACAO DE FRIO     ;1;0;1;5;1210;EQUIPAMENTOS
92;FRIG. AURORA CASTRO;4228;MANÔMETRO;99993320;FFG;SETOR DE FABRICA DE FARINHAS E GORDURAS;1;0;1;5;2330;EQUIPAMENTOS
92;FRIG. AURORA CASTRO;4228;MANÔMETRO;99993321;FFG;SETOR DE FABRICA DE FARINHAS E GORDURAS;1;0;1;5;2330;EQUIPAMENTOS
92;FRIG. AURORA CASTRO;4228;MANÔMETRO;99993322;FFG;SETOR DE FABRICA DE FARINHAS E GORDURAS;1;0;1;5;2330;EQUIPAMENTOS
92;FRIG. AURORA CASTRO;4228;MANÔMETRO;99993323;FFG;SETOR DE FABRICA DE FARINHAS E GORDURAS;1;0;1;5;2330;EQUIPAMENTOS
92;FRIG. AURORA CASTRO;4228;MAQUINA DE CORTE A PLASMA MANUAL MOD. 45I ESAB;99989345;MEC;SETOR ENG E MANUT. MECANICA   ;4;253553;9999;26001;1171;MÁQUINAS PRINCIPAL
92;FRIG. AURORA CASTRO;4228;MAQUINA LAVAR CESTAS BRANCAS  KUCMAQ;99985450;LBM;SETOR LAVAGEM BACIAS/MONOBLOCO;4;;9999;5013;2470;MÁQUINAS PRINCIPAL
92;FRIG. AURORA CASTRO;4228;MEDIDOR DE GASES;99999082;CQL;SETOR CONTROLE DE QUALIDADE   ;1;0;1;25;1759;EQUIPAMENTOS
92;FRIG. AURORA CASTRO;4228;MEDIDOR DE SALINIDADE;99991571;CUR;SETOR EMB CURADOS             ;1;0;2;33;5525;EQUIPAMENTOS
92;FRIG. AURORA CASTRO;4228;MEDIDOR DE SALINIDADE;99989631;CUR;SETOR EMB CURADOS             ;1;0;2;33;5525;EQUIPAMENTOS
92;FRIG. AURORA CASTRO;4228;MEDIDOR DE SALINIDADE;99991582;CUR;SETOR EMB CURADOS             ;1;0;1;33;5525;EQUIPAMENTOS
92;FRIG. AURORA CASTRO;4228;MEDIDOR DE UMIDADE;99994244;GEV;SETOR DE OPERACAO DE CALOR    ;4;253083;1;28;1236;MÁQUINAS PRINCIPAL
92;FRIG. AURORA CASTRO;4228;MEDIDOR DE VAZÃO;99998442;ABT;SETOR ABATE/RESFRIAMENTO      ;1;0;9999;41006;2488;EQUIPAMENTOS
92;FRIG. AURORA CASTRO;4228;MEDIDOR DE VAZÃO;3171;ETA;SETOR DE OPERACAO DE ETA      ;1;0;1;21;1244;EQUIPAMENTOS
92;FRIG. AURORA CASTRO;4228;MEDIDOR DE VAZÃO;3172;ETA;SETOR DE OPERACAO DE ETA      ;1;0;1;21;1244;EQUIPAMENTOS
92;FRIG. AURORA CASTRO;4228;MEDIDOR DE VAZÃO;3173;ETA;SETOR DE OPERACAO DE ETA      ;1;0;1;21;1244;EQUIPAMENTOS
92;FRIG. AURORA CASTRO;4228;MEDIDOR DE VAZÃO;3174;ETA;SETOR DE OPERACAO DE ETA      ;1;0;1;21;1244;EQUIPAMENTOS
92;FRIG. AURORA CASTRO;4228;MEDIDOR DE VAZÃO;3175;ETA;SETOR DE OPERACAO DE ETA      ;1;0;1;21;1244;EQUIPAMENTOS
92;FRIG. AURORA CASTRO;4228;MEDIDOR DE VAZÃO;3185;SFR;SETOR EMBUTIDOS FRESCAIS      ;1;0;1;21;4057;EQUIPAMENTOS
92;FRIG. AURORA CASTRO;4228;MEDIDOR DE VAZÃO;3186;ETE;SETOR DE OPERACAO DE ETE      ;1;0;1;21;1228;EQUIPAMENTOS
92;FRIG. AURORA CASTRO;4228;MEDIDOR DE VAZÃO;3187;ETE;SETOR DE OPERACAO DE ETE      ;1;0;1;21;1228;EQUIPAMENTOS
92;FRIG. AURORA CASTRO;4228;MEDIDOR DE VAZÃO;3191;ETE;SETOR DE OPERACAO DE ETE      ;1;0;1;21;1228;EQUIPAMENTOS
92;FRIG. AURORA CASTRO;4228;MEDIDOR DE VAZÃO;3192;ETE;SETOR DE OPERACAO DE ETE      ;1;0;1;21;1228;EQUIPAMENTOS
92;FRIG. AURORA CASTRO;4228;MEDIDOR DE VAZÃO - ABSORÇÃO (MED1701000001);99986075;GEF;SETOR DE OPERACAO DE FRIO     ;6;;7;21;1210;MÁQUINAS PRINCIPAL
92;FRIG. AURORA CASTRO;4228;MESA 550 TAMPO LISO 1050MM;99986203;PRU;SETOR DE PRESUNTARIA          ;6;1;9999;34000;2291;MÁQUINAS PRINCIPAL
92;FRIG. AURORA CASTRO;4228;MESA DE ROLETES LIVRES (MES1701000004);99986204;PRU;SETOR DE PRESUNTARIA          ;6;1;9999;34000;2291;MÁQUINAS PRINCIPAL
92;FRIG. AURORA CASTRO;4228;MESA ROLANTE DE INSPEÇÃO DE VÍSCERAS SULMAQ;99985934;ABT;SETOR ABATE/RESFRIAMENTO      ;8;256816;9999;34010;2488;MÁQUINAS PRINCIPAL
92;FRIG. AURORA CASTRO;4228;MESA ROLANTE DE INSPEÇÃO DE VÍSCERAS SULMAQ - ESTERILIZADOR DE BANDEJAS;1388;ABT;SETOR ABATE/RESFRIAMENTO      ;6;256816;9999;13004;2488;MÁQUINAS SECUNDÁRIAS
92;FRIG. AURORA CASTRO;4228;MESA ROLANTE DE INSPEÇÃO DE VÍSCERAS SULMAQ - REDUTOR;99988567;ABT;SETOR ABATE/RESFRIAMENTO      ;8;256816;9999;18000;2488;MÁQUINAS SECUNDÁRIAS
92;FRIG. AURORA CASTRO;4228;MESA ROLANTE DE INSPEÇÃO DE VÍSCERAS SULMAQ - REDUTOR - MOTOR;99988566;ABT;SETOR ABATE/RESFRIAMENTO      ;8;256816;9999;19000;2488;MÁQUINAS SECUNDÁRIAS
92;FRIG. AURORA CASTRO;4228;MESA ROLANTE DE INSPEÇÃO DE VÍSCERAS SULMAQ - SISTEMA DE SEGURANÇA;1387;ABT;SETOR ABATE/RESFRIAMENTO      ;6;256816;9999;13004;2488;MÁQUINAS SECUNDÁRIAS
92;FRIG. AURORA CASTRO;4228;MESA ROLANTE DE INSPEÇÃO DE VÍSCERAS SULMAQ - SISTEMA DE TRANSMISSÃO;99988851;ABT;SETOR ABATE/RESFRIAMENTO      ;8;256816;9999;24001;2488;MÁQUINAS SECUNDÁRIAS
92;FRIG. AURORA CASTRO;4228;MESA ROLANTE DE INSPEÇÃO DE VÍSCERAS SULMAQ - SISTEMA ELÉTRICO;99994969;ABT;SETOR ABATE/RESFRIAMENTO      ;8;256816;9999;34010;2488;MÁQUINAS SECUNDÁRIAS
92;FRIG. AURORA CASTRO;4228;MESA ROLANTE DE INSPEÇÃO DE VÍSCERAS SULMAQ - SISTEMA HÍDRICO;99994970;ABT;SETOR ABATE/RESFRIAMENTO      ;8;256816;9999;34010;2488;MÁQUINAS SECUNDÁRIAS
92;FRIG. AURORA CASTRO;4228;MESA ROLANTE REPENDURA DE SUÍNOS 6000;99986987;ABT;SETOR ABATE/RESFRIAMENTO      ;6;258056;9999;13004;2488;MÁQUINAS PRINCIPAL
92;FRIG. AURORA CASTRO;4228;MESA ROLANTE REPENDURA DE SUÍNOS 6000 - REDUTOR;99988565;ABT;SETOR ABATE/RESFRIAMENTO      ;4;258056;9999;18000;2488;MÁQUINAS SECUNDÁRIAS
92;FRIG. AURORA CASTRO;4228;MESA ROLANTE REPENDURA DE SUÍNOS 6000 - REDUTOR - MOTOR;99988564;ABT;SETOR ABATE/RESFRIAMENTO      ;6;258056;9999;19001;2488;MÁQUINAS SECUNDÁRIAS
92;FRIG. AURORA CASTRO;4228;MESA ROLANTE REPENDURA DE SUÍNOS 6000 - SISTEMA DE SEGURANÇA;1368;ABT;SETOR ABATE/RESFRIAMENTO      ;6;258056;9999;13004;2488;MÁQUINAS SECUNDÁRIAS
92;FRIG. AURORA CASTRO;4228;MESA ROLANTE REPENDURA DE SUÍNOS 6000 - SISTEMA ELÉTRICO;1367;ABT;SETOR ABATE/RESFRIAMENTO      ;6;258056;9999;13004;2488;MÁQUINAS SECUNDÁRIAS
92;FRIG. AURORA CASTRO;4228;MESA ROLANTE REPENDURA DE SUÍNOS 6000 - SISTEMA HÍDRICO;1386;ABT;SETOR ABATE/RESFRIAMENTO      ;6;258056;9999;13004;2488;MÁQUINAS SECUNDÁRIAS
92;FRIG. AURORA CASTRO;4228;MESA ROLANTE REPENDURA DE SUÍNOS 6000 - TRANSMISSÃO MECÂNICA;1390;ABT;SETOR ABATE/RESFRIAMENTO      ;6;258056;9999;13004;2488;MÁQUINAS SECUNDÁRIAS
92;FRIG. AURORA CASTRO;4228;MEZANINO - DOSADOR NÓRIA DE SUBIDA PARA NÓRIA DERRUBADA;4832;EPJ;SETOR DE ESPOSTEJAMENTO       ;6;0;9999;13013;2224;OUTROS
92;FRIG. AURORA CASTRO;4228;MEZANINO - DOSADOR NÓRIA DE SUBIDA PARA NÓRIA DERRUBADA - SISTEMA ELÉTRICO;4833;EPJ;SETOR DE ESPOSTEJAMENTO       ;6;0;9999;13013;2224;OUTROS
92;FRIG. AURORA CASTRO;4228;MEZANINO - DOSADOR NÓRIA DE SUBIDA PARA NÓRIA DERRUBADA - SISTEMA PNEUMÁTICO;4834;EPJ;SETOR DE ESPOSTEJAMENTO       ;6;0;9999;13013;2224;OUTROS
92;FRIG. AURORA CASTRO;4228;MEZANINO - LINHA BARRIGA - DESCOURADEIRA BXA PLUS 554 MAJA;99986243;EPJ;SETOR DE ESPOSTEJAMENTO       ;6;254544;9999;15004;2224;MÁQUINAS PRINCIPAL
92;FRIG. AURORA CASTRO;4228;MEZANINO - LINHA BARRIGA - ESTEIRA DE REFILE DE BARRIGA;99985711;EPJ;SETOR DE ESPOSTEJAMENTO       ;6;254587;9999;29004;2224;MÁQUINAS PRINCIPAL
92;FRIG. AURORA CASTRO;4228;MEZANINO - LINHA BARRIGA - ESTEIRA DE REFILE DE BARRIGA - REDUTOR;99999685;EPJ;SETOR DE ESPOSTEJAMENTO       ;6;254587;9999;29004;2224;MÁQUINAS SECUNDÁRIAS
92;FRIG. AURORA CASTRO;4228;MEZANINO - LINHA BARRIGA - ESTEIRA DE REFILE DE BARRIGA - REDUTOR - MOTOR;99999686;EPJ;SETOR DE ESPOSTEJAMENTO       ;6;254587;9999;29004;2224;MÁQUINAS SECUNDÁRIAS
92;FRIG. AURORA CASTRO;4228;MEZANINO - LINHA BARRIGA - ESTEIRA DE REFILE DE BARRIGA - SISTEMA ELÉTRICO;99999687;EPJ;SETOR DE ESPOSTEJAMENTO       ;6;254587;9999;29004;2224;MÁQUINAS SECUNDÁRIAS
92;FRIG. AURORA CASTRO;4228;MEZANINO - LINHA BARRIGA - ESTEIRA DERRUBADA DE BARRIGA;99985747;EPJ;SETOR DE ESPOSTEJAMENTO       ;6;254589;9999;29004;2224;MÁQUINAS PRINCIPAL
92;FRIG. AURORA CASTRO;4228;MEZANINO - LINHA BARRIGA - ESTEIRA DERRUBADA DE BARRIGA - REDUTOR;99999691;EPJ;SETOR DE ESPOSTEJAMENTO       ;6;254589;9999;29004;2224;MÁQUINAS SECUNDÁRIAS
92;FRIG. AURORA CASTRO;4228;MEZANINO - LINHA BARRIGA - ESTEIRA DERRUBADA DE BARRIGA - REDUTOR - MOTOR;99999692;EPJ;SETOR DE ESPOSTEJAMENTO       ;6;254589;9999;29004;2224;MÁQUINAS SECUNDÁRIAS
92;FRIG. AURORA CASTRO;4228;MEZANINO - LINHA BARRIGA - ESTEIRA DERRUBADA DE BARRIGA - SISTEMA ELÉTRICO;99999693;EPJ;SETOR DE ESPOSTEJAMENTO       ;6;254589;9999;29004;2224;MÁQUINAS SECUNDÁRIAS
92;FRIG. AURORA CASTRO;4228;MEZANINO - LINHA BARRIGA - ESTEIRA ELEVATÓRIA DE BARRIGA;99985669;EPJ;SETOR DE ESPOSTEJAMENTO       ;6;254586;9999;29004;2224;MÁQUINAS PRINCIPAL
92;FRIG. AURORA CASTRO;4228;MEZANINO - LINHA BARRIGA - ESTEIRA ELEVATÓRIA DE BARRIGA - REDUTOR;99985653;EPJ;SETOR DE ESPOSTEJAMENTO       ;6;254586;9999;29004;2224;MÁQUINAS SECUNDÁRIAS
92;FRIG. AURORA CASTRO;4228;MEZANINO - LINHA BARRIGA - ESTEIRA ELEVATÓRIA DE BARRIGA - REDUTOR - MOTOR;99999683;EPJ;SETOR DE ESPOSTEJAMENTO       ;6;254586;9999;29004;2224;MÁQUINAS SECUNDÁRIAS
92;FRIG. AURORA CASTRO;4228;MEZANINO - LINHA BARRIGA - ESTEIRA ELEVATÓRIA DE BARRIGA - SISTEMA ELÉTRICO;99999684;EPJ;SETOR DE ESPOSTEJAMENTO       ;6;254586;9999;29004;2224;MÁQUINAS SECUNDÁRIAS
92;FRIG. AURORA CASTRO;4228;MEZANINO - LINHA BARRIGA - ESTEIRA INFERIOR CONDUÇÃO BARRIGA;99987613;EPJ;SETOR DE ESPOSTEJAMENTO       ;6;254585;9999;29004;2224;MÁQUINAS PRINCIPAL
92;FRIG. AURORA CASTRO;4228;MEZANINO - LINHA BARRIGA - ESTEIRA INFERIOR CONDUÇÃO BARRIGA - REDUTOR;99999680;EPJ;SETOR DE ESPOSTEJAMENTO       ;6;254585;9999;29004;2224;MÁQUINAS SECUNDÁRIAS
92;FRIG. AURORA CASTRO;4228;MEZANINO - LINHA BARRIGA - ESTEIRA INFERIOR CONDUÇÃO BARRIGA - REDUTOR - MOTOR;99999681;EPJ;SETOR DE ESPOSTEJAMENTO       ;6;254585;9999;29004;2224;MÁQUINAS SECUNDÁRIAS
92;FRIG. AURORA CASTRO;4228;MEZANINO - LINHA BARRIGA - ESTEIRA INFERIOR CONDUÇÃO BARRIGA - SISTEMA ELÉTRICO;99999682;EPJ;SETOR DE ESPOSTEJAMENTO       ;6;254585;9999;29004;2224;MÁQUINAS SECUNDÁRIAS
92;FRIG. AURORA CASTRO;4228;MEZANINO - LINHA BARRIGA - ESTEIRA INFERIRO BARRIGA PÓS REFILE;99985746;EPJ;SETOR DE ESPOSTEJAMENTO       ;6;254588;9999;29004;2224;MÁQUINAS PRINCIPAL
92;FRIG. AURORA CASTRO;4228;MEZANINO - LINHA BARRIGA - ESTEIRA INFERIRO BARRIGA PÓS REFILE - REDUTOR;99999688;EPJ;SETOR DE ESPOSTEJAMENTO       ;6;254588;9999;29004;2224;MÁQUINAS SECUNDÁRIAS
92;FRIG. AURORA CASTRO;4228;MEZANINO - LINHA BARRIGA - ESTEIRA INFERIRO BARRIGA PÓS REFILE - REDUTOR - MOTOR;99999689;EPJ;SETOR DE ESPOSTEJAMENTO       ;6;254588;9999;29004;2224;MÁQUINAS SECUNDÁRIAS
92;FRIG. AURORA CASTRO;4228;MEZANINO - LINHA BARRIGA - ESTEIRA INFERIRO BARRIGA PÓS REFILE - SIST. ELÉTRICO;99999690;EPJ;SETOR DE ESPOSTEJAMENTO       ;6;254588;9999;29004;2224;MÁQUINAS SECUNDÁRIAS
92;FRIG. AURORA CASTRO;4228;MEZANINO - LINHA CARRÉ - DESCOURADEIRA BXM 434 LION MAJA;99986241;EPJ;SETOR DE ESPOSTEJAMENTO       ;6;254543;9999;15004;2224;OUTROS
92;FRIG. AURORA CASTRO;4228;MEZANINO - LINHA CARRÉ - DETECTOR DE GORDURA BFE1-K;1246;EPJ;SETOR DE ESPOSTEJAMENTO       ;6;254543;9999;36001;2224;MÁQUINAS SECUNDÁRIAS
92;FRIG. AURORA CASTRO;4228;MEZANINO - LINHA CARRÉ - DETECTOR DE GORDURA BFE1-K - CÂMERA;1247;EPJ;SETOR DE ESPOSTEJAMENTO       ;6;254543;9999;36001;2224;MÁQUINAS SECUNDÁRIAS
92;FRIG. AURORA CASTRO;4228;MEZANINO - LINHA CARRÉ - DETECTOR DE GORDURA BFE1-K - ESTEIRA;1252;EPJ;SETOR DE ESPOSTEJAMENTO       ;6;254543;9999;36001;2224;MÁQUINAS SECUNDÁRIAS
92;FRIG. AURORA CASTRO;4228;MEZANINO - LINHA CARRÉ - DETECTOR DE GORDURA BFE1-K - ESTEIRA - REDUTOR;1253;EPJ;SETOR DE ESPOSTEJAMENTO       ;6;0;9999;36001;2224;OUTROS
92;FRIG. AURORA CASTRO;4228;MEZANINO - LINHA CARRÉ - DETECTOR DE GORDURA BFE1-K - ESTEIRA - REDUTOR - MOTOR;1254;EPJ;SETOR DE ESPOSTEJAMENTO       ;6;0;9999;19000;2224;OUTROS
92;FRIG. AURORA CASTRO;4228;MEZANINO - LINHA CARRÉ - DETECTOR DE GORDURA BFE1-K - SIST. DE SEGURANÇA;1255;EPJ;SETOR DE ESPOSTEJAMENTO       ;6;0;9999;36001;2224;OUTROS
92;FRIG. AURORA CASTRO;4228;MEZANINO - LINHA CARRÉ - DETECTOR DE GORDURA BFE1-K - SISTEMA ELÉTRICO;1251;EPJ;SETOR DE ESPOSTEJAMENTO       ;6;254543;9999;36001;2224;MÁQUINAS SECUNDÁRIAS
92;FRIG. AURORA CASTRO;4228;MEZANINO - LINHA CARRÉ - ESTEIRA CARRÉ PARA DESCOURADEIRA;99985776;EPJ;SETOR DE ESPOSTEJAMENTO       ;6;254584;9999;29004;2224;MÁQUINAS PRINCIPAL
92;FRIG. AURORA CASTRO;4228;MEZANINO - LINHA CARRÉ - ESTEIRA CARRÉ PARA DESCOURADEIRA - REDUTOR;99999697;EPJ;SETOR DE ESPOSTEJAMENTO       ;6;254584;9999;29004;2224;MÁQUINAS SECUNDÁRIAS
92;FRIG. AURORA CASTRO;4228;MEZANINO - LINHA CARRÉ - ESTEIRA CARRÉ PARA DESCOURADEIRA - REDUTOR - MOTOR;99999698;EPJ;SETOR DE ESPOSTEJAMENTO       ;6;254584;9999;29004;2224;MÁQUINAS SECUNDÁRIAS
92;FRIG. AURORA CASTRO;4228;MEZANINO - LINHA CARRÉ - ESTEIRA CARRÉ PARA DESCOURADEIRA - SISTEMA ELÉTRICO;99999699;EPJ;SETOR DE ESPOSTEJAMENTO       ;6;254584;9999;29004;2224;MÁQUINAS SECUNDÁRIAS
92;FRIG. AURORA CASTRO;4228;MEZANINO - LINHA CARRÉ - ESTEIRA CURTA CARRÉ PÓS CORTE;99985770;EPJ;SETOR DE ESPOSTEJAMENTO       ;6;254583;9999;29004;2224;OUTROS
92;FRIG. AURORA CASTRO;4228;MEZANINO - LINHA CARRÉ - ESTEIRA CURTA CARRÉ PÓS CORTE - REDUTOR;99999694;EPJ;SETOR DE ESPOSTEJAMENTO       ;6;254583;9999;29004;2224;MÁQUINAS SECUNDÁRIAS
92;FRIG. AURORA CASTRO;4228;MEZANINO - LINHA CARRÉ - ESTEIRA CURTA CARRÉ PÓS CORTE - REDUTOR - MOTOR;99999695;EPJ;SETOR DE ESPOSTEJAMENTO       ;6;254583;9999;29004;2224;MÁQUINAS SECUNDÁRIAS
92;FRIG. AURORA CASTRO;4228;MEZANINO - LINHA CARRÉ - ESTEIRA CURTA CARRÉ PÓS CORTE - SISTEMA ELÉTRICO;99999696;EPJ;SETOR DE ESPOSTEJAMENTO       ;6;254583;9999;29004;2224;MÁQUINAS SECUNDÁRIAS
92;FRIG. AURORA CASTRO;4228;MEZANINO - LINHA FILEZINHO - DESCOURADEIRA BXA PLUS 554 MAJA;99986239;EPJ;SETOR DE ESPOSTEJAMENTO       ;6;254548;9999;15004;2224;OUTROS
92;FRIG. AURORA CASTRO;4228;MEZANINO - LINHA FILEZINHO - ESTEIRA DE FILEZINHO;99985778;EPJ;SETOR DE ESPOSTEJAMENTO       ;6;254582;9999;29004;2224;MÁQUINAS PRINCIPAL
92;FRIG. AURORA CASTRO;4228;MEZANINO - LINHA FILEZINHO - ESTEIRA DE FILEZINHO - REDUTOR;99999700;EPJ;SETOR DE ESPOSTEJAMENTO       ;6;254582;9999;29004;2224;MÁQUINAS SECUNDÁRIAS
92;FRIG. AURORA CASTRO;4228;MEZANINO - LINHA FILEZINHO - ESTEIRA DE FILEZINHO - REDUTOR - MOTOR;99999701;EPJ;SETOR DE ESPOSTEJAMENTO       ;6;254582;9999;29004;2224;MÁQUINAS SECUNDÁRIAS
92;FRIG. AURORA CASTRO;4228;MEZANINO - LINHA FILEZINHO - ESTEIRA DE FILEZINHO - SISTEMA DE SEGURANÇA;2671;EPJ;SETOR DE ESPOSTEJAMENTO       ;6;254582;9999;29004;2224;MÁQUINAS SECUNDÁRIAS
92;FRIG. AURORA CASTRO;4228;MEZANINO - LINHA FILEZINHO - ESTEIRA DE FILEZINHO - SISTEMA ELÉTRICO;99999702;EPJ;SETOR DE ESPOSTEJAMENTO       ;6;254582;9999;29004;2224;MÁQUINAS SECUNDÁRIAS
92;FRIG. AURORA CASTRO;4228;MEZANINO - LINHA FILEZINHO - TRIMMER WHIZARD MODEL UN 84 01;99999703;EPJ;SETOR DE ESPOSTEJAMENTO       ;8;0;1;46055;2224;OUTROS
92;FRIG. AURORA CASTRO;4228;MEZANINO - LINHA FILEZINHO - TRIMMER WHIZARD MODEL UN 84 01 - MANOPLA;99999707;EPJ;SETOR DE ESPOSTEJAMENTO       ;8;0;1;46055;2224;OUTROS
92;FRIG. AURORA CASTRO;4228;MEZANINO - LINHA FILEZINHO - TRIMMER WHIZARD MODEL UN 84 01 - MOTOR;99999705;EPJ;SETOR DE ESPOSTEJAMENTO       ;8;0;1;46055;2224;OUTROS
92;FRIG. AURORA CASTRO;4228;MEZANINO - LINHA FILEZINHO - TRIMMER WHIZARD MODEL UN 84 02;99999704;EPJ;SETOR DE ESPOSTEJAMENTO       ;8;0;1;46055;2224;OUTROS
92;FRIG. AURORA CASTRO;4228;MEZANINO - LINHA FILEZINHO - TRIMMER WHIZARD MODEL UN 84 02 - MANOPLA;99999709;EPJ;SETOR DE ESPOSTEJAMENTO       ;8;0;1;46055;2224;OUTROS
92;FRIG. AURORA CASTRO;4228;MEZANINO - LINHA FILEZINHO - TRIMMER WHIZARD MODEL UN 84 02 - MOTOR;99999708;EPJ;SETOR DE ESPOSTEJAMENTO       ;8;0;1;46055;2224;OUTROS
92;FRIG. AURORA CASTRO;4228;MEZANINO - LINHA PERNIL - DESCOURADEIRA ESM 4550;99986237;EPJ;SETOR DE ESPOSTEJAMENTO       ;6;254547;1;15004;2224;MÁQUINAS PRINCIPAL
92;FRIG. AURORA CASTRO;4228;MEZANINO - LINHA PERNIL - DESCOURADEIRA ESM 5550 01;99986234;EPJ;SETOR DE ESPOSTEJAMENTO       ;6;254546;1;15004;2224;MÁQUINAS PRINCIPAL
92;FRIG. AURORA CASTRO;4228;MEZANINO - LINHA PERNIL - DESCOURADEIRA ESM 5550 02 (GRADE);99986235;EPJ;SETOR DE ESPOSTEJAMENTO       ;6;254545;1;15004;2224;MÁQUINAS PRINCIPAL
92;FRIG. AURORA CASTRO;4228;MEZANINO - NÓRIA DE SUBIDA DE CARCAÇA SULMAQ;99985440;EPJ;SETOR DE ESPOSTEJAMENTO       ;8;258872;9999;13013;2224;MÁQUINAS PRINCIPAL
92;FRIG. AURORA CASTRO;4228;MEZANINO - NÓRIA DE SUBIDA DE CARCAÇA SULMAQ - ESTICADOR PNEUMÁTICO;5301;EPJ;SETOR DE ESPOSTEJAMENTO       ;6;258872;9999;13013;2224;MÁQUINAS SECUNDÁRIAS
92;FRIG. AURORA CASTRO;4228;MEZANINO - NÓRIA DE SUBIDA DE CARCAÇA SULMAQ - REDUTOR;99988930;EPJ;SETOR DE ESPOSTEJAMENTO       ;8;258872;9999;18000;2224;MÁQUINAS SECUNDÁRIAS
92;FRIG. AURORA CASTRO;4228;MEZANINO - NÓRIA DE SUBIDA DE CARCAÇA SULMAQ - REDUTOR - MOTOR;99988929;EPJ;SETOR DE ESPOSTEJAMENTO       ;6;258872;9999;19000;2224;MÁQUINAS SECUNDÁRIAS
92;FRIG. AURORA CASTRO;4228;MEZANINO - NÓRIA DE SUBIDA DE CARCAÇA SULMAQ - SISTEMA DE SEGURANÇA;2669;EPJ;SETOR DE ESPOSTEJAMENTO       ;6;258872;9999;13013;2224;MÁQUINAS SECUNDÁRIAS
92;FRIG. AURORA CASTRO;4228;MEZANINO - NÓRIA DE SUBIDA DE CARCAÇA SULMAQ - SISTEMA ELÉTRICO;99999679;EPJ;SETOR DE ESPOSTEJAMENTO       ;8;258872;9999;13013;2224;MÁQUINAS SECUNDÁRIAS
92;FRIG. AURORA CASTRO;4228;MEZANINO - NÓRIA DERRUBADA CARCACAS SULMAQ;99985433;EPJ;SETOR DE ESPOSTEJAMENTO       ;8;254527;9999;13013;2224;MÁQUINAS PRINCIPAL
92;FRIG. AURORA CASTRO;4228;MEZANINO - NÓRIA DERRUBADA CARCACAS SULMAQ - ESTICADOR PNEUMÁTICO;99998739;EPJ;SETOR DE ESPOSTEJAMENTO       ;8;254527;9999;13013;2224;MÁQUINAS SECUNDÁRIAS
92;FRIG. AURORA CASTRO;4228;MEZANINO - NÓRIA DERRUBADA CARCACAS SULMAQ - REDUTOR;99999674;EPJ;SETOR DE ESPOSTEJAMENTO       ;8;254527;9999;13013;2224;MÁQUINAS SECUNDÁRIAS
92;FRIG. AURORA CASTRO;4228;MEZANINO - NÓRIA DERRUBADA CARCACAS SULMAQ - REDUTOR - MOTOR;99999675;EPJ;SETOR DE ESPOSTEJAMENTO       ;8;254527;9999;13013;2224;MÁQUINAS SECUNDÁRIAS
92;FRIG. AURORA CASTRO;4228;MEZANINO - NÓRIA DERRUBADA CARCACAS SULMAQ - SISTEMA DE SEGURANÇA;2670;EPJ;SETOR DE ESPOSTEJAMENTO       ;6;254527;9999;13013;2224;MÁQUINAS SECUNDÁRIAS
92;FRIG. AURORA CASTRO;4228;MEZANINO - NÓRIA DERRUBADA CARCACAS SULMAQ - SISTEMA ELÉTRICO;99999676;EPJ;SETOR DE ESPOSTEJAMENTO       ;8;254527;9999;13013;2224;MÁQUINAS SECUNDÁRIAS
92;FRIG. AURORA CASTRO;4228;MICRÔMETRO;99987872;PRD;DEPTO PRODUCAO                ;1;0;1;17;2208;EQUIPAMENTOS
92;FRIG. AURORA CASTRO;4228;MICRÔMETRO;99992003;CQL;SETOR CONTROLE DE QUALIDADE   ;1;0;1;17;1759;EQUIPAMENTOS
92;FRIG. AURORA CASTRO;4228;MICRÔMETRO;99997794;CQL;SETOR CONTROLE DE QUALIDADE   ;1;0;1;17;1759;EQUIPAMENTOS
92;FRIG. AURORA CASTRO;4228;MISTURADEIRA DE 1100 L VELATI;99986393;CUR;SETOR EMB CURADOS             ;8;257512;9999;8005;5525;MÁQUINAS PRINCIPAL
92;FRIG. AURORA CASTRO;4228;MISTURADEIRA DE 1100 L VELATI - MOTOREDUTOR;5416;CUR;SETOR EMB CURADOS             ;8;257512;9999;38009;5525;MÁQUINAS SECUNDÁRIAS
92;FRIG. AURORA CASTRO;4228;MISTURADEIRA DE 1100 L VELATI - SISTEMA DE SEGURAÇA;5415;CUR;SETOR EMB CURADOS             ;8;257512;9999;38009;5525;MÁQUINAS SECUNDÁRIAS
92;FRIG. AURORA CASTRO;4228;MISTURADEIRA DE 1100 L VELATI - SISTEMA ELETRICO;5414;CUR;SETOR EMB CURADOS             ;8;257512;9999;9011;5525;MÁQUINAS SECUNDÁRIAS
92;FRIG. AURORA CASTRO;4228;MISTURADEIRA SEYDELMANN;99986044;CEB;EMBUTIDOS COZIDOS             ;4;257355;9999;38004;2283;MÁQUINAS PRINCIPAL
92;FRIG. AURORA CASTRO;4228;MISTURADEIRA SEYDELMANN - REDUTOR;6622;CEB;EMBUTIDOS COZIDOS             ;8;257355;9999;8005;2283;MÁQUINAS SECUNDÁRIAS
92;FRIG. AURORA CASTRO;4228;MISTURADEIRA SEYDELMANN - REDUTOR - MOTOR;6623;CEB;EMBUTIDOS COZIDOS             ;8;257355;9999;8005;2283;MÁQUINAS SECUNDÁRIAS
92;FRIG. AURORA CASTRO;4228;MISTURADEIRA SEYDELMANN - SISTEMA DE SEGURANÇA;6621;CEB;EMBUTIDOS COZIDOS             ;8;257355;9999;8005;2283;MÁQUINAS SECUNDÁRIAS
92;FRIG. AURORA CASTRO;4228;MISTURADEIRA SEYDELMANN - SISTEMA ELETRICO;6620;CEB;EMBUTIDOS COZIDOS             ;8;257355;9999;8005;2283;MÁQUINAS SECUNDÁRIAS
92;FRIG. AURORA CASTRO;4228;MISTURADOR 01 COM BALANÇA E VÁCUO HIGHTECH - MOTOREDUTOR;6174;SFR;SETOR EMBUTIDOS FRESCAIS      ;8;256990;9999;8005;4057;MÁQUINAS SECUNDÁRIAS
92;FRIG. AURORA CASTRO;4228;MISTURADOR 01 COM BALANÇA E VÁCUO HIGHTECH - REDUTOR - MOTOR;4481;SFR;SETOR EMBUTIDOS FRESCAIS      ;8;256990;9999;38009;4057;MÁQUINAS SECUNDÁRIAS
92;FRIG. AURORA CASTRO;4228;MISTURADOR 01 COM BALANÇA E VÁCUO HIGHTECH - SISTEMA DE SEGURANÇA;6173;SFR;SETOR EMBUTIDOS FRESCAIS      ;6;256990;9999;8005;4057;MÁQUINAS SECUNDÁRIAS
92;FRIG. AURORA CASTRO;4228;MISTURADOR 01 COM BALANÇA E VÁCUO HIGHTECH - SISTEMA DE SEGURANÇA;4479;SFR;SETOR EMBUTIDOS FRESCAIS      ;8;256990;9999;38009;4057;MÁQUINAS SECUNDÁRIAS
92;FRIG. AURORA CASTRO;4228;MISTURADOR 01 COM BALANÇA E VÁCUO HIGHTECH - SISTEMA ELETRICO;6172;SFR;SETOR EMBUTIDOS FRESCAIS      ;8;256990;9999;8005;4057;MÁQUINAS SECUNDÁRIAS
92;FRIG. AURORA CASTRO;4228;MISTURADOR 01 COM BALANÇA E VÁCUO HIGHTECH - SISTEMA ELETRICO;4478;SFR;SETOR EMBUTIDOS FRESCAIS      ;8;256990;9999;38009;4057;MÁQUINAS SECUNDÁRIAS
92;FRIG. AURORA CASTRO;4228;MISTURADOR 01 COM BALANÇA E VÁCUO HIGHTECH MTS 2000V-AL1;99986045;SFR;SETOR EMBUTIDOS FRESCAIS      ;6;256990;9991;8005;4057;MÁQUINAS PRINCIPAL
92;FRIG. AURORA CASTRO;4228;MISTURADOR 02 COM BALANÇA E VÁCUO HIGHTECH MTS 2000V-AL1;99986043;SFR;SETOR EMBUTIDOS FRESCAIS      ;6;256989;9991;8005;4057;MÁQUINAS PRINCIPAL
92;FRIG. AURORA CASTRO;4228;MISTURADOR MONTEMIL;99994937;CEB;EMBUTIDOS COZIDOS             ;6;257346;9999;38009;2283;MÁQUINAS PRINCIPAL
92;FRIG. AURORA CASTRO;4228;MISTURADOR MONTEMIL - MOTOREDUTOR;6003;CEB;EMBUTIDOS COZIDOS             ;8;257346;9999;8005;2283;MÁQUINAS SECUNDÁRIAS
92;FRIG. AURORA CASTRO;4228;MISTURADOR MONTEMIL - SISTEMA DE SEGURANÇA;6002;CEB;EMBUTIDOS COZIDOS             ;8;257346;9999;8005;2283;MÁQUINAS SECUNDÁRIAS
92;FRIG. AURORA CASTRO;4228;MISTURADOR MONTEMIL - SISTEMA ELETRICO;6001;CEB;EMBUTIDOS COZIDOS             ;8;257346;9999;8005;2283;MÁQUINAS SECUNDÁRIAS
92;FRIG. AURORA CASTRO;4228;MOEDOR BG-40S + HU-40;99985784;CMS;SETOR PRODUCAO CMS            ;6;0;9999;32006;4120;OUTROS
92;FRIG. AURORA CASTRO;4228;MOEDOR BG-40S + HU-40 - SISTEMA DE SEGURANÇA;1928;CMS;SETOR PRODUCAO CMS            ;6;0;9999;9006;4120;OUTROS
92;FRIG. AURORA CASTRO;4228;MOEDOR BG-40S + HU-40 - SISTEMA ELÉTRICO;99998420;CMS;SETOR PRODUCAO CMS            ;6;0;9999;32006;4120;OUTROS
92;FRIG. AURORA CASTRO;4228;MOEDOR BG-40S + HU-40 - SISTEMA HIDRÁULICO;99998419;CMS;SETOR PRODUCAO CMS            ;6;0;9999;32006;4120;OUTROS
92;FRIG. AURORA CASTRO;4228;MOEDOR BG-40S + HU-40 - SISTEMA MECÂNICO;99998421;CMS;SETOR PRODUCAO CMS            ;6;0;9999;32006;4120;OUTROS
92;FRIG. AURORA CASTRO;4228;MOEDOR DE BINZA;99985768;BET;SETOR BENEFICIAMENTO DE TRIPA ;8;;9999;38017;2232;MÁQUINAS PRINCIPAL
92;FRIG. AURORA CASTRO;4228;MOEDOR DE CARNE HIGHTECH MO280;99986046;SFR;SETOR EMBUTIDOS FRESCAIS      ;8;256985;9999;9006;4057;MÁQUINAS PRINCIPAL
92;FRIG. AURORA CASTRO;4228;MOEDOR DE CARNE HIGHTECH MO280 - REDUTOR;3525;SFR;SETOR EMBUTIDOS FRESCAIS      ;8;256985;9999;18000;4057;MÁQUINAS SECUNDÁRIAS
92;FRIG. AURORA CASTRO;4228;MOEDOR DE CARNE HIGHTECH MO280 - REDUTOR - MOTOR;3526;SFR;SETOR EMBUTIDOS FRESCAIS      ;8;256985;9999;19000;4057;MÁQUINAS SECUNDÁRIAS
92;FRIG. AURORA CASTRO;4228;MOEDOR DE CARNE HIGHTECH MO280 - SISTEMA DE SEGURANÇA;3528;SFR;SETOR EMBUTIDOS FRESCAIS      ;8;256985;9999;9006;4057;MÁQUINAS SECUNDÁRIAS
92;FRIG. AURORA CASTRO;4228;MOEDOR DE CARNE HIGHTECH MO280 - SITEMA ELÉTRICO;3527;SFR;SETOR EMBUTIDOS FRESCAIS      ;8;256985;9999;9006;4057;MÁQUINAS SECUNDÁRIAS
92;FRIG. AURORA CASTRO;4228;MOEDOR DE CARNE VELATI;99986394;CUR;SETOR EMB CURADOS             ;6;257512;9999;9006;5525;MÁQUINAS PRINCIPAL
92;FRIG. AURORA CASTRO;4228;MOEDOR DE CARNE VELATI - MOTOREDUTOR - DIREITA;5989;CUR;SETOR EMB CURADOS             ;8;257512;9999;9006;5525;MÁQUINAS SECUNDÁRIAS
92;FRIG. AURORA CASTRO;4228;MOEDOR DE CARNE VELATI - MOTOREDUTOR - ESQUERDA;5990;CUR;SETOR EMB CURADOS             ;8;257512;9999;9006;5525;MÁQUINAS SECUNDÁRIAS
92;FRIG. AURORA CASTRO;4228;MOEDOR DE CARNE VELATI - SISTEMA DE SEGURANÇA;5988;CUR;SETOR EMB CURADOS             ;8;257512;9999;9006;5525;MÁQUINAS SECUNDÁRIAS
92;FRIG. AURORA CASTRO;4228;MOEDOR DE CARNE VELATI - SISTEMA ELETRICO;5987;CUR;SETOR EMB CURADOS             ;8;257512;9999;9006;5525;MÁQUINAS SECUNDÁRIAS
92;FRIG. AURORA CASTRO;4228;MOEDOR DESNERVADOR MCD160 MONTEMIL - MOTOREDUTOR;6176;SFR;SETOR EMBUTIDOS FRESCAIS      ;8;256986;9999;9006;4057;MÁQUINAS SECUNDÁRIAS
92;FRIG. AURORA CASTRO;4228;MOEDOR DESNERVADOR MCD160 MONTEMIL - SISTEMA DE SEGURANÇA;6175;SFR;SETOR EMBUTIDOS FRESCAIS      ;8;256986;9999;9006;4057;MÁQUINAS SECUNDÁRIAS
92;FRIG. AURORA CASTRO;4228;MOEDOR DESNERVADOR MCD160 MONTEMIL - SISTEMA ELÉTRICO;6177;SFR;SETOR EMBUTIDOS FRESCAIS      ;8;256986;9999;9006;4057;MÁQUINAS SECUNDÁRIAS
92;FRIG. AURORA CASTRO;4228;MOEDOR HIGTECH;5759;CEB;EMBUTIDOS COZIDOS             ;6;;9999;9006;2283;OUTROS
92;FRIG. AURORA CASTRO;4228;MOEDOR HIGTECH - MOTOR;6627;CEB;EMBUTIDOS COZIDOS             ;8;;9999;9006;2283;OUTROS
92;FRIG. AURORA CASTRO;4228;MOEDOR HIGTECH - REDUTOR;6626;CEB;EMBUTIDOS COZIDOS             ;8;;9999;9006;2283;OUTROS
92;FRIG. AURORA CASTRO;4228;MOEDOR HIGTECH - SISTEMA DE SEGURANÇA;6625;CEB;EMBUTIDOS COZIDOS             ;8;;9999;9006;2283;OUTROS
92;FRIG. AURORA CASTRO;4228;MOEDOR HIGTECH - SISTEMA ELETRICO;6624;CEB;EMBUTIDOS COZIDOS             ;6;;9999;9006;2283;OUTROS
92;FRIG. AURORA CASTRO;4228;MOEDOR MCD160 MONTEMIL;99985994;SFR;SETOR EMBUTIDOS FRESCAIS      ;8;256986;9999;9006;4057;MÁQUINAS PRINCIPAL
92;FRIG. AURORA CASTRO;4228;MOEDOR MDC160 COM DESNERVADOR MONTEMIL (MOE1701000007);99986205;PRU;SETOR DE PRESUNTARIA          ;6;257121;9999;9006;2291;MÁQUINAS PRINCIPAL
92;FRIG. AURORA CASTRO;4228;MOEDOR MDC160 MONTEMIL - MOTOR TRASMIÇÃO;5838;PRU;SETOR DE PRESUNTARIA          ;6;257121;9999;9006;2291;MÁQUINAS SECUNDÁRIAS
92;FRIG. AURORA CASTRO;4228;MOEDOR MDC160 MONTEMIL - MOTOREDUTOR - MEXEDOR;5839;PRU;SETOR DE PRESUNTARIA          ;6;257121;9999;9006;2291;MÁQUINAS SECUNDÁRIAS
92;FRIG. AURORA CASTRO;4228;MOEDOR MDC160 MONTEMIL - SISTEMA DE SEGURANÇA;5814;PRU;SETOR DE PRESUNTARIA          ;6;257121;9999;9006;2291;MÁQUINAS SECUNDÁRIAS
92;FRIG. AURORA CASTRO;4228;MOEDOR MDC160 MONTEMIL - SISTEMA ELETRICO;5813;PRU;SETOR DE PRESUNTARIA          ;6;257121;9999;9006;2291;MÁQUINAS SECUNDÁRIAS
92;FRIG. AURORA CASTRO;4228;MOEDOR MONTEMIL;99986047;CEB;EMBUTIDOS COZIDOS             ;6;257257;9999;9006;2283;MÁQUINAS PRINCIPAL
92;FRIG. AURORA CASTRO;4228;MOEDOR MONTEMIL - MOTOR;6248;CEB;EMBUTIDOS COZIDOS             ;6;257257;9999;9006;2283;MÁQUINAS SECUNDÁRIAS
92;FRIG. AURORA CASTRO;4228;MOEDOR MONTEMIL - REDUTOR;6247;CEB;EMBUTIDOS COZIDOS             ;6;257257;9999;9006;2283;MÁQUINAS SECUNDÁRIAS
92;FRIG. AURORA CASTRO;4228;MOEDOR MONTEMIL - SISTEMA DE SEGURNAÇA;6246;CEB;EMBUTIDOS COZIDOS             ;6;257257;9999;9006;2283;MÁQUINAS SECUNDÁRIAS
92;FRIG. AURORA CASTRO;4228;MOEDOR MONTEMIL - SISTEMA ELETRICO;6245;CEB;EMBUTIDOS COZIDOS             ;6;257257;9999;9006;2283;MÁQUINAS SECUNDÁRIAS
92;FRIG. AURORA CASTRO;4228;MOEDOR SEYDELMANN AU200 U;99986049;CEB;EMBUTIDOS COZIDOS             ;6;257359;9999;9006;2283;MÁQUINAS PRINCIPAL
92;FRIG. AURORA CASTRO;4228;MOEDOR SEYDELMANN AU200 U - REDUTOR;2850;CEB;EMBUTIDOS COZIDOS             ;6;257359;9999;18000;2283;MÁQUINAS SECUNDÁRIAS
92;FRIG. AURORA CASTRO;4228;MOEDOR SEYDELMANN AU200 U - REDUTOR - MOTOR;2851;CEB;EMBUTIDOS COZIDOS             ;6;257359;9999;19000;2283;MÁQUINAS SECUNDÁRIAS
92;FRIG. AURORA CASTRO;4228;MOEDOR SEYDELMANN AU200 U - SISITEMA DE SEGURANÇA;5997;CEB;EMBUTIDOS COZIDOS             ;8;257359;9999;9006;2283;MÁQUINAS SECUNDÁRIAS
92;FRIG. AURORA CASTRO;4228;MOEDOR SEYDELMANN AU200 U - SISITEMA ELETRICO;5996;CEB;EMBUTIDOS COZIDOS             ;8;257359;9999;9006;2283;MÁQUINAS SECUNDÁRIAS
92;FRIG. AURORA CASTRO;4228;MOEGA DE ALIMENTACAO 180X4000 - 4 M³;99986564;GRX;SETOR SUB PRODUTOS GRAXARIA   ;6;;9999;38001;2330;MÁQUINAS PRINCIPAL
92;FRIG. AURORA CASTRO;4228;MOEGA DE ALIMENTACAO 180X4000 - 4 M³ (99986564) - MOTOR;99988889;GRX;SETOR SUB PRODUTOS GRAXARIA   ;6;;9999;19000;2330;MÁQUINAS SECUNDÁRIAS
92;FRIG. AURORA CASTRO;4228;MOEGA DE ALIMENTACAO 180X4000 - 4 M³ (99986564) - REDUTOR;99988890;GRX;SETOR SUB PRODUTOS GRAXARIA   ;6;;9999;18000;2330;MÁQUINAS SECUNDÁRIAS
92;FRIG. AURORA CASTRO;4228;MOEGA DE PULMAO 20M³ COM ROSCA 400X5500 MOR-20 (MO1704000001);99985478;FFG;SETOR DE FABRICA DE FARINHAS E GORDURAS;6;;9999;38001;2330;MÁQUINAS PRINCIPAL
92;FRIG. AURORA CASTRO;4228;MOEGA DE PULMAO PARA PELO  5³ ROSCA 400 X 5000 (MO1704000002);99985481;FFG;SETOR DE FABRICA DE FARINHAS E GORDURAS;6;;9999;38001;2330;MÁQUINAS PRINCIPAL
92;FRIG. AURORA CASTRO;4228;MOINHO LINHA DE SANGUE DHT-MT1000 (MOI1704000002);99985563;FFG;SETOR DE FABRICA DE FARINHAS E GORDURAS;6;;9999;23006;2330;MÁQUINAS PRINCIPAL
92;FRIG. AURORA CASTRO;4228;MOINHO REVERSIVEL 4000 MOI-4000 (MOI1704000001);99985484;FFG;SETOR DE FABRICA DE FARINHAS E GORDURAS;6;;9999;23006;2330;MÁQUINAS PRINCIPAL
92;FRIG. AURORA CASTRO;4228;MÁQ. DUPLA COLAR E FORMAR CAIXAS MDCFC FMABB-A-IV;99985764;DPE;SETOR DEPOSITO PREP  EMBALAGEM;6;254976;9999;46001;2461;MÁQUINAS PRINCIPAL
92;FRIG. AURORA CASTRO;4228;MÁQ. DUPLA COLAR E FORMAR CAIXAS MDCFC FMABB-A-IV - COLEIRO;99994407;DPE;SETOR DEPOSITO PREP  EMBALAGEM;6;254976;9999;38018;2461;MÁQUINAS SECUNDÁRIAS
92;FRIG. AURORA CASTRO;4228;MÁQ. DUPLA COLAR E FORMAR CAIXAS MDCFC FMABB-A-IV - COLEIRO - ALIMENTADOR;99994408;DPE;SETOR DEPOSITO PREP  EMBALAGEM;6;254976;9999;38012;2461;MÁQUINAS SECUNDÁRIAS
92;FRIG. AURORA CASTRO;4228;MÁQ. DUPLA COLAR E FORMAR CAIXAS MDCFC FMABB-A-IV - COLEIRO - BOMBA PNEUMÁTICA;99994409;DPE;SETOR DEPOSITO PREP  EMBALAGEM;6;254976;9999;21003;2461;MÁQUINAS SECUNDÁRIAS
92;FRIG. AURORA CASTRO;4228;MÁQ. DUPLA COLAR E FORMAR CAIXAS MDCFC FMABB-A-IV - COLEIRO - RESERVAT. DE COLA;99994410;DPE;SETOR DEPOSITO PREP  EMBALAGEM;6;254976;9999;36008;2461;MÁQUINAS SECUNDÁRIAS
92;FRIG. AURORA CASTRO;4228;MÁQ. DUPLA COLAR E FORMAR CAIXAS MDCFC FMABB-A-IV - L.D. - REDUTOR;99994411;DPE;SETOR DEPOSITO PREP  EMBALAGEM;6;254976;9999;18000;2461;MÁQUINAS SECUNDÁRIAS
92;FRIG. AURORA CASTRO;4228;MÁQ. DUPLA COLAR E FORMAR CAIXAS MDCFC FMABB-A-IV - L.D. - REDUTOR - MOTOR;99994412;DPE;SETOR DEPOSITO PREP  EMBALAGEM;6;254976;9999;19000;2461;MÁQUINAS SECUNDÁRIAS
92;FRIG. AURORA CASTRO;4228;MÁQ. DUPLA COLAR E FORMAR CAIXAS MDCFC FMABB-A-IV - L.E. - REDUTOR;99994413;DPE;SETOR DEPOSITO PREP  EMBALAGEM;6;254976;9999;18000;2461;MÁQUINAS SECUNDÁRIAS
92;FRIG. AURORA CASTRO;4228;MÁQ. DUPLA COLAR E FORMAR CAIXAS MDCFC FMABB-A-IV - L.E. - REDUTOR - MOTOR;99994414;DPE;SETOR DEPOSITO PREP  EMBALAGEM;6;254976;9999;19000;2461;MÁQUINAS SECUNDÁRIAS
92;FRIG. AURORA CASTRO;4228;MÁQ. DUPLA COLAR E FORMAR CAIXAS MDCFC FMABB-A-IV - QUADRO COMANDO;99994415;DPE;SETOR DEPOSITO PREP  EMBALAGEM;6;254976;9999;46013;2461;MÁQUINAS SECUNDÁRIAS
92;FRIG. AURORA CASTRO;4228;MÁQ. DUPLA COLAR E FORMAR CAIXAS MDCFC FMABB-A-IV - SISTEMA ELÉTRICO;99994416;DPE;SETOR DEPOSITO PREP  EMBALAGEM;6;254976;9999;46001;2461;MÁQUINAS SECUNDÁRIAS
92;FRIG. AURORA CASTRO;4228;MÁQ. DUPLA COLAR E FORMAR CAIXAS MDCFC FMABB-A-IV - SISTEMA PNEUMÁTICO;99994417;DPE;SETOR DEPOSITO PREP  EMBALAGEM;6;254976;9999;46001;2461;MÁQUINAS SECUNDÁRIAS
92;FRIG. AURORA CASTRO;4228;MÁQ. HORIZ. FORMAR CAIXAS MHFC-CP IV AG;99990869;DPE;SETOR DEPOSITO PREP  EMBALAGEM;6;0;9999;46001;2461;OUTROS
92;FRIG. AURORA CASTRO;4228;MÁQ. HORIZ. FORMAR CAIXAS MHFC-CP IV AG - COLEIRO;99990870;DPE;SETOR DEPOSITO PREP  EMBALAGEM;6;0;9999;38018;2461;OUTROS
92;FRIG. AURORA CASTRO;4228;MÁQ. HORIZ. FORMAR CAIXAS MHFC-CP IV AG - COLEIRO - ALIMENTADOR;99994387;DPE;SETOR DEPOSITO PREP  EMBALAGEM;6;0;9999;38012;2461;OUTROS
92;FRIG. AURORA CASTRO;4228;MÁQ. HORIZ. FORMAR CAIXAS MHFC-CP IV AG - COLEIRO - BOMBA PNEUMÁTICA;99994388;DPE;SETOR DEPOSITO PREP  EMBALAGEM;6;0;9999;21003;2461;OUTROS
92;FRIG. AURORA CASTRO;4228;MÁQ. HORIZ. FORMAR CAIXAS MHFC-CP IV AG - COLEIRO - RESERVATÓRIO DE COLA;99994389;DPE;SETOR DEPOSITO PREP  EMBALAGEM;6;0;9999;36008;2461;OUTROS
92;FRIG. AURORA CASTRO;4228;MÁQ. HORIZ. FORMAR CAIXAS MHFC-CP IV AG - ESTEIRA SAÍDA;99994390;DPE;SETOR DEPOSITO PREP  EMBALAGEM;6;0;9999;29004;2461;OUTROS
92;FRIG. AURORA CASTRO;4228;MÁQ. HORIZ. FORMAR CAIXAS MHFC-CP IV AG - ESTEIRA SAÍDA - REDUTOR;99994391;DPE;SETOR DEPOSITO PREP  EMBALAGEM;6;0;9999;18000;2461;OUTROS
92;FRIG. AURORA CASTRO;4228;MÁQ. HORIZ. FORMAR CAIXAS MHFC-CP IV AG - ESTEIRA SAÍDA - REDUTOR - MOTOR;99994392;DPE;SETOR DEPOSITO PREP  EMBALAGEM;6;0;9999;19000;2461;OUTROS
92;FRIG. AURORA CASTRO;4228;MÁQ. HORIZ. FORMAR CAIXAS MHFC-CP IV AG - LANÇADEIRA;99994393;DPE;SETOR DEPOSITO PREP  EMBALAGEM;6;0;9999;46001;2461;OUTROS
92;FRIG. AURORA CASTRO;4228;MÁQ. HORIZ. FORMAR CAIXAS MHFC-CP IV AG - LANÇADEIRA - REDUTOR;99994394;DPE;SETOR DEPOSITO PREP  EMBALAGEM;6;0;9999;18000;2461;OUTROS
92;FRIG. AURORA CASTRO;4228;MÁQ. HORIZ. FORMAR CAIXAS MHFC-CP IV AG - LANÇADEIRA - REDUTOR - SERVOMOTOR;99994395;DPE;SETOR DEPOSITO PREP  EMBALAGEM;6;0;9999;19000;2461;OUTROS
92;FRIG. AURORA CASTRO;4228;MÁQ. HORIZ. FORMAR CAIXAS MHFC-CP IV AG - MOLDE;99994396;DPE;SETOR DEPOSITO PREP  EMBALAGEM;6;0;9999;46001;2461;OUTROS
92;FRIG. AURORA CASTRO;4228;MÁQ. HORIZ. FORMAR CAIXAS MHFC-CP IV AG - MOLDE - REDUTOR;99994397;DPE;SETOR DEPOSITO PREP  EMBALAGEM;6;0;9999;18000;2461;OUTROS
92;FRIG. AURORA CASTRO;4228;MÁQ. HORIZ. FORMAR CAIXAS MHFC-CP IV AG - MOLDE - REDUTOR - SERVOMOTOR;99994398;DPE;SETOR DEPOSITO PREP  EMBALAGEM;6;0;9999;19000;2461;OUTROS
92;FRIG. AURORA CASTRO;4228;MÁQ. HORIZ. FORMAR CAIXAS MHFC-CP IV AG - QUADRO COMANDO;99994399;DPE;SETOR DEPOSITO PREP  EMBALAGEM;6;0;9999;46013;2461;OUTROS
92;FRIG. AURORA CASTRO;4228;MÁQ. HORIZ. FORMAR CAIXAS MHFC-CP IV AG - SISTEMA ELÉTRICO;99994401;DPE;SETOR DEPOSITO PREP  EMBALAGEM;6;0;9999;46001;2461;OUTROS
92;FRIG. AURORA CASTRO;4228;MÁQ. HORIZ. FORMAR CAIXAS MHFC-CP IV AG - SISTEMA PNEUMÁTICO;99994402;DPE;SETOR DEPOSITO PREP  EMBALAGEM;6;0;9999;46001;2461;OUTROS
92;FRIG. AURORA CASTRO;4228;MÁQ. SELADORA DE CAIXAS MT-TFV03;99985760;DPE;SETOR DEPOSITO PREP  EMBALAGEM;6;254977;9999;46001;2461;MÁQUINAS PRINCIPAL
92;FRIG. AURORA CASTRO;4228;MÁQ. SELADORA DE CAIXAS MT-TFV03 - COLEIRO;99994418;DPE;SETOR DEPOSITO PREP  EMBALAGEM;6;254977;9999;38018;2461;MÁQUINAS SECUNDÁRIAS
92;FRIG. AURORA CASTRO;4228;MÁQ. SELADORA DE CAIXAS MT-TFV03 - COLEIRO - ALIMENTADOR;99994419;DPE;SETOR DEPOSITO PREP  EMBALAGEM;6;254977;9999;38012;2461;MÁQUINAS SECUNDÁRIAS
92;FRIG. AURORA CASTRO;4228;MÁQ. SELADORA DE CAIXAS MT-TFV03 - COLEIRO - BOMBA PNEUMÁTICA;99994420;DPE;SETOR DEPOSITO PREP  EMBALAGEM;6;254977;9999;21003;2461;MÁQUINAS SECUNDÁRIAS
92;FRIG. AURORA CASTRO;4228;MÁQ. SELADORA DE CAIXAS MT-TFV03 - COLEIRO - RESERVATÓRIO DE COLA;99994421;DPE;SETOR DEPOSITO PREP  EMBALAGEM;6;254977;9999;36008;2461;MÁQUINAS SECUNDÁRIAS
92;FRIG. AURORA CASTRO;4228;MÁQ. SELADORA DE CAIXAS MT-TFV03 - ESTEIRA SAÍDA;99994422;DPE;SETOR DEPOSITO PREP  EMBALAGEM;6;254977;9999;29004;2461;MÁQUINAS SECUNDÁRIAS
92;FRIG. AURORA CASTRO;4228;MÁQ. SELADORA DE CAIXAS MT-TFV03 - ESTEIRA SAÍDA - REDUTOR;99994423;DPE;SETOR DEPOSITO PREP  EMBALAGEM;6;254977;9999;18000;2461;MÁQUINAS SECUNDÁRIAS
92;FRIG. AURORA CASTRO;4228;MÁQ. SELADORA DE CAIXAS MT-TFV03 - ESTEIRA SAÍDA - REDUTOR - MOTOR;99994424;DPE;SETOR DEPOSITO PREP  EMBALAGEM;6;254977;9999;19000;2461;MÁQUINAS SECUNDÁRIAS
92;FRIG. AURORA CASTRO;4228;MÁQ. SELADORA DE CAIXAS MT-TFV03 - MOLDE;99994425;DPE;SETOR DEPOSITO PREP  EMBALAGEM;6;254977;9999;46001;2461;MÁQUINAS SECUNDÁRIAS
92;FRIG. AURORA CASTRO;4228;MÁQ. SELADORA DE CAIXAS MT-TFV03 - MOLDE - REDUTOR;99994427;DPE;SETOR DEPOSITO PREP  EMBALAGEM;6;254977;9999;18000;2461;MÁQUINAS SECUNDÁRIAS
92;FRIG. AURORA CASTRO;4228;MÁQ. SELADORA DE CAIXAS MT-TFV03 - MOLDE - REDUTOR - MOTOR;99994428;DPE;SETOR DEPOSITO PREP  EMBALAGEM;6;254977;9999;19000;2461;MÁQUINAS SECUNDÁRIAS
92;FRIG. AURORA CASTRO;4228;MÁQ. SELADORA DE CAIXAS MT-TFV03 - QUADRO COMANDO;99994429;DPE;SETOR DEPOSITO PREP  EMBALAGEM;6;254977;9999;46013;2461;MÁQUINAS SECUNDÁRIAS
92;FRIG. AURORA CASTRO;4228;MÁQ. SELADORA DE CAIXAS MT-TFV03 - SISTEMA ELÉTRICO;99994430;DPE;SETOR DEPOSITO PREP  EMBALAGEM;6;254977;9999;46001;2461;MÁQUINAS SECUNDÁRIAS
92;FRIG. AURORA CASTRO;4228;MÁQ. SELADORA DE CAIXAS MT-TFV03 - SISTEMA PNEUMÁTICO;99994431;DPE;SETOR DEPOSITO PREP  EMBALAGEM;6;254977;9999;46001;2461;MÁQUINAS SECUNDÁRIAS
92;FRIG. AURORA CASTRO;4228;MÁQUINA DE HIGIENIZAÇÃO DE AGULHAS;99994938;PRU;SETOR DE PRESUNTARIA          ;6;0;9999;23007;2291;OUTROS
92;FRIG. AURORA CASTRO;4228;MÁQUINA DE HIGIENIZAÇÃO DE AGULHAS - SISTEMA DE SEGURANÇA;5816;PRU;SETOR DE PRESUNTARIA          ;6;;9999;26011;2291;OUTROS
92;FRIG. AURORA CASTRO;4228;MÁQUINA DE HIGIENIZAÇÃO DE AGULHAS - SISTEMA ELETRICO;5815;PRU;SETOR DE PRESUNTARIA          ;6;;9999;26011;2291;OUTROS
92;FRIG. AURORA CASTRO;4228;MÁQUINA DE TRIPAS 400 SULMAQ;99986669;BET;SETOR BENEFICIAMENTO DE TRIPA ;8;254101;9999;15008;2232;MÁQUINAS PRINCIPAL
92;FRIG. AURORA CASTRO;4228;MÁQUINA DE TRIPAS 400 SULMAQ - DESBOBINADOR DE TRIPAS;99988603;BET;SETOR BENEFICIAMENTO DE TRIPA ;6;254101;9999;46044;2232;MÁQUINAS SECUNDÁRIAS
92;FRIG. AURORA CASTRO;4228;MÁQUINA DE TRIPAS 400 SULMAQ - DESBOBINADOR DE TRIPAS - REDUTOR;99988605;BET;SETOR BENEFICIAMENTO DE TRIPA ;4;254101;9999;18000;2232;MÁQUINAS SECUNDÁRIAS
92;FRIG. AURORA CASTRO;4228;MÁQUINA DE TRIPAS 400 SULMAQ - DESBOBINADOR DE TRIPAS - SISTEMA DE SEGURANÇA;1282;BET;SETOR BENEFICIAMENTO DE TRIPA ;6;254101;9999;15008;2232;MÁQUINAS SECUNDÁRIAS
92;FRIG. AURORA CASTRO;4228;MÁQUINA DE TRIPAS 400 SULMAQ - ESTÁGIO 01;99997833;BET;SETOR BENEFICIAMENTO DE TRIPA ;8;254101;9999;15008;2232;MÁQUINAS SECUNDÁRIAS
92;FRIG. AURORA CASTRO;4228;MÁQUINA DE TRIPAS 400 SULMAQ - ESTÁGIO 01 - REDUTOR;99988607;BET;SETOR BENEFICIAMENTO DE TRIPA ;4;254101;9999;15008;2232;MÁQUINAS SECUNDÁRIAS
92;FRIG. AURORA CASTRO;4228;MÁQUINA DE TRIPAS 400 SULMAQ - ESTÁGIO 01 - REDUTOR - MOTOR;99988606;BET;SETOR BENEFICIAMENTO DE TRIPA ;4;254101;9999;15008;2232;MÁQUINAS SECUNDÁRIAS
92;FRIG. AURORA CASTRO;4228;MÁQUINA DE TRIPAS 400 SULMAQ - ESTÁGIO 02;99999418;BET;SETOR BENEFICIAMENTO DE TRIPA ;8;254101;9999;15008;2232;MÁQUINAS SECUNDÁRIAS
92;FRIG. AURORA CASTRO;4228;MÁQUINA DE TRIPAS 400 SULMAQ - ESTÁGIO 02 - REDUTOR;99988609;BET;SETOR BENEFICIAMENTO DE TRIPA ;4;254101;9999;15008;2232;MÁQUINAS SECUNDÁRIAS
92;FRIG. AURORA CASTRO;4228;MÁQUINA DE TRIPAS 400 SULMAQ - ESTÁGIO 02 - REDUTOR - MOTOR;99988608;BET;SETOR BENEFICIAMENTO DE TRIPA ;4;254101;9999;15008;2232;MÁQUINAS SECUNDÁRIAS
92;FRIG. AURORA CASTRO;4228;MÁQUINA DE TRIPAS 400 SULMAQ - ESTÁGIO 03;99998510;BET;SETOR BENEFICIAMENTO DE TRIPA ;8;254101;9999;15008;2232;MÁQUINAS SECUNDÁRIAS
92;FRIG. AURORA CASTRO;4228;MÁQUINA DE TRIPAS 400 SULMAQ - ESTÁGIO 03 - REDUTOR;99988617;BET;SETOR BENEFICIAMENTO DE TRIPA ;4;254101;9999;15008;2232;MÁQUINAS SECUNDÁRIAS
92;FRIG. AURORA CASTRO;4228;MÁQUINA DE TRIPAS 400 SULMAQ - ESTÁGIO 03 - REDUTOR - MOTOR;99988614;BET;SETOR BENEFICIAMENTO DE TRIPA ;4;254101;9999;15008;2232;MÁQUINAS SECUNDÁRIAS
92;FRIG. AURORA CASTRO;4228;MÁQUINA DE TRIPAS 400 SULMAQ - ESTÁGIO 04 (ESQUERDA);99999419;BET;SETOR BENEFICIAMENTO DE TRIPA ;8;254101;9999;15008;2232;MÁQUINAS SECUNDÁRIAS
92;FRIG. AURORA CASTRO;4228;MÁQUINA DE TRIPAS 400 SULMAQ - ESTÁGIO 04 (ESQUERDA) - REDUTOR;99988624;BET;SETOR BENEFICIAMENTO DE TRIPA ;4;254101;9999;15008;2232;MÁQUINAS SECUNDÁRIAS
92;FRIG. AURORA CASTRO;4228;MÁQUINA DE TRIPAS 400 SULMAQ - ESTÁGIO 04 (ESQUERDA) - REDUTOR - MOTOR;99988620;BET;SETOR BENEFICIAMENTO DE TRIPA ;4;254101;9999;15008;2232;MÁQUINAS SECUNDÁRIAS
92;FRIG. AURORA CASTRO;4228;MÁQUINA DE TRIPAS 400 SULMAQ - ESTÁGIO 05 (DIREITA);99999420;BET;SETOR BENEFICIAMENTO DE TRIPA ;8;254101;9999;15008;2232;MÁQUINAS SECUNDÁRIAS
92;FRIG. AURORA CASTRO;4228;MÁQUINA DE TRIPAS 400 SULMAQ - ESTÁGIO 05 (DIREITA) - REDUTOR;1268;BET;SETOR BENEFICIAMENTO DE TRIPA ;6;254101;9999;15008;2232;MÁQUINAS SECUNDÁRIAS
92;FRIG. AURORA CASTRO;4228;MÁQUINA DE TRIPAS 400 SULMAQ - ESTÁGIO 05 (DIREITA) - REDUTOR - MOTOR;1269;BET;SETOR BENEFICIAMENTO DE TRIPA ;6;254101;9999;15008;2232;MÁQUINAS SECUNDÁRIAS
92;FRIG. AURORA CASTRO;4228;MÁQUINA DE TRIPAS 400 SULMAQ - FLOTADOR;99988627;BET;SETOR BENEFICIAMENTO DE TRIPA ;4;254101;9999;15008;2232;MÁQUINAS SECUNDÁRIAS
92;FRIG. AURORA CASTRO;4228;MÁQUINA DE TRIPAS 400 SULMAQ - FLOTADOR - REDUTOR;1280;BET;SETOR BENEFICIAMENTO DE TRIPA ;6;254101;9999;15008;2232;MÁQUINAS SECUNDÁRIAS
92;FRIG. AURORA CASTRO;4228;MÁQUINA DE TRIPAS 400 SULMAQ - FLOTADOR - REDUTOR - MOTOR;99988626;BET;SETOR BENEFICIAMENTO DE TRIPA ;4;254101;9999;15008;2232;MÁQUINAS SECUNDÁRIAS
92;FRIG. AURORA CASTRO;4228;MÁQUINA DE TRIPAS 400 SULMAQ - FLOTADOR - SISTEMA DE SEGURANÇA;1278;BET;SETOR BENEFICIAMENTO DE TRIPA ;6;254101;9999;15008;2232;MÁQUINAS SECUNDÁRIAS
92;FRIG. AURORA CASTRO;4228;MÁQUINA DE TRIPAS 400 SULMAQ - FLOTADOR - SISTEMA ELÉTRICO;1320;BET;SETOR BENEFICIAMENTO DE TRIPA ;8;254101;9999;15008;2232;MÁQUINAS SECUNDÁRIAS
92;FRIG. AURORA CASTRO;4228;MÁQUINA DE TRIPAS 400 SULMAQ - FLOTADOR - SISTEMA HÍDRICO;1279;BET;SETOR BENEFICIAMENTO DE TRIPA ;8;254101;9999;15008;2232;MÁQUINAS SECUNDÁRIAS
92;FRIG. AURORA CASTRO;4228;MÁQUINA DE TRIPAS 400 SULMAQ - SISTEMA DE SEGURANÇA;1267;BET;SETOR BENEFICIAMENTO DE TRIPA ;6;254101;9999;15008;2232;MÁQUINAS SECUNDÁRIAS
92;FRIG. AURORA CASTRO;4228;MÁQUINA DE TRIPAS 400 SULMAQ - SISTEMA ELÉTRICO;1321;BET;SETOR BENEFICIAMENTO DE TRIPA ;6;254101;9999;15008;2232;MÁQUINAS SECUNDÁRIAS
92;FRIG. AURORA CASTRO;4228;MÁQUINA DE TRIPAS 400 SULMAQ - TANQUE DE MUCOSA;1112;BET;SETOR BENEFICIAMENTO DE TRIPA ;6;0;9999;29008;2232;OUTROS
92;FRIG. AURORA CASTRO;4228;MÁQUINA DE TRIPAS 400 SULMAQ - TANQUE DE MUCOSA - BOMBA DE DIAFRAGMA;1113;BET;SETOR BENEFICIAMENTO DE TRIPA ;6;0;9999;6000;2232;OUTROS
92;FRIG. AURORA CASTRO;4228;MÁQUINA PARA LIMPEZA DE TUBOS;99985595;GEV;SETOR DE OPERACAO DE CALOR    ;8;253160;9999;38004;1236;MÁQUINAS PRINCIPAL
92;FRIG. AURORA CASTRO;4228;NORIA DE TAMPA DE CAIXAS;99998715;TCA;SETOR TUNEIS E CAMARAS        ;6;0;9999;13013;2313;OUTROS
92;FRIG. AURORA CASTRO;4228;NÓREA LAVAGEM E LUBRIFICAÇÃO DE CARRETILHAS POS DERRUBADA MEZANINO;99985438;EPJ;SETOR DE ESPOSTEJAMENTO       ;8;;9999;13013;2224;MÁQUINAS PRINCIPAL
92;FRIG. AURORA CASTRO;4228;NÓREA TAM ACUMULO DE CARRETILHAS POS LAVAGEM E LUBRIFICAÇÃO MEZANINO;99985439;EPJ;SETOR DE ESPOSTEJAMENTO       ;6;;9999;13013;2224;MÁQUINAS PRINCIPAL
92;FRIG. AURORA CASTRO;4228;NÓRIA BANDEJAS PARA VÍSCERAS TORFRESMA;99986869;ABT;SETOR ABATE/RESFRIAMENTO      ;8;254275;9999;13013;2488;MÁQUINAS PRINCIPAL
92;FRIG. AURORA CASTRO;4228;NÓRIA BANDEJAS PARA VÍSCERAS TORFRESMA - LAVADOR;99985916;ABT;SETOR ABATE/RESFRIAMENTO      ;8;254275;9999;13013;2488;MÁQUINAS SECUNDÁRIAS
92;FRIG. AURORA CASTRO;4228;NÓRIA BANDEJAS PARA VÍSCERAS TORFRESMA - LAVADOR - SISTEMA PNEUMÁTICO;99994375;ABT;SETOR ABATE/RESFRIAMENTO      ;8;254275;9999;13013;2488;MÁQUINAS SECUNDÁRIAS
92;FRIG. AURORA CASTRO;4228;NÓRIA BANDEJAS PARA VÍSCERAS TORFRESMA - REDUTOR;99994347;ABT;SETOR ABATE/RESFRIAMENTO      ;8;254275;9999;18000;2488;MÁQUINAS SECUNDÁRIAS
92;FRIG. AURORA CASTRO;4228;NÓRIA BANDEJAS PARA VÍSCERAS TORFRESMA - REDUTOR - MOTOR;99994348;ABT;SETOR ABATE/RESFRIAMENTO      ;8;254275;9999;19000;2488;MÁQUINAS SECUNDÁRIAS
92;FRIG. AURORA CASTRO;4228;NÓRIA BANDEJAS PARA VÍSCERAS TORFRESMA - SISTEMA DE SEGURANÇA;99994377;ABT;SETOR ABATE/RESFRIAMENTO      ;8;254275;9999;46013;2488;MÁQUINAS SECUNDÁRIAS
92;FRIG. AURORA CASTRO;4228;NÓRIA BANDEJAS PARA VÍSCERAS TORFRESMA - SISTEMA ELÉTRICO;99994376;ABT;SETOR ABATE/RESFRIAMENTO      ;8;254275;9999;13013;2488;MÁQUINAS SECUNDÁRIAS
92;FRIG. AURORA CASTRO;4228;NÓRIA DE CAIXAS DE MIÚDOS SULMAQ;99986009;MIN;MIUDOS INTERNOS               ;6;0;9999;13013;2721;OUTROS
92;FRIG. AURORA CASTRO;4228;NÓRIA DE CAIXAS DE MIÚDOS SULMAQ - ESTICADOR PNEUMÁTICO (MONOBLOCO);2662;MIN;MIUDOS INTERNOS               ;6;0;9999;13013;2721;OUTROS
92;FRIG. AURORA CASTRO;4228;NÓRIA DE CAIXAS DE MIÚDOS SULMAQ - REDUTOR (MIÚDOS);99988854;MIN;MIUDOS INTERNOS               ;6;0;9999;18000;2721;OUTROS
92;FRIG. AURORA CASTRO;4228;NÓRIA DE CAIXAS DE MIÚDOS SULMAQ - REDUTOR (MONOBLOCO);2663;MIN;MIUDOS INTERNOS               ;6;0;9999;13013;2721;OUTROS
92;FRIG. AURORA CASTRO;4228;NÓRIA DE CAIXAS DE MIÚDOS SULMAQ - REDUTOR - MOTOR (MIÚDOS);99988612;MIN;MIUDOS INTERNOS               ;6;0;9999;19001;2721;OUTROS
92;FRIG. AURORA CASTRO;4228;NÓRIA DE CAIXAS DE MIÚDOS SULMAQ - REDUTOR - MOTOR (MONOBLOCO);2664;MIN;MIUDOS INTERNOS               ;6;0;9999;13013;2721;OUTROS
92;FRIG. AURORA CASTRO;4228;NÓRIA DE CAIXAS DE MIÚDOS SULMAQ - SISTEMA DE SEGURANÇA;2668;MIN;MIUDOS INTERNOS               ;6;0;9999;13013;2721;OUTROS
92;FRIG. AURORA CASTRO;4228;NÓRIA DE CAIXAS DE MIÚDOS SULMAQ - SISTEMA ELÉTRICO;2667;MIN;MIUDOS INTERNOS               ;6;0;9999;13013;2721;OUTROS
92;FRIG. AURORA CASTRO;4228;NÓRIA DE EVISCERAÇÃO SULMAQ;99986012;ABT;SETOR ABATE/RESFRIAMENTO      ;10;253999;9999;13013;2488;MÁQUINAS PRINCIPAL
92;FRIG. AURORA CASTRO;4228;NÓRIA DE EVISCERAÇÃO SULMAQ - ESTICADOR PNEUMÁTICO;3557;ABT;SETOR ABATE/RESFRIAMENTO      ;6;253999;9999;13013;2488;MÁQUINAS SECUNDÁRIAS
92;FRIG. AURORA CASTRO;4228;NÓRIA DE EVISCERAÇÃO SULMAQ - REDUTOR 01 (ÁREA SUJA);99988625;ABT;SETOR ABATE/RESFRIAMENTO      ;10;253999;9999;18000;2488;MÁQUINAS SECUNDÁRIAS
92;FRIG. AURORA CASTRO;4228;NÓRIA DE EVISCERAÇÃO SULMAQ - REDUTOR 01 - MOTOR 01 (ÁREA SUJA);99988621;ABT;SETOR ABATE/RESFRIAMENTO      ;10;253999;9999;19001;2488;MÁQUINAS SECUNDÁRIAS
92;FRIG. AURORA CASTRO;4228;NÓRIA DE EVISCERAÇÃO SULMAQ - REDUTOR 02 (ÁREA LIMPA);99988623;ABT;SETOR ABATE/RESFRIAMENTO      ;10;253999;9999;18000;2488;MÁQUINAS SECUNDÁRIAS
92;FRIG. AURORA CASTRO;4228;NÓRIA DE EVISCERAÇÃO SULMAQ - REDUTOR 02 - MOTOR 02 (ÁREA LIMPA);99988622;ABT;SETOR ABATE/RESFRIAMENTO      ;10;253999;9999;19001;2488;MÁQUINAS SECUNDÁRIAS
92;FRIG. AURORA CASTRO;4228;NÓRIA DE EVISCERAÇÃO SULMAQ - SISTEMA ELÉTRICO;99995053;ABT;SETOR ABATE/RESFRIAMENTO      ;10;253999;9999;13013;2488;MÁQUINAS SECUNDÁRIAS
92;FRIG. AURORA CASTRO;4228;NÓRIA DE EVISCERAÇÃO SULMAQ - SISTEMA PNEUMÁTICO;99995054;ABT;SETOR ABATE/RESFRIAMENTO      ;10;253999;9999;13013;2488;MÁQUINAS SECUNDÁRIAS
92;FRIG. AURORA CASTRO;4228;NÓRIA DE TRANSPORTE DE SANGRIA E ESCALDAGEM SULMAQ;99985366;ABT;SETOR ABATE/RESFRIAMENTO      ;10;253957;9999;13013;2488;MÁQUINAS PRINCIPAL
92;FRIG. AURORA CASTRO;4228;NÓRIA DE TRANSPORTE DE SANGRIA E ESCALDAGEM SULMAQ - ESTICADOR PNEUMÁTICO;3568;ABT;SETOR ABATE/RESFRIAMENTO      ;8;253957;9999;13013;2488;MÁQUINAS SECUNDÁRIAS
92;FRIG. AURORA CASTRO;4228;NÓRIA DE TRANSPORTE DE SANGRIA E ESCALDAGEM SULMAQ - REDUTOR;99988816;ABT;SETOR ABATE/RESFRIAMENTO      ;10;253957;9999;18000;2488;MÁQUINAS SECUNDÁRIAS
92;FRIG. AURORA CASTRO;4228;NÓRIA DE TRANSPORTE DE SANGRIA E ESCALDAGEM SULMAQ - REDUTOR - MOTOR;99988815;ABT;SETOR ABATE/RESFRIAMENTO      ;10;253957;9999;19000;2488;MÁQUINAS SECUNDÁRIAS
92;FRIG. AURORA CASTRO;4228;NÓRIA DE TRANSPORTE DE SANGRIA E ESCALDAGEM SULMAQ - SISTEMA DE SEGURANÇA;1496;ABT;SETOR ABATE/RESFRIAMENTO      ;6;253957;9999;13013;2488;MÁQUINAS SECUNDÁRIAS
92;FRIG. AURORA CASTRO;4228;NÓRIA DE TRANSPORTE DE SANGRIA E ESCALDAGEM SULMAQ - SISTEMA ELÉTRICO;99995065;ABT;SETOR ABATE/RESFRIAMENTO      ;10;253957;9999;13013;2488;MÁQUINAS SECUNDÁRIAS
92;FRIG. AURORA CASTRO;4228;NÓRIA DE TRANSPORTE DE SANGRIA E ESCALDAGEM SULMAQ - SISTEMA PNEUMÁTICO;99995066;ABT;SETOR ABATE/RESFRIAMENTO      ;10;253957;9999;13013;2488;MÁQUINAS SECUNDÁRIAS
92;FRIG. AURORA CASTRO;4228;NÓRIA ELEVATÓRIA PARA PENDURA E SANGRIA SULMAQ;99985368;ABT;SETOR ABATE/RESFRIAMENTO      ;8;253959;9999;13013;2488;MÁQUINAS PRINCIPAL
92;FRIG. AURORA CASTRO;4228;NÓRIA ELEVATÓRIA PARA PENDURA E SANGRIA SULMAQ - ESTICADOR;3563;ABT;SETOR ABATE/RESFRIAMENTO      ;6;253959;9999;13013;2488;MÁQUINAS SECUNDÁRIAS
92;FRIG. AURORA CASTRO;4228;NÓRIA ELEVATÓRIA PARA PENDURA E SANGRIA SULMAQ - REDUTOR;99988850;ABT;SETOR ABATE/RESFRIAMENTO      ;8;253959;9999;18000;2488;MÁQUINAS SECUNDÁRIAS
92;FRIG. AURORA CASTRO;4228;NÓRIA ELEVATÓRIA PARA PENDURA E SANGRIA SULMAQ - REDUTOR - MOTOR;99988618;ABT;SETOR ABATE/RESFRIAMENTO      ;8;253959;9999;19000;2488;MÁQUINAS SECUNDÁRIAS
92;FRIG. AURORA CASTRO;4228;NÓRIA ELEVATÓRIA PARA PENDURA E SANGRIA SULMAQ - SISTEMA DE SEGURANÇA;1494;ABT;SETOR ABATE/RESFRIAMENTO      ;6;253959;9999;13013;2488;MÁQUINAS SECUNDÁRIAS
92;FRIG. AURORA CASTRO;4228;NÓRIA ELEVATÓRIA PARA PENDURA E SANGRIA SULMAQ - SISTEMA ELÉTRICO;99996902;ABT;SETOR ABATE/RESFRIAMENTO      ;8;253959;9999;13013;2488;MÁQUINAS SECUNDÁRIAS
92;FRIG. AURORA CASTRO;4228;NÓRIA ELEVATÓRIA PARA REPENDURA SULMAQ;99985369;ABT;SETOR ABATE/RESFRIAMENTO      ;8;0;9999;13013;2488;OUTROS
92;FRIG. AURORA CASTRO;4228;NÓRIA ELEVATÓRIA PARA REPENDURA SULMAQ - ESTICADOR;3572;ABT;SETOR ABATE/RESFRIAMENTO      ;6;0;9999;13013;2488;OUTROS
92;FRIG. AURORA CASTRO;4228;NÓRIA ELEVATÓRIA PARA REPENDURA SULMAQ - REDUTOR;99988611;ABT;SETOR ABATE/RESFRIAMENTO      ;6;;9999;18000;2488;OUTROS
92;FRIG. AURORA CASTRO;4228;NÓRIA ELEVATÓRIA PARA REPENDURA SULMAQ - REDUTOR - MOTOR;99988610;ABT;SETOR ABATE/RESFRIAMENTO      ;6;0;9999;19000;2488;OUTROS
92;FRIG. AURORA CASTRO;4228;NÓRIA ELEVATÓRIA PARA REPENDURA SULMAQ - SISTEMA DE SEGURANÇA;1495;ABT;SETOR ABATE/RESFRIAMENTO      ;6;0;9999;13013;2488;OUTROS
92;FRIG. AURORA CASTRO;4228;NÓRIA ELEVATÓRIA PARA REPENDURA SULMAQ - SISTEMA ELÉTRICO;99996904;ABT;SETOR ABATE/RESFRIAMENTO      ;6;0;9999;13013;2488;OUTROS
92;FRIG. AURORA CASTRO;4228;NÓRIA ENTRADA CÂMARAS SULMAQ;99995143;ABT;SETOR ABATE/RESFRIAMENTO      ;10;254505;9999;13013;2488;MÁQUINAS PRINCIPAL
92;FRIG. AURORA CASTRO;4228;NÓRIA ENTRADA CÂMARAS SULMAQ - ÁREA LIMPA - REDUTOR;99995148;ABT;SETOR ABATE/RESFRIAMENTO      ;10;254505;9999;18002;2488;MÁQUINAS SECUNDÁRIAS
92;FRIG. AURORA CASTRO;4228;NÓRIA ENTRADA CÂMARAS SULMAQ - ÁREA LIMPA - REDUTOR - MOTOR;99995149;ABT;SETOR ABATE/RESFRIAMENTO      ;10;254505;9999;19000;2488;MÁQUINAS SECUNDÁRIAS
92;FRIG. AURORA CASTRO;4228;NÓRIA ENTRADA CÂMARAS SULMAQ - ÁREA LIMPA - SISTEMA ELÉTRICO;99995150;ABT;SETOR ABATE/RESFRIAMENTO      ;10;254505;9999;13013;2488;MÁQUINAS SECUNDÁRIAS
92;FRIG. AURORA CASTRO;4228;NÓRIA ENTRADA CÂMARAS SULMAQ - ÁREA SUJA - ESTICADOR PNEUMÁTICO;3757;ABT;SETOR ABATE/RESFRIAMENTO      ;6;254505;9999;13013;2488;MÁQUINAS SECUNDÁRIAS
92;FRIG. AURORA CASTRO;4228;NÓRIA ENTRADA CÂMARAS SULMAQ - ÁREA SUJA - REDUTOR;99995144;ABT;SETOR ABATE/RESFRIAMENTO      ;10;254505;9999;18002;2488;MÁQUINAS SECUNDÁRIAS
92;FRIG. AURORA CASTRO;4228;NÓRIA ENTRADA CÂMARAS SULMAQ - ÁREA SUJA - REDUTOR - MOTOR;99995145;ABT;SETOR ABATE/RESFRIAMENTO      ;10;254505;9999;19000;2488;MÁQUINAS SECUNDÁRIAS
92;FRIG. AURORA CASTRO;4228;NÓRIA ENTRADA CÂMARAS SULMAQ - ÁREA SUJA - SISTEMA ELÉTRICO;99995146;ABT;SETOR ABATE/RESFRIAMENTO      ;10;254505;9999;13013;2488;MÁQUINAS SECUNDÁRIAS
92;FRIG. AURORA CASTRO;4228;NÓRIA ENTRADA CÂMARAS SULMAQ - ÁREA SUJA - SISTEMA PNEUMÁTICO;99995147;ABT;SETOR ABATE/RESFRIAMENTO      ;10;254505;9999;13013;2488;MÁQUINAS SECUNDÁRIAS
92;FRIG. AURORA CASTRO;4228;NÓRIA RETORNO DE CARRETILHAS PARA ÁREA SUJA;99985367;ABT;SETOR ABATE/RESFRIAMENTO      ;8;253981;9999;13013;2488;MÁQUINAS SECUNDÁRIAS
92;FRIG. AURORA CASTRO;4228;NÓRIA RETORNO DE CARRETILHAS PARA ÁREA SUJA - REDUTOR;99988814;ABT;SETOR ABATE/RESFRIAMENTO      ;4;;9999;18000;2488;MÁQUINAS SECUNDÁRIAS
92;FRIG. AURORA CASTRO;4228;NÓRIA RETORNO DE CARRETILHAS PARA ÁREA SUJA - REDUTOR - MOTOR;99988813;ABT;SETOR ABATE/RESFRIAMENTO      ;4;;9999;19000;2488;MÁQUINAS SECUNDÁRIAS
92;FRIG. AURORA CASTRO;4228;NÓRIA RETORNO DE CARRETILHAS PARA ÁREA SUJA - SISTEMA ELÉTRICO;99985518;ABT;SETOR ABATE/RESFRIAMENTO      ;6;253981;9999;13013;2488;MÁQUINAS SECUNDÁRIAS
92;FRIG. AURORA CASTRO;4228;NÓRIA SAÍDA CÂMARAS SULMAQ;99995153;ABT;SETOR ABATE/RESFRIAMENTO      ;10;254519;9999;13013;2488;MÁQUINAS PRINCIPAL
92;FRIG. AURORA CASTRO;4228;NÓRIA SAÍDA CÂMARAS SULMAQ - DOSADOR DE SAÍDA SEQUESTRO 01;99995157;ABT;SETOR ABATE/RESFRIAMENTO      ;6;254519;9999;43001;2488;MÁQUINAS SECUNDÁRIAS
92;FRIG. AURORA CASTRO;4228;NÓRIA SAÍDA CÂMARAS SULMAQ - DOSADOR DE SAÍDA SEQUESTRO 01 - CHAVES;99995160;ABT;SETOR ABATE/RESFRIAMENTO      ;6;254519;9999;43000;2488;MÁQUINAS SECUNDÁRIAS
92;FRIG. AURORA CASTRO;4228;NÓRIA SAÍDA CÂMARAS SULMAQ - DOSADOR DE SAÍDA SEQUESTRO 01 - SISTEMA ELÉTRICO;99995159;ABT;SETOR ABATE/RESFRIAMENTO      ;6;254519;9999;43001;2488;MÁQUINAS SECUNDÁRIAS
92;FRIG. AURORA CASTRO;4228;NÓRIA SAÍDA CÂMARAS SULMAQ - DOSADOR DE SAÍDA SEQUESTRO 01 - SISTEMA PNEUMÁTICO;99995158;ABT;SETOR ABATE/RESFRIAMENTO      ;6;254519;9999;43001;2488;MÁQUINAS SECUNDÁRIAS
92;FRIG. AURORA CASTRO;4228;NÓRIA SAÍDA CÂMARAS SULMAQ - DOSADOR DE SAÍDA SEQUESTRO 02;99995166;ABT;SETOR ABATE/RESFRIAMENTO      ;10;254519;9999;43000;2488;MÁQUINAS SECUNDÁRIAS
92;FRIG. AURORA CASTRO;4228;NÓRIA SAÍDA CÂMARAS SULMAQ - DOSADOR DE SAÍDA SEQUESTRO 02 - CHAVES;99995169;ABT;SETOR ABATE/RESFRIAMENTO      ;10;254519;9999;43000;2488;MÁQUINAS SECUNDÁRIAS
92;FRIG. AURORA CASTRO;4228;NÓRIA SAÍDA CÂMARAS SULMAQ - DOSADOR DE SAÍDA SEQUESTRO 02 - SISTEMA ELÉTRICO;99995168;ABT;SETOR ABATE/RESFRIAMENTO      ;10;254519;9999;43000;2488;MÁQUINAS SECUNDÁRIAS
92;FRIG. AURORA CASTRO;4228;NÓRIA SAÍDA CÂMARAS SULMAQ - DOSADOR DE SAÍDA SEQUESTRO 02 - SISTEMA PNEUMÁTICO;99995167;ABT;SETOR ABATE/RESFRIAMENTO      ;10;254519;9999;43000;2488;MÁQUINAS SECUNDÁRIAS
92;FRIG. AURORA CASTRO;4228;NÓRIA SAÍDA CÂMARAS SULMAQ - ESTICADOR PNEUMÁTICO;5302;ABT;SETOR ABATE/RESFRIAMENTO      ;6;254519;9999;13013;2488;MÁQUINAS SECUNDÁRIAS
92;FRIG. AURORA CASTRO;4228;NÓRIA SAÍDA CÂMARAS SULMAQ - REDUTOR;99995154;ABT;SETOR ABATE/RESFRIAMENTO      ;10;254519;9999;18002;2488;MÁQUINAS SECUNDÁRIAS
92;FRIG. AURORA CASTRO;4228;NÓRIA SAÍDA CÂMARAS SULMAQ - REDUTOR - MOTOR;99995155;ABT;SETOR ABATE/RESFRIAMENTO      ;10;254519;9999;19000;2488;MÁQUINAS SECUNDÁRIAS
92;FRIG. AURORA CASTRO;4228;NÓRIA SAÍDA CÂMARAS SULMAQ - SISTEMA ELÉTRICO;99995156;ABT;SETOR ABATE/RESFRIAMENTO      ;10;254519;9999;13013;2488;MÁQUINAS SECUNDÁRIAS
92;FRIG. AURORA CASTRO;4228;NÓRIA TRANSPORTE LATERAL DA SANGRIA E ESCALDAGEM SULMAQ;99996859;ABT;SETOR ABATE/RESFRIAMENTO      ;6;253960;9999;13013;2488;MÁQUINAS PRINCIPAL
92;FRIG. AURORA CASTRO;4228;NÓRIA TRANSPORTE LATERAL DA SANGRIA E ESCALDAGEM SULMAQ - REDUTOR;99988630;ABT;SETOR ABATE/RESFRIAMENTO      ;6;253960;9999;18000;2488;MÁQUINAS SECUNDÁRIAS
92;FRIG. AURORA CASTRO;4228;NÓRIA TRANSPORTE LATERAL DA SANGRIA E ESCALDAGEM SULMAQ - REDUTOR - MOTOR;99988629;ABT;SETOR ABATE/RESFRIAMENTO      ;6;253960;9999;19000;2488;MÁQUINAS SECUNDÁRIAS
92;FRIG. AURORA CASTRO;4228;NÓRIA TRANSPORTE LATERAL DA SANGRIA E ESCALDAGEM SULMAQ - SISTEMA DE SEGURANÇA;3565;ABT;SETOR ABATE/RESFRIAMENTO      ;6;253960;9999;13013;2488;MÁQUINAS SECUNDÁRIAS
92;FRIG. AURORA CASTRO;4228;NÓRIA TRANSPORTE LATERAL DA SANGRIA E ESCALDAGEM SULMAQ - SISTEMA ELÉTRICO;99996860;ABT;SETOR ABATE/RESFRIAMENTO      ;6;253960;9999;13013;2488;MÁQUINAS SECUNDÁRIAS
92;FRIG. AURORA CASTRO;4228;NÓRIA TRANSPORTE LATERAL DA SANGRIA E ESCALDAGEM SULMAQ - SISTEMA PNEUMÁTICO;1497;ABT;SETOR ABATE/RESFRIAMENTO      ;6;253960;9999;13013;2488;MÁQUINAS SECUNDÁRIAS
92;FRIG. AURORA CASTRO;4228;NÓRIA TRANSPORTE LATERAL DE DESCIDA/ENTRADA DIF SULMAQ;99986862;ABT;SETOR ABATE/RESFRIAMENTO      ;8;;9999;13013;2488;OUTROS
92;FRIG. AURORA CASTRO;4228;NÓRIA TRANSPORTE LATERAL DE DESCIDA/ENTRADA DIF SULMAQ - REDUTOR;99988810;ABT;SETOR ABATE/RESFRIAMENTO      ;4;;9999;18000;2488;OUTROS
92;FRIG. AURORA CASTRO;4228;NÓRIA TRANSPORTE LATERAL DE DESCIDA/ENTRADA DIF SULMAQ - REDUTOR - MOTOR;99988809;ABT;SETOR ABATE/RESFRIAMENTO      ;4;;9999;19001;2488;OUTROS
92;FRIG. AURORA CASTRO;4228;NÓRIA TRANSPORTE LATERAL DE DESCIDA/ENTRADA DIF SULMAQ - SISTEMA DE SEGURANÇA;1393;ABT;SETOR ABATE/RESFRIAMENTO      ;6;0;9999;13013;2488;OUTROS
92;FRIG. AURORA CASTRO;4228;NÓRIA TRANSPORTE LATERAL DE DESCIDA/ENTRADA DIF SULMAQ - SISTEMA ELÉTRICO;1391;ABT;SETOR ABATE/RESFRIAMENTO      ;6;0;9999;13013;2488;OUTROS
92;FRIG. AURORA CASTRO;4228;NÓRIA TRANSPORTE LATERAL DE DESCIDA/ENTRADA DIF SULMAQ - SISTEMA PNEUMÁTICO;1392;ABT;SETOR ABATE/RESFRIAMENTO      ;6;0;9999;13013;2488;OUTROS
92;FRIG. AURORA CASTRO;4228;OCLUSÃO DE RETO - PISTOLA RETO BUNG GUN  KENTMASTER 01;99985935;ABT;SETOR ABATE/RESFRIAMENTO      ;8;254220;9999;32030;2488;MÁQUINAS PRINCIPAL
92;FRIG. AURORA CASTRO;4228;OCLUSÃO DE RETO - PISTOLA RETO BUNG GUN  KENTMASTER 02;99985938;ABT;SETOR ABATE/RESFRIAMENTO      ;6;0;9999;32030;2488;OUTROS
92;FRIG. AURORA CASTRO;4228;OCLUSÃO DE RETO - PISTOLA RETO BUNG GUN  KENTMASTER 03;99985942;ABT;SETOR ABATE/RESFRIAMENTO      ;6;0;9999;32030;2488;OUTROS
92;FRIG. AURORA CASTRO;4228;OCLUSÃO DE RETO - SISTEMA ELÉTRICO;1487;ABT;SETOR ABATE/RESFRIAMENTO      ;6;254223;9999;32030;2488;MÁQUINAS SECUNDÁRIAS
92;FRIG. AURORA CASTRO;4228;OCLUSÃO DE RETO - SISTEMA PNEUMÁTICO;1488;ABT;SETOR ABATE/RESFRIAMENTO      ;6;254223;9999;32030;2488;MÁQUINAS SECUNDÁRIAS
92;FRIG. AURORA CASTRO;4228;OCLUSÃO DE RETO - TANQUE VÁCUO;99986013;ABT;SETOR ABATE/RESFRIAMENTO      ;8;254223;9999;32007;2488;MÁQUINAS PRINCIPAL
92;FRIG. AURORA CASTRO;4228;OCLUSÃO DE RETO - TANQUE VÁCUO - BOMBA;99988570;ABT;SETOR ABATE/RESFRIAMENTO      ;8;254223;9999;6000;2488;MÁQUINAS SECUNDÁRIAS
92;FRIG. AURORA CASTRO;4228;OCLUSÃO DE RETO - TANQUE VÁCUO - BOMBA - MOTOR;99988571;ABT;SETOR ABATE/RESFRIAMENTO      ;8;254223;9999;19000;2488;MÁQUINAS SECUNDÁRIAS
92;FRIG. AURORA CASTRO;4228;OXÍMETRO;99995274;CQL;SETOR CONTROLE DE QUALIDADE   ;1;0;1;25;1759;EQUIPAMENTOS
92;FRIG. AURORA CASTRO;4228;OXÍMETRO;99993797;ETA;SETOR DE OPERACAO DE ETA      ;1;55759;1;25;1244;EQUIPAMENTOS
92;FRIG. AURORA CASTRO;4228;OXÍMETRO;99988295;ETA;SETOR DE OPERACAO DE ETA      ;1;0;1;25;1244;EQUIPAMENTOS
92;FRIG. AURORA CASTRO;4228;OXÍMETRO;99988312;ETA;SETOR DE OPERACAO DE ETA      ;1;0;1;25;1244;EQUIPAMENTOS
92;FRIG. AURORA CASTRO;4228;OXÍMETRO;99992290;ETA;SETOR DE OPERACAO DE ETA      ;1;75109;1;25;1244;EQUIPAMENTOS
92;FRIG. AURORA CASTRO;4228;PALETA - ESTEIRA AÉREA TRANSP. SOBREPALETA PARA EMBALAGEM;1431;EPJ;SETOR DE ESPOSTEJAMENTO       ;6;0;9999;29004;2224;OUTROS
92;FRIG. AURORA CASTRO;4228;PALETA - ESTEIRA AÉREA TRANSP. SOBREPALETA PARA EMBALAGEM - REDUTOR;1432;EPJ;SETOR DE ESPOSTEJAMENTO       ;6;0;9999;29004;2224;OUTROS
92;FRIG. AURORA CASTRO;4228;PALETA - ESTEIRA AÉREA TRANSP. SOBREPALETA PARA EMBALAGEM - REDUTOR - MOTOR;1433;EPJ;SETOR DE ESPOSTEJAMENTO       ;6;0;9999;29004;2224;OUTROS
92;FRIG. AURORA CASTRO;4228;PALETA - ESTEIRA AÉREA TRANSP. SOBREPALETA PARA EMBALAGEM - SISTEMA DE SEGURANÇA;1435;EPJ;SETOR DE ESPOSTEJAMENTO       ;6;0;9999;29004;2224;OUTROS
92;FRIG. AURORA CASTRO;4228;PALETA - ESTEIRA AÉREA TRANSP. SOBREPALETA PARA EMBALAGEM - SISTEMA ELÉTRICO;1434;EPJ;SETOR DE ESPOSTEJAMENTO       ;6;0;9999;29004;2224;OUTROS
92;FRIG. AURORA CASTRO;4228;PALETA - ESTEIRA AÉREA TRANSPORTE OSSOS PARA ESTEIRA CMS;99995723;EPJ;SETOR DE ESPOSTEJAMENTO       ;8;0;1;46054;2224;OUTROS
92;FRIG. AURORA CASTRO;4228;PALETA - ESTEIRA AÉREA TRANSPORTE OSSOS PARA ESTEIRA CMS - REDUTOR;99995725;EPJ;SETOR DE ESPOSTEJAMENTO       ;8;0;9999;18000;2224;OUTROS
92;FRIG. AURORA CASTRO;4228;PALETA - ESTEIRA AÉREA TRANSPORTE OSSOS PARA ESTEIRA CMS - REDUTOR - MOTOR;99995726;EPJ;SETOR DE ESPOSTEJAMENTO       ;8;0;9999;19000;2224;OUTROS
92;FRIG. AURORA CASTRO;4228;PALETA - ESTEIRA AÉREA TRANSPORTE OSSOS PARA ESTEIRA CMS - SISTEMA DE SEGURANÇA;1439;EPJ;SETOR DE ESPOSTEJAMENTO       ;6;0;1;46054;2224;OUTROS
92;FRIG. AURORA CASTRO;4228;PALETA - ESTEIRA AÉREA TRANSPORTE OSSOS PARA ESTEIRA CMS - SISTEMA ELÉTRICO;99995728;EPJ;SETOR DE ESPOSTEJAMENTO       ;8;0;1;46054;2224;OUTROS
92;FRIG. AURORA CASTRO;4228;PALETA DIREITA - DEBOFLEX MAREL;99985562;EPJ;SETOR DE ESPOSTEJAMENTO       ;8;254619;9999;32010;2224;MÁQUINAS PRINCIPAL
92;FRIG. AURORA CASTRO;4228;PALETA DIREITA - DEBOFLEX MAREL - CORTADOR DE PÉS;99999883;EPJ;SETOR DE ESPOSTEJAMENTO       ;8;254619;9999;32010;2224;MÁQUINAS SECUNDÁRIAS
92;FRIG. AURORA CASTRO;4228;PALETA DIREITA - DEBOFLEX MAREL - CORTADOR DE PÉS - MOTOR;99998976;EPJ;SETOR DE ESPOSTEJAMENTO       ;6;254619;9999;19000;2224;MÁQUINAS SECUNDÁRIAS
92;FRIG. AURORA CASTRO;4228;PALETA DIREITA - DEBOFLEX MAREL - ESTEIRA DE PENDURA;99999882;EPJ;SETOR DE ESPOSTEJAMENTO       ;8;254619;9999;32010;2224;MÁQUINAS SECUNDÁRIAS
92;FRIG. AURORA CASTRO;4228;PALETA DIREITA - DEBOFLEX MAREL - ESTEIRA DE PENDURA - MOTOREDUTOR;1422;EPJ;SETOR DE ESPOSTEJAMENTO       ;6;254619;9999;18000;2224;MÁQUINAS SECUNDÁRIAS
92;FRIG. AURORA CASTRO;4228;PALETA DIREITA - DEBOFLEX MAREL - ESTEIRA PU REFILE;99985720;EPJ;SETOR DE ESPOSTEJAMENTO       ;6;254619;9999;29004;2224;MÁQUINAS SECUNDÁRIAS
92;FRIG. AURORA CASTRO;4228;PALETA DIREITA - DEBOFLEX MAREL - ESTEIRA PU REFILE - REDUTOR;99985722;EPJ;SETOR DE ESPOSTEJAMENTO       ;6;254619;9999;29004;2224;MÁQUINAS SECUNDÁRIAS
92;FRIG. AURORA CASTRO;4228;PALETA DIREITA - DEBOFLEX MAREL - ESTEIRA PU REFILE - REDUTOR - MOTOR;99999968;EPJ;SETOR DE ESPOSTEJAMENTO       ;6;254619;9999;29004;2224;MÁQUINAS SECUNDÁRIAS
92;FRIG. AURORA CASTRO;4228;PALETA DIREITA - DEBOFLEX MAREL - ESTEIRA PU REFILE - SIST. DE SEGURANÇA;99999970;EPJ;SETOR DE ESPOSTEJAMENTO       ;6;254619;9999;29004;2224;MÁQUINAS SECUNDÁRIAS
92;FRIG. AURORA CASTRO;4228;PALETA DIREITA - DEBOFLEX MAREL - ESTEIRA PU REFILE - SISTEMA ELÉTRICO;99999969;EPJ;SETOR DE ESPOSTEJAMENTO       ;6;254619;9999;29004;2224;MÁQUINAS SECUNDÁRIAS
92;FRIG. AURORA CASTRO;4228;PALETA DIREITA - DEBOFLEX MAREL - ESTEIRA TRANSVERSAL 01;1441;EPJ;SETOR DE ESPOSTEJAMENTO       ;6;254619;1;46054;2224;MÁQUINAS SECUNDÁRIAS
92;FRIG. AURORA CASTRO;4228;PALETA DIREITA - DEBOFLEX MAREL - ESTEIRA TRANSVERSAL 01 - MOTOREDUTOR;1442;EPJ;SETOR DE ESPOSTEJAMENTO       ;6;254619;1;46054;2224;MÁQUINAS SECUNDÁRIAS
92;FRIG. AURORA CASTRO;4228;PALETA DIREITA - DEBOFLEX MAREL - ESTEIRA TRANSVERSAL 02;1450;EPJ;SETOR DE ESPOSTEJAMENTO       ;6;254619;1;46054;2224;MÁQUINAS SECUNDÁRIAS
92;FRIG. AURORA CASTRO;4228;PALETA DIREITA - DEBOFLEX MAREL - ESTEIRA TRANSVERSAL 02 - MOTOREDUTOR;1451;EPJ;SETOR DE ESPOSTEJAMENTO       ;6;254619;9999;18000;2224;MÁQUINAS SECUNDÁRIAS
92;FRIG. AURORA CASTRO;4228;PALETA DIREITA - DEBOFLEX MAREL - EXTRATOR DE ESCÁPULA;99999881;EPJ;SETOR DE ESPOSTEJAMENTO       ;8;254619;9999;32010;2224;MÁQUINAS SECUNDÁRIAS
92;FRIG. AURORA CASTRO;4228;PALETA DIREITA - DEBOFLEX MAREL - GANCHOS;99999880;EPJ;SETOR DE ESPOSTEJAMENTO       ;8;254619;9999;32010;2224;MÁQUINAS SECUNDÁRIAS
92;FRIG. AURORA CASTRO;4228;PALETA DIREITA - DEBOFLEX MAREL - LUBRIFICADOR AUTOMÁTICO;99999884;EPJ;SETOR DE ESPOSTEJAMENTO       ;8;254619;9999;32010;2224;MÁQUINAS SECUNDÁRIAS
92;FRIG. AURORA CASTRO;4228;PALETA DIREITA - DEBOFLEX MAREL - NÓRIA PRINCIPAL;99998170;EPJ;SETOR DE ESPOSTEJAMENTO       ;8;254619;9999;32010;2224;MÁQUINAS SECUNDÁRIAS
92;FRIG. AURORA CASTRO;4228;PALETA DIREITA - DEBOFLEX MAREL - NÓRIA PRINCIPAL - ESTICADOR;1331;EPJ;SETOR DE ESPOSTEJAMENTO       ;6;254619;9999;13013;2224;MÁQUINAS SECUNDÁRIAS
92;FRIG. AURORA CASTRO;4228;PALETA DIREITA - DEBOFLEX MAREL - NÓRIA PRINCIPAL - REDUTOR 01;99988932;EPJ;SETOR DE ESPOSTEJAMENTO       ;6;254619;9999;18000;2224;MÁQUINAS SECUNDÁRIAS
92;FRIG. AURORA CASTRO;4228;PALETA DIREITA - DEBOFLEX MAREL - NÓRIA PRINCIPAL - REDUTOR 01 - MOTOR 01;99988931;EPJ;SETOR DE ESPOSTEJAMENTO       ;6;254619;9999;19000;2224;MÁQUINAS SECUNDÁRIAS
92;FRIG. AURORA CASTRO;4228;PALETA DIREITA - DEBOFLEX MAREL - NÓRIA PRINCIPAL - REDUTOR 02;99988934;EPJ;SETOR DE ESPOSTEJAMENTO       ;6;254619;9999;18000;2224;MÁQUINAS SECUNDÁRIAS
92;FRIG. AURORA CASTRO;4228;PALETA DIREITA - DEBOFLEX MAREL - NÓRIA PRINCIPAL - REDUTOR 02 - MOTOR 02;99988933;EPJ;SETOR DE ESPOSTEJAMENTO       ;6;254619;9999;19000;2224;MÁQUINAS SECUNDÁRIAS
92;FRIG. AURORA CASTRO;4228;PALETA DIREITA - DEBOFLEX MAREL - RISCADOR DE PÉS;99998666;EPJ;SETOR DE ESPOSTEJAMENTO       ;8;254619;9999;32010;2224;MÁQUINAS SECUNDÁRIAS
92;FRIG. AURORA CASTRO;4228;PALETA DIREITA - DEBOFLEX MAREL - SISTEMA DE SEGURANÇA;99999877;EPJ;SETOR DE ESPOSTEJAMENTO       ;8;254619;9999;32010;2224;MÁQUINAS SECUNDÁRIAS
92;FRIG. AURORA CASTRO;4228;PALETA DIREITA - DEBOFLEX MAREL - SISTEMA ELÉTRICO;99998181;EPJ;SETOR DE ESPOSTEJAMENTO       ;8;254619;9999;32010;2224;MÁQUINAS SECUNDÁRIAS
92;FRIG. AURORA CASTRO;4228;PALETA DIREITA - DEBOFLEX MAREL - SISTENA PNEUMÁTICO;99999878;EPJ;SETOR DE ESPOSTEJAMENTO       ;8;254619;9999;32010;2224;MÁQUINAS SECUNDÁRIAS
92;FRIG. AURORA CASTRO;4228;PALETA DIREITA - ESTEIRA AÉREA RECEPÇÃO DE PALETA;1417;EPJ;SETOR DE ESPOSTEJAMENTO       ;6;0;1;46054;2224;OUTROS
92;FRIG. AURORA CASTRO;4228;PALETA DIREITA - ESTEIRA AÉREA RECEPÇÃO DE PALETA - REDUTOR;1418;EPJ;SETOR DE ESPOSTEJAMENTO       ;6;0;9999;18000;2224;OUTROS
92;FRIG. AURORA CASTRO;4228;PALETA DIREITA - ESTEIRA AÉREA RECEPÇÃO DE PALETA - REDUTOR - MOTOR;1419;EPJ;SETOR DE ESPOSTEJAMENTO       ;6;0;9999;19000;2224;OUTROS
92;FRIG. AURORA CASTRO;4228;PALETA DIREITA - ESTEIRA AÉREA RECEPÇÃO DE PALETA - SISTEMA DE SEGURANÇA;1420;EPJ;SETOR DE ESPOSTEJAMENTO       ;6;0;1;46054;2224;OUTROS
92;FRIG. AURORA CASTRO;4228;PALETA DIREITA - ESTEIRA AÉREA RECEPÇÃO DE PALETA - SISTEMA ELÉTRICO;1421;EPJ;SETOR DE ESPOSTEJAMENTO       ;6;0;1;46054;2224;OUTROS
92;FRIG. AURORA CASTRO;4228;PALETA DIREITA - ESTEIRA CONDUÇÃO PRÉ-EMBALADO P/ EMB. SEC.;99995700;EMB;SETOR EMBALAGEM               ;8;0;1;46054;4138;OUTROS
92;FRIG. AURORA CASTRO;4228;PALETA DIREITA - ESTEIRA CONDUÇÃO PRÉ-EMBALADO P/ EMB. SEC. - REDUTOR;99995702;EMB;SETOR EMBALAGEM               ;8;0;9999;18000;4138;OUTROS
92;FRIG. AURORA CASTRO;4228;PALETA DIREITA - ESTEIRA CONDUÇÃO PRÉ-EMBALADO P/ EMB. SEC. - REDUTOR - MOTOR;99995703;EMB;SETOR EMBALAGEM               ;8;0;9999;19000;4138;OUTROS
92;FRIG. AURORA CASTRO;4228;PALETA DIREITA - ESTEIRA CONDUÇÃO PRÉ-EMBALADO P/ EMB. SEC. - SISTEMA ELÉTRICO;99995705;EMB;SETOR EMBALAGEM               ;8;0;1;46054;4138;OUTROS
92;FRIG. AURORA CASTRO;4228;PALETA DIREITA - ESTEIRA CURTA OSSOS PÓS CORTE;1426;EPJ;SETOR DE ESPOSTEJAMENTO       ;6;0;9999;29004;2224;OUTROS
92;FRIG. AURORA CASTRO;4228;PALETA DIREITA - ESTEIRA CURTA OSSOS PÓS CORTE - REDUTOR;1427;EPJ;SETOR DE ESPOSTEJAMENTO       ;6;0;9999;18000;2224;OUTROS
92;FRIG. AURORA CASTRO;4228;PALETA DIREITA - ESTEIRA CURTA OSSOS PÓS CORTE - REDUTOR - MOTOR;1428;EPJ;SETOR DE ESPOSTEJAMENTO       ;6;0;9999;19000;2224;OUTROS
92;FRIG. AURORA CASTRO;4228;PALETA DIREITA - ESTEIRA CURTA OSSOS PÓS CORTE - SISTEMA DE SEGURANÇA;1430;EPJ;SETOR DE ESPOSTEJAMENTO       ;6;0;9999;29004;2224;OUTROS
92;FRIG. AURORA CASTRO;4228;PALETA DIREITA - ESTEIRA CURTA OSSOS PÓS CORTE - SISTEMA ELÉTRICO;1429;EPJ;SETOR DE ESPOSTEJAMENTO       ;6;0;9999;29004;2224;OUTROS
92;FRIG. AURORA CASTRO;4228;PALETA DIREITA - ESTEIRA CURTA PÓS CORTE PÉS;99985732;EPJ;SETOR DE ESPOSTEJAMENTO       ;6;0;9999;29004;2224;OUTROS
92;FRIG. AURORA CASTRO;4228;PALETA DIREITA - ESTEIRA CURTA PÓS CORTE PÉS - REDUTOR;99985765;EPJ;SETOR DE ESPOSTEJAMENTO       ;6;0;9999;29004;2224;OUTROS
92;FRIG. AURORA CASTRO;4228;PALETA DIREITA - ESTEIRA CURTA PÓS CORTE PÉS - REDUTOR - MOTOR;99985769;EPJ;SETOR DE ESPOSTEJAMENTO       ;6;0;9999;29004;2224;OUTROS
92;FRIG. AURORA CASTRO;4228;PALETA DIREITA - ESTEIRA CURTA PÓS CORTE PÉS - SISTEMA DE SEGURANÇA;1687;EPJ;SETOR DE ESPOSTEJAMENTO       ;6;0;9999;29004;2224;OUTROS
92;FRIG. AURORA CASTRO;4228;PALETA DIREITA - ESTEIRA CURTA PÓS CORTE PÉS - SISTEMA ELÉTRICO;99985766;EPJ;SETOR DE ESPOSTEJAMENTO       ;6;0;9999;29004;2224;OUTROS
92;FRIG. AURORA CASTRO;4228;PALETA DIREITA - ESTEIRA DE MATÉRIA PRIMA;99995682;EPJ;SETOR DE ESPOSTEJAMENTO       ;8;0;1;46054;2224;OUTROS
92;FRIG. AURORA CASTRO;4228;PALETA DIREITA - ESTEIRA DE MATÉRIA PRIMA - REDUTOR;99995685;EPJ;SETOR DE ESPOSTEJAMENTO       ;8;0;9999;18000;2224;OUTROS
92;FRIG. AURORA CASTRO;4228;PALETA DIREITA - ESTEIRA DE MATÉRIA PRIMA - REDUTOR - MOTOR;99995686;EPJ;SETOR DE ESPOSTEJAMENTO       ;8;0;9999;19000;2224;OUTROS
92;FRIG. AURORA CASTRO;4228;PALETA DIREITA - ESTEIRA DE MATÉRIA PRIMA - SISTEMA DE SEGURANÇA;99999891;EPJ;SETOR DE ESPOSTEJAMENTO       ;6;0;9999;29004;2224;OUTROS
92;FRIG. AURORA CASTRO;4228;PALETA DIREITA - ESTEIRA DE MATÉRIA PRIMA - SISTEMA ELÉTRICO;99995687;EPJ;SETOR DE ESPOSTEJAMENTO       ;8;0;1;46054;2224;OUTROS
92;FRIG. AURORA CASTRO;4228;PALETA DIREITA - ESTEIRA DE SOBREPALETA ACIMA DO REFILE;99985759;EPJ;SETOR DE ESPOSTEJAMENTO       ;6;0;9999;29004;2224;OUTROS
92;FRIG. AURORA CASTRO;4228;PALETA DIREITA - ESTEIRA DE SOBREPALETA ACIMA DO REFILE - REDUTOR;99999895;EPJ;SETOR DE ESPOSTEJAMENTO       ;6;0;9999;18000;2224;OUTROS
92;FRIG. AURORA CASTRO;4228;PALETA DIREITA - ESTEIRA DE SOBREPALETA ACIMA DO REFILE - REDUTOR - MOTOR;99999896;EPJ;SETOR DE ESPOSTEJAMENTO       ;6;0;9999;19000;2224;OUTROS
92;FRIG. AURORA CASTRO;4228;PALETA DIREITA - ESTEIRA DE SOBREPALETA ACIMA DO REFILE - SISTEMA DE SEGURANÇA;99999898;EPJ;SETOR DE ESPOSTEJAMENTO       ;6;0;9999;29004;2224;OUTROS
92;FRIG. AURORA CASTRO;4228;PALETA DIREITA - ESTEIRA DE SOBREPALETA ACIMA DO REFILE - SISTEMA ELÉTRICO;99999897;EPJ;SETOR DE ESPOSTEJAMENTO       ;6;0;9999;29004;2224;OUTROS
92;FRIG. AURORA CASTRO;4228;PALETA DIREITA - ESTEIRA GIRAFA CONDUÇÃO OSSOS;99995711;EPJ;SETOR DE ESPOSTEJAMENTO       ;8;254641;1;46054;2224;MÁQUINAS PRINCIPAL
92;FRIG. AURORA CASTRO;4228;PALETA DIREITA - ESTEIRA GIRAFA CONDUÇÃO OSSOS - REDUTOR;99995712;EPJ;SETOR DE ESPOSTEJAMENTO       ;8;254641;9999;18000;2224;MÁQUINAS SECUNDÁRIAS
92;FRIG. AURORA CASTRO;4228;PALETA DIREITA - ESTEIRA GIRAFA CONDUÇÃO OSSOS - REDUTOR - MOTOR;99995713;EPJ;SETOR DE ESPOSTEJAMENTO       ;8;254641;9999;19000;2224;MÁQUINAS SECUNDÁRIAS
92;FRIG. AURORA CASTRO;4228;PALETA DIREITA - ESTEIRA GIRAFA CONDUÇÃO OSSOS - SISTEMA DE SEGURANÇA;1665;EPJ;SETOR DE ESPOSTEJAMENTO       ;6;254641;9999;29004;2224;MÁQUINAS SECUNDÁRIAS
92;FRIG. AURORA CASTRO;4228;PALETA DIREITA - ESTEIRA GIRAFA CONDUÇÃO OSSOS - SISTEMA ELÉTRICO;99995715;EPJ;SETOR DE ESPOSTEJAMENTO       ;8;254641;1;46054;2224;MÁQUINAS SECUNDÁRIAS
92;FRIG. AURORA CASTRO;4228;PALETA DIREITA - ESTEIRA GIRAFA CONDUÇÃO PARA REFILE MANUAL;99995730;EPJ;SETOR DE ESPOSTEJAMENTO       ;8;0;1;46054;2224;OUTROS
92;FRIG. AURORA CASTRO;4228;PALETA DIREITA - ESTEIRA GIRAFA CONDUÇÃO PARA REFILE MANUAL - REDUTOR;99995732;EPJ;SETOR DE ESPOSTEJAMENTO       ;8;0;9999;18000;2224;OUTROS
92;FRIG. AURORA CASTRO;4228;PALETA DIREITA - ESTEIRA GIRAFA CONDUÇÃO PARA REFILE MANUAL - REDUTOR - MOTOR;99995736;EPJ;SETOR DE ESPOSTEJAMENTO       ;8;0;9999;19000;2224;OUTROS
92;FRIG. AURORA CASTRO;4228;PALETA DIREITA - ESTEIRA GIRAFA CONDUÇÃO PARA REFILE MANUAL - SIST. DE SEGURANÇA;1440;EPJ;SETOR DE ESPOSTEJAMENTO       ;6;0;1;46054;2224;OUTROS
92;FRIG. AURORA CASTRO;4228;PALETA DIREITA - ESTEIRA GIRAFA CONDUÇÃO PARA REFILE MANUAL - SISTEMA ELÉTRICO;99995737;EPJ;SETOR DE ESPOSTEJAMENTO       ;8;0;1;46054;2224;OUTROS
92;FRIG. AURORA CASTRO;4228;PALETA DIREITA - ESTEIRA INCLINADA OSSOS PARA GALERIA;99985707;EPJ;SETOR DE ESPOSTEJAMENTO       ;6;0;9999;29004;2224;OUTROS
92;FRIG. AURORA CASTRO;4228;PALETA DIREITA - ESTEIRA INCLINADA OSSOS PARA GALERIA - REDUTOR;99985708;EPJ;SETOR DE ESPOSTEJAMENTO       ;6;0;9999;29004;2224;OUTROS
92;FRIG. AURORA CASTRO;4228;PALETA DIREITA - ESTEIRA INCLINADA OSSOS PARA GALERIA - REDUTOR - MOTOR;99985718;EPJ;SETOR DE ESPOSTEJAMENTO       ;6;0;9999;29004;2224;OUTROS
92;FRIG. AURORA CASTRO;4228;PALETA DIREITA - ESTEIRA INCLINADA OSSOS PARA GALERIA - SISTEMA DE SEGURANÇA;99985733;EPJ;SETOR DE ESPOSTEJAMENTO       ;6;0;9999;29004;2224;OUTROS
92;FRIG. AURORA CASTRO;4228;PALETA DIREITA - ESTEIRA INCLINADA OSSOS PARA GALERIA - SISTEMA ELÉTRICO;99985719;EPJ;SETOR DE ESPOSTEJAMENTO       ;6;0;9999;29004;2224;OUTROS
92;FRIG. AURORA CASTRO;4228;PALETA DIREITA - ESTEIRA RECPEÇÃO PALETA 01;1325;EPJ;SETOR DE ESPOSTEJAMENTO       ;6;0;9999;29004;2224;OUTROS
92;FRIG. AURORA CASTRO;4228;PALETA DIREITA - ESTEIRA RECPEÇÃO PALETA 01 - REDUTOR;99999861;EPJ;SETOR DE ESPOSTEJAMENTO       ;4;0;9999;18000;2224;OUTROS
92;FRIG. AURORA CASTRO;4228;PALETA DIREITA - ESTEIRA RECPEÇÃO PALETA 01 - REDUTOR - MOTOR;99999862;EPJ;SETOR DE ESPOSTEJAMENTO       ;4;0;9999;19000;2224;OUTROS
92;FRIG. AURORA CASTRO;4228;PALETA DIREITA - ESTEIRA RECPEÇÃO PALETA 01 - SIST. DE SEGURANAÇA;99999864;EPJ;SETOR DE ESPOSTEJAMENTO       ;4;0;9999;29004;2224;OUTROS
92;FRIG. AURORA CASTRO;4228;PALETA DIREITA - ESTEIRA RECPEÇÃO PALETA 01 - SISTEMA ELÉTRICO;99999863;EPJ;SETOR DE ESPOSTEJAMENTO       ;4;;9999;29004;2224;OUTROS
92;FRIG. AURORA CASTRO;4228;PALETA DIREITA - ESTEIRA RECPEÇÃO PALETA 02;1326;EPJ;SETOR DE ESPOSTEJAMENTO       ;6;0;9999;29004;2224;OUTROS
92;FRIG. AURORA CASTRO;4228;PALETA DIREITA - ESTEIRA RECPEÇÃO PALETA 02 - REDUTOR;99999865;EPJ;SETOR DE ESPOSTEJAMENTO       ;4;0;9999;29004;2224;OUTROS
92;FRIG. AURORA CASTRO;4228;PALETA DIREITA - ESTEIRA RECPEÇÃO PALETA 02 - REDUTOR - MOTOR;99999866;EPJ;SETOR DE ESPOSTEJAMENTO       ;4;0;9999;19000;2224;OUTROS
92;FRIG. AURORA CASTRO;4228;PALETA DIREITA - ESTEIRA RECPEÇÃO PALETA 02 - SIST. DE SEGURANAÇA;99999868;EPJ;SETOR DE ESPOSTEJAMENTO       ;4;0;9999;29004;2224;OUTROS
92;FRIG. AURORA CASTRO;4228;PALETA DIREITA - ESTEIRA RECPEÇÃO PALETA 02 - SISTEMA ELÉTRICO;99999867;EPJ;SETOR DE ESPOSTEJAMENTO       ;4;0;9999;29004;2224;OUTROS
92;FRIG. AURORA CASTRO;4228;PALETA DIREITA - ESTEIRA RECPEÇÃO PALETA 03;99999869;EPJ;SETOR DE ESPOSTEJAMENTO       ;4;0;9999;29004;2224;OUTROS
92;FRIG. AURORA CASTRO;4228;PALETA DIREITA - ESTEIRA RECPEÇÃO PALETA 03 - REDUTOR;1625;EPJ;SETOR DE ESPOSTEJAMENTO       ;6;0;9999;13012;2224;OUTROS
92;FRIG. AURORA CASTRO;4228;PALETA DIREITA - ESTEIRA RECPEÇÃO PALETA 03 - REDUTOR - MOTOR;1626;EPJ;SETOR DE ESPOSTEJAMENTO       ;6;0;9999;13012;2224;OUTROS
92;FRIG. AURORA CASTRO;4228;PALETA DIREITA - ESTEIRA RECPEÇÃO PALETA 03 - SIST. DE SEGURANAÇA;99999871;EPJ;SETOR DE ESPOSTEJAMENTO       ;4;0;9999;29004;2224;OUTROS
92;FRIG. AURORA CASTRO;4228;PALETA DIREITA - ESTEIRA RECPEÇÃO PALETA 03 - SISTEMA ELÉTRICO;99999870;EPJ;SETOR DE ESPOSTEJAMENTO       ;4;0;9999;29004;2224;OUTROS
92;FRIG. AURORA CASTRO;4228;PALETA DIREITA - ESTEIRA RECPEÇÃO PALETA 04;99999872;EPJ;SETOR DE ESPOSTEJAMENTO       ;4;0;9999;29004;2224;OUTROS
92;FRIG. AURORA CASTRO;4228;PALETA DIREITA - ESTEIRA RECPEÇÃO PALETA 04 - REDUTOR;99999873;EPJ;SETOR DE ESPOSTEJAMENTO       ;4;0;9999;18000;2224;OUTROS
92;FRIG. AURORA CASTRO;4228;PALETA DIREITA - ESTEIRA RECPEÇÃO PALETA 04 - REDUTOR - MOTOR;99999874;EPJ;SETOR DE ESPOSTEJAMENTO       ;4;0;9999;19000;2224;OUTROS
92;FRIG. AURORA CASTRO;4228;PALETA DIREITA - ESTEIRA RECPEÇÃO PALETA 04 - SIST. DE SEGURANAÇA;99999876;EPJ;SETOR DE ESPOSTEJAMENTO       ;4;0;9999;29004;2224;OUTROS
92;FRIG. AURORA CASTRO;4228;PALETA DIREITA - ESTEIRA RECPEÇÃO PALETA 04 - SISTEMA ELÉTRICO;99999875;EPJ;SETOR DE ESPOSTEJAMENTO       ;4;0;9999;29004;2224;OUTROS
92;FRIG. AURORA CASTRO;4228;PALETA DIREITA - ESTEIRA REFILE MANUAL;99995695;EPJ;SETOR DE ESPOSTEJAMENTO       ;8;0;1;46054;2224;OUTROS
92;FRIG. AURORA CASTRO;4228;PALETA DIREITA - ESTEIRA REFILE MANUAL - REDUTOR;99995696;EPJ;SETOR DE ESPOSTEJAMENTO       ;8;0;9999;18000;2224;OUTROS
92;FRIG. AURORA CASTRO;4228;PALETA DIREITA - ESTEIRA REFILE MANUAL - REDUTOR - MOTOR;99995697;EPJ;SETOR DE ESPOSTEJAMENTO       ;8;0;9999;19000;2224;OUTROS
92;FRIG. AURORA CASTRO;4228;PALETA DIREITA - ESTEIRA REFILE MANUAL - SISTEMA DE SEGURANÇA;99999885;EPJ;SETOR DE ESPOSTEJAMENTO       ;6;;9999;29004;2224;OUTROS
92;FRIG. AURORA CASTRO;4228;PALETA DIREITA - ESTEIRA REFILE MANUAL - SISTEMA ELÉTRICO;99995699;EPJ;SETOR DE ESPOSTEJAMENTO       ;8;0;1;46054;2224;OUTROS
92;FRIG. AURORA CASTRO;4228;PALETA DIREITA - ESTEIRA SUBIDA DE PÉS;99985638;EPJ;SETOR DE ESPOSTEJAMENTO       ;6;0;9999;29004;2224;OUTROS
92;FRIG. AURORA CASTRO;4228;PALETA DIREITA - ESTEIRA SUBIDA DE PÉS - REDUTOR;99999886;EPJ;SETOR DE ESPOSTEJAMENTO       ;6;0;9999;18000;2224;OUTROS
92;FRIG. AURORA CASTRO;4228;PALETA DIREITA - ESTEIRA SUBIDA DE PÉS - REDUTOR - MOTOR;99999887;EPJ;SETOR DE ESPOSTEJAMENTO       ;6;0;9999;19000;2224;OUTROS
92;FRIG. AURORA CASTRO;4228;PALETA DIREITA - ESTEIRA SUBIDA DE PÉS - SISTEMA DE SEGURANÇA;99999889;EPJ;SETOR DE ESPOSTEJAMENTO       ;6;0;9999;29004;2224;OUTROS
92;FRIG. AURORA CASTRO;4228;PALETA DIREITA - ESTEIRA SUBIDA DE PÉS - SISTEMA ELÉTRICO;99999888;EPJ;SETOR DE ESPOSTEJAMENTO       ;6;0;9999;29004;2224;OUTROS
92;FRIG. AURORA CASTRO;4228;PALETA DIREITA - SELADORA MANUAL DE PACOTES;99999893;EPJ;SETOR DE ESPOSTEJAMENTO       ;6;;9999;29004;2224;OUTROS
92;FRIG. AURORA CASTRO;4228;PALETA DIREITA - SERRA SOFFINOX;99986279;EPJ;SETOR DE ESPOSTEJAMENTO       ;6;254632;9999;15003;2224;MÁQUINAS PRINCIPAL
92;FRIG. AURORA CASTRO;4228;PALETA DIREITA - SERRA SOFFINOX - ESTEIRA PRINCIPAL;99999901;EPJ;SETOR DE ESPOSTEJAMENTO       ;6;254631;9999;15003;2224;MÁQUINAS SECUNDÁRIAS
92;FRIG. AURORA CASTRO;4228;PALETA DIREITA - SERRA SOFFINOX - ESTEIRA PRINCIPAL - REDUTOR;99999902;EPJ;SETOR DE ESPOSTEJAMENTO       ;6;254631;9999;15003;2224;MÁQUINAS SECUNDÁRIAS
92;FRIG. AURORA CASTRO;4228;PALETA DIREITA - SERRA SOFFINOX - ESTEIRA PRINCIPAL - REDUTOR - MOTOR;99999903;EPJ;SETOR DE ESPOSTEJAMENTO       ;6;254631;9999;15003;2224;MÁQUINAS SECUNDÁRIAS
92;FRIG. AURORA CASTRO;4228;PALETA DIREITA - SERRA SOFFINOX - SERRA;99999904;EPJ;SETOR DE ESPOSTEJAMENTO       ;6;254631;9999;15003;2224;MÁQUINAS SECUNDÁRIAS
92;FRIG. AURORA CASTRO;4228;PALETA DIREITA - SERRA SOFFINOX - SERRA - MOTOR;99999905;EPJ;SETOR DE ESPOSTEJAMENTO       ;6;254631;9999;15003;2224;MÁQUINAS SECUNDÁRIAS
92;FRIG. AURORA CASTRO;4228;PALETA DIREITA - SERRA SOFFINOX - SISTEMA DE SEGURANÇA;99999900;EPJ;SETOR DE ESPOSTEJAMENTO       ;6;254631;9999;15003;2224;MÁQUINAS SECUNDÁRIAS
92;FRIG. AURORA CASTRO;4228;PALETA DIREITA - SERRA SOFFINOX - SISTEMA ELÉTRICO;99999899;EPJ;SETOR DE ESPOSTEJAMENTO       ;4;254631;9999;15009;2224;MÁQUINAS SECUNDÁRIAS
92;FRIG. AURORA CASTRO;4228;PALETA ESQUERDA - DEBOFLEX;99985564;EPJ;SETOR DE ESPOSTEJAMENTO       ;8;254618;9999;32010;2224;MÁQUINAS PRINCIPAL
92;FRIG. AURORA CASTRO;4228;PALETA ESQUERDA - DEBOFLEX MAREL - CORTADOR DE PÉS;99999946;EPJ;SETOR DE ESPOSTEJAMENTO       ;8;254618;9999;32010;2224;MÁQUINAS SECUNDÁRIAS
92;FRIG. AURORA CASTRO;4228;PALETA ESQUERDA - DEBOFLEX MAREL - CORTADOR DE PÉS - ESTEIRA OSSOS;2865;EPJ;SETOR DE ESPOSTEJAMENTO       ;6;254618;9999;29008;2224;MÁQUINAS SECUNDÁRIAS
92;FRIG. AURORA CASTRO;4228;PALETA ESQUERDA - DEBOFLEX MAREL - CORTADOR DE PÉS - ESTEIRA OSSOS - MOTOR;2864;EPJ;SETOR DE ESPOSTEJAMENTO       ;6;254618;9999;32013;2224;MÁQUINAS SECUNDÁRIAS
92;FRIG. AURORA CASTRO;4228;PALETA ESQUERDA - DEBOFLEX MAREL - CORTADOR DE PÉS - MOTOR;99999971;EPJ;SETOR DE ESPOSTEJAMENTO       ;6;254618;9999;29004;2224;MÁQUINAS SECUNDÁRIAS
92;FRIG. AURORA CASTRO;4228;PALETA ESQUERDA - DEBOFLEX MAREL - ESTEIRA DE PENDURA;99985725;EPJ;SETOR DE ESPOSTEJAMENTO       ;6;254618;9999;29004;2224;MÁQUINAS SECUNDÁRIAS
92;FRIG. AURORA CASTRO;4228;PALETA ESQUERDA - DEBOFLEX MAREL - ESTEIRA DE PENDURA - MOTOREDUTOR;1666;EPJ;SETOR DE ESPOSTEJAMENTO       ;6;254618;9999;29004;2224;MÁQUINAS SECUNDÁRIAS
92;FRIG. AURORA CASTRO;4228;PALETA ESQUERDA - DEBOFLEX MAREL - ESTEIRA PU REFILE;99985728;EPJ;SETOR DE ESPOSTEJAMENTO       ;6;254618;9999;29004;2224;MÁQUINAS SECUNDÁRIAS
92;FRIG. AURORA CASTRO;4228;PALETA ESQUERDA - DEBOFLEX MAREL - ESTEIRA PU REFILE - REDUTOR;99999964;EPJ;SETOR DE ESPOSTEJAMENTO       ;6;254618;9999;29004;2224;MÁQUINAS SECUNDÁRIAS
92;FRIG. AURORA CASTRO;4228;PALETA ESQUERDA - DEBOFLEX MAREL - ESTEIRA PU REFILE - REDUTOR - MOTOR;99999965;EPJ;SETOR DE ESPOSTEJAMENTO       ;6;254618;9999;29004;2224;MÁQUINAS SECUNDÁRIAS
92;FRIG. AURORA CASTRO;4228;PALETA ESQUERDA - DEBOFLEX MAREL - ESTEIRA PU REFILE - SIST. DE SEGURANÇA;99999967;EPJ;SETOR DE ESPOSTEJAMENTO       ;6;254618;9999;29004;2224;MÁQUINAS SECUNDÁRIAS
92;FRIG. AURORA CASTRO;4228;PALETA ESQUERDA - DEBOFLEX MAREL - ESTEIRA PU REFILE - SISTEMA ELÉTRICO;99999966;EPJ;SETOR DE ESPOSTEJAMENTO       ;6;254618;9999;29004;2224;MÁQUINAS SECUNDÁRIAS
92;FRIG. AURORA CASTRO;4228;PALETA ESQUERDA - DEBOFLEX MAREL - ESTEIRA TRANSVERSAL 01;1669;EPJ;SETOR DE ESPOSTEJAMENTO       ;6;254618;9999;29004;2224;MÁQUINAS SECUNDÁRIAS
92;FRIG. AURORA CASTRO;4228;PALETA ESQUERDA - DEBOFLEX MAREL - ESTEIRA TRANSVERSAL 01 - MOTOREDUTOR;1670;EPJ;SETOR DE ESPOSTEJAMENTO       ;6;254618;9999;29004;2224;MÁQUINAS SECUNDÁRIAS
92;FRIG. AURORA CASTRO;4228;PALETA ESQUERDA - DEBOFLEX MAREL - ESTEIRA TRANSVERSAL 02;1674;EPJ;SETOR DE ESPOSTEJAMENTO       ;6;254618;9999;29004;2224;MÁQUINAS SECUNDÁRIAS
92;FRIG. AURORA CASTRO;4228;PALETA ESQUERDA - DEBOFLEX MAREL - ESTEIRA TRANSVERSAL 02 - MOTOREDUTOR;1681;EPJ;SETOR DE ESPOSTEJAMENTO       ;6;254618;9999;29004;2224;MÁQUINAS SECUNDÁRIAS
92;FRIG. AURORA CASTRO;4228;PALETA ESQUERDA - DEBOFLEX MAREL - EXTRATOR DE ESCÁPULA;99999945;EPJ;SETOR DE ESPOSTEJAMENTO       ;8;254618;9999;32010;2224;MÁQUINAS SECUNDÁRIAS
92;FRIG. AURORA CASTRO;4228;PALETA ESQUERDA - DEBOFLEX MAREL - GANCHOS;99999944;EPJ;SETOR DE ESPOSTEJAMENTO       ;8;254618;9999;32010;2224;MÁQUINAS SECUNDÁRIAS
92;FRIG. AURORA CASTRO;4228;PALETA ESQUERDA - DEBOFLEX MAREL - LUBRIFICADOR AUTOMÁTICO;99999947;EPJ;SETOR DE ESPOSTEJAMENTO       ;8;254618;9999;32010;2224;MÁQUINAS SECUNDÁRIAS
92;FRIG. AURORA CASTRO;4228;PALETA ESQUERDA - DEBOFLEX MAREL - NÓRIA PRINCIPAL;99998171;EPJ;SETOR DE ESPOSTEJAMENTO       ;8;254618;9999;29004;2224;MÁQUINAS SECUNDÁRIAS
92;FRIG. AURORA CASTRO;4228;PALETA ESQUERDA - DEBOFLEX MAREL - NÓRIA PRINCIPAL - ESTICADOR;1330;EPJ;SETOR DE ESPOSTEJAMENTO       ;6;254618;9999;13013;2224;MÁQUINAS SECUNDÁRIAS
92;FRIG. AURORA CASTRO;4228;PALETA ESQUERDA - DEBOFLEX MAREL - NÓRIA PRINCIPAL - REDUTOR 01;99988936;EPJ;SETOR DE ESPOSTEJAMENTO       ;6;254618;9999;19000;2224;MÁQUINAS SECUNDÁRIAS
92;FRIG. AURORA CASTRO;4228;PALETA ESQUERDA - DEBOFLEX MAREL - NÓRIA PRINCIPAL - REDUTOR 01 - MOTOR 01;99988935;EPJ;SETOR DE ESPOSTEJAMENTO       ;6;254618;9999;19000;2224;MÁQUINAS SECUNDÁRIAS
92;FRIG. AURORA CASTRO;4228;PALETA ESQUERDA - DEBOFLEX MAREL - NÓRIA PRINCIPAL - REDUTOR 02;99988938;EPJ;SETOR DE ESPOSTEJAMENTO       ;6;254618;9999;18000;2224;MÁQUINAS SECUNDÁRIAS
92;FRIG. AURORA CASTRO;4228;PALETA ESQUERDA - DEBOFLEX MAREL - NÓRIA PRINCIPAL - REDUTOR 02 - MOTOR 02;99988937;EPJ;SETOR DE ESPOSTEJAMENTO       ;6;254618;9999;19000;2224;MÁQUINAS SECUNDÁRIAS
92;FRIG. AURORA CASTRO;4228;PALETA ESQUERDA - DEBOFLEX MAREL - RISCADOR DE PÉS;99999562;EPJ;SETOR DE ESPOSTEJAMENTO       ;8;254618;9999;32010;2224;MÁQUINAS SECUNDÁRIAS
92;FRIG. AURORA CASTRO;4228;PALETA ESQUERDA - DEBOFLEX MAREL - SISTEMA DE SEGURANÇA;99999941;EPJ;SETOR DE ESPOSTEJAMENTO       ;8;254618;9999;32010;2224;MÁQUINAS SECUNDÁRIAS
92;FRIG. AURORA CASTRO;4228;PALETA ESQUERDA - DEBOFLEX MAREL - SISTEMA ELÉTRICO;99998180;EPJ;SETOR DE ESPOSTEJAMENTO       ;8;254618;9999;32010;2224;MÁQUINAS SECUNDÁRIAS
92;FRIG. AURORA CASTRO;4228;PALETA ESQUERDA - DEBOFLEX MAREL - SISTENA PNEUMÁTICO;99999942;EPJ;SETOR DE ESPOSTEJAMENTO       ;8;254618;9999;32010;2224;MÁQUINAS SECUNDÁRIAS
92;FRIG. AURORA CASTRO;4228;PALETA ESQUERDA - EST. GIRAFA ELEVAÇÃO P/ REFILE MANUAL;99985657;EPJ;SETOR DE ESPOSTEJAMENTO       ;6;0;9999;29004;2224;OUTROS
92;FRIG. AURORA CASTRO;4228;PALETA ESQUERDA - EST. GIRAFA ELEVAÇÃO P/ REFILE MANUAL - REDUTOR;99999953;EPJ;SETOR DE ESPOSTEJAMENTO       ;6;0;9999;19000;2224;OUTROS
92;FRIG. AURORA CASTRO;4228;PALETA ESQUERDA - EST. GIRAFA ELEVAÇÃO P/ REFILE MANUAL - REDUTOR - MOTOR;99999955;EPJ;SETOR DE ESPOSTEJAMENTO       ;6;0;9999;29004;2224;OUTROS
92;FRIG. AURORA CASTRO;4228;PALETA ESQUERDA - EST. GIRAFA ELEVAÇÃO P/ REFILE MANUAL - SISTEMA DE SEGURANÇA;99999954;EPJ;SETOR DE ESPOSTEJAMENTO       ;6;0;9999;29004;2224;OUTROS
92;FRIG. AURORA CASTRO;4228;PALETA ESQUERDA - EST. GIRAFA ELEVAÇÃO P/ REFILE MANUAL - SISTEMA ELÉTRICO;99999952;EPJ;SETOR DE ESPOSTEJAMENTO       ;6;0;9999;18000;2224;OUTROS
92;FRIG. AURORA CASTRO;4228;PALETA ESQUERDA - ESTEIRA AÉREA RECEPÇÃO DE PALETA;1938;EPJ;SETOR DE ESPOSTEJAMENTO       ;6;;9999;29004;2224;OUTROS
92;FRIG. AURORA CASTRO;4228;PALETA ESQUERDA - ESTEIRA AÉREA RECEPÇÃO DE PALETA - REDUTOR - MOTOR;1940;EPJ;SETOR DE ESPOSTEJAMENTO       ;6;0;9999;29004;2224;OUTROS
92;FRIG. AURORA CASTRO;4228;PALETA ESQUERDA - ESTEIRA AÉREA RECEPÇÃO DE PALETA - SISTEMA DE SEGURANÇA;1941;EPJ;SETOR DE ESPOSTEJAMENTO       ;6;0;9999;29004;2224;OUTROS
92;FRIG. AURORA CASTRO;4228;PALETA ESQUERDA - ESTEIRA AÉREA RECEPÇÃO DE PALETA - SISTEMA ELÉTRICO;1942;EPJ;SETOR DE ESPOSTEJAMENTO       ;6;0;9999;29004;2224;OUTROS
92;FRIG. AURORA CASTRO;4228;PALETA ESQUERDA - ESTEIRA CONDUÇÃO PRÉ-EMBALADO P/ EMB. SEC.;99995706;EMB;SETOR EMBALAGEM               ;8;0;1;46054;4138;OUTROS
92;FRIG. AURORA CASTRO;4228;PALETA ESQUERDA - ESTEIRA CONDUÇÃO PRÉ-EMBALADO P/ EMB. SEC. - REDUTOR;99995707;EMB;SETOR EMBALAGEM               ;8;0;9999;18000;4138;OUTROS
92;FRIG. AURORA CASTRO;4228;PALETA ESQUERDA - ESTEIRA CONDUÇÃO PRÉ-EMBALADO P/ EMB. SEC. - REDUTOR - MOTOR;99995708;EMB;SETOR EMBALAGEM               ;8;0;9999;19000;4138;OUTROS
92;FRIG. AURORA CASTRO;4228;PALETA ESQUERDA - ESTEIRA CONDUÇÃO PRÉ-EMBALADO P/ EMB. SEC. - SISTEMA ELÉTRICO;99995709;EMB;SETOR EMBALAGEM               ;8;0;1;46054;4138;OUTROS
92;FRIG. AURORA CASTRO;4228;PALETA ESQUERDA - ESTEIRA CURTA OSSOS PÓS CORTE;1682;EPJ;SETOR DE ESPOSTEJAMENTO       ;6;0;9999;29004;2224;OUTROS
92;FRIG. AURORA CASTRO;4228;PALETA ESQUERDA - ESTEIRA CURTA OSSOS PÓS CORTE - REDUTOR;1683;EPJ;SETOR DE ESPOSTEJAMENTO       ;6;0;9999;29004;2224;OUTROS
92;FRIG. AURORA CASTRO;4228;PALETA ESQUERDA - ESTEIRA CURTA OSSOS PÓS CORTE - REDUTOR - MOTOR;1684;EPJ;SETOR DE ESPOSTEJAMENTO       ;6;0;9999;29004;2224;OUTROS
92;FRIG. AURORA CASTRO;4228;PALETA ESQUERDA - ESTEIRA CURTA OSSOS PÓS CORTE - SISTEMA DE SEGURANÇA;1685;EPJ;SETOR DE ESPOSTEJAMENTO       ;6;0;9999;29004;2224;OUTROS
92;FRIG. AURORA CASTRO;4228;PALETA ESQUERDA - ESTEIRA CURTA OSSOS PÓS CORTE - SISTEMA ELÉTRICO;1686;EPJ;SETOR DE ESPOSTEJAMENTO       ;6;0;9999;29004;2224;OUTROS
92;FRIG. AURORA CASTRO;4228;PALETA ESQUERDA - ESTEIRA CURTA PÓS CORTE PÉS;1688;EPJ;SETOR DE ESPOSTEJAMENTO       ;6;0;9999;29004;2224;OUTROS
92;FRIG. AURORA CASTRO;4228;PALETA ESQUERDA - ESTEIRA CURTA PÓS CORTE PÉS - REDUTOR;1689;EPJ;SETOR DE ESPOSTEJAMENTO       ;6;0;9999;29004;2224;OUTROS
92;FRIG. AURORA CASTRO;4228;PALETA ESQUERDA - ESTEIRA CURTA PÓS CORTE PÉS - REDUTOR - MOTOR;1690;EPJ;SETOR DE ESPOSTEJAMENTO       ;6;0;9999;29004;2224;OUTROS
92;FRIG. AURORA CASTRO;4228;PALETA ESQUERDA - ESTEIRA CURTA PÓS CORTE PÉS - SISTEMA DE SEGURANÇA;1692;EPJ;SETOR DE ESPOSTEJAMENTO       ;6;0;9999;29004;2224;OUTROS
92;FRIG. AURORA CASTRO;4228;PALETA ESQUERDA - ESTEIRA CURTA PÓS CORTE PÉS - SISTEMA ELÉTRICO;1691;EPJ;SETOR DE ESPOSTEJAMENTO       ;6;0;9999;29004;2224;OUTROS
92;FRIG. AURORA CASTRO;4228;PALETA ESQUERDA - ESTEIRA CURVA RECPEÇÃO DE PALETA;99985629;EPJ;SETOR DE ESPOSTEJAMENTO       ;6;0;9999;29004;2224;OUTROS
92;FRIG. AURORA CASTRO;4228;PALETA ESQUERDA - ESTEIRA CURVA RECPEÇÃO DE PALETA - REDUTOR;99999906;EPJ;SETOR DE ESPOSTEJAMENTO       ;6;0;9999;29004;2224;OUTROS
92;FRIG. AURORA CASTRO;4228;PALETA ESQUERDA - ESTEIRA CURVA RECPEÇÃO DE PALETA - REDUTOR - MOTOR;99998458;EPJ;SETOR DE ESPOSTEJAMENTO       ;6;0;9999;29004;2224;OUTROS
92;FRIG. AURORA CASTRO;4228;PALETA ESQUERDA - ESTEIRA CURVA RECPEÇÃO DE PALETA - SIST. DE SEGURANÇA;99999908;EPJ;SETOR DE ESPOSTEJAMENTO       ;6;0;9999;29004;2224;OUTROS
92;FRIG. AURORA CASTRO;4228;PALETA ESQUERDA - ESTEIRA CURVA RECPEÇÃO DE PALETA - SISTEMA ELÉTRICO;99999907;EPJ;SETOR DE ESPOSTEJAMENTO       ;6;0;9999;29004;2224;OUTROS
92;FRIG. AURORA CASTRO;4228;PALETA ESQUERDA - ESTEIRA DE MATÉRIA PRIMA;99995678;EPJ;SETOR DE ESPOSTEJAMENTO       ;8;0;1;46054;2224;OUTROS
92;FRIG. AURORA CASTRO;4228;PALETA ESQUERDA - ESTEIRA DE MATÉRIA PRIMA - REDUTOR;99995679;EPJ;SETOR DE ESPOSTEJAMENTO       ;8;0;9999;18000;2224;OUTROS
92;FRIG. AURORA CASTRO;4228;PALETA ESQUERDA - ESTEIRA DE MATÉRIA PRIMA - REDUTOR - MOTOR;99995680;EPJ;SETOR DE ESPOSTEJAMENTO       ;8;0;9999;19000;2224;OUTROS
92;FRIG. AURORA CASTRO;4228;PALETA ESQUERDA - ESTEIRA DE MATÉRIA PRIMA - SISTEMA DE SEGURANÇA;99986988;EPJ;SETOR DE ESPOSTEJAMENTO       ;6;0;9999;29004;2224;OUTROS
92;FRIG. AURORA CASTRO;4228;PALETA ESQUERDA - ESTEIRA DE MATÉRIA PRIMA - SISTEMA ELÉTRICO;99995681;EPJ;SETOR DE ESPOSTEJAMENTO       ;8;0;1;46054;2224;OUTROS
92;FRIG. AURORA CASTRO;4228;PALETA ESQUERDA - ESTEIRA DE SOBREPALETA ACIMA DO REFILE;99995739;EPJ;SETOR DE ESPOSTEJAMENTO       ;8;0;1;46054;2224;OUTROS
92;FRIG. AURORA CASTRO;4228;PALETA ESQUERDA - ESTEIRA DE SOBREPALETA ACIMA DO REFILE - REDUTOR;99995741;EPJ;SETOR DE ESPOSTEJAMENTO       ;8;0;9999;18000;2224;OUTROS
92;FRIG. AURORA CASTRO;4228;PALETA ESQUERDA - ESTEIRA DE SOBREPALETA ACIMA DO REFILE - REDUTOR - MOTOR;99995743;EPJ;SETOR DE ESPOSTEJAMENTO       ;8;0;9999;19000;2224;OUTROS
92;FRIG. AURORA CASTRO;4228;PALETA ESQUERDA - ESTEIRA DE SOBREPALETA ACIMA DO REFILE - SISTEMA DE SEGURANÇA;1693;EPJ;SETOR DE ESPOSTEJAMENTO       ;6;0;9999;29004;2224;OUTROS
92;FRIG. AURORA CASTRO;4228;PALETA ESQUERDA - ESTEIRA DE SOBREPALETA ACIMA DO REFILE - SISTEMA ELÉTRICO;99995744;EPJ;SETOR DE ESPOSTEJAMENTO       ;8;0;1;46054;2224;OUTROS
92;FRIG. AURORA CASTRO;4228;PALETA ESQUERDA - ESTEIRA GIRAFA ELEVAÇÃO OSSOS PARA CMS;99995716;EPJ;SETOR DE ESPOSTEJAMENTO       ;8;254642;1;46054;2224;MÁQUINAS PRINCIPAL
92;FRIG. AURORA CASTRO;4228;PALETA ESQUERDA - ESTEIRA GIRAFA ELEVAÇÃO OSSOS PARA CMS - REDUTOR;99995718;EPJ;SETOR DE ESPOSTEJAMENTO       ;8;254642;9999;18000;2224;MÁQUINAS SECUNDÁRIAS
92;FRIG. AURORA CASTRO;4228;PALETA ESQUERDA - ESTEIRA GIRAFA ELEVAÇÃO OSSOS PARA CMS - REDUTOR - MOTOR;99995720;EPJ;SETOR DE ESPOSTEJAMENTO       ;8;0;9999;19000;2224;OUTROS
92;FRIG. AURORA CASTRO;4228;PALETA ESQUERDA - ESTEIRA GIRAFA ELEVAÇÃO OSSOS PARA CMS - SIST. DE SEGURANÇA;99999894;EPJ;SETOR DE ESPOSTEJAMENTO       ;6;254642;9999;29004;2224;MÁQUINAS SECUNDÁRIAS
92;FRIG. AURORA CASTRO;4228;PALETA ESQUERDA - ESTEIRA GIRAFA ELEVAÇÃO OSSOS PARA CMS - SISTEMA ELÉTRICO;99995721;EPJ;SETOR DE ESPOSTEJAMENTO       ;8;254642;1;46054;2224;MÁQUINAS SECUNDÁRIAS
92;FRIG. AURORA CASTRO;4228;PALETA ESQUERDA - ESTEIRA INCLINADA OSSOS PARA GALERIA;99999892;EPJ;SETOR DE ESPOSTEJAMENTO       ;6;0;9999;29004;2224;OUTROS
92;FRIG. AURORA CASTRO;4228;PALETA ESQUERDA - ESTEIRA INCLINADA OSSOS PARA GALERIA - REDUTOR;1694;EPJ;SETOR DE ESPOSTEJAMENTO       ;6;0;9999;29004;2224;OUTROS
92;FRIG. AURORA CASTRO;4228;PALETA ESQUERDA - ESTEIRA INCLINADA OSSOS PARA GALERIA - REDUTOR - MOTOR;1695;EPJ;SETOR DE ESPOSTEJAMENTO       ;6;0;9999;29004;2224;OUTROS
92;FRIG. AURORA CASTRO;4228;PALETA ESQUERDA - ESTEIRA INCLINADA OSSOS PARA GALERIA - SISTEMA DE SEGURANÇA;1696;EPJ;SETOR DE ESPOSTEJAMENTO       ;6;0;9999;29004;2224;OUTROS
92;FRIG. AURORA CASTRO;4228;PALETA ESQUERDA - ESTEIRA INCLINADA OSSOS PARA GALERIA - SISTEMA ELÉTRICO;1697;EPJ;SETOR DE ESPOSTEJAMENTO       ;6;0;9999;29004;2224;OUTROS
92;FRIG. AURORA CASTRO;4228;PALETA ESQUERDA - ESTEIRA REFILE MANUAL;99995691;EPJ;SETOR DE ESPOSTEJAMENTO       ;8;0;1;46054;2224;OUTROS
92;FRIG. AURORA CASTRO;4228;PALETA ESQUERDA - ESTEIRA REFILE MANUAL - REDUTOR;99995692;EPJ;SETOR DE ESPOSTEJAMENTO       ;8;0;9999;18000;2224;OUTROS
92;FRIG. AURORA CASTRO;4228;PALETA ESQUERDA - ESTEIRA REFILE MANUAL - REDUTOR - MOTOR;99995693;EPJ;SETOR DE ESPOSTEJAMENTO       ;8;0;9999;19000;2224;OUTROS
92;FRIG. AURORA CASTRO;4228;PALETA ESQUERDA - ESTEIRA REFILE MANUAL - SISTEMA DE SEGURANÇA;99999909;EPJ;SETOR DE ESPOSTEJAMENTO       ;6;0;9999;29004;2224;OUTROS
92;FRIG. AURORA CASTRO;4228;PALETA ESQUERDA - ESTEIRA REFILE MANUAL - SISTEMA ELÉTRICO;99995694;EPJ;SETOR DE ESPOSTEJAMENTO       ;8;0;1;46054;2224;OUTROS
92;FRIG. AURORA CASTRO;4228;PALETA ESQUERDA - ESTEIRA SUBIDA DE PÉS;99985661;EPJ;SETOR DE ESPOSTEJAMENTO       ;6;0;9999;29004;2224;OUTROS
92;FRIG. AURORA CASTRO;4228;PALETA ESQUERDA - ESTEIRA SUBIDA DE PÉS - REDUTOR;99999948;EPJ;SETOR DE ESPOSTEJAMENTO       ;6;0;9999;29004;2224;OUTROS
92;FRIG. AURORA CASTRO;4228;PALETA ESQUERDA - ESTEIRA SUBIDA DE PÉS - REDUTOR - MOTOR;99999949;EPJ;SETOR DE ESPOSTEJAMENTO       ;6;0;9999;29004;2224;OUTROS
92;FRIG. AURORA CASTRO;4228;PALETA ESQUERDA - ESTEIRA SUBIDA DE PÉS - SISTEMA DE SEGURANÇA;99999951;EPJ;SETOR DE ESPOSTEJAMENTO       ;6;0;9999;29004;2224;OUTROS
92;FRIG. AURORA CASTRO;4228;PALETA ESQUERDA - ESTEIRA SUBIDA DE PÉS - SISTEMA ELÉTRICO;99999950;EPJ;SETOR DE ESPOSTEJAMENTO       ;6;0;9999;29004;2224;OUTROS
92;FRIG. AURORA CASTRO;4228;PALETA ESQUERDA - SERRA SOFFINOX;99999956;EPJ;SETOR DE ESPOSTEJAMENTO       ;6;254631;9999;15003;2224;MÁQUINAS PRINCIPAL
92;FRIG. AURORA CASTRO;4228;PALETA ESQUERDA - SERRA SOFFINOX - ESTEIRA PRINCIPAL;99999959;EPJ;SETOR DE ESPOSTEJAMENTO       ;6;254631;9999;15004;2224;MÁQUINAS SECUNDÁRIAS
92;FRIG. AURORA CASTRO;4228;PALETA ESQUERDA - SERRA SOFFINOX - ESTEIRA PRINCIPAL - REDUTOR;99999960;EPJ;SETOR DE ESPOSTEJAMENTO       ;6;254631;9999;15004;2224;MÁQUINAS SECUNDÁRIAS
92;FRIG. AURORA CASTRO;4228;PALETA ESQUERDA - SERRA SOFFINOX - ESTEIRA PRINCIPAL - REDUTOR - MOTOR;99999961;EPJ;SETOR DE ESPOSTEJAMENTO       ;6;254631;9999;15003;2224;MÁQUINAS SECUNDÁRIAS
92;FRIG. AURORA CASTRO;4228;PALETA ESQUERDA - SERRA SOFFINOX - SERRA;99999962;EPJ;SETOR DE ESPOSTEJAMENTO       ;6;254631;9999;15003;2224;MÁQUINAS SECUNDÁRIAS
92;FRIG. AURORA CASTRO;4228;PALETA ESQUERDA - SERRA SOFFINOX - SERRA - MOTOR;99999963;EPJ;SETOR DE ESPOSTEJAMENTO       ;6;254631;9999;15003;2224;MÁQUINAS SECUNDÁRIAS
92;FRIG. AURORA CASTRO;4228;PALETA ESQUERDA - SERRA SOFFINOX - SISTEMA DE SEGURANÇA;99999958;EPJ;SETOR DE ESPOSTEJAMENTO       ;6;254631;9999;15004;2224;MÁQUINAS SECUNDÁRIAS
92;FRIG. AURORA CASTRO;4228;PALETA ESQUERDA - SERRA SOFFINOX - SISTEMA ELÉTRICO;99999957;EPJ;SETOR DE ESPOSTEJAMENTO       ;6;254631;9999;15003;2224;MÁQUINAS SECUNDÁRIAS
92;FRIG. AURORA CASTRO;4228;PALETEIRA MANUAL;99985513;SLG;SETOR DE SALGA                ;4;;9999;35003;2241;MÁQUINAS PRINCIPAL
92;FRIG. AURORA CASTRO;4228;PALETEIRA MANUAL BYG (PAL1701000003);99986048;SFR;SETOR EMBUTIDOS FRESCAIS      ;4;;9999;35003;4057;MÁQUINAS PRINCIPAL
92;FRIG. AURORA CASTRO;4228;PALETEIRA MANUAL EMBALAGEM (PAL1701000002);99985825;SEI;SETOR EMB INDUSTRIALIZADOS    ;4;0;9999;35003;5345;MÁQUINAS PRINCIPAL
92;FRIG. AURORA CASTRO;4228;PAQUÍMETRO;99987868;PRD;DEPTO PRODUCAO                ;1;0;1;31;2208;EQUIPAMENTOS
92;FRIG. AURORA CASTRO;4228;PAQUÍMETRO;99987867;PRD;DEPTO PRODUCAO                ;1;1;1;31;2208;EQUIPAMENTOS
92;FRIG. AURORA CASTRO;4228;PAQUÍMETRO;99991079;CEB;EMBUTIDOS COZIDOS             ;1;0;1;31;2283;EQUIPAMENTOS
92;FRIG. AURORA CASTRO;4228;PAQUÍMETRO;99994362;EMB;SETOR EMBALAGEM               ;1;0;1;31;4138;EQUIPAMENTOS
92;FRIG. AURORA CASTRO;4228;PAQUÍMETRO;99987717;EMB;SETOR EMBALAGEM               ;1;0;1;31;4138;EQUIPAMENTOS
92;FRIG. AURORA CASTRO;4228;PAQUÍMETRO;99997595;CQL;SETOR CONTROLE DE QUALIDADE   ;1;0;1;31;1759;EQUIPAMENTOS
92;FRIG. AURORA CASTRO;4228;PAQUÍMETRO;99997594;CQL;SETOR CONTROLE DE QUALIDADE   ;1;0;1;31;1759;EQUIPAMENTOS
92;FRIG. AURORA CASTRO;4228;PAQUÍMETRO;99997592;CQL;SETOR CONTROLE DE QUALIDADE   ;1;0;1;31;1759;EQUIPAMENTOS
92;FRIG. AURORA CASTRO;4228;PAQUÍMETRO;99997385;SFR;SETOR EMBUTIDOS FRESCAIS      ;1;0;1;31;4057;EQUIPAMENTOS
92;FRIG. AURORA CASTRO;4228;PAQUÍMETRO;99987869;PRD;DEPTO PRODUCAO                ;1;0;1;31;2208;EQUIPAMENTOS
92;FRIG. AURORA CASTRO;4228;PAQUÍMETRO;99987736;CQL;SETOR CONTROLE DE QUALIDADE   ;1;0;1;31;1759;EQUIPAMENTOS
92;FRIG. AURORA CASTRO;4228;PENDURADOR  ALPVLH226 (99985611);99986165;CEB;EMBUTIDOS COZIDOS             ;6;;9999;8000;2283;MÁQUINAS SECUNDÁRIAS
92;FRIG. AURORA CASTRO;4228;PERCOLADOR DE OLEO PO-9 (PER1704000001);99985486;FFG;SETOR DE FABRICA DE FARINHAS E GORDURAS;6;;9999;23002;2330;MÁQUINAS PRINCIPAL
92;FRIG. AURORA CASTRO;4228;PERNIL AÉREO - DESMEMBRADEIRA MAJA EVM 4006 01;99985414;EPJ;SETOR DE ESPOSTEJAMENTO       ;6;254662;9999;15004;2224;MÁQUINAS PRINCIPAL
92;FRIG. AURORA CASTRO;4228;PERNIL AÉREO - DESOSSA PERNIL X-HAM SULMAQ;99987284;EPJ;SETOR DE ESPOSTEJAMENTO       ;6;254630;9999;13013;2224;MÁQUINAS PRINCIPAL
92;FRIG. AURORA CASTRO;4228;PERNIL AÉREO - DESOSSA PERNIL X-HAM SULMAQ - ALGEMA;99999561;EPJ;SETOR DE ESPOSTEJAMENTO       ;6;254630;9999;13013;2224;MÁQUINAS SECUNDÁRIAS
92;FRIG. AURORA CASTRO;4228;PERNIL AÉREO - DESOSSA PERNIL X-HAM SULMAQ - DISPOSITIVO ABERTURA DE ALGEMA;1336;EPJ;SETOR DE ESPOSTEJAMENTO       ;6;254630;9999;13013;2224;MÁQUINAS SECUNDÁRIAS
92;FRIG. AURORA CASTRO;4228;PERNIL AÉREO - DESOSSA PERNIL X-HAM SULMAQ - DISPOSITIVO VIRADOR DE ALGEMA 180°;1338;EPJ;SETOR DE ESPOSTEJAMENTO       ;6;254630;9999;13013;2224;MÁQUINAS SECUNDÁRIAS
92;FRIG. AURORA CASTRO;4228;PERNIL AÉREO - DESOSSA PERNIL X-HAM SULMAQ - DISPOSITIVO VIRADOR DE ALGEMA 90°;1337;EPJ;SETOR DE ESPOSTEJAMENTO       ;6;254630;9999;13013;2224;MÁQUINAS SECUNDÁRIAS
92;FRIG. AURORA CASTRO;4228;PERNIL AÉREO - DESOSSA PERNIL X-HAM SULMAQ - ESTICADOR PNEUMÁTICO;1229;EPJ;SETOR DE ESPOSTEJAMENTO       ;6;254630;9999;13013;2224;MÁQUINAS SECUNDÁRIAS
92;FRIG. AURORA CASTRO;4228;PERNIL AÉREO - DESOSSA PERNIL X-HAM SULMAQ - NÓRIA;99998172;EPJ;SETOR DE ESPOSTEJAMENTO       ;8;254630;9999;29004;2224;MÁQUINAS SECUNDÁRIAS
92;FRIG. AURORA CASTRO;4228;PERNIL AÉREO - DESOSSA PERNIL X-HAM SULMAQ - NÓRIA - REDUTOR 01;99999303;EPJ;SETOR DE ESPOSTEJAMENTO       ;8;254630;9999;29004;2224;MÁQUINAS SECUNDÁRIAS
92;FRIG. AURORA CASTRO;4228;PERNIL AÉREO - DESOSSA PERNIL X-HAM SULMAQ - NÓRIA - REDUTOR 01 - MOTOR 01;99999302;EPJ;SETOR DE ESPOSTEJAMENTO       ;8;254630;9999;29004;2224;MÁQUINAS SECUNDÁRIAS
92;FRIG. AURORA CASTRO;4228;PERNIL AÉREO - DESOSSA PERNIL X-HAM SULMAQ - NÓRIA - REDUTOR 02;1230;EPJ;SETOR DE ESPOSTEJAMENTO       ;6;254630;9999;13013;2224;MÁQUINAS SECUNDÁRIAS
92;FRIG. AURORA CASTRO;4228;PERNIL AÉREO - DESOSSA PERNIL X-HAM SULMAQ - NÓRIA - REDUTOR 02 - MOTOR 02;1231;EPJ;SETOR DE ESPOSTEJAMENTO       ;6;254630;9999;13013;2224;MÁQUINAS SECUNDÁRIAS
92;FRIG. AURORA CASTRO;4228;PERNIL AÉREO - DESOSSA PERNIL X-HAM SULMAQ - SERRA DE PATAS;99997013;EPJ;SETOR DE ESPOSTEJAMENTO       ;6;254630;9999;13013;2224;MÁQUINAS SECUNDÁRIAS
92;FRIG. AURORA CASTRO;4228;PERNIL AÉREO - DESOSSA PERNIL X-HAM SULMAQ - SERRA DE PATAS - REDUTOR;99997014;EPJ;SETOR DE ESPOSTEJAMENTO       ;6;254630;9999;18000;2224;MÁQUINAS SECUNDÁRIAS
92;FRIG. AURORA CASTRO;4228;PERNIL AÉREO - DESOSSA PERNIL X-HAM SULMAQ - SERRA DE PATAS - REDUTOR - MOTOR;99997015;EPJ;SETOR DE ESPOSTEJAMENTO       ;6;254630;9999;19000;2224;MÁQUINAS SECUNDÁRIAS
92;FRIG. AURORA CASTRO;4228;PERNIL AÉREO - DESOSSA PERNIL X-HAM SULMAQ - SISTEMA DE SEGURANÇA;1887;EPJ;SETOR DE ESPOSTEJAMENTO       ;6;254630;9999;13013;2224;MÁQUINAS SECUNDÁRIAS
92;FRIG. AURORA CASTRO;4228;PERNIL AÉREO - DESOSSA PERNIL X-HAM SULMAQ - SISTEMA ELÉTRICO;1228;EPJ;SETOR DE ESPOSTEJAMENTO       ;6;254630;9999;13013;2224;MÁQUINAS SECUNDÁRIAS
92;FRIG. AURORA CASTRO;4228;PERNIL AÉREO - DESOSSA PERNIL X-HAM SULMAQ - SISTEMA PNEUMÁTICO;99998665;EPJ;SETOR DE ESPOSTEJAMENTO       ;6;254630;9999;13013;2224;MÁQUINAS SECUNDÁRIAS
92;FRIG. AURORA CASTRO;4228;PERNIL AÉREO - ESTEIRA CAIXAS DE MATÉRIA PRIMA;99985683;EPJ;SETOR DE ESPOSTEJAMENTO       ;6;0;9999;29004;2224;OUTROS
92;FRIG. AURORA CASTRO;4228;PERNIL AÉREO - ESTEIRA CAIXAS DE MATÉRIA PRIMA - REDUTOR;1046;EPJ;SETOR DE ESPOSTEJAMENTO       ;6;0;9999;18000;2224;OUTROS
92;FRIG. AURORA CASTRO;4228;PERNIL AÉREO - ESTEIRA CAIXAS DE MATÉRIA PRIMA - REDUTOR - MOTOR;1047;EPJ;SETOR DE ESPOSTEJAMENTO       ;6;0;9999;19000;2224;OUTROS
92;FRIG. AURORA CASTRO;4228;PERNIL AÉREO - ESTEIRA CAIXAS DE MATÉRIA PRIMA - SISTEMA DE SEGURANÇA;1049;EPJ;SETOR DE ESPOSTEJAMENTO       ;6;0;9999;29004;2224;OUTROS
92;FRIG. AURORA CASTRO;4228;PERNIL AÉREO - ESTEIRA CAIXAS DE MATÉRIA PRIMA - SISTEMA ELÉTRICO;1048;EPJ;SETOR DE ESPOSTEJAMENTO       ;6;0;9999;29004;2224;OUTROS
92;FRIG. AURORA CASTRO;4228;PERNIL AÉREO - ESTEIRA DE RECEPÇÃO DE PERNIL;99985672;EPJ;SETOR DE ESPOSTEJAMENTO       ;6;0;9999;29004;2224;OUTROS
92;FRIG. AURORA CASTRO;4228;PERNIL AÉREO - ESTEIRA DE RECEPÇÃO DE PERNIL - REDUTOR;1036;EPJ;SETOR DE ESPOSTEJAMENTO       ;6;0;9999;18000;2224;OUTROS
92;FRIG. AURORA CASTRO;4228;PERNIL AÉREO - ESTEIRA DE RECEPÇÃO DE PERNIL - REDUTOR - MOTOR;1037;EPJ;SETOR DE ESPOSTEJAMENTO       ;6;0;9999;19000;2224;OUTROS
92;FRIG. AURORA CASTRO;4228;PERNIL AÉREO - ESTEIRA DE RECEPÇÃO DE PERNIL - SISTEMA DE SEGURANÇA;1039;EPJ;SETOR DE ESPOSTEJAMENTO       ;6;0;9999;29004;2224;OUTROS
92;FRIG. AURORA CASTRO;4228;PERNIL AÉREO - ESTEIRA DE RECEPÇÃO DE PERNIL - SISTEMA ELÉTRICO;1038;EPJ;SETOR DE ESPOSTEJAMENTO       ;6;0;9999;29004;2224;OUTROS
92;FRIG. AURORA CASTRO;4228;PERNIL AÉREO - ESTEIRA INCLINADA SAÍDA DE OSSOS;1944;EPJ;SETOR DE ESPOSTEJAMENTO       ;6;0;9999;29004;2224;OUTROS
92;FRIG. AURORA CASTRO;4228;PERNIL AÉREO - ESTEIRA INCLINADA SAÍDA DE OSSOS - ESTEIRA DIREITA;99985616;EPJ;SETOR DE ESPOSTEJAMENTO       ;6;0;9999;29004;2224;OUTROS
92;FRIG. AURORA CASTRO;4228;PERNIL AÉREO - ESTEIRA INCLINADA SAÍDA DE OSSOS - ESTEIRA ESQUERDA;99985676;EPJ;SETOR DE ESPOSTEJAMENTO       ;6;0;9999;29004;2224;OUTROS
92;FRIG. AURORA CASTRO;4228;PERNIL AÉREO - ESTEIRA INCLINADA SAÍDA DE OSSOS - REDUTOR;99985763;EPJ;SETOR DE ESPOSTEJAMENTO       ;6;;9999;29004;2224;OUTROS
92;FRIG. AURORA CASTRO;4228;PERNIL AÉREO - ESTEIRA INCLINADA SAÍDA DE OSSOS - REDUTOR - MOTOR;99985774;EPJ;SETOR DE ESPOSTEJAMENTO       ;6;0;9999;29004;2224;OUTROS
92;FRIG. AURORA CASTRO;4228;PERNIL AÉREO - ESTEIRA INCLINADA SAÍDA DE OSSOS - SISTEMA DE SEGURANÇA;1700;EPJ;SETOR DE ESPOSTEJAMENTO       ;6;0;9999;29004;2224;OUTROS
92;FRIG. AURORA CASTRO;4228;PERNIL AÉREO - ESTEIRA INCLINADA SAÍDA DE OSSOS - SISTEMA ELÉTRICO;99985589;EPJ;SETOR DE ESPOSTEJAMENTO       ;6;0;9999;29004;2224;OUTROS
92;FRIG. AURORA CASTRO;4228;PERNIL AÉREO - ESTEIRA MODULAR DE REFILE MANUAL;99985738;EPJ;SETOR DE ESPOSTEJAMENTO       ;6;0;9999;29004;2224;OUTROS
92;FRIG. AURORA CASTRO;4228;PERNIL AÉREO - ESTEIRA MODULAR DE REFILE MANUAL - REDUTOR;1050;EPJ;SETOR DE ESPOSTEJAMENTO       ;6;0;9999;18000;2224;OUTROS
92;FRIG. AURORA CASTRO;4228;PERNIL AÉREO - ESTEIRA MODULAR DE REFILE MANUAL - REDUTOR - MOTOR;1051;EPJ;SETOR DE ESPOSTEJAMENTO       ;6;0;9999;19000;2224;OUTROS
92;FRIG. AURORA CASTRO;4228;PERNIL AÉREO - ESTEIRA MODULAR DE REFILE MANUAL - SISTEMA DE SEGURANÇA;1053;EPJ;SETOR DE ESPOSTEJAMENTO       ;6;0;9999;29004;2224;OUTROS
92;FRIG. AURORA CASTRO;4228;PERNIL AÉREO - ESTEIRA MODULAR DE REFILE MANUAL - SISTEMA ELÉTRICO;1052;EPJ;SETOR DE ESPOSTEJAMENTO       ;6;0;9999;29004;2224;OUTROS
92;FRIG. AURORA CASTRO;4228;PERNIL AÉREO - ESTEIRA PU OSSOS;1701;EPJ;SETOR DE ESPOSTEJAMENTO       ;6;0;9999;29004;2224;OUTROS
92;FRIG. AURORA CASTRO;4228;PERNIL AÉREO - ESTEIRA PU OSSOS - REDUTOR;1042;EPJ;SETOR DE ESPOSTEJAMENTO       ;6;0;9999;29004;2224;OUTROS
92;FRIG. AURORA CASTRO;4228;PERNIL AÉREO - ESTEIRA PU OSSOS - REDUTOR - MOTOR;1043;EPJ;SETOR DE ESPOSTEJAMENTO       ;6;0;9999;29004;2224;OUTROS
92;FRIG. AURORA CASTRO;4228;PERNIL AÉREO - ESTEIRA PU OSSOS - SISTEMA DE SEGURANÇA;1045;EPJ;SETOR DE ESPOSTEJAMENTO       ;6;0;9999;29004;2224;OUTROS
92;FRIG. AURORA CASTRO;4228;PERNIL AÉREO - ESTEIRA PU OSSOS - SISTEMA ELÉTRICO;1044;EPJ;SETOR DE ESPOSTEJAMENTO       ;6;0;9999;29004;2224;OUTROS
92;FRIG. AURORA CASTRO;4228;PERNIL AÉREO - ESTEIRA PU REFILE DE PERNIL;99985726;EPJ;SETOR DE ESPOSTEJAMENTO       ;6;254630;9999;29004;2224;MÁQUINAS SECUNDÁRIAS
92;FRIG. AURORA CASTRO;4228;PERNIL AÉREO - ESTEIRA PU REFILE DE PERNIL - REDUTOR;99985761;EPJ;SETOR DE ESPOSTEJAMENTO       ;6;0;9999;29004;2224;OUTROS
92;FRIG. AURORA CASTRO;4228;PERNIL AÉREO - ESTEIRA PU REFILE DE PERNIL - REDUTOR - MOTOR;99985716;EPJ;SETOR DE ESPOSTEJAMENTO       ;6;0;9999;29004;2224;OUTROS
92;FRIG. AURORA CASTRO;4228;PERNIL AÉREO - ESTEIRA PU REFILE DE PERNIL - SISTEMA DE SEGURANÇA;1041;EPJ;SETOR DE ESPOSTEJAMENTO       ;6;0;9999;29004;2224;OUTROS
92;FRIG. AURORA CASTRO;4228;PERNIL AÉREO - ESTEIRA PU REFILE DE PERNIL - SISTEMA ELÉTRICO;1040;EPJ;SETOR DE ESPOSTEJAMENTO       ;6;;9999;29004;2224;OUTROS
92;FRIG. AURORA CASTRO;4228;PERNIL AÉREO - TRIMMER WHIZARD QUANTUM DRIVE 01;1793;EPJ;SETOR DE ESPOSTEJAMENTO       ;6;0;9999;32021;2224;OUTROS
92;FRIG. AURORA CASTRO;4228;PERNIL AÉREO - TRIMMER WHIZARD QUANTUM DRIVE 01 - MOTOR;1794;EPJ;SETOR DE ESPOSTEJAMENTO       ;6;0;9999;32021;2224;OUTROS
92;FRIG. AURORA CASTRO;4228;PERNIL TRAD. - ESTEIRA DE CONDUÇÃO DE MATÉRIA PRIMA 01;99985701;EPJ;SETOR DE ESPOSTEJAMENTO       ;6;0;9999;29004;2224;OUTROS
92;FRIG. AURORA CASTRO;4228;PERNIL TRAD. - ESTEIRA DE CONDUÇÃO DE MATÉRIA PRIMA 01 - REDUTOR;1024;EPJ;SETOR DE ESPOSTEJAMENTO       ;6;0;9999;18000;2224;OUTROS
92;FRIG. AURORA CASTRO;4228;PERNIL TRAD. - ESTEIRA DE CONDUÇÃO DE MATÉRIA PRIMA 01 - REDUTOR - MOTOR;1025;EPJ;SETOR DE ESPOSTEJAMENTO       ;6;0;9999;19000;2224;OUTROS
92;FRIG. AURORA CASTRO;4228;PERNIL TRAD. - ESTEIRA DE CONDUÇÃO DE MATÉRIA PRIMA 01 - SISTEMA DE SEGURANÇA;1030;EPJ;SETOR DE ESPOSTEJAMENTO       ;6;0;9999;29004;2224;OUTROS
92;FRIG. AURORA CASTRO;4228;PERNIL TRAD. - ESTEIRA DE CONDUÇÃO DE MATÉRIA PRIMA 01 - SISTEMA ELÉTRICO;1026;EPJ;SETOR DE ESPOSTEJAMENTO       ;6;0;9999;29004;2224;OUTROS
92;FRIG. AURORA CASTRO;4228;PERNIL TRAD. - ESTEIRA DE CONDUÇÃO DE MATÉRIA PRIMA 02;99985702;EPJ;SETOR DE ESPOSTEJAMENTO       ;6;0;9999;29004;2224;OUTROS
92;FRIG. AURORA CASTRO;4228;PERNIL TRAD. - ESTEIRA DE CONDUÇÃO DE MATÉRIA PRIMA 02 - REDUTOR;1027;EPJ;SETOR DE ESPOSTEJAMENTO       ;6;0;9999;19000;2224;OUTROS
92;FRIG. AURORA CASTRO;4228;PERNIL TRAD. - ESTEIRA DE CONDUÇÃO DE MATÉRIA PRIMA 02 - REDUTOR - MOTOR;1028;EPJ;SETOR DE ESPOSTEJAMENTO       ;6;0;9999;19000;2224;OUTROS
92;FRIG. AURORA CASTRO;4228;PERNIL TRAD. - ESTEIRA DE CONDUÇÃO DE MATÉRIA PRIMA 02 - SISTEMA DE SEGURANÇA;1031;EPJ;SETOR DE ESPOSTEJAMENTO       ;6;0;9999;29004;2224;OUTROS
92;FRIG. AURORA CASTRO;4228;PERNIL TRAD. - ESTEIRA DE CONDUÇÃO DE MATÉRIA PRIMA 02 - SISTEMA ELÉTRICO;1029;EPJ;SETOR DE ESPOSTEJAMENTO       ;6;0;9999;29004;2224;OUTROS
92;FRIG. AURORA CASTRO;4228;PERNIL TRAD. - ESTEIRA DE CORTES DE PERNIL;99985637;EPJ;SETOR DE ESPOSTEJAMENTO       ;6;0;9999;29004;2224;OUTROS
92;FRIG. AURORA CASTRO;4228;PERNIL TRAD. - ESTEIRA DE CORTES DE PERNIL - REDUTOR;99985655;EPJ;SETOR DE ESPOSTEJAMENTO       ;6;0;9999;29004;2224;OUTROS
92;FRIG. AURORA CASTRO;4228;PERNIL TRAD. - ESTEIRA DE CORTES DE PERNIL - REDUTOR - MOTOR;1021;EPJ;SETOR DE ESPOSTEJAMENTO       ;6;0;9999;19000;2224;OUTROS
92;FRIG. AURORA CASTRO;4228;PERNIL TRAD. - ESTEIRA DE CORTES DE PERNIL - SISTEMA DE SEGURANÇA;1023;EPJ;SETOR DE ESPOSTEJAMENTO       ;6;0;9999;29004;2224;OUTROS
92;FRIG. AURORA CASTRO;4228;PERNIL TRAD. - ESTEIRA DE CORTES DE PERNIL - SISTEMA ELÉTRICO;1022;EPJ;SETOR DE ESPOSTEJAMENTO       ;6;0;9999;29004;2224;OUTROS
92;FRIG. AURORA CASTRO;4228;PERNIL TRAD. - ESTEIRA DE RETORNO DE OSSOS;1943;EPJ;SETOR DE ESPOSTEJAMENTO       ;6;0;9999;29004;2224;OUTROS
92;FRIG. AURORA CASTRO;4228;PERNIL TRAD. - ESTEIRA DE RETORNO DE OSSOS - ESTEIRA DIREITA;99985705;EPJ;SETOR DE ESPOSTEJAMENTO       ;6;0;9999;29004;2224;OUTROS
92;FRIG. AURORA CASTRO;4228;PERNIL TRAD. - ESTEIRA DE RETORNO DE OSSOS - ESTEIRA ESQUERDA;99985715;EPJ;SETOR DE ESPOSTEJAMENTO       ;6;0;9999;29004;2224;OUTROS
92;FRIG. AURORA CASTRO;4228;PERNIL TRAD. - ESTEIRA DE RETORNO DE OSSOS - REDUTOR;99985713;EPJ;SETOR DE ESPOSTEJAMENTO       ;6;0;9999;29004;2224;OUTROS
92;FRIG. AURORA CASTRO;4228;PERNIL TRAD. - ESTEIRA DE RETORNO DE OSSOS - REDUTOR - MOTOR;99985729;EPJ;SETOR DE ESPOSTEJAMENTO       ;6;0;9999;29004;2224;OUTROS
92;FRIG. AURORA CASTRO;4228;PERNIL TRAD. - ESTEIRA DE RETORNO DE OSSOS - SISTEMA ELÉTRICO;99985730;EPJ;SETOR DE ESPOSTEJAMENTO       ;6;0;9999;29004;2224;OUTROS
92;FRIG. AURORA CASTRO;4228;PERNIL TRAD. - ESTEIRA SUPERIOR RECEPÇÃO DE PERNIL;99985635;EPJ;SETOR DE ESPOSTEJAMENTO       ;6;0;9999;29004;2224;OUTROS
92;FRIG. AURORA CASTRO;4228;PERNIL TRAD. - ESTEIRA SUPERIOR RECEPÇÃO DE PERNIL - REDUTOR;99985644;EPJ;SETOR DE ESPOSTEJAMENTO       ;6;0;9999;29004;2224;OUTROS
92;FRIG. AURORA CASTRO;4228;PERNIL TRAD. - ESTEIRA SUPERIOR RECEPÇÃO DE PERNIL - REDUTOR - MOTOR;99998667;EPJ;SETOR DE ESPOSTEJAMENTO       ;6;0;9999;29004;2224;OUTROS
92;FRIG. AURORA CASTRO;4228;PERNIL TRAD. - ESTEIRA SUPERIOR RECEPÇÃO DE PERNIL - SISTEMA DE SEGURANÇA;99998669;EPJ;SETOR DE ESPOSTEJAMENTO       ;6;0;9999;29004;2224;OUTROS
92;FRIG. AURORA CASTRO;4228;PERNIL TRAD. - ESTEIRA SUPERIOR RECEPÇÃO DE PERNIL - SISTEMA ELÉTRICO;99998668;EPJ;SETOR DE ESPOSTEJAMENTO       ;6;0;9999;29004;2224;OUTROS
92;FRIG. AURORA CASTRO;4228;PESO PADRÃO;4821;MEL;SETOR ENG E MANUT. ELETRICA   ;1;0;1;23;1163;EQUIPAMENTOS
92;FRIG. AURORA CASTRO;4228;PESO PADRÃO;4822;MEL;SETOR ENG E MANUT. ELETRICA   ;1;0;1;23;1163;EQUIPAMENTOS
92;FRIG. AURORA CASTRO;4228;PESO PADRÃO;4823;MEL;SETOR ENG E MANUT. ELETRICA   ;1;0;1;23;1163;EQUIPAMENTOS
92;FRIG. AURORA CASTRO;4228;PESO PADRÃO;4824;MEL;SETOR ENG E MANUT. ELETRICA   ;1;0;1;23;1163;EQUIPAMENTOS
92;FRIG. AURORA CASTRO;4228;PESO PADRÃO;4825;MEL;SETOR ENG E MANUT. ELETRICA   ;1;0;1;23;1163;EQUIPAMENTOS
92;FRIG. AURORA CASTRO;4228;PESO PADRÃO;4485;MEL;SETOR ENG E MANUT. ELETRICA   ;1;0;1;23;1163;EQUIPAMENTOS
92;FRIG. AURORA CASTRO;4228;PESO PADRÃO;4484;MEL;SETOR ENG E MANUT. ELETRICA   ;1;0;1;23;1163;EQUIPAMENTOS
92;FRIG. AURORA CASTRO;4228;PESO PADRÃO;4483;MEL;SETOR ENG E MANUT. ELETRICA   ;1;0;1;23;1163;EQUIPAMENTOS
92;FRIG. AURORA CASTRO;4228;PESO PADRÃO;4477;MEL;SETOR ENG E MANUT. ELETRICA   ;1;0;1;23;1163;EQUIPAMENTOS
92;FRIG. AURORA CASTRO;4228;PESO PADRÃO;4472;MEL;SETOR ENG E MANUT. ELETRICA   ;1;0;1;23;1163;EQUIPAMENTOS
92;FRIG. AURORA CASTRO;4228;PESO PADRÃO;4486;MEL;SETOR ENG E MANUT. ELETRICA   ;1;0;1;23;1163;EQUIPAMENTOS
92;FRIG. AURORA CASTRO;4228;PESO PADRÃO;4487;MEL;SETOR ENG E MANUT. ELETRICA   ;1;0;1;23;1163;EQUIPAMENTOS
92;FRIG. AURORA CASTRO;4228;PESO PADRÃO;4488;MEL;SETOR ENG E MANUT. ELETRICA   ;1;0;1;23;1163;EQUIPAMENTOS
92;FRIG. AURORA CASTRO;4228;PHMETRO;99998974;CQL;SETOR CONTROLE DE QUALIDADE   ;1;0;4;6;1759;EQUIPAMENTOS
92;FRIG. AURORA CASTRO;4228;PHMETRO;99996834;SIF;SETOR INSP. FEDERAL DIPOA     ;1;0;7;6;1767;EQUIPAMENTOS
92;FRIG. AURORA CASTRO;4228;PHMETRO;99990406;CQL;SETOR CONTROLE DE QUALIDADE   ;1;253716;1;6;1759;EQUIPAMENTOS
92;FRIG. AURORA CASTRO;4228;PHMETRO;99987682;ETA;SETOR DE OPERACAO DE ETA      ;1;0;7;6;1244;EQUIPAMENTOS
92;FRIG. AURORA CASTRO;4228;PHMETRO;99987679;CUR;SETOR EMB CURADOS             ;1;0;1;6;5525;EQUIPAMENTOS
92;FRIG. AURORA CASTRO;4228;PHMETRO;99990407;CQL;SETOR CONTROLE DE QUALIDADE   ;1;0;1;6;1759;EQUIPAMENTOS
92;FRIG. AURORA CASTRO;4228;PHMETRO DE BANCADA;6257;ETA;SETOR DE OPERACAO DE ETA      ;1;253023;1;6;1244;EQUIPAMENTOS
92;FRIG. AURORA CASTRO;4228;PHMETRO DE BANCADA;99988231;ETA;SETOR DE OPERACAO DE ETA      ;1;0;4;6;1244;EQUIPAMENTOS
92;FRIG. AURORA CASTRO;4228;PHMETRO DE BANCADA;99988050;ETA;SETOR DE OPERACAO DE ETA      ;1;0;1;6;1244;EQUIPAMENTOS
92;FRIG. AURORA CASTRO;4228;PHMETRO DE BANCADA;99988045;ETA;SETOR DE OPERACAO DE ETA      ;1;0;4;6;1244;EQUIPAMENTOS
92;FRIG. AURORA CASTRO;4228;PHMETRO DE BOLSO;99988637;ETA;SETOR DE OPERACAO DE ETA      ;1;0;7;6;1244;EQUIPAMENTOS
92;FRIG. AURORA CASTRO;4228;PLATAFORMA DESCARREG. 01  RECEP. SUINO (PLA1701000001);99986368;REC;SETOR DE RECEPCAO             ;6;;9999;12001;2216;MÁQUINAS PRINCIPAL
92;FRIG. AURORA CASTRO;4228;PLATAFORMA DESCARREG. 02  RECEP. SUINO (PLA1701000003);99986367;REC;SETOR DE RECEPCAO             ;6;;9999;12001;2216;MÁQUINAS PRINCIPAL
92;FRIG. AURORA CASTRO;4228;PLATAFORMA ELEV. MOVEL 01  HANLOTTE (PLA1701000002);99986395;CUR;SETOR EMB CURADOS             ;6;1;9999;34012;5525;MÁQUINAS PRINCIPAL
92;FRIG. AURORA CASTRO;4228;POLIDORA LAVADORA 3 ROLOS PRÉ ESCALDAGEM SULMAQ;99985363;ABT;SETOR ABATE/RESFRIAMENTO      ;8;253972;9999;13010;2488;MÁQUINAS PRINCIPAL
92;FRIG. AURORA CASTRO;4228;POLIDORA LAVADORA 3 ROLOS PRÉ ESCALDAGEM SULMAQ - LEVADOR CARCAÇAS;3570;ABT;SETOR ABATE/RESFRIAMENTO      ;6;253972;9999;13010;2488;MÁQUINAS SECUNDÁRIAS
92;FRIG. AURORA CASTRO;4228;POLIDORA LAVADORA 3 ROLOS PRÉ ESCALDAGEM SULMAQ - LEVADOR CARCAÇAS - MOTOBOMBA;1376;ABT;SETOR ABATE/RESFRIAMENTO      ;6;253972;9999;13010;2488;MÁQUINAS SECUNDÁRIAS
92;FRIG. AURORA CASTRO;4228;POLIDORA LAVADORA 3 ROLOS PRÉ ESCALDAGEM SULMAQ - ROLO 01;1377;ABT;SETOR ABATE/RESFRIAMENTO      ;6;253972;9999;13010;2488;MÁQUINAS SECUNDÁRIAS
92;FRIG. AURORA CASTRO;4228;POLIDORA LAVADORA 3 ROLOS PRÉ ESCALDAGEM SULMAQ - ROLO 01 - MOTOREDUTOR;99988916;ABT;SETOR ABATE/RESFRIAMENTO      ;6;253972;9999;18000;2488;MÁQUINAS SECUNDÁRIAS
92;FRIG. AURORA CASTRO;4228;POLIDORA LAVADORA 3 ROLOS PRÉ ESCALDAGEM SULMAQ - ROLO 02;1378;ABT;SETOR ABATE/RESFRIAMENTO      ;6;253972;9999;13010;2488;MÁQUINAS SECUNDÁRIAS
92;FRIG. AURORA CASTRO;4228;POLIDORA LAVADORA 3 ROLOS PRÉ ESCALDAGEM SULMAQ - ROLO 02 - MOTOREDUTOR;1370;ABT;SETOR ABATE/RESFRIAMENTO      ;6;253972;9999;13010;2488;MÁQUINAS SECUNDÁRIAS
92;FRIG. AURORA CASTRO;4228;POLIDORA LAVADORA 3 ROLOS PRÉ ESCALDAGEM SULMAQ - ROLO 03;1379;ABT;SETOR ABATE/RESFRIAMENTO      ;6;253972;9999;13010;2488;MÁQUINAS SECUNDÁRIAS
92;FRIG. AURORA CASTRO;4228;POLIDORA LAVADORA 3 ROLOS PRÉ ESCALDAGEM SULMAQ - ROLO 03 - MOTOREDUTOR;1372;ABT;SETOR ABATE/RESFRIAMENTO      ;6;253972;9999;13010;2488;MÁQUINAS SECUNDÁRIAS
92;FRIG. AURORA CASTRO;4228;POLIDORA LAVADORA 3 ROLOS PRÉ ESCALDAGEM SULMAQ - SISTEMA DE SEGURANÇA;1375;ABT;SETOR ABATE/RESFRIAMENTO      ;6;253972;9999;13010;2488;MÁQUINAS SECUNDÁRIAS
92;FRIG. AURORA CASTRO;4228;POLIDORA LAVADORA 3 ROLOS PRÉ ESCALDAGEM SULMAQ - SISTEMA ELÉTRICO;1374;ABT;SETOR ABATE/RESFRIAMENTO      ;6;253972;9999;13010;2488;MÁQUINAS SECUNDÁRIAS
92;FRIG. AURORA CASTRO;4228;POLIDORA LAVADORA 3 ROLOS PRÉ ESCALDAGEM SULMAQ - SISTEMA HÍDRICO;3569;ABT;SETOR ABATE/RESFRIAMENTO      ;6;253972;9999;13010;2488;MÁQUINAS SECUNDÁRIAS
92;FRIG. AURORA CASTRO;4228;POLIDORA LAVADORA 8 ROLOS PÓS CHAMUSCADOR SULMAQ;99985365;ABT;SETOR ABATE/RESFRIAMENTO      ;8;253995;9999;13009;2488;MÁQUINAS PRINCIPAL
92;FRIG. AURORA CASTRO;4228;POLIDORA LAVADORA 8 ROLOS PÓS CHAMUSCADOR SULMAQ - LAVADOR CARCAÇAS - MOTOBOMBA;1534;ABT;SETOR ABATE/RESFRIAMENTO      ;6;253995;9999;13009;2488;MÁQUINAS SECUNDÁRIAS
92;FRIG. AURORA CASTRO;4228;POLIDORA LAVADORA 8 ROLOS PÓS CHAMUSCADOR SULMAQ - LAVADOR DE CARCAÇAS;3576;ABT;SETOR ABATE/RESFRIAMENTO      ;6;253995;9999;13010;2488;MÁQUINAS SECUNDÁRIAS
92;FRIG. AURORA CASTRO;4228;POLIDORA LAVADORA 8 ROLOS PÓS CHAMUSCADOR SULMAQ - ROLO 01;1512;ABT;SETOR ABATE/RESFRIAMENTO      ;6;253995;9999;13009;2488;MÁQUINAS SECUNDÁRIAS
92;FRIG. AURORA CASTRO;4228;POLIDORA LAVADORA 8 ROLOS PÓS CHAMUSCADOR SULMAQ - ROLO 01 - MOTOREDUTOR;99988919;ABT;SETOR ABATE/RESFRIAMENTO      ;6;253995;9999;19000;2488;MÁQUINAS SECUNDÁRIAS
92;FRIG. AURORA CASTRO;4228;POLIDORA LAVADORA 8 ROLOS PÓS CHAMUSCADOR SULMAQ - ROLO 02;1513;ABT;SETOR ABATE/RESFRIAMENTO      ;6;253995;9999;13009;2488;MÁQUINAS SECUNDÁRIAS
92;FRIG. AURORA CASTRO;4228;POLIDORA LAVADORA 8 ROLOS PÓS CHAMUSCADOR SULMAQ - ROLO 02 - MOTOREDUTOR;1514;ABT;SETOR ABATE/RESFRIAMENTO      ;6;253995;9999;13009;2488;MÁQUINAS SECUNDÁRIAS
92;FRIG. AURORA CASTRO;4228;POLIDORA LAVADORA 8 ROLOS PÓS CHAMUSCADOR SULMAQ - ROLO 03;1515;ABT;SETOR ABATE/RESFRIAMENTO      ;6;253995;9999;13009;2488;MÁQUINAS SECUNDÁRIAS
92;FRIG. AURORA CASTRO;4228;POLIDORA LAVADORA 8 ROLOS PÓS CHAMUSCADOR SULMAQ - ROLO 03 - MOTOREDUTOR;99989036;ABT;SETOR ABATE/RESFRIAMENTO      ;6;253995;9999;19000;2488;MÁQUINAS SECUNDÁRIAS
92;FRIG. AURORA CASTRO;4228;POLIDORA LAVADORA 8 ROLOS PÓS CHAMUSCADOR SULMAQ - ROLO 04;1516;ABT;SETOR ABATE/RESFRIAMENTO      ;6;253995;9999;13009;2488;MÁQUINAS SECUNDÁRIAS
92;FRIG. AURORA CASTRO;4228;POLIDORA LAVADORA 8 ROLOS PÓS CHAMUSCADOR SULMAQ - ROLO 04 - MOTOREDUTOR;99989039;ABT;SETOR ABATE/RESFRIAMENTO      ;6;253995;9999;19000;2488;MÁQUINAS SECUNDÁRIAS
92;FRIG. AURORA CASTRO;4228;POLIDORA LAVADORA 8 ROLOS PÓS CHAMUSCADOR SULMAQ - ROLO 05;1517;ABT;SETOR ABATE/RESFRIAMENTO      ;6;253995;9999;13009;2488;MÁQUINAS SECUNDÁRIAS
92;FRIG. AURORA CASTRO;4228;POLIDORA LAVADORA 8 ROLOS PÓS CHAMUSCADOR SULMAQ - ROLO 05 - MOTOREDUTOR;1518;ABT;SETOR ABATE/RESFRIAMENTO      ;6;253995;9999;13009;2488;MÁQUINAS SECUNDÁRIAS
92;FRIG. AURORA CASTRO;4228;POLIDORA LAVADORA 8 ROLOS PÓS CHAMUSCADOR SULMAQ - ROLO 06;1520;ABT;SETOR ABATE/RESFRIAMENTO      ;6;253995;9999;13009;2488;MÁQUINAS SECUNDÁRIAS
92;FRIG. AURORA CASTRO;4228;POLIDORA LAVADORA 8 ROLOS PÓS CHAMUSCADOR SULMAQ - ROLO 06 - MOTOREDUTOR;1521;ABT;SETOR ABATE/RESFRIAMENTO      ;6;253995;9999;13009;2488;MÁQUINAS SECUNDÁRIAS
92;FRIG. AURORA CASTRO;4228;POLIDORA LAVADORA 8 ROLOS PÓS CHAMUSCADOR SULMAQ - ROLO 07;1523;ABT;SETOR ABATE/RESFRIAMENTO      ;6;253995;9999;13009;2488;MÁQUINAS SECUNDÁRIAS
92;FRIG. AURORA CASTRO;4228;POLIDORA LAVADORA 8 ROLOS PÓS CHAMUSCADOR SULMAQ - ROLO 07 - MOTOREDUTOR;1524;ABT;SETOR ABATE/RESFRIAMENTO      ;6;253995;9999;13009;2488;MÁQUINAS SECUNDÁRIAS
92;FRIG. AURORA CASTRO;4228;POLIDORA LAVADORA 8 ROLOS PÓS CHAMUSCADOR SULMAQ - ROLO 08;1526;ABT;SETOR ABATE/RESFRIAMENTO      ;6;253995;9999;13009;2488;MÁQUINAS SECUNDÁRIAS
92;FRIG. AURORA CASTRO;4228;POLIDORA LAVADORA 8 ROLOS PÓS CHAMUSCADOR SULMAQ - ROLO 08 - MOTOREDUTOR;1527;ABT;SETOR ABATE/RESFRIAMENTO      ;6;253995;9999;13009;2488;MÁQUINAS SECUNDÁRIAS
92;FRIG. AURORA CASTRO;4228;POLIDORA LAVADORA 8 ROLOS PÓS CHAMUSCADOR SULMAQ - SISTEMA DE SEGURANÇA;1532;ABT;SETOR ABATE/RESFRIAMENTO      ;6;253995;9999;13009;2488;MÁQUINAS SECUNDÁRIAS
92;FRIG. AURORA CASTRO;4228;POLIDORA LAVADORA 8 ROLOS PÓS CHAMUSCADOR SULMAQ - SISTEMA ELÉTRICO;1529;ABT;SETOR ABATE/RESFRIAMENTO      ;6;253995;9999;13009;2488;MÁQUINAS SECUNDÁRIAS
92;FRIG. AURORA CASTRO;4228;POLIDORA LAVADORA 8 ROLOS PÓS CHAMUSCADOR SULMAQ - SISTEMA HÍDRICO;3575;ABT;SETOR ABATE/RESFRIAMENTO      ;6;253995;9999;13010;2488;MÁQUINAS SECUNDÁRIAS
92;FRIG. AURORA CASTRO;4228;POLIDORA SECADORA 4 ROLOS PÓS REPENDURA SULMAQ;99985364;ABT;SETOR ABATE/RESFRIAMENTO      ;8;253991;9999;13009;2488;MÁQUINAS PRINCIPAL
92;FRIG. AURORA CASTRO;4228;POLIDORA SECADORA 4 ROLOS PÓS REPENDURA SULMAQ - LAVADOR DE CARCAÇAS;3574;ABT;SETOR ABATE/RESFRIAMENTO      ;6;253991;9999;13010;2488;MÁQUINAS SECUNDÁRIAS
92;FRIG. AURORA CASTRO;4228;POLIDORA SECADORA 4 ROLOS PÓS REPENDURA SULMAQ - LAVADOR DE CARCAÇAS - MOTOBOMBA;1533;ABT;SETOR ABATE/RESFRIAMENTO      ;6;253991;9999;13009;2488;MÁQUINAS SECUNDÁRIAS
92;FRIG. AURORA CASTRO;4228;POLIDORA SECADORA 4 ROLOS PÓS REPENDURA SULMAQ - ROLO 01;1395;ABT;SETOR ABATE/RESFRIAMENTO      ;6;253991;9999;13009;2488;MÁQUINAS SECUNDÁRIAS
92;FRIG. AURORA CASTRO;4228;POLIDORA SECADORA 4 ROLOS PÓS REPENDURA SULMAQ - ROLO 01 - MOTOREDUTOR;99988917;ABT;SETOR ABATE/RESFRIAMENTO      ;6;253991;9999;19000;2488;MÁQUINAS SECUNDÁRIAS
92;FRIG. AURORA CASTRO;4228;POLIDORA SECADORA 4 ROLOS PÓS REPENDURA SULMAQ - ROLO 02;1396;ABT;SETOR ABATE/RESFRIAMENTO      ;6;253991;9999;13009;2488;MÁQUINAS SECUNDÁRIAS
92;FRIG. AURORA CASTRO;4228;POLIDORA SECADORA 4 ROLOS PÓS REPENDURA SULMAQ - ROLO 02 - MOTOREDUTOR;1398;ABT;SETOR ABATE/RESFRIAMENTO      ;6;253991;9999;13009;2488;MÁQUINAS SECUNDÁRIAS
92;FRIG. AURORA CASTRO;4228;POLIDORA SECADORA 4 ROLOS PÓS REPENDURA SULMAQ - ROLO 03;1399;ABT;SETOR ABATE/RESFRIAMENTO      ;6;253991;9999;13009;2488;MÁQUINAS SECUNDÁRIAS
92;FRIG. AURORA CASTRO;4228;POLIDORA SECADORA 4 ROLOS PÓS REPENDURA SULMAQ - ROLO 03 - MOTOREDUTOR;1401;ABT;SETOR ABATE/RESFRIAMENTO      ;6;253991;9999;13009;2488;MÁQUINAS SECUNDÁRIAS
92;FRIG. AURORA CASTRO;4228;POLIDORA SECADORA 4 ROLOS PÓS REPENDURA SULMAQ - ROLO 04;1402;ABT;SETOR ABATE/RESFRIAMENTO      ;6;253991;9999;13009;2488;MÁQUINAS SECUNDÁRIAS
92;FRIG. AURORA CASTRO;4228;POLIDORA SECADORA 4 ROLOS PÓS REPENDURA SULMAQ - ROLO 04 - MOTOREDUTOR;1404;ABT;SETOR ABATE/RESFRIAMENTO      ;6;253991;9999;13009;2488;MÁQUINAS SECUNDÁRIAS
92;FRIG. AURORA CASTRO;4228;POLIDORA SECADORA 4 ROLOS PÓS REPENDURA SULMAQ - SISTEMA DE SEGURANÇA;1406;ABT;SETOR ABATE/RESFRIAMENTO      ;6;253991;9999;13009;2488;MÁQUINAS SECUNDÁRIAS
92;FRIG. AURORA CASTRO;4228;POLIDORA SECADORA 4 ROLOS PÓS REPENDURA SULMAQ - SISTEMA ELÉTRICO;1405;ABT;SETOR ABATE/RESFRIAMENTO      ;6;253991;9999;13009;2488;MÁQUINAS SECUNDÁRIAS
92;FRIG. AURORA CASTRO;4228;POLIDORA SECADORA 4 ROLOS PÓS REPENDURA SULMAQ - SISTEMA HÍDRICO;3573;ABT;SETOR ABATE/RESFRIAMENTO      ;6;253991;9999;13010;2488;MÁQUINAS SECUNDÁRIAS
92;FRIG. AURORA CASTRO;4228;PONTE REMOVEDORA DE LODO PRL-18000 ETE (PR1701000003);99986138;ETE;SETOR DE OPERACAO DE ETE      ;6;;9999;29009;1228;MÁQUINAS PRINCIPAL
92;FRIG. AURORA CASTRO;4228;PONTE ROLANTE METALQUIMIA (PRE1701000002);99986208;PRU;SETOR DE PRESUNTARIA          ;6;1;9999;34011;2291;MÁQUINAS PRINCIPAL
92;FRIG. AURORA CASTRO;4228;PONTE ROLANTE METALQUIMIA - MOTOR;5665;PRU;SETOR DE PRESUNTARIA          ;8;;9999;25006;2291;OUTROS
92;FRIG. AURORA CASTRO;4228;PONTE ROLANTE METALQUIMIA - SISTEMA DE SEGURANÇA;5664;PRU;SETOR DE PRESUNTARIA          ;8;;9999;25006;2291;OUTROS
92;FRIG. AURORA CASTRO;4228;PONTE ROLANTE METALQUIMIA - SISTEMA ELETRICO;5662;PRU;SETOR DE PRESUNTARIA          ;8;;9999;25006;2291;OUTROS
92;FRIG. AURORA CASTRO;4228;PRENSA DE GAIOLAS MULTIMOLDES;99986206;PRU;SETOR DE PRESUNTARIA          ;6;257149;9999;23003;2291;MÁQUINAS PRINCIPAL
92;FRIG. AURORA CASTRO;4228;PRENSA DE GAIOLAS MULTIMOLDES - SISTEMA DE SEGURANÇA;5818;PRU;SETOR DE PRESUNTARIA          ;6;257149;9999;23003;2291;MÁQUINAS SECUNDÁRIAS
92;FRIG. AURORA CASTRO;4228;PRENSA DE GAIOLAS MULTIMOLDES - SISTEMA ELETRICO;5817;PRU;SETOR DE PRESUNTARIA          ;8;257149;9999;23003;2291;MÁQUINAS SECUNDÁRIAS
92;FRIG. AURORA CASTRO;4228;PRENSA EXPELLER PEX-3000;99985487;FFG;SETOR DE FABRICA DE FARINHAS E GORDURAS;8;253186;9999;23003;2330;MÁQUINAS PRINCIPAL
92;FRIG. AURORA CASTRO;4228;PRENSA EXPELLER PEX-3000 - CESTO;99996659;FFG;SETOR DE FABRICA DE FARINHAS E GORDURAS;8;253186;9999;23003;2330;MÁQUINAS SECUNDÁRIAS
92;FRIG. AURORA CASTRO;4228;PRENSA EXPELLER PEX-3000 - CESTO - UN. HIDR.;99996660;FFG;SETOR DE FABRICA DE FARINHAS E GORDURAS;4;253186;9999;42003;2330;MÁQUINAS SECUNDÁRIAS
92;FRIG. AURORA CASTRO;4228;PRENSA EXPELLER PEX-3000 - CESTO - UN. HIDR. - BOMBA;99996661;FFG;SETOR DE FABRICA DE FARINHAS E GORDURAS;4;253186;9999;6000;2330;MÁQUINAS SECUNDÁRIAS
92;FRIG. AURORA CASTRO;4228;PRENSA EXPELLER PEX-3000 - CESTO - UN. HIDR. - BOMBA - MOTOR;99996662;FFG;SETOR DE FABRICA DE FARINHAS E GORDURAS;4;253186;9999;19000;2330;MÁQUINAS SECUNDÁRIAS
92;FRIG. AURORA CASTRO;4228;PRENSA EXPELLER PEX-3000 - DOSADOR;99996663;FFG;SETOR DE FABRICA DE FARINHAS E GORDURAS;8;253186;9999;6009;2330;MÁQUINAS SECUNDÁRIAS
92;FRIG. AURORA CASTRO;4228;PRENSA EXPELLER PEX-3000 - DOSADOR - REDUTOR;99996664;FFG;SETOR DE FABRICA DE FARINHAS E GORDURAS;8;253186;9999;18000;2330;MÁQUINAS SECUNDÁRIAS
92;FRIG. AURORA CASTRO;4228;PRENSA EXPELLER PEX-3000 - DOSADOR - REDUTOR - MOTOR;99996665;FFG;SETOR DE FABRICA DE FARINHAS E GORDURAS;8;253186;9999;19000;2330;MÁQUINAS SECUNDÁRIAS
92;FRIG. AURORA CASTRO;4228;PRENSA EXPELLER PEX-3000 - HELICÓIDE;99996666;FFG;SETOR DE FABRICA DE FARINHAS E GORDURAS;8;253186;9999;6005;2330;MÁQUINAS SECUNDÁRIAS
92;FRIG. AURORA CASTRO;4228;PRENSA EXPELLER PEX-3000 - HELICÓIDE - REDUTOR;99996667;FFG;SETOR DE FABRICA DE FARINHAS E GORDURAS;8;253186;9999;18000;2330;MÁQUINAS SECUNDÁRIAS
92;FRIG. AURORA CASTRO;4228;PRENSA EXPELLER PEX-3000 - HELICÓIDE - REDUTOR - MOTOR;99996668;FFG;SETOR DE FABRICA DE FARINHAS E GORDURAS;8;253186;9999;19000;2330;MÁQUINAS SECUNDÁRIAS
92;FRIG. AURORA CASTRO;4228;PRENSA EXPELLER PEX-3000 - MISTURADOR;99996669;FFG;SETOR DE FABRICA DE FARINHAS E GORDURAS;8;253186;9999;38009;2330;MÁQUINAS SECUNDÁRIAS
92;FRIG. AURORA CASTRO;4228;PRENSA EXPELLER PEX-3000 - MISTURADOR - REDUTOR;99996670;FFG;SETOR DE FABRICA DE FARINHAS E GORDURAS;8;253186;9999;18000;2330;MÁQUINAS SECUNDÁRIAS
92;FRIG. AURORA CASTRO;4228;PRENSA EXPELLER PEX-3000 - MISTURADOR - REDUTOR - MOTOR;99996671;FFG;SETOR DE FABRICA DE FARINHAS E GORDURAS;8;253186;9999;19000;2330;MÁQUINAS SECUNDÁRIAS
92;FRIG. AURORA CASTRO;4228;PRENSA EXPELLER PEX-3000 - PANELA HORIZONTAL ENCAMISADA;99996672;FFG;SETOR DE FABRICA DE FARINHAS E GORDURAS;8;253186;9999;23003;2330;MÁQUINAS SECUNDÁRIAS
92;FRIG. AURORA CASTRO;4228;PRENSA EXPELLER PEX-3000 - ROSCA BORRA P/ PERCOLADOR;99996673;FFG;SETOR DE FABRICA DE FARINHAS E GORDURAS;4;253186;9999;37010;2330;MÁQUINAS SECUNDÁRIAS
92;FRIG. AURORA CASTRO;4228;PRENSA EXPELLER PEX-3000 - ROSCA BORRA P/ PERCOLADOR - REDUTOR;99996674;FFG;SETOR DE FABRICA DE FARINHAS E GORDURAS;4;253186;9999;18000;2330;MÁQUINAS SECUNDÁRIAS
92;FRIG. AURORA CASTRO;4228;PRENSA EXPELLER PEX-3000 - ROSCA BORRA P/ PERCOLADOR - REDUTOR - MOTOR;99996675;FFG;SETOR DE FABRICA DE FARINHAS E GORDURAS;4;253186;9999;19000;2330;MÁQUINAS SECUNDÁRIAS
92;FRIG. AURORA CASTRO;4228;PRENSA EXPELLER PEX-3000 - ROSCA ÓLEO P/ TANQUE;99996676;FFG;SETOR DE FABRICA DE FARINHAS E GORDURAS;4;253186;9999;37010;2330;MÁQUINAS SECUNDÁRIAS
92;FRIG. AURORA CASTRO;4228;PRENSA EXPELLER PEX-3000 - ROSCA ÓLEO P/ TANQUE - REDUTOR;99996677;FFG;SETOR DE FABRICA DE FARINHAS E GORDURAS;4;253186;9999;18000;2330;MÁQUINAS SECUNDÁRIAS
92;FRIG. AURORA CASTRO;4228;PRENSA EXPELLER PEX-3000 - ROSCA ÓLEO P/ TANQUE - REDUTOR - MOTOR;99996678;FFG;SETOR DE FABRICA DE FARINHAS E GORDURAS;4;253186;9999;19000;2330;MÁQUINAS SECUNDÁRIAS
92;FRIG. AURORA CASTRO;4228;PRENSA EXPELLER PEX-3000 - SISTEMA DE PURGA;99996679;FFG;SETOR DE FABRICA DE FARINHAS E GORDURAS;8;253186;9999;23003;2330;MÁQUINAS SECUNDÁRIAS
92;FRIG. AURORA CASTRO;4228;PRENSA EXPELLER PEX-3000 - SISTEMA ELÉTRICO;99996680;FFG;SETOR DE FABRICA DE FARINHAS E GORDURAS;8;253186;9999;23003;2330;MÁQUINAS SECUNDÁRIAS
92;FRIG. AURORA CASTRO;4228;PRENSA EXPELLER PEX-3000 - TANQUE ÓLEO;99996681;FFG;SETOR DE FABRICA DE FARINHAS E GORDURAS;4;253186;9999;23007;2330;MÁQUINAS SECUNDÁRIAS
92;FRIG. AURORA CASTRO;4228;PRENSA EXPELLER PEX-3000 - TANQUE ÓLEO - BOMBA;99996682;FFG;SETOR DE FABRICA DE FARINHAS E GORDURAS;4;253186;9999;6000;2330;MÁQUINAS SECUNDÁRIAS
92;FRIG. AURORA CASTRO;4228;PRENSA EXPELLER PEX-3000 - TANQUE ÓLEO - BOMBA - MOTOR;99996684;FFG;SETOR DE FABRICA DE FARINHAS E GORDURAS;4;253186;9999;19000;2330;MÁQUINAS SECUNDÁRIAS
92;FRIG. AURORA CASTRO;4228;PRÉDIO ABATE E RESFRIAMENTO;99985342;ABT;SETOR ABATE/RESFRIAMENTO      ;1;0;1;46038;2488;EDIFICAÇÕES
92;FRIG. AURORA CASTRO;4228;PRÉDIO ALMOXARIFADO;99987940;SCL;SETOR ALMOX./CONTR. MATERIAIS ;1;0;1;46038;2089;EDIFICAÇÕES
92;FRIG. AURORA CASTRO;4228;PRÉDIO ASSESSORIA INDUSTRIAL;99994339;SAS;SETOR DE ASSES INDUSTRIALIZD  ;4;0;1;46038;1724;EDIFICAÇÕES
92;FRIG. AURORA CASTRO;4228;PRÉDIO BENEFICIAMENTO DE TRIPAS;99985344;BET;SETOR BENEFICIAMENTO DE TRIPA ;1;0;1;46038;2232;EDIFICAÇÕES
92;FRIG. AURORA CASTRO;4228;PRÉDIO BENEFÍCIOS;99987948;BEN;SETOR DE BENEFICIOS           ;1;0;1;46038;2097;EDIFICAÇÕES
92;FRIG. AURORA CASTRO;4228;PRÉDIO BIODIGESTOR;99997853;SGB;SETOR GERAÇÃO BIOGAS;1;0;1;46038;2321;OUTROS
92;FRIG. AURORA CASTRO;4228;PRÉDIO CMS;99987973;CMS;SETOR PRODUCAO CMS            ;1;;1;46038;4120;EDIFICAÇÕES
92;FRIG. AURORA CASTRO;4228;PRÉDIO CONDIMENTOS;99987949;COD;SETOR DE CONDIMENTOS          ;1;0;1;46038;4472;EDIFICAÇÕES
92;FRIG. AURORA CASTRO;4228;PRÉDIO CONTROLE DE QUALIDADE;99987947;CQL;SETOR CONTROLE DE QUALIDADE   ;1;0;1;46038;1759;EDIFICAÇÕES
92;FRIG. AURORA CASTRO;4228;PRÉDIO DA EXPEDIÇÃO;99987936;EXD;EXPEDICAO                     ;1;0;1;46038;2348;EDIFICAÇÕES
92;FRIG. AURORA CASTRO;4228;PRÉDIO DA PRESUNTARIA;99987934;PRU;SETOR DE PRESUNTARIA          ;1;0;1;46038;2291;EDIFICAÇÕES
92;FRIG. AURORA CASTRO;4228;PRÉDIO DAS ESTUFAS;99987937;EST;SETOR DE ESTUFAS              ;1;0;1;46038;4588;EDIFICAÇÕES
92;FRIG. AURORA CASTRO;4228;PRÉDIO DEFUMADOS;99987961;DEF;SETOR DEFUMADOS               ;1;0;1;46038;2496;EDIFICAÇÕES
92;FRIG. AURORA CASTRO;4228;PRÉDIO DEPARTAMENTO ADMINISTRATIVO;99987943;ADM;DEPTO. DE ADMINISTRATIVO;1;0;1;46038;2054;EDIFICAÇÕES
92;FRIG. AURORA CASTRO;4228;PRÉDIO DEPARTAMENTO DE PRODUÇÃO;99987942;PRD;DEPTO PRODUCAO                ;1;0;1;46038;2208;EDIFICAÇÕES
92;FRIG. AURORA CASTRO;4228;PRÉDIO DEPARTAMENTO ENG E MANUTENÇÃO;99987941;OPR;DEPARTAMENTO ENG E MANUTENCAO ;1;0;1;46038;1155;EDIFICAÇÕES
92;FRIG. AURORA CASTRO;4228;PRÉDIO DEPÓSITO PREPARAÇÃO DE EMBALAGENS;99987962;DPE;SETOR DEPOSITO PREP  EMBALAGEM;1;0;1;46038;2461;EDIFICAÇÕES
92;FRIG. AURORA CASTRO;4228;PRÉDIO DOS FRESCAIS;99987935;SFR;SETOR EMBUTIDOS FRESCAIS      ;1;0;1;46038;4057;EDIFICAÇÕES
92;FRIG. AURORA CASTRO;4228;PRÉDIO EMB CURADOS;99987963;CUR;SETOR EMB CURADOS             ;1;0;1;46038;5525;EDIFICAÇÕES
92;FRIG. AURORA CASTRO;4228;PRÉDIO EMBALAGEM INDUSTRIALIZADOS;99987964;SEI;SETOR EMB INDUSTRIALIZADOS    ;1;0;1;46038;5345;EDIFICAÇÕES
92;FRIG. AURORA CASTRO;4228;PRÉDIO EMBALAGEM PRIMÁRIA;99985480;EMB;SETOR EMBALAGEM               ;1;;1;46038;4138;EDIFICAÇÕES
92;FRIG. AURORA CASTRO;4228;PRÉDIO EMBUTIDOS COZIDOS;99987944;CEB;EMBUTIDOS COZIDOS             ;1;0;1;46038;2283;EDIFICAÇÕES
92;FRIG. AURORA CASTRO;4228;PRÉDIO ENG E MANUTENÇÃO CIVIL;99987965;CIV;SETOR ENG E MANUT CIVIL       ;1;0;1;46038;1180;EDIFICAÇÕES
92;FRIG. AURORA CASTRO;4228;PRÉDIO ENG E MANUTENÇÃO ELÉTRICA;99987966;MEL;SETOR ENG E MANUT. ELETRICA   ;1;0;1;46038;1163;EDIFICAÇÕES
92;FRIG. AURORA CASTRO;4228;PRÉDIO ENG E MANUTENÇÃO MECÂNICA;99987967;MEC;SETOR ENG E MANUT. MECANICA   ;1;0;1;46038;1171;EDIFICAÇÕES
92;FRIG. AURORA CASTRO;4228;PRÉDIO ESPOSTEJAMENTO;99985343;EPJ;SETOR DE ESPOSTEJAMENTO       ;1;0;1;46038;2224;EDIFICAÇÕES
92;FRIG. AURORA CASTRO;4228;PRÉDIO ESTAÇÃO DE TRATAMENTO DE AFLUENTES;99985346;ETA;SETOR DE OPERACAO DE ETA      ;1;0;1;46038;1244;EDIFICAÇÕES
92;FRIG. AURORA CASTRO;4228;PRÉDIO ESTAÇÃO DE TRATAMENTO DE EFLUENTES;99985347;ETE;SETOR DE OPERACAO DE ETE      ;1;0;1;46038;1228;EDIFICAÇÕES
92;FRIG. AURORA CASTRO;4228;PRÉDIO FATIADOS;99987951;SFT;SETOR DE FATIADOS             ;1;0;1;46038;4600;EDIFICAÇÕES
92;FRIG. AURORA CASTRO;4228;PRÉDIO FATURAMENTO;99987968;FAT;SETOR FATURAMENTO             ;1;0;1;46038;2151;EDIFICAÇÕES
92;FRIG. AURORA CASTRO;4228;PRÉDIO FÁBRICA DE FARINHAS E GORDURAS;99987950;FFG;SETOR DE FABRICA DE FARINHAS E GORDURAS;1;0;1;46038;2330;EDIFICAÇÕES
92;FRIG. AURORA CASTRO;4228;PRÉDIO GERAÇÃO DE CALOR;99985345;GEV;SETOR DE OPERACAO DE CALOR    ;4;0;1;46038;1236;EDIFICAÇÕES
92;FRIG. AURORA CASTRO;4228;PRÉDIO GERAÇÃO DE FRIO;99985350;GEF;SETOR DE OPERACAO DE FRIO     ;1;0;1;46038;1210;EDIFICAÇÕES
92;FRIG. AURORA CASTRO;4228;PRÉDIO GESTÃO DE PESSOAS;99987945;CSC;GESTÃO PESSOAS;1;0;1;46038;453;EDIFICAÇÕES
92;FRIG. AURORA CASTRO;4228;PRÉDIO HIGIENIZAÇÃO;99987952;HIG;SETOR DE HIGIENIZACAO         ;1;0;1;46038;2437;EDIFICAÇÕES
92;FRIG. AURORA CASTRO;4228;PRÉDIO LABORATÓRIO DE ANÁLISES DE ALIMENTOS - FAC;99987946;LDA;LABORATÓRIO DE ANALISES DE ALIMENTOS - FAC;4;0;1;46038;3591;EDIFICAÇÕES
92;FRIG. AURORA CASTRO;4228;PRÉDIO LAVAGEM DE BACIAS E MONOBLOCOS;99987970;LBM;SETOR LAVAGEM BACIAS/MONOBLOCO;1;;1;46038;2470;EDIFICAÇÕES
92;FRIG. AURORA CASTRO;4228;PRÉDIO LAVANDERIA E VESTIÁRIOS;99987971;VES;SETOR LAVANDERIA E VESTIARIOS ;1;;1;46038;2178;EDIFICAÇÕES
92;FRIG. AURORA CASTRO;4228;PRÉDIO MIÚDOS EXTERNOS;99987938;MEX;MIUDOS EXTERNOS               ;1;0;1;46038;2739;EDIFICAÇÕES
92;FRIG. AURORA CASTRO;4228;PRÉDIO MIÚDOS INTERNOS;99987939;MIN;MIUDOS INTERNOS               ;1;0;1;46038;2721;EDIFICAÇÕES
92;FRIG. AURORA CASTRO;4228;PRÉDIO PREPARAÇÃO DE MASSAS;99987972;SPM;SETOR PREPARACAO DE MASSAS;1;;1;46038;2267;EDIFICAÇÕES
92;FRIG. AURORA CASTRO;4228;PRÉDIO RECEPÇÃO DE SUÍNOS;99985351;REC;SETOR DE RECEPCAO             ;1;0;1;46038;2216;EDIFICAÇÕES
92;FRIG. AURORA CASTRO;4228;PRÉDIO RESTAURANTE INDUSTRIAL;99987974;RET;SETOR RESTAURANTE INDUSTRIAL  ;1;;1;46038;2119;EDIFICAÇÕES
92;FRIG. AURORA CASTRO;4228;PRÉDIO SALGA;99987954;SLG;SETOR DE SALGA                ;1;0;1;46038;2241;EDIFICAÇÕES
92;FRIG. AURORA CASTRO;4228;PRÉDIO SECRETARIA ADMINISTRATIVA;99987975;SCA;SETOR SECRETARIA ADMINISTRATIV;1;;1;46038;2160;EDIFICAÇÕES
92;FRIG. AURORA CASTRO;4228;PRÉDIO SEGURANÇA E SAÚDE;99987976;SES;SETOR SEGURANCA E SAUDE       ;1;;1;46038;2101;EDIFICAÇÕES
92;FRIG. AURORA CASTRO;4228;PRÉDIO SEGURANÇA PATRIMONIAL;99987977;SGP;SETOR SEGURANCA PATRIMONIAL   ;1;;1;46038;2135;EDIFICAÇÕES
92;FRIG. AURORA CASTRO;4228;PRÉDIO SERVIÇOS GERAIS;99987978;SRG;SETOR SERVICOS GERAIS         ;1;;1;46038;2071;EDIFICAÇÕES
92;FRIG. AURORA CASTRO;4228;PRÉDIO SIF;99987969;SIF;SETOR INSP. FEDERAL DIPOA     ;1;;1;46038;1767;EDIFICAÇÕES
92;FRIG. AURORA CASTRO;4228;PRÉDIO SUB PRODUTOS;99985352;GRX;SETOR SUB PRODUTOS GRAXARIA   ;1;0;1;46038;2330;EDIFICAÇÕES
92;FRIG. AURORA CASTRO;4228;PRÉDIO TEMPERADOS E PORCIONADOS;99987960;STP;SETOR DE TEMPERADOS E PORCIONADOS;1;0;1;46038;4669;EDIFICAÇÕES
92;FRIG. AURORA CASTRO;4228;PRÉDIO TÚNEIS E CÂMARAS;99985353;TCA;SETOR TUNEIS E CAMARAS        ;1;0;1;46038;2313;EDIFICAÇÕES
92;FRIG. AURORA CASTRO;4228;PT-100;99987260;ABT;SETOR ABATE/RESFRIAMENTO      ;4;1;1;12;2488;EQUIPAMENTOS
92;FRIG. AURORA CASTRO;4228;PT100;5242;MIN;MIUDOS INTERNOS               ;1;0;1;12;2721;EQUIPAMENTOS
92;FRIG. AURORA CASTRO;4228;PT100;5244;MIN;MIUDOS INTERNOS               ;1;0;1;12;2721;EQUIPAMENTOS
92;FRIG. AURORA CASTRO;4228;PT100;5420;ABT;SETOR ABATE/RESFRIAMENTO      ;1;0;1;12;2488;EQUIPAMENTOS
92;FRIG. AURORA CASTRO;4228;PT100;5422;ABT;SETOR ABATE/RESFRIAMENTO      ;1;0;1;12;2488;EQUIPAMENTOS
92;FRIG. AURORA CASTRO;4228;PT100;6925;REC;SETOR DE RECEPCAO             ;1;0;1;12;2216;EQUIPAMENTOS
92;FRIG. AURORA CASTRO;4228;PT100;5491;ABT;SETOR ABATE/RESFRIAMENTO      ;1;0;1;12;2488;EQUIPAMENTOS
92;FRIG. AURORA CASTRO;4228;PT100;5493;ABT;SETOR ABATE/RESFRIAMENTO      ;1;0;1;12;2488;EQUIPAMENTOS
92;FRIG. AURORA CASTRO;4228;PT100;5742;ABT;SETOR ABATE/RESFRIAMENTO      ;1;0;1;12;2488;EQUIPAMENTOS
92;FRIG. AURORA CASTRO;4228;PT100;5743;ABT;SETOR ABATE/RESFRIAMENTO      ;1;;1;12;2488;EQUIPAMENTOS
92;FRIG. AURORA CASTRO;4228;PT100;5744;ABT;SETOR ABATE/RESFRIAMENTO      ;1;0;1;12;2488;EQUIPAMENTOS
92;FRIG. AURORA CASTRO;4228;PT100;5745;ABT;SETOR ABATE/RESFRIAMENTO      ;1;0;1;12;2488;EQUIPAMENTOS
92;FRIG. AURORA CASTRO;4228;PT100 CONTROLADOR DE TEMPERATURA;3445;CUR;SETOR EMB CURADOS             ;1;0;1;1;5525;EQUIPAMENTOS
92;FRIG. AURORA CASTRO;4228;PURGADOR 01 (PU1701000001);99986067;GEF;SETOR DE OPERACAO DE FRIO     ;6;;9999;22017;1210;MÁQUINAS PRINCIPAL
92;FRIG. AURORA CASTRO;4228;PURGADOR 02 (PU1701000002);99986069;GEF;SETOR DE OPERACAO DE FRIO     ;6;;9999;22017;1210;MÁQUINAS PRINCIPAL
92;FRIG. AURORA CASTRO;4228;PURGADOR DE AR AUTOMÁTICO HANTECH EZ PURGUER LUFT;99997413;GEF;SETOR DE OPERACAO DE FRIO     ;6;252929;9999;22017;1210;MÁQUINAS PRINCIPAL
92;FRIG. AURORA CASTRO;4228;PÁ CARREGADEIRA BRUTO BRT 20;99996927;GEV;SETOR DE OPERACAO DE CALOR    ;8;0;1;21016;1236;OUTROS
92;FRIG. AURORA CASTRO;4228;QUADRO BAIXA TEN. IND QGBT53.02 CAC15077 (QE1701000022);99986172;CEB;EMBUTIDOS COZIDOS             ;6;;9999;46013;2283;MÁQUINAS PRINCIPAL
92;FRIG. AURORA CASTRO;4228;QUADRO CCM COMANDO MT GERADOR CAC15101 (QE1701000030);99987111;ABT;SETOR ABATE/RESFRIAMENTO      ;6;;9999;46013;2488;MÁQUINAS PRINCIPAL
92;FRIG. AURORA CASTRO;4228;QUADRO CCM COMANDO MT VENTIL CAC14210 (QE1701000031);99987112;ABT;SETOR ABATE/RESFRIAMENTO      ;6;;9999;46013;2488;MÁQUINAS PRINCIPAL
92;FRIG. AURORA CASTRO;4228;QUADRO CCM MT CLIMAT CAC14050-2ND P PT01 (QE1701000032);99987113;ABT;SETOR ABATE/RESFRIAMENTO      ;6;;9999;46013;2488;MÁQUINAS PRINCIPAL
92;FRIG. AURORA CASTRO;4228;QUADRO CCM MT CLIMAT CAC14050-2ND P PT02 (QE1701000074);99987157;ABT;SETOR ABATE/RESFRIAMENTO      ;6;;9999;46013;2488;MÁQUINAS PRINCIPAL
92;FRIG. AURORA CASTRO;4228;QUADRO CCM MT CLIMAT CAC14050-2ND P PT03 (QE1701000075);99987158;ABT;SETOR ABATE/RESFRIAMENTO      ;6;;9999;46013;2488;MÁQUINAS PRINCIPAL
92;FRIG. AURORA CASTRO;4228;QUADRO CCM MT CLIMAT CAC14050-2ND P PT04 (QE1701000076);99987159;ABT;SETOR ABATE/RESFRIAMENTO      ;6;;9999;46013;2488;MÁQUINAS PRINCIPAL
92;FRIG. AURORA CASTRO;4228;QUADRO CCM MT CLIMAT CAC14050-2ND P PT05 (QE1701000077);99987160;ABT;SETOR ABATE/RESFRIAMENTO      ;6;;9999;46013;2488;MÁQUINAS PRINCIPAL
92;FRIG. AURORA CASTRO;4228;QUADRO CCM MT CLIMAT CAC14050-2ND P PT06 (QE1701000078);99987161;ABT;SETOR ABATE/RESFRIAMENTO      ;6;;9999;46013;2488;MÁQUINAS PRINCIPAL
92;FRIG. AURORA CASTRO;4228;QUADRO COMANDO CAMARAS RESFR 2ND PISO (QE1701000028);99987109;ABT;SETOR ABATE/RESFRIAMENTO      ;6;;9999;46013;2488;MÁQUINAS PRINCIPAL
92;FRIG. AURORA CASTRO;4228;QUADRO DE COMANDO CCM GALERIA TECNICA (QE1701000001);99986569;GRX;SETOR SUB PRODUTOS GRAXARIA   ;6;;9999;46013;2330;MÁQUINAS PRINCIPAL
92;FRIG. AURORA CASTRO;4228;QUADRO DE FORCA DE LUZ QDFL 53.01 (QE1701000021);99986171;CEB;EMBUTIDOS COZIDOS             ;6;;9999;46013;2283;MÁQUINAS PRINCIPAL
92;FRIG. AURORA CASTRO;4228;QUADRO DE FORCA E COMANDO CCM 1 COMPRESSOR 1 (QE1701000003);99985952;GEF;SETOR DE OPERACAO DE FRIO     ;6;;9999;11000;1210;MÁQUINAS PRINCIPAL
92;FRIG. AURORA CASTRO;4228;QUADRO DIST EMERG CAC 14131- 2ND P PT01 (QE1701000025);99987106;ABT;SETOR ABATE/RESFRIAMENTO      ;6;;9999;46013;2488;MÁQUINAS PRINCIPAL
92;FRIG. AURORA CASTRO;4228;QUADRO DIST EMERG CAC 14131- 2ND P PT03 (QE1701000072);99987155;ABT;SETOR ABATE/RESFRIAMENTO      ;6;;9999;46013;2488;MÁQUINAS PRINCIPAL
92;FRIG. AURORA CASTRO;4228;QUADRO DIST EMERG CAC 14131- 2ND P PT04 (QE1701000073);99987156;ABT;SETOR ABATE/RESFRIAMENTO      ;6;;9999;46013;2488;MÁQUINAS PRINCIPAL
92;FRIG. AURORA CASTRO;4228;QUADRO DIST GERAL EMERG CAC 14131-PT02 (QE1701000071);99987154;ABT;SETOR ABATE/RESFRIAMENTO      ;6;;9999;46013;2488;MÁQUINAS PRINCIPAL
92;FRIG. AURORA CASTRO;4228;QUADRO DISTRIB ESTABIL QDE-CAC14128-PT01 (QE1701000034);99987114;ABT;SETOR ABATE/RESFRIAMENTO      ;6;;9999;46013;2488;MÁQUINAS PRINCIPAL
92;FRIG. AURORA CASTRO;4228;QUADRO DISTRIB ESTABIL QDE-CAC14128-PT02 (QE1701000064);99987147;ABT;SETOR ABATE/RESFRIAMENTO      ;6;;9999;46013;2488;MÁQUINAS PRINCIPAL
92;FRIG. AURORA CASTRO;4228;QUADRO ELE DEBOFLEX DIR-HM050.2 MEZANINO (QE1701000127);99987639;EPJ;SETOR DE ESPOSTEJAMENTO       ;6;;9999;46013;2224;MÁQUINAS PRINCIPAL
92;FRIG. AURORA CASTRO;4228;QUADRO ELE DEBOFLEX ESQ-HM050.1 MEZANINO (QE1701000128);99987640;EPJ;SETOR DE ESPOSTEJAMENTO       ;6;;9999;46013;2224;MÁQUINAS PRINCIPAL
92;FRIG. AURORA CASTRO;4228;QUADRO ELE ESTEIRAS OSSOS MEZANINO (QE1701000129);99987641;EPJ;SETOR DE ESPOSTEJAMENTO       ;6;;9999;46013;2224;MÁQUINAS PRINCIPAL
92;FRIG. AURORA CASTRO;4228;QUADRO ELETRICO ABATE TTA35145 (QE1701000039);99987119;ABT;SETOR ABATE/RESFRIAMENTO      ;6;;9999;46013;2488;MÁQUINAS PRINCIPAL
92;FRIG. AURORA CASTRO;4228;QUADRO ELETRICO ABATE TTA35145 PT01 (QE1701000035);99987115;ABT;SETOR ABATE/RESFRIAMENTO      ;6;;9999;46013;2488;MÁQUINAS PRINCIPAL
92;FRIG. AURORA CASTRO;4228;QUADRO ELETRICO ABATE TTA35145 PT02 (QE1701000036);99987116;ABT;SETOR ABATE/RESFRIAMENTO      ;6;;9999;46013;2488;MÁQUINAS PRINCIPAL
92;FRIG. AURORA CASTRO;4228;QUADRO ELETRICO ABATE TTA35145 PT03 (QE1701000037);99987117;ABT;SETOR ABATE/RESFRIAMENTO      ;6;;9999;46013;2488;MÁQUINAS PRINCIPAL
92;FRIG. AURORA CASTRO;4228;QUADRO ELETRICO ABATE TTA35145 PT04 (QE1701000038);99987118;ABT;SETOR ABATE/RESFRIAMENTO      ;6;;9999;46013;2488;MÁQUINAS PRINCIPAL
92;FRIG. AURORA CASTRO;4228;QUADRO ELETRICO ABATE TTA35145 PT06 (QE1701000040);99987120;ABT;SETOR ABATE/RESFRIAMENTO      ;6;;9999;46013;2488;MÁQUINAS PRINCIPAL
92;FRIG. AURORA CASTRO;4228;QUADRO ELETRICO ABATE TTA35145 PT07 (QE1701000041);99987121;ABT;SETOR ABATE/RESFRIAMENTO      ;6;;9999;46013;2488;MÁQUINAS PRINCIPAL
92;FRIG. AURORA CASTRO;4228;QUADRO ELETRICO ABATE TTA35145 PT08 (QE1701000042);99987122;ABT;SETOR ABATE/RESFRIAMENTO      ;6;;9999;46013;2488;MÁQUINAS PRINCIPAL
92;FRIG. AURORA CASTRO;4228;QUADRO ELETRICO ABATE TTA35145 PT09 (QE1701000043);99987123;ABT;SETOR ABATE/RESFRIAMENTO      ;6;;9999;46013;2488;MÁQUINAS PRINCIPAL
92;FRIG. AURORA CASTRO;4228;QUADRO ELETRICO ABATE TTA35145 PT10 (QE1701000044);99987124;ABT;SETOR ABATE/RESFRIAMENTO      ;6;;9999;46013;2488;MÁQUINAS PRINCIPAL
92;FRIG. AURORA CASTRO;4228;QUADRO ELETRICO ABATE TTA35145 PT11 (QE1701000045);99987125;ABT;SETOR ABATE/RESFRIAMENTO      ;6;;9999;46013;2488;MÁQUINAS PRINCIPAL
92;FRIG. AURORA CASTRO;4228;QUADRO ELETRICO ABATE TTA35145 PT12 (QE1701000046);99987126;ABT;SETOR ABATE/RESFRIAMENTO      ;6;;9999;46013;2488;MÁQUINAS PRINCIPAL
92;FRIG. AURORA CASTRO;4228;QUADRO ELETRICO DE COMANDO DE MOTORES COMPROSSOR 03 (QE1701000007);99985949;GEF;SETOR DE OPERACAO DE FRIO     ;6;;9999;11000;1210;MÁQUINAS PRINCIPAL
92;FRIG. AURORA CASTRO;4228;QUADRO ELETRICO DE FORCA 01 GRAXARIA (QE1701000009);99986565;GRX;SETOR SUB PRODUTOS GRAXARIA   ;6;;9999;46013;2330;MÁQUINAS PRINCIPAL
92;FRIG. AURORA CASTRO;4228;QUADRO ELETRICO DE FORCA 02 - DESOSSA (QE1701000011);99987614;EPJ;SETOR DE ESPOSTEJAMENTO       ;6;;9999;46013;2224;MÁQUINAS PRINCIPAL
92;FRIG. AURORA CASTRO;4228;QUADRO ELETRICO FORCA ABATE TTA35145 (QE1701000017);99987103;ABT;SETOR ABATE/RESFRIAMENTO      ;6;;9999;46013;2488;MÁQUINAS PRINCIPAL
92;FRIG. AURORA CASTRO;4228;QUADRO FC LUZ QDFL08.01 CAC14039 POC PT1 (QE1701000136);99986724;REC;SETOR DE RECEPCAO             ;6;;9999;46013;2216;MÁQUINAS PRINCIPAL
92;FRIG. AURORA CASTRO;4228;QUADRO FC LUZ QDFL08.01 CAC14039 POC PT2 (QE1701000137);99986725;REC;SETOR DE RECEPCAO             ;6;;9999;46013;2216;MÁQUINAS PRINCIPAL
92;FRIG. AURORA CASTRO;4228;QUADRO FC LUZ QDFL08.01 CAC14039 POC PT3 (QE1701000138);99986726;REC;SETOR DE RECEPCAO             ;6;;9999;46013;2216;MÁQUINAS PRINCIPAL
92;FRIG. AURORA CASTRO;4228;QUADRO FORCA E LUZ QDFL07.03 CAC 14036 (QE1701000018);99987104;ABT;SETOR ABATE/RESFRIAMENTO      ;6;;9999;46013;2488;MÁQUINAS PRINCIPAL
92;FRIG. AURORA CASTRO;4228;QUADRO GERAL ALIM QDG 07.01-2ND P PT02(QE1701000019);99987105;ABT;SETOR ABATE/RESFRIAMENTO      ;6;;9999;46013;2488;MÁQUINAS PRINCIPAL
92;FRIG. AURORA CASTRO;4228;QUADRO GERAL ALIM QDG 07.03-2ND P PT01 (QE1701000065);99987148;ABT;SETOR ABATE/RESFRIAMENTO      ;6;;9999;46013;2488;MÁQUINAS PRINCIPAL
92;FRIG. AURORA CASTRO;4228;QUADRO GERAL ALIM QDG 07.03-2ND P PT02 (QE1701000066);99987149;ABT;SETOR ABATE/RESFRIAMENTO      ;6;;9999;46013;2488;MÁQUINAS PRINCIPAL
92;FRIG. AURORA CASTRO;4228;QUADRO GERAL ALIM QDG 07.03-2ND P PT03 (QE1701000067);99987150;ABT;SETOR ABATE/RESFRIAMENTO      ;6;;9999;46013;2488;MÁQUINAS PRINCIPAL
92;FRIG. AURORA CASTRO;4228;QUADRO GERAL ALIM QDG 07.03-2ND P PT04 (QE1701000068);99987151;ABT;SETOR ABATE/RESFRIAMENTO      ;6;;9999;46013;2488;MÁQUINAS PRINCIPAL
92;FRIG. AURORA CASTRO;4228;QUADRO GERAL ALIM QDG 07.03-2ND P PT05 (QE1701000069);99987152;ABT;SETOR ABATE/RESFRIAMENTO      ;6;;9999;46013;2488;MÁQUINAS PRINCIPAL
92;FRIG. AURORA CASTRO;4228;QUADRO GERAL ALIM QDG 07.03-2ND P PT06 (QE1701000070);99987153;ABT;SETOR ABATE/RESFRIAMENTO      ;6;;9999;46013;2488;MÁQUINAS PRINCIPAL
92;FRIG. AURORA CASTRO;4228;QUADRO GERAL CAMARAS RESFR 2ND PISO (QE1701000026);99987107;ABT;SETOR ABATE/RESFRIAMENTO      ;6;;9999;46013;2488;MÁQUINAS PRINCIPAL
92;FRIG. AURORA CASTRO;4228;QUADRO GERAL DE FORÇA  CCM INDUSTRIA (QE1701000024);99986173;CEB;EMBUTIDOS COZIDOS             ;6;;9999;46013;2283;MÁQUINAS PRINCIPAL
92;FRIG. AURORA CASTRO;4228;QUADRO GERAL QDG 07.01-2ND PISO PT01 (QE1701000060);99987127;ABT;SETOR ABATE/RESFRIAMENTO      ;6;;9999;46013;2488;MÁQUINAS PRINCIPAL
92;FRIG. AURORA CASTRO;4228;QUADRO GERAL QDG 07.01-2ND PISO PT03 (QE1701000061);99987128;ABT;SETOR ABATE/RESFRIAMENTO      ;6;;9999;46013;2488;MÁQUINAS PRINCIPAL
92;FRIG. AURORA CASTRO;4228;QUADRO GERAL QDG 07.01-2ND PISO PT04 (QE1701000062);99987145;ABT;SETOR ABATE/RESFRIAMENTO      ;6;;9999;46013;2488;MÁQUINAS PRINCIPAL
92;FRIG. AURORA CASTRO;4228;QUADRO GERAL QDG 07.01-2ND PISO PT05 (QE1701000063);99987146;ABT;SETOR ABATE/RESFRIAMENTO      ;6;;9999;46013;2488;MÁQUINAS PRINCIPAL
92;FRIG. AURORA CASTRO;4228;QUADRO GERAL TUNEIS MIUDOS (QE1701000027);99987108;ABT;SETOR ABATE/RESFRIAMENTO      ;6;;9999;46013;2488;MÁQUINAS PRINCIPAL
92;FRIG. AURORA CASTRO;4228;QUADRO PROT COMANDO VENTILACAO ABATE (QE1701000029);99987110;ABT;SETOR ABATE/RESFRIAMENTO      ;6;;9999;46013;2488;MÁQUINAS PRINCIPAL
92;FRIG. AURORA CASTRO;4228;QUADROS ELÉTRICOS (QE1701000004);99986133;ETE;SETOR DE OPERACAO DE ETE      ;6;;9999;46013;1228;MÁQUINAS PRINCIPAL
92;FRIG. AURORA CASTRO;4228;QUADROS ELÉTRICOS CASA DE BOMBAS  (QE1701000002);99986071;GEF;SETOR DE OPERACAO DE FRIO     ;6;;9999;46013;1210;MÁQUINAS PRINCIPAL
92;FRIG. AURORA CASTRO;4228;QUADROS ELÉTRICOS FFG (QE1704000001);99985491;FFG;SETOR DE FABRICA DE FARINHAS E GORDURAS;8;;9999;46013;2330;MÁQUINAS PRINCIPAL
92;FRIG. AURORA CASTRO;4228;QUADROS ELÉTRICOS REFRIGERAÇÃO INDUSTRIALIZADOS  (QE1701000006);99986073;GEF;SETOR DE OPERACAO DE FRIO     ;6;;9999;46013;1210;MÁQUINAS PRINCIPAL
92;FRIG. AURORA CASTRO;4228;REATOR CSTR;1571;SGB;SETOR GERAÇÃO BIOGAS;6;252925;9999;23001;2321;MÁQUINAS PRINCIPAL
92;FRIG. AURORA CASTRO;4228;REATOR CSTR - AGITADOR AÉREO 01;1574;SGB;SETOR GERAÇÃO BIOGAS;6;252925;9999;23001;2321;MÁQUINAS SECUNDÁRIAS
92;FRIG. AURORA CASTRO;4228;REATOR CSTR - AGITADOR AÉREO 02;1575;SGB;SETOR GERAÇÃO BIOGAS;6;252925;9999;23001;2321;MÁQUINAS SECUNDÁRIAS
92;FRIG. AURORA CASTRO;4228;REATOR CSTR - AGITADOR SUBMERSO 01;1572;SGB;SETOR GERAÇÃO BIOGAS;6;252925;9999;23001;2321;MÁQUINAS SECUNDÁRIAS
92;FRIG. AURORA CASTRO;4228;REATOR CSTR - AGITADOR SUBMERSO 02;1573;SGB;SETOR GERAÇÃO BIOGAS;6;252925;9999;23001;2321;MÁQUINAS SECUNDÁRIAS
92;FRIG. AURORA CASTRO;4228;REATOR CSTR - ANALISADOR DE GÁS;1586;SGB;SETOR GERAÇÃO BIOGAS;6;252925;9999;23001;2321;MÁQUINAS SECUNDÁRIAS
92;FRIG. AURORA CASTRO;4228;REATOR CSTR - COMANDO HIDRÁULICO AGITADOR AEREO 01;1712;SGB;SETOR GERAÇÃO BIOGAS;6;252925;9999;46039;2321;MÁQUINAS SECUNDÁRIAS
92;FRIG. AURORA CASTRO;4228;REATOR CSTR - COMANDO HIDRÁULICO AGITADOR AEREO 02;1713;SGB;SETOR GERAÇÃO BIOGAS;6;252925;9999;42000;2321;MÁQUINAS SECUNDÁRIAS
92;FRIG. AURORA CASTRO;4228;REATOR CSTR - DESCARTE;1578;SGB;SETOR GERAÇÃO BIOGAS;6;252925;9999;23001;2321;MÁQUINAS SECUNDÁRIAS
92;FRIG. AURORA CASTRO;4228;REATOR CSTR - DESCARTE - BOMBA DE DESCARTE 02 RESERVA;1582;SGB;SETOR GERAÇÃO BIOGAS;6;0;9999;23001;2321;OUTROS
92;FRIG. AURORA CASTRO;4228;REATOR CSTR - DESCARTE - BOMBA HELICOIDAL DE DESCARTE PRINCIPAL;1579;SGB;SETOR GERAÇÃO BIOGAS;6;252925;9999;6000;2321;MÁQUINAS SECUNDÁRIAS
92;FRIG. AURORA CASTRO;4228;REATOR CSTR - DESCARTE - BOMBA HELICOIDAL DE DESCARTE PRINCIPAL - REDUTOR;1580;SGB;SETOR GERAÇÃO BIOGAS;6;252925;9999;18000;2321;MÁQUINAS SECUNDÁRIAS
92;FRIG. AURORA CASTRO;4228;REATOR CSTR - DESCARTE - BOMBA HELICOIDAL DE DESCARTE PRINCIPAL - REDUTOR - MT;1581;SGB;SETOR GERAÇÃO BIOGAS;6;252925;9999;19000;2321;MÁQUINAS SECUNDÁRIAS
92;FRIG. AURORA CASTRO;4228;REATOR CSTR - DESCARTE - SISTEMA DE VÁLVULAS;1583;SGB;SETOR GERAÇÃO BIOGAS;6;252925;9999;6006;2321;MÁQUINAS SECUNDÁRIAS
92;FRIG. AURORA CASTRO;4228;REATOR CSTR - DESCARTE DE DIGESTATO - PAINEL DE VALVULA;1589;SGB;SETOR GERAÇÃO BIOGAS;6;252925;9999;23001;2321;MÁQUINAS SECUNDÁRIAS
92;FRIG. AURORA CASTRO;4228;REATOR CSTR - DESCARTE DE DIGESTATO - PAINEL DE VALVULA;1714;SGB;SETOR GERAÇÃO BIOGAS;6;252925;9999;46063;2321;MÁQUINAS SECUNDÁRIAS
92;FRIG. AURORA CASTRO;4228;REATOR CSTR - PAINEL ELÉTRICO;1588;SGB;SETOR GERAÇÃO BIOGAS;6;252925;9999;23001;2321;MÁQUINAS SECUNDÁRIAS
92;FRIG. AURORA CASTRO;4228;REATOR CSTR - SISTEMA DE VALVULAS DE GÁS;1584;SGB;SETOR GERAÇÃO BIOGAS;6;252925;9999;23001;2321;MÁQUINAS SECUNDÁRIAS
92;FRIG. AURORA CASTRO;4228;REATOR CSTR - SISTEMA DE VALVULAS DE NÍVEL DE LÍQUIDO;1585;SGB;SETOR GERAÇÃO BIOGAS;6;252925;9999;23001;2321;MÁQUINAS SECUNDÁRIAS
92;FRIG. AURORA CASTRO;4228;REATOR CSTR - SOPRADOR DE AR;1587;SGB;SETOR GERAÇÃO BIOGAS;6;252925;9999;23001;2321;MÁQUINAS SECUNDÁRIAS
92;FRIG. AURORA CASTRO;4228;REATOR CSTR - VENTILADOR INSUFLADOR 01;1576;SGB;SETOR GERAÇÃO BIOGAS;6;252925;9999;23001;2321;MÁQUINAS SECUNDÁRIAS
92;FRIG. AURORA CASTRO;4228;REATOR CSTR - VENTILADOR INSUFLADOR 02;1577;SGB;SETOR GERAÇÃO BIOGAS;6;252925;9999;23001;2321;MÁQUINAS SECUNDÁRIAS
92;FRIG. AURORA CASTRO;4228;REBOBINADEIRA DE TRIPAS;99986050;CEB;EMBUTIDOS COZIDOS             ;6;256304;9999;46044;2283;MÁQUINAS PRINCIPAL
92;FRIG. AURORA CASTRO;4228;REBOBINADEIRA DE TRIPAS - MOTOREDUTOR;6226;CEB;EMBUTIDOS COZIDOS             ;8;256304;9999;15008;2283;MÁQUINAS SECUNDÁRIAS
92;FRIG. AURORA CASTRO;4228;REBOBINADEIRA DE TRIPAS - REDUTOR;6232;CEB;EMBUTIDOS COZIDOS             ;8;256304;9999;15008;2283;MÁQUINAS SECUNDÁRIAS
92;FRIG. AURORA CASTRO;4228;REBOBINADEIRA DE TRIPAS - SISTEMA DE SEGURANÇA;6224;CEB;EMBUTIDOS COZIDOS             ;8;256304;9999;15008;2283;MÁQUINAS SECUNDÁRIAS
92;FRIG. AURORA CASTRO;4228;REBOBINADEIRA DE TRIPAS - SISTEMA ELETRICO;6221;CEB;EMBUTIDOS COZIDOS             ;8;256304;9999;15008;2283;MÁQUINAS SECUNDÁRIAS
92;FRIG. AURORA CASTRO;4228;REBOBINADEIRA DE TRIPAS 2;6219;CEB;EMBUTIDOS COZIDOS             ;8;;9999;15008;2283;OUTROS
92;FRIG. AURORA CASTRO;4228;REBOBINADEIRA DE TRIPAS 2 - MOTOR;6234;CEB;EMBUTIDOS COZIDOS             ;8;;9999;15008;2283;OUTROS
92;FRIG. AURORA CASTRO;4228;REBOBINADEIRA DE TRIPAS 2 - REDUTOR;6235;CEB;EMBUTIDOS COZIDOS             ;8;;9999;15008;2283;OUTROS
92;FRIG. AURORA CASTRO;4228;REBOBINADEIRA DE TRIPAS 2 - SISTEMA DE SEGURANÇA;6228;CEB;EMBUTIDOS COZIDOS             ;8;;9999;15008;2283;OUTROS
92;FRIG. AURORA CASTRO;4228;REBOBINADEIRA DE TRIPAS 2 - SISTEMA ELETRICO;6227;CEB;EMBUTIDOS COZIDOS             ;8;;9999;46044;2283;OUTROS
92;FRIG. AURORA CASTRO;4228;REBOBINADEIRA DE TRIPAS MONTEMIL 1;99986176;SFR;SETOR EMBUTIDOS FRESCAIS      ;6;269369;9999;46044;4057;MÁQUINAS PRINCIPAL
92;FRIG. AURORA CASTRO;4228;REBOBINADOR DE TRIPAS MONTEMILL - 01 MOTOR;4090;SFR;SETOR EMBUTIDOS FRESCAIS      ;6;269369;9999;46044;4057;MÁQUINAS SECUNDÁRIAS
92;FRIG. AURORA CASTRO;4228;REBOBINADOR DE TRIPAS MONTEMILL - 01 SISTEMA DE SEGURANÇA;4089;SFR;SETOR EMBUTIDOS FRESCAIS      ;6;269369;9999;46044;4057;MÁQUINAS SECUNDÁRIAS
92;FRIG. AURORA CASTRO;4228;REBOBINADOR DE TRIPAS MONTEMILL - 01 SISTEMA ELETRICO;3978;SFR;SETOR EMBUTIDOS FRESCAIS      ;6;269369;9999;15008;4057;MÁQUINAS SECUNDÁRIAS
92;FRIG. AURORA CASTRO;4228;REBOBINADOR DE TRIPAS MONTEMILL - 02;99986177;SFR;SETOR EMBUTIDOS FRESCAIS      ;6;269370;9999;46044;4057;MÁQUINAS PRINCIPAL
92;FRIG. AURORA CASTRO;4228;REBOBINADOR DE TRIPAS MONTEMILL - 02 MOTOR;4004;SFR;SETOR EMBUTIDOS FRESCAIS      ;6;269370;9999;15008;4057;MÁQUINAS SECUNDÁRIAS
92;FRIG. AURORA CASTRO;4228;REBOBINADOR DE TRIPAS MONTEMILL - 02 REDUTOR;4005;SFR;SETOR EMBUTIDOS FRESCAIS      ;6;269370;9999;15008;4057;MÁQUINAS SECUNDÁRIAS
92;FRIG. AURORA CASTRO;4228;REBOBINADOR DE TRIPAS MONTEMILL - 02 SISTEMA DE SEGURANÇA;4003;SFR;SETOR EMBUTIDOS FRESCAIS      ;6;269370;9999;15008;4057;MÁQUINAS SECUNDÁRIAS
92;FRIG. AURORA CASTRO;4228;REBOBINADOR DE TRIPAS MONTEMILL - 02 SISTEMA ELETRICO;3979;SFR;SETOR EMBUTIDOS FRESCAIS      ;6;269370;9999;15008;4057;MÁQUINAS SECUNDÁRIAS
92;FRIG. AURORA CASTRO;4228;REBOBINADOR DE TRIPAS MONTEMILL - 03;4123;SFR;SETOR EMBUTIDOS FRESCAIS      ;6;256302;9999;15008;4057;MÁQUINAS SECUNDÁRIAS
92;FRIG. AURORA CASTRO;4228;REBOBINADOR DE TRIPAS MONTEMILL - 03 MOTOR;4138;SFR;SETOR EMBUTIDOS FRESCAIS      ;6;256302;9999;15008;4057;MÁQUINAS SECUNDÁRIAS
92;FRIG. AURORA CASTRO;4228;REBOBINADOR DE TRIPAS MONTEMILL - 03 SISTEMA DE SEGURANÇA;4128;SFR;SETOR EMBUTIDOS FRESCAIS      ;6;256302;9999;15008;4057;MÁQUINAS SECUNDÁRIAS
92;FRIG. AURORA CASTRO;4228;REBOBINADOR DE TRIPAS MONTEMILL - 03 SISTEMA ELETRICO;4126;SFR;SETOR EMBUTIDOS FRESCAIS      ;6;256302;9999;15008;4057;MÁQUINAS SECUNDÁRIAS
92;FRIG. AURORA CASTRO;4228;REBOBINADOR DE TRIPAS MONTEMILL - 04;4148;SFR;SETOR EMBUTIDOS FRESCAIS      ;6;256303;9999;15008;4057;MÁQUINAS PRINCIPAL
92;FRIG. AURORA CASTRO;4228;REBOBINADOR DE TRIPAS MONTEMILL - 04 MOTOR;4151;SFR;SETOR EMBUTIDOS FRESCAIS      ;6;256303;9999;15008;4057;MÁQUINAS SECUNDÁRIAS
92;FRIG. AURORA CASTRO;4228;REBOBINADOR DE TRIPAS MONTEMILL - 04 SISTEMA DE SEGURANÇA;4150;SFR;SETOR EMBUTIDOS FRESCAIS      ;6;256303;9999;15008;4057;MÁQUINAS SECUNDÁRIAS
92;FRIG. AURORA CASTRO;4228;REBOBINADOR DE TRIPAS MONTEMILL - 04 SISTEMA ELETRICO;4149;SFR;SETOR EMBUTIDOS FRESCAIS      ;6;256303;9999;15008;4057;MÁQUINAS SECUNDÁRIAS
92;FRIG. AURORA CASTRO;4228;RECEBIMENTO - BOMBA FOSSO ÁREA DE RECEBIMENTO;1709;SGB;SETOR GERAÇÃO BIOGAS;6;0;9999;6000;2321;OUTROS
92;FRIG. AURORA CASTRO;4228;RECEBIMENTO - PAINEL ELÉTRICO;1563;SGB;SETOR GERAÇÃO BIOGAS;6;0;9999;1007;2321;OUTROS
92;FRIG. AURORA CASTRO;4228;RECEBIMENTO - TANQUE DE EQUALIZAÇÃO EXTERNO;1616;SGB;SETOR GERAÇÃO BIOGAS;6;0;9999;23008;2321;OUTROS
92;FRIG. AURORA CASTRO;4228;RECEBIMENTO - TANQUE DE EQUALIZAÇÃO EXTERNO - AGITADOR 01;1617;SGB;SETOR GERAÇÃO BIOGAS;6;0;9999;44003;2321;OUTROS
92;FRIG. AURORA CASTRO;4228;RECEBIMENTO - TANQUE DE EQUALIZAÇÃO EXTERNO - AGITADOR 02;1618;SGB;SETOR GERAÇÃO BIOGAS;6;0;9999;23008;2321;OUTROS
92;FRIG. AURORA CASTRO;4228;RECEBIMENTO - TANQUE DE EQUALIZAÇÃO EXTERNO - BOMA DE RECIR. E ALIM. - VÁLVULAS;1623;SGB;SETOR GERAÇÃO BIOGAS;6;0;9999;23008;2321;OUTROS
92;FRIG. AURORA CASTRO;4228;RECEBIMENTO - TANQUE DE EQUALIZAÇÃO EXTERNO - COMPRESSOR;1622;SGB;SETOR GERAÇÃO BIOGAS;6;0;9999;23008;2321;OUTROS
92;FRIG. AURORA CASTRO;4228;RECEBIMENTO - TANQUE DE EQUALIZAÇÃO EXTERNO - REDUTOR;1619;SGB;SETOR GERAÇÃO BIOGAS;6;0;9999;23008;2321;OUTROS
92;FRIG. AURORA CASTRO;4228;RECEBIMENTO - TANQUE DE EQUALIZAÇÃO EXTERNO - REDUTOR - MOTOR;1620;SGB;SETOR GERAÇÃO BIOGAS;6;0;9999;23008;2321;OUTROS
92;FRIG. AURORA CASTRO;4228;RECEBIMENTO - TANQUE DE EQUALIZAÇÃO EXTERNO - REDUTOR - MOTOR - BOMBA HELICOIDAL;1621;SGB;SETOR GERAÇÃO BIOGAS;6;0;9999;23008;2321;OUTROS
92;FRIG. AURORA CASTRO;4228;RECEBIMENTO - TANQUE DE RESIDUO LÍQUDIDO;1568;SGB;SETOR GERAÇÃO BIOGAS;6;0;9999;23008;2321;OUTROS
92;FRIG. AURORA CASTRO;4228;RECEBIMENTO - TANQUE DE RESIDUO LÍQUDIDO - BOMBA;1570;SGB;SETOR GERAÇÃO BIOGAS;6;0;9999;44003;2321;OUTROS
92;FRIG. AURORA CASTRO;4228;RECEBIMENTO - TANQUE DE RESIDUO LÍQUDIDO - MISTURADOR;1569;SGB;SETOR GERAÇÃO BIOGAS;6;0;9999;23008;2321;OUTROS
92;FRIG. AURORA CASTRO;4228;RECEBIMENTO - TANQUE DE RESIDUO SÓLIDO;1565;SGB;SETOR GERAÇÃO BIOGAS;6;0;9999;23008;2321;OUTROS
92;FRIG. AURORA CASTRO;4228;RECEBIMENTO - TANQUE DE RESIDUO SÓLIDO - BOMBA;1567;SGB;SETOR GERAÇÃO BIOGAS;6;0;9999;6000;2321;OUTROS
92;FRIG. AURORA CASTRO;4228;RECEBIMENTO - TANQUE DE RESIDUO SÓLIDO - TRANSPORTADOR HELICOIDAL;1566;SGB;SETOR GERAÇÃO BIOGAS;6;0;9999;23008;2321;OUTROS
92;FRIG. AURORA CASTRO;4228;RECEBIMENTO - TRITURADOR;1564;SGB;SETOR GERAÇÃO BIOGAS;6;0;9999;38017;2321;OUTROS
92;FRIG. AURORA CASTRO;4228;RECUPERADOR DE CARNE DMM50;99986301;CMS;SETOR PRODUCAO CMS            ;6;0;9999;16010;4120;OUTROS
92;FRIG. AURORA CASTRO;4228;RECUPERADOR DE CARNE DMM50 - ESTEIRA SAÍDA DE REFUGO;99998422;CMS;SETOR PRODUCAO CMS            ;6;0;9999;16010;4120;OUTROS
92;FRIG. AURORA CASTRO;4228;RECUPERADOR DE CARNE DMM50 - ESTEIRA SAÍDA DE REFUGO - MOTOR;99998423;CMS;SETOR PRODUCAO CMS            ;6;0;9999;16010;4120;OUTROS
92;FRIG. AURORA CASTRO;4228;RECUPERADOR DE CARNE DMM50 - ESTEIRA SAÍDA DE REFUGO - MOTOR - REDUTOR;99998424;CMS;SETOR PRODUCAO CMS            ;6;0;9999;16010;4120;OUTROS
92;FRIG. AURORA CASTRO;4228;RECUPERADOR DE CARNE DMM50 - SISTEMA DE SEGURANÇA;1929;CMS;SETOR PRODUCAO CMS            ;6;0;9999;9006;4120;OUTROS
92;FRIG. AURORA CASTRO;4228;RECUPERADOR DE CARNE DMM50 - SISTEMA ELÉTRICO;99998417;CMS;SETOR PRODUCAO CMS            ;6;0;9999;16010;4120;OUTROS
92;FRIG. AURORA CASTRO;4228;RECUPERADOR DE CARNE DMM50 - SISTEMA HIDRÁULICO;99998416;CMS;SETOR PRODUCAO CMS            ;6;0;9999;16010;4120;OUTROS
92;FRIG. AURORA CASTRO;4228;RECUPERADOR DE CARNE DMM50 - SISTEMA MECÂNICO;99998418;CMS;SETOR PRODUCAO CMS            ;6;0;9999;16010;4120;OUTROS
92;FRIG. AURORA CASTRO;4228;REFRIGERADOR FROST FREE 320 LITROS;99994346;GEV;SETOR DE OPERACAO DE CALOR    ;4;253150;9999;11000;1236;MÁQUINAS PRINCIPAL
92;FRIG. AURORA CASTRO;4228;RESERVATORIO AGUA QUENTE ABSORCAO - TERREO (RE1701000010);99986068;GEF;SETOR DE OPERACAO DE FRIO     ;6;;9999;21008;1210;MÁQUINAS PRINCIPAL
92;FRIG. AURORA CASTRO;4228;RESERVATORIO CAP 25 M³ ÁGUA DE DESCARTE (RE1701000011);99985877;ETA;SETOR DE OPERACAO DE ETA      ;6;;9999;21008;1244;MÁQUINAS PRINCIPAL
92;FRIG. AURORA CASTRO;4228;RESERVATORIO CAP 25 M³ ÁGUA DE REUSO (RE1701000009);99985875;ETA;SETOR DE OPERACAO DE ETA      ;6;;9999;21008;1244;MÁQUINAS PRINCIPAL
92;FRIG. AURORA CASTRO;4228;RESERVATORIO CAP 25 M³ ÁGUA POTAVEL (RE1701000004);99985867;ETA;SETOR DE OPERACAO DE ETA      ;6;;9999;21008;1244;MÁQUINAS PRINCIPAL
92;FRIG. AURORA CASTRO;4228;RESERVATORIO CAP 25 M³ ÁGUA POTAVEL (RE1701000007);99985872;ETA;SETOR DE OPERACAO DE ETA      ;6;;9999;21008;1244;MÁQUINAS PRINCIPAL
92;FRIG. AURORA CASTRO;4228;RESERVATORIO COLETOR - TERREO (RE1701000008);99986070;GEF;SETOR DE OPERACAO DE FRIO     ;6;;9999;36008;1210;MÁQUINAS PRINCIPAL
92;FRIG. AURORA CASTRO;4228;RESERVATORIO DE AMONIA - PRIMEIRO ANDAR (RE1701000002);99986074;GEF;SETOR DE OPERACAO DE FRIO     ;6;;9999;36008;1210;MÁQUINAS PRINCIPAL
92;FRIG. AURORA CASTRO;4228;RESERVATORIO DE AR COMPRIMIDO -INDUSTRIALIZADOS (RE1701000003);99986000;GEF;SETOR DE OPERACAO DE FRIO     ;6;;9999;36008;1210;MÁQUINAS PRINCIPAL
92;FRIG. AURORA CASTRO;4228;RESERVATORIO DE SOLUCAO - PRIMEIRO ANDAR (RE1701000006);99986072;GEF;SETOR DE OPERACAO DE FRIO     ;6;;9999;36008;1210;MÁQUINAS PRINCIPAL
92;FRIG. AURORA CASTRO;4228;RESERVATORIO NH3 ALTA DDLV 5-SL MAQUINAS (RE1701000012);99986084;GEF;SETOR DE OPERACAO DE FRIO     ;6;;9999;36008;1210;MÁQUINAS PRINCIPAL
92;FRIG. AURORA CASTRO;4228;RESERVATÓRIO 01 ÁGUA 15°C;99989091;PRU;SETOR DE PRESUNTARIA          ;8;;9999;36008;2291;MÁQUINAS PRINCIPAL
92;FRIG. AURORA CASTRO;4228;RESERVATÓRIO 01 ÁGUA 15°C - TROCADOR RECICURLAÇÃO - BOMBA 02;99989094;PRU;SETOR DE PRESUNTARIA          ;8;;9999;6000;2291;MÁQUINAS SECUNDÁRIAS
92;FRIG. AURORA CASTRO;4228;RESERVATÓRIO 01 ÁGUA 15°C - TROCADOR RECICURLAÇÃO - BOMBA 02 - MOTOR;99989095;PRU;SETOR DE PRESUNTARIA          ;8;;9999;19000;2291;MÁQUINAS SECUNDÁRIAS
92;FRIG. AURORA CASTRO;4228;RESERVATÓRIO 01 ÁGUA 15°C - TROCADOR RECIRCULAÇÃO - BOMBA 01;99989092;PRU;SETOR DE PRESUNTARIA          ;8;;9999;6000;2291;MÁQUINAS SECUNDÁRIAS
92;FRIG. AURORA CASTRO;4228;RESERVATÓRIO 01 ÁGUA 15°C - TROCADOR RECIRCULAÇÃO - BOMBA 01 - MOTOR;99989093;PRU;SETOR DE PRESUNTARIA          ;8;;9999;19000;2291;MÁQUINAS SECUNDÁRIAS
92;FRIG. AURORA CASTRO;4228;RESERVATÓRIO 02 ÁGUA 2°C;99989097;PRU;SETOR DE PRESUNTARIA          ;8;;9999;36008;2291;MÁQUINAS PRINCIPAL
92;FRIG. AURORA CASTRO;4228;RESERVATÓRIO 02 ÁGUA 2°C - TROCADOR RECIRCULAÇÃO - BOMBA 01;99989098;PRU;SETOR DE PRESUNTARIA          ;8;;9999;6000;2291;MÁQUINAS SECUNDÁRIAS
92;FRIG. AURORA CASTRO;4228;RESERVATÓRIO 02 ÁGUA 2°C - TROCADOR RECIRCULAÇÃO - BOMBA 01 - MOTOR;99989099;PRU;SETOR DE PRESUNTARIA          ;8;;9999;19000;2291;MÁQUINAS SECUNDÁRIAS
92;FRIG. AURORA CASTRO;4228;RESERVATÓRIO 02 ÁGUA 2°C - TROCADOR RECIRCULAÇÃO - BOMBA 02;99989100;PRU;SETOR DE PRESUNTARIA          ;8;;9999;6000;2291;MÁQUINAS SECUNDÁRIAS
92;FRIG. AURORA CASTRO;4228;RESERVATÓRIO 02 ÁGUA 2°C - TROCADOR RECIRCULAÇÃO - BOMBA 02 - MOTOR;99989101;PRU;SETOR DE PRESUNTARIA          ;8;;9999;19000;2291;MÁQUINAS SECUNDÁRIAS
92;FRIG. AURORA CASTRO;4228;RESERVATÓRIO 03 ÁGUA 70°C;99989108;PRU;SETOR DE PRESUNTARIA          ;8;;9999;36008;2291;MÁQUINAS PRINCIPAL
92;FRIG. AURORA CASTRO;4228;RESERVATÓRIO 03 ÁGUA 70°C - BOMBA 01;99989109;PRU;SETOR DE PRESUNTARIA          ;8;;9999;6000;2291;MÁQUINAS SECUNDÁRIAS
92;FRIG. AURORA CASTRO;4228;RESERVATÓRIO 03 ÁGUA 70°C - BOMBA 01 - MOTOR;99989110;PRU;SETOR DE PRESUNTARIA          ;8;;9999;19000;2291;MÁQUINAS SECUNDÁRIAS
92;FRIG. AURORA CASTRO;4228;RESERVATÓRIO 03 ÁGUA 70°C - BOMBA 02;99989111;PRU;SETOR DE PRESUNTARIA          ;8;;9999;6000;2291;MÁQUINAS SECUNDÁRIAS
92;FRIG. AURORA CASTRO;4228;RESERVATÓRIO 03 ÁGUA 70°C - BOMBA 02 - MOTOR;99989112;PRU;SETOR DE PRESUNTARIA          ;8;;9999;19000;2291;MÁQUINAS SECUNDÁRIAS
92;FRIG. AURORA CASTRO;4228;RESFRIADOR DE FARINHA ANTE MOINHO (RES1704000001);99985494;FFG;SETOR DE FABRICA DE FARINHAS E GORDURAS;6;;9999;23009;2330;MÁQUINAS PRINCIPAL
92;FRIG. AURORA CASTRO;4228;RESFRIADOR OLEO COMPRESSOR AMONIA 01 (RES1701000000);99986083;GEF;SETOR DE OPERACAO DE FRIO     ;6;;9999;22014;1210;MÁQUINAS PRINCIPAL
92;FRIG. AURORA CASTRO;4228;RESFRIADOR OLEO COMPRESSOR AMONIA 02 (RES1701000001);99986082;GEF;SETOR DE OPERACAO DE FRIO     ;6;;9999;22014;1210;MÁQUINAS PRINCIPAL
92;FRIG. AURORA CASTRO;4228;RESFRIADOR OLEO COMPRESSOR AMONIA 03 (RES1701000002);99986081;GEF;SETOR DE OPERACAO DE FRIO     ;6;;9999;22014;1210;MÁQUINAS PRINCIPAL
92;FRIG. AURORA CASTRO;4228;RESFRIADOR OLEO COMPRESSOR AMONIA 04 (RES1701000003);99986080;GEF;SETOR DE OPERACAO DE FRIO     ;6;;9999;22014;1210;MÁQUINAS PRINCIPAL
92;FRIG. AURORA CASTRO;4228;RESFRIADOR OLEO COMPRESSOR AMONIA 05 (RES1701000004);99986079;GEF;SETOR DE OPERACAO DE FRIO     ;6;;9999;22014;1210;MÁQUINAS PRINCIPAL
92;FRIG. AURORA CASTRO;4228;RESFRIADOR OLEO COMPRESSOR AMONIA 06 (RES1701000005);99986078;GEF;SETOR DE OPERACAO DE FRIO     ;6;;9999;22014;1210;MÁQUINAS PRINCIPAL
92;FRIG. AURORA CASTRO;4228;RETROESCAVADEIRA JOHN DEERE 310 K;99985850;GEV;SETOR DE OPERACAO DE CALOR    ;8;253085;1;46059;1236;MÁQUINAS PRINCIPAL
92;FRIG. AURORA CASTRO;4228;ROSCA ALIMENTADORA RESFRIADOR DE FARINHA (ROS1704000011);99985514;FFG;SETOR DE FABRICA DE FARINHAS E GORDURAS;6;;9999;37010;2330;MÁQUINAS PRINCIPAL
92;FRIG. AURORA CASTRO;4228;ROSCA ALIMENTAÇÃO MOEDOR MONTEMIL;99994798;CEB;EMBUTIDOS COZIDOS             ;6;257341;9999;37010;2283;MÁQUINAS PRINCIPAL
92;FRIG. AURORA CASTRO;4228;ROSCA ALIMENTAÇÃO MOEDOR MONTEMIL - MOTOREDUTOR;6628;CEB;EMBUTIDOS COZIDOS             ;8;257341;9999;37010;2283;MÁQUINAS SECUNDÁRIAS
92;FRIG. AURORA CASTRO;4228;ROSCA ALIMENTAÇÃO MOEDOR MONTEMIL - SISTEMA DE SEGURANÇA;6058;CEB;EMBUTIDOS COZIDOS             ;6;257341;9999;37010;2283;MÁQUINAS SECUNDÁRIAS
92;FRIG. AURORA CASTRO;4228;ROSCA ALIMENTAÇÃO MOEDOR MONTEMIL - SISTEMA ELETRICO;6629;CEB;EMBUTIDOS COZIDOS             ;8;257341;9999;37010;2283;MÁQUINAS SECUNDÁRIAS
92;FRIG. AURORA CASTRO;4228;ROSCA DE ALIMENTAÇÃO MOEGA;99986566;GRX;SETOR SUB PRODUTOS GRAXARIA   ;6;;9999;37010;2330;MÁQUINAS PRINCIPAL
92;FRIG. AURORA CASTRO;4228;ROSCA DE ALIMENTAÇÃO MOEGA (99986566) - MOTOR;99988891;GRX;SETOR SUB PRODUTOS GRAXARIA   ;6;;9999;19000;2330;MÁQUINAS SECUNDÁRIAS
92;FRIG. AURORA CASTRO;4228;ROSCA DE ALIMENTAÇÃO MOEGA (99986566) - REDUTOR;99988892;GRX;SETOR SUB PRODUTOS GRAXARIA   ;6;;9999;18000;2330;MÁQUINAS SECUNDÁRIAS
92;FRIG. AURORA CASTRO;4228;ROSCA HELICOIDAL 250X4000 RESFRIADOR DE FARINHA THC-250 (ROS1704000006);99985503;FFG;SETOR DE FABRICA DE FARINHAS E GORDURAS;6;;9999;37010;2330;MÁQUINAS PRINCIPAL
92;FRIG. AURORA CASTRO;4228;ROSCA HELICOIDAL 250X8000 THC-250 SAÍDA DA PRENSA (ROS1704000005);99985502;FFG;SETOR DE FABRICA DE FARINHAS E GORDURAS;6;;9999;37010;2330;MÁQUINAS PRINCIPAL
92;FRIG. AURORA CASTRO;4228;ROSCA HELICOIDAL 300X7000 ALIMENTAÇÃO PRENSA (ROS1704000004);99985501;FFG;SETOR DE FABRICA DE FARINHAS E GORDURAS;6;;9999;37010;2330;MÁQUINAS PRINCIPAL
92;FRIG. AURORA CASTRO;4228;ROSCA HELICOIDAL 400X8000 THC 400 ALIMENTAÇÃO DIGESTORES (ROS1704000003);99985500;FFG;SETOR DE FABRICA DE FARINHAS E GORDURAS;6;;9999;37010;2330;MÁQUINAS PRINCIPAL
92;FRIG. AURORA CASTRO;4228;ROSCA SEYDELMANN MISTURADOR X MOEDOR;99986174;CEB;EMBUTIDOS COZIDOS             ;6;257356;9999;38009;2283;MÁQUINAS PRINCIPAL
92;FRIG. AURORA CASTRO;4228;ROSCA SEYDELMANN MISTURADOR X MOEDOR - REDUTOR;6240;CEB;EMBUTIDOS COZIDOS             ;8;257356;9999;37010;2283;MÁQUINAS SECUNDÁRIAS
92;FRIG. AURORA CASTRO;4228;ROSCA SEYDELMANN MISTURADOR X MOEDOR - REDUTOR - MOTOR;6241;CEB;EMBUTIDOS COZIDOS             ;8;257356;9999;37010;2283;MÁQUINAS SECUNDÁRIAS
92;FRIG. AURORA CASTRO;4228;ROSCA SEYDELMANN MISTURADOR X MOEDOR - SISTEMA DE SEGURANÇA;6239;CEB;EMBUTIDOS COZIDOS             ;8;257356;9999;37010;2283;MÁQUINAS SECUNDÁRIAS
92;FRIG. AURORA CASTRO;4228;ROSCA SEYDELMANN MISTURADOR X MOEDOR - SISTEMA ELETRICO;6236;CEB;EMBUTIDOS COZIDOS             ;8;257356;9999;37010;2283;MÁQUINAS SECUNDÁRIAS
92;FRIG. AURORA CASTRO;4228;ROSCA TRANS HEL POS MOINHO SANGUE (ROS1704000013);99985570;FFG;SETOR DE FABRICA DE FARINHAS E GORDURAS;6;;9999;37010;2330;MÁQUINAS PRINCIPAL
92;FRIG. AURORA CASTRO;4228;ROSCA TRANS HEL PRE MOINHO SANGUE (ROS1704000012);99985567;FFG;SETOR DE FABRICA DE FARINHAS E GORDURAS;6;;9999;37010;2330;MÁQUINAS PRINCIPAL
92;FRIG. AURORA CASTRO;4228;ROSCA TRANSPORTADORA 120X5000 THT-120 ALIMENTAÇÃO SILO (ROS1704000009);99985509;FFG;SETOR DE FABRICA DE FARINHAS E GORDURAS;6;;9999;37010;2330;MÁQUINAS PRINCIPAL
92;FRIG. AURORA CASTRO;4228;ROSCA TRANSPORTADORA ALIMENTAÇÃO MOEGA/BALANÇA - REDUTOR;99997635;FFG;SETOR DE FABRICA DE FARINHAS E GORDURAS;6;0;9999;18000;2330;OUTROS
92;FRIG. AURORA CASTRO;4228;ROSCA TRANSPORTADORA APOS ELEVADOR DE CANECAS 250X6000 (ROS1704000007);99985506;FFG;SETOR DE FABRICA DE FARINHAS E GORDURAS;6;;9999;37010;2330;MÁQUINAS PRINCIPAL
92;FRIG. AURORA CASTRO;4228;ROSCA TRANSPORTADORA APOS ELEVADOR DE CANECAS 250X6000 THC-250 (ROS1704000008);99985507;FFG;SETOR DE FABRICA DE FARINHAS E GORDURAS;6;;9999;37010;2330;MÁQUINAS PRINCIPAL
92;FRIG. AURORA CASTRO;4228;ROSCA TRANSPORTADORA HELICOIDAL 01 MOEGA;99986568;GRX;SETOR SUB PRODUTOS GRAXARIA   ;6;;9999;37010;2330;MÁQUINAS PRINCIPAL
92;FRIG. AURORA CASTRO;4228;ROSCA TRANSPORTADORA HELICOIDAL 01 MOEGA (99986568) - MOTOR;99988902;GRX;SETOR SUB PRODUTOS GRAXARIA   ;6;;9999;19000;2330;MÁQUINAS SECUNDÁRIAS
92;FRIG. AURORA CASTRO;4228;ROSCA TRANSPORTADORA HELICOIDAL 01 MOEGA (99986568) - REDUTOR;99988903;GRX;SETOR SUB PRODUTOS GRAXARIA   ;6;;9999;18000;2330;MÁQUINAS SECUNDÁRIAS
92;FRIG. AURORA CASTRO;4228;ROSCA TRANSPORTADORA HELICOIDAL 02 MOEGA;99988904;GRX;SETOR SUB PRODUTOS GRAXARIA   ;6;;9999;37010;2330;MÁQUINAS PRINCIPAL
92;FRIG. AURORA CASTRO;4228;ROSCA TRANSPORTADORA HELICOIDAL 02 MOEGA (99988904) - MOTOR;99988905;GRX;SETOR SUB PRODUTOS GRAXARIA   ;6;;9999;19000;2330;MÁQUINAS SECUNDÁRIAS
92;FRIG. AURORA CASTRO;4228;ROSCA TRANSPORTADORA HELICOIDAL 02 MOEGA (99988904) - REDUTOR;99988906;GRX;SETOR SUB PRODUTOS GRAXARIA   ;6;;9999;18000;2330;MÁQUINAS SECUNDÁRIAS
92;FRIG. AURORA CASTRO;4228;ROSCA TRANSPORTADORA HELICOIDAL 400X7300 POS SILO PESAGEM THC 400(ROS1704000002);99985497;FFG;SETOR DE FABRICA DE FARINHAS E GORDURAS;6;;9999;37010;2330;MÁQUINAS PRINCIPAL
92;FRIG. AURORA CASTRO;4228;ROSCA TRANSPORTADORA HELICOIDAL 400X8500 POS MOEGA PULMAO THC 400(ROS1704000001);99985496;FFG;SETOR DE FABRICA DE FARINHAS E GORDURAS;6;;9999;37010;2330;MÁQUINAS PRINCIPAL
92;FRIG. AURORA CASTRO;4228;ROSCA TRANSPORTADORA POS MOEGA ALIMENTACAO GRAXARIA;99986567;GRX;SETOR SUB PRODUTOS GRAXARIA   ;6;;9999;37010;2330;MÁQUINAS PRINCIPAL
92;FRIG. AURORA CASTRO;4228;ROSCA TRANSPORTADORA POS MOEGA ALIMENTACAO GRAXARIA (99986567) - MOTOR;99988893;GRX;SETOR SUB PRODUTOS GRAXARIA   ;6;;9999;19000;2330;MÁQUINAS SECUNDÁRIAS
92;FRIG. AURORA CASTRO;4228;ROSCA TRANSPORTADORA POS MOEGA ALIMENTACAO GRAXARIA (99986567) - REDUTOR;99988894;GRX;SETOR SUB PRODUTOS GRAXARIA   ;6;;9999;18000;2330;MÁQUINAS SECUNDÁRIAS
92;FRIG. AURORA CASTRO;4228;ROSCA TRANSPORTADORA THT-250 DE FARINHA  PARA BIG BAG (ROS1704000010);99985512;FFG;SETOR DE FABRICA DE FARINHAS E GORDURAS;6;;9999;37010;2330;MÁQUINAS PRINCIPAL
92;FRIG. AURORA CASTRO;4228;RÉGUA;99987697;CQL;SETOR CONTROLE DE QUALIDADE   ;1;0;2;9;1759;EQUIPAMENTOS
92;FRIG. AURORA CASTRO;4228;RÉGUA;99997137;EMB;SETOR EMBALAGEM               ;1;0;2;9;4138;EQUIPAMENTOS
92;FRIG. AURORA CASTRO;4228;RÉGUA;99987700;CQL;SETOR CONTROLE DE QUALIDADE   ;1;0;2;9;1759;EQUIPAMENTOS
92;FRIG. AURORA CASTRO;4228;SALA DE BATERIAS;99986140;EXD;EXPEDICAO                     ;4;0;9999;24000;2348;OUTROS
92;FRIG. AURORA CASTRO;4228;SALA DE BATERIAS - PORTA;99988972;EXD;EXPEDICAO                     ;4;0;3;11017;2348;OUTROS
92;FRIG. AURORA CASTRO;4228;SALA DE BATERIAS - PORTA - QUADRO DE COMANDO;99988973;EXD;EXPEDICAO                     ;4;0;9999;46013;2348;OUTROS
92;FRIG. AURORA CASTRO;4228;SALA DE BATERIAS - PORTA - REDUTOR;99995073;EXD;EXPEDICAO                     ;4;0;9999;18000;2348;OUTROS
92;FRIG. AURORA CASTRO;4228;SALA DE BATERIAS - PORTA - REDUTOR - MOTOR;99995074;EXD;EXPEDICAO                     ;4;0;9999;19000;2348;OUTROS
92;FRIG. AURORA CASTRO;4228;SALA DE PREPARO BACON;99991228;STP;SETOR DE TEMPERADOS E PORCIONADOS;8;;9999;41002;4669;EQUIPAMENTOS
92;FRIG. AURORA CASTRO;4228;SECADOR DE SANGUE DHT-SR40MS;3379;FFG;SETOR DE FABRICA DE FARINHAS E GORDURAS;8;253176;9999;37003;2330;MÁQUINAS PRINCIPAL
92;FRIG. AURORA CASTRO;4228;SECADOR DE SANGUE DHT-SR40MS - REDUTOR;3393;FFG;SETOR DE FABRICA DE FARINHAS E GORDURAS;8;253176;9999;37003;2330;MÁQUINAS SECUNDÁRIAS
92;FRIG. AURORA CASTRO;4228;SECADOR DE SANGUE DHT-SR40MS - REDUTOR - MOTOR;3402;FFG;SETOR DE FABRICA DE FARINHAS E GORDURAS;8;253176;9999;37003;2330;MÁQUINAS SECUNDÁRIAS
92;FRIG. AURORA CASTRO;4228;SECADOR DE SANGUE DHT-SR40MS - SISTEMA ELÉTRICO;3406;FFG;SETOR DE FABRICA DE FARINHAS E GORDURAS;8;253176;9999;37003;2330;MÁQUINAS SECUNDÁRIAS
92;FRIG. AURORA CASTRO;4228;SECADOR DE SANGUE DHT-SR40MS - TAMPA SAÍDA;3403;FFG;SETOR DE FABRICA DE FARINHAS E GORDURAS;8;253176;9999;37003;2330;MÁQUINAS SECUNDÁRIAS
92;FRIG. AURORA CASTRO;4228;SECADOR DE SANGUE DHT-SR40MS - TAMPA SAÍDA - REDUTOR;3404;FFG;SETOR DE FABRICA DE FARINHAS E GORDURAS;8;253176;9999;37003;2330;MÁQUINAS SECUNDÁRIAS
92;FRIG. AURORA CASTRO;4228;SECADOR DE SANGUE DHT-SR40MS - TAMPA SAÍDA - REDUTOR - MOTOR;3405;FFG;SETOR DE FABRICA DE FARINHAS E GORDURAS;8;253176;9999;37003;2330;MÁQUINAS SECUNDÁRIAS
92;FRIG. AURORA CASTRO;4228;SELADORA A VACUO SAV 180 MONTEMIL;99986396;CUR;SETOR EMB CURADOS             ;6;258856;9999;33000;5525;MÁQUINAS PRINCIPAL
92;FRIG. AURORA CASTRO;4228;SELADORA A VACUO SAV 180 MONTEMIL - SISITEMA DE SEGIRANÇA;5485;CUR;SETOR EMB CURADOS             ;6;258856;9999;33000;5525;MÁQUINAS SECUNDÁRIAS
92;FRIG. AURORA CASTRO;4228;SELADORA A VACUO SAV 180 MONTEMIL - SISITEMA ELETRICO;5484;CUR;SETOR EMB CURADOS             ;6;258856;9999;33000;5525;MÁQUINAS SECUNDÁRIAS
92;FRIG. AURORA CASTRO;4228;SELADORA CONTINUA CAIXAS CONG. SEMIL (SEL1701000017);99986360;TCA;SETOR TUNEIS E CAMARAS        ;6;;9999;33000;2313;MÁQUINAS PRINCIPAL
92;FRIG. AURORA CASTRO;4228;SELADORA CONTINUA CONG MONTEMIL MTSC1100 (SEL1701000007);99986359;TCA;SETOR TUNEIS E CAMARAS        ;6;;9999;33000;2313;MÁQUINAS PRINCIPAL
92;FRIG. AURORA CASTRO;4228;SELADORA MANUAL  BALENA 04 DEBOFLEX ESQUERDA (SEL1701000005);99986268;EPJ;SETOR DE ESPOSTEJAMENTO       ;6;;9999;33000;2224;MÁQUINAS PRINCIPAL
92;FRIG. AURORA CASTRO;4228;SELADORA VACUO SHD 2-84 SELOVAC (SEL1701000004);99986051;SFR;SETOR EMBUTIDOS FRESCAIS      ;6;;9999;33000;4057;MÁQUINAS PRINCIPAL
92;FRIG. AURORA CASTRO;4228;SENSOR DE TEMPERATURA;4563;MIN;MIUDOS INTERNOS               ;1;0;2;12;2721;EQUIPAMENTOS
92;FRIG. AURORA CASTRO;4228;SENSOR DE TEMPERATURA;99994824;MEL;SETOR ENG E MANUT. ELETRICA   ;1;0;1;12;1163;EQUIPAMENTOS
92;FRIG. AURORA CASTRO;4228;SENSOR DE TEMPERATURA;99994823;MEL;SETOR ENG E MANUT. ELETRICA   ;1;0;1;12;1163;EQUIPAMENTOS
92;FRIG. AURORA CASTRO;4228;SENSOR DE TEMPERATURA;99994529;PRU;SETOR DE PRESUNTARIA          ;1;0;1;12;2291;EQUIPAMENTOS
92;FRIG. AURORA CASTRO;4228;SENSOR DE TEMPERATURA;99994528;PRU;SETOR DE PRESUNTARIA          ;1;0;2;12;2291;EQUIPAMENTOS
92;FRIG. AURORA CASTRO;4228;SENSOR DE TEMPERATURA;99994527;PRU;SETOR DE PRESUNTARIA          ;1;0;1;12;2291;EQUIPAMENTOS
92;FRIG. AURORA CASTRO;4228;SENSOR DE TEMPERATURA;99994526;PRU;SETOR DE PRESUNTARIA          ;1;0;1;12;2291;EQUIPAMENTOS
92;FRIG. AURORA CASTRO;4228;SENSOR DE TEMPERATURA;99994525;PRU;SETOR DE PRESUNTARIA          ;1;0;1;12;2291;EQUIPAMENTOS
92;FRIG. AURORA CASTRO;4228;SENSOR DE TEMPERATURA;99994524;PRU;SETOR DE PRESUNTARIA          ;1;0;1;12;2291;EQUIPAMENTOS
92;FRIG. AURORA CASTRO;4228;SENSOR DE TEMPERATURA;99994523;PRU;SETOR DE PRESUNTARIA          ;1;0;1;12;2291;EQUIPAMENTOS
92;FRIG. AURORA CASTRO;4228;SENSOR DE TEMPERATURA;99994522;PRU;SETOR DE PRESUNTARIA          ;1;0;2;12;2291;EQUIPAMENTOS
92;FRIG. AURORA CASTRO;4228;SENSOR DE TEMPERATURA;99994508;PRU;SETOR DE PRESUNTARIA          ;1;0;1;12;2291;EQUIPAMENTOS
92;FRIG. AURORA CASTRO;4228;SENSOR DE TEMPERATURA;99994507;PRU;SETOR DE PRESUNTARIA          ;1;0;2;12;2291;EQUIPAMENTOS
92;FRIG. AURORA CASTRO;4228;SENSOR DE TEMPERATURA;99994506;PRU;SETOR DE PRESUNTARIA          ;1;0;1;12;2291;EQUIPAMENTOS
92;FRIG. AURORA CASTRO;4228;SENSOR DE TEMPERATURA;99994505;PRU;SETOR DE PRESUNTARIA          ;1;0;2;12;2291;EQUIPAMENTOS
92;FRIG. AURORA CASTRO;4228;SENSOR DE TEMPERATURA;99994504;PRU;SETOR DE PRESUNTARIA          ;1;0;1;12;2291;EQUIPAMENTOS
92;FRIG. AURORA CASTRO;4228;SENSOR DE TEMPERATURA;99994503;PRU;SETOR DE PRESUNTARIA          ;1;0;2;12;2291;EQUIPAMENTOS
92;FRIG. AURORA CASTRO;4228;SENSOR DE TEMPERATURA;99994502;PRU;SETOR DE PRESUNTARIA          ;1;0;1;12;2291;EQUIPAMENTOS
92;FRIG. AURORA CASTRO;4228;SENSOR DE TEMPERATURA;99994501;PRU;SETOR DE PRESUNTARIA          ;1;0;2;12;2291;EQUIPAMENTOS
92;FRIG. AURORA CASTRO;4228;SENSOR DE TEMPERATURA AMBIENTE - PT100;1317;BET;SETOR BENEFICIAMENTO DE TRIPA ;1;0;1;12;2232;EQUIPAMENTOS
92;FRIG. AURORA CASTRO;4228;SENSOR DE TEMPERATURA AMBIENTE - PT100;1315;MEX;MIUDOS EXTERNOS               ;1;0;1;12;2739;EQUIPAMENTOS
92;FRIG. AURORA CASTRO;4228;SENSOR DE TEMPERATURA AMBIENTE - PT100;1486;ABT;SETOR ABATE/RESFRIAMENTO      ;1;0;1;12;2488;EQUIPAMENTOS
92;FRIG. AURORA CASTRO;4228;SENSOR DE TEMPERATURA AMBIENTE - PT100;99999313;SEI;SETOR EMB INDUSTRIALIZADOS    ;1;0;1;12;5345;EQUIPAMENTOS
92;FRIG. AURORA CASTRO;4228;SENSOR DE TEMPERATURA AMBIENTE - PT100;99999397;TCA;SETOR TUNEIS E CAMARAS        ;1;0;1;12;2313;EQUIPAMENTOS
92;FRIG. AURORA CASTRO;4228;SENSOR DE TEMPERATURA AMBIENTE - PT100;99999393;CEB;EMBUTIDOS COZIDOS             ;1;0;1;12;2283;EQUIPAMENTOS
92;FRIG. AURORA CASTRO;4228;SENSOR DE TEMPERATURA DE ÁGUA - PT100;2518;ABT;SETOR ABATE/RESFRIAMENTO      ;1;0;1;12;2488;EQUIPAMENTOS
92;FRIG. AURORA CASTRO;4228;SENSOR DE TEMPERATURA DE ÁGUA - PT100;2393;ABT;SETOR ABATE/RESFRIAMENTO      ;1;0;2;12;2488;EQUIPAMENTOS
92;FRIG. AURORA CASTRO;4228;SENSOR DE TEMPERATURA PT100;99999291;EST;SETOR DE ESTUFAS              ;1;0;1;12;4588;EQUIPAMENTOS
92;FRIG. AURORA CASTRO;4228;SENSOR DE TEMPERATURA PT100;99999283;EST;SETOR DE ESTUFAS              ;1;0;1;12;4588;EQUIPAMENTOS
92;FRIG. AURORA CASTRO;4228;SENSOR DE TEMPERATURA PT100;99999286;EST;SETOR DE ESTUFAS              ;1;0;1;12;4588;EQUIPAMENTOS
92;FRIG. AURORA CASTRO;4228;SENSOR DE TEMPERATURA PT100;99999287;EST;SETOR DE ESTUFAS              ;1;0;1;12;4588;EQUIPAMENTOS
92;FRIG. AURORA CASTRO;4228;SENSOR DE TEMPERATURA PT100;99999289;EST;SETOR DE ESTUFAS              ;1;0;1;12;4588;EQUIPAMENTOS
92;FRIG. AURORA CASTRO;4228;SENSOR TEMPERATURA;4565;MIN;MIUDOS INTERNOS               ;1;0;1;12;2721;EQUIPAMENTOS
92;FRIG. AURORA CASTRO;4228;SEPARADOR DE AMÔNIA -10°C;1702;GEF;SETOR DE OPERACAO DE FRIO     ;8;0;9999;22004;1210;OUTROS
92;FRIG. AURORA CASTRO;4228;SEPARADOR DE AMÔNIA -10°C - BOMBA 01;1703;GEF;SETOR DE OPERACAO DE FRIO     ;8;0;9999;6000;1210;OUTROS
92;FRIG. AURORA CASTRO;4228;SEPARADOR DE AMÔNIA -10°C - BOMBA 01 - MOTOR;1704;GEF;SETOR DE OPERACAO DE FRIO     ;8;0;9999;19000;1210;OUTROS
92;FRIG. AURORA CASTRO;4228;SEPARADOR DE AMÔNIA -10°C - BOMBA 02;1705;GEF;SETOR DE OPERACAO DE FRIO     ;8;0;9999;6000;1210;OUTROS
92;FRIG. AURORA CASTRO;4228;SEPARADOR DE AMÔNIA -10°C - BOMBA 02 - MOTOR;1706;GEF;SETOR DE OPERACAO DE FRIO     ;8;0;9999;19000;1210;OUTROS
92;FRIG. AURORA CASTRO;4228;SEPARADOR DE CONDENSADO - SALA DE MAQUINAS (SEP1701000005);99986021;GEF;SETOR DE OPERACAO DE FRIO     ;6;;9999;22004;1210;MÁQUINAS PRINCIPAL
92;FRIG. AURORA CASTRO;4228;SEPARADOR DE LIQUIDO -10 GRAUS - AGUA RESFRIADA 15 GRAUS - IND (SEP1701000009);99986010;GEF;SETOR DE OPERACAO DE FRIO     ;6;;9999;22004;1210;MÁQUINAS PRINCIPAL
92;FRIG. AURORA CASTRO;4228;SEPARADOR DE LIQUIDO -10 GRAUS - AGUA RESFRIADA 2 GRAUS - IND (SEP1701000008);99986011;GEF;SETOR DE OPERACAO DE FRIO     ;6;;9999;22004;1210;MÁQUINAS PRINCIPAL
92;FRIG. AURORA CASTRO;4228;SEPARADOR DE LIQUIDO -10 GRAUS - INDUSTRIALIZADOS (SEP1701000007);99986015;GEF;SETOR DE OPERACAO DE FRIO     ;6;;9999;22004;1210;MÁQUINAS PRINCIPAL
92;FRIG. AURORA CASTRO;4228;SEPARADOR DE LIQUIDO -15 GRAUS - SALA DE MAQUINAS (SEP1701000003);99986029;GEF;SETOR DE OPERACAO DE FRIO     ;6;;9999;22004;1210;MÁQUINAS PRINCIPAL
92;FRIG. AURORA CASTRO;4228;SEPARADOR DE LIQUIDO -35 GRAUS - SALA DE MAQUINAS (SEP1701000002);99986032;GEF;SETOR DE OPERACAO DE FRIO     ;6;;9999;22004;1210;MÁQUINAS PRINCIPAL
92;FRIG. AURORA CASTRO;4228;SEPARADOR DE LIQUIDO -35 GRAUS - TCA/EST (SEP1701000006);99986017;GEF;SETOR DE OPERACAO DE FRIO     ;6;;9999;22004;1210;MÁQUINAS PRINCIPAL
92;FRIG. AURORA CASTRO;4228;SEPARADOR DE LÍQUIDO -5°C SL06;99986023;GEF;SETOR DE OPERACAO DE FRIO     ;8;253353;9999;22004;1210;MÁQUINAS PRINCIPAL
92;FRIG. AURORA CASTRO;4228;SEPARADOR DE LÍQUIDO -5°C SL06 - BOMBA 01;99994446;GEF;SETOR DE OPERACAO DE FRIO     ;6;253354;9999;22009;1210;MÁQUINAS PRINCIPAL
92;FRIG. AURORA CASTRO;4228;SEPARADOR DE LÍQUIDO -5°C SL06 - BOMBA 01 - MOTOR;99994447;GEF;SETOR DE OPERACAO DE FRIO     ;6;253354;9999;19000;1210;MÁQUINAS SECUNDÁRIAS
92;FRIG. AURORA CASTRO;4228;SEPARADOR DE LÍQUIDO -5°C SL06 - BOMBA 02;99994448;GEF;SETOR DE OPERACAO DE FRIO     ;6;253355;9999;22009;1210;MÁQUINAS PRINCIPAL
92;FRIG. AURORA CASTRO;4228;SEPARADOR DE LÍQUIDO -5°C SL06 - BOMBA 02 - MOTOR;99994449;GEF;SETOR DE OPERACAO DE FRIO     ;6;253355;9999;19000;1210;MÁQUINAS SECUNDÁRIAS
92;FRIG. AURORA CASTRO;4228;SEPARADOR DE LÍQUIDO -5°C SL06 - BOMBA 03;99994450;GEF;SETOR DE OPERACAO DE FRIO     ;6;253356;9999;22009;1210;MÁQUINAS PRINCIPAL
92;FRIG. AURORA CASTRO;4228;SEPARADOR DE LÍQUIDO -5°C SL06 - BOMBA 03 - MOTOR;99994451;GEF;SETOR DE OPERACAO DE FRIO     ;6;253356;9999;22009;1210;MÁQUINAS SECUNDÁRIAS
92;FRIG. AURORA CASTRO;4228;SEPARADOR DE SOLUCAO - SS (SEP1701000010);99986008;GEF;SETOR DE OPERACAO DE FRIO     ;6;;9999;22004;1210;MÁQUINAS PRINCIPAL
92;FRIG. AURORA CASTRO;4228;SEPARADORA SEPAMATIC 1400 ST/SF;99998436;CMS;SETOR PRODUCAO CMS            ;6;0;9999;16010;4120;OUTROS
92;FRIG. AURORA CASTRO;4228;SEPARADORA SEPAMATIC 1400 ST/SF - SISTEMA ELÉTRICO;99998438;CMS;SETOR PRODUCAO CMS            ;6;0;9999;16010;4120;OUTROS
92;FRIG. AURORA CASTRO;4228;SEPARADORA SEPAMATIC 1400 ST/SF - SISTEMA MECÂNICO;99998439;CMS;SETOR PRODUCAO CMS            ;6;0;9999;16010;4120;OUTROS
92;FRIG. AURORA CASTRO;4228;SEPARADORA SEPAMATIC 1400 ST/SF- SISTEMA DE SEGURANÇA;1930;CMS;SETOR PRODUCAO CMS            ;6;0;9999;9006;4120;OUTROS
92;FRIG. AURORA CASTRO;4228;SEPARADORA SEPAMATIC 1400 ST/SF- SISTEMA HIDRÁULICO;99998437;CMS;SETOR PRODUCAO CMS            ;6;0;9999;16010;4120;OUTROS
92;FRIG. AURORA CASTRO;4228;SERRA AUTO. SPLITTER;99985432;ABT;SETOR ABATE/RESFRIAMENTO      ;6;252922;9999;16006;2488;MÁQUINAS PRINCIPAL
92;FRIG. AURORA CASTRO;4228;SERRA AUTO. SPLITTER - CARRO Z - ENTRADA / SAÍDA;99994283;ABT;SETOR ABATE/RESFRIAMENTO      ;6;252922;9999;16006;2488;MÁQUINAS SECUNDÁRIAS
92;FRIG. AURORA CASTRO;4228;SERRA AUTO. SPLITTER - CARRO Z - ENTRADA / SAÍDA - MOTOREDUTOR;99988590;ABT;SETOR ABATE/RESFRIAMENTO      ;6;252922;9999;18000;2488;MÁQUINAS SECUNDÁRIAS
92;FRIG. AURORA CASTRO;4228;SERRA AUTO. SPLITTER - EIXOS X-Y;99994290;ABT;SETOR ABATE/RESFRIAMENTO      ;6;252922;9999;16006;2488;MÁQUINAS SECUNDÁRIAS
92;FRIG. AURORA CASTRO;4228;SERRA AUTO. SPLITTER - EIXOS X-Y - TRILHO X LADO Y INFERIOR - MOTOREDUTOR;99988580;ABT;SETOR ABATE/RESFRIAMENTO      ;6;252922;9999;18000;2488;MÁQUINAS SECUNDÁRIAS
92;FRIG. AURORA CASTRO;4228;SERRA AUTO. SPLITTER - EIXOS X-Y - TRILHO X LADO Y SUPERIOR - MOTOREDUTOR;99988581;ABT;SETOR ABATE/RESFRIAMENTO      ;6;252922;9999;18000;2488;MÁQUINAS SECUNDÁRIAS
92;FRIG. AURORA CASTRO;4228;SERRA AUTO. SPLITTER - EIXOS X-Y - TRILHO X LADO YB INFERIOR - MOTOREDUTOR;99988579;ABT;SETOR ABATE/RESFRIAMENTO      ;6;252922;9999;18000;2488;MÁQUINAS SECUNDÁRIAS
92;FRIG. AURORA CASTRO;4228;SERRA AUTO. SPLITTER - EIXOS X-Y - TRILHO Y - MOTOREDUTOR;99988588;ABT;SETOR ABATE/RESFRIAMENTO      ;6;252922;9999;18000;2488;MÁQUINAS SECUNDÁRIAS
92;FRIG. AURORA CASTRO;4228;SERRA AUTO. SPLITTER - EIXOS X-Y - TRILHO YB - MOTOREDUTOR;99988586;ABT;SETOR ABATE/RESFRIAMENTO      ;6;252922;9999;18000;2488;MÁQUINAS SECUNDÁRIAS
92;FRIG. AURORA CASTRO;4228;SERRA AUTO. SPLITTER - EIXOS X-Y - TRILHOS;99994291;ABT;SETOR ABATE/RESFRIAMENTO      ;6;252922;9999;16006;2488;MÁQUINAS SECUNDÁRIAS
92;FRIG. AURORA CASTRO;4228;SERRA AUTO. SPLITTER - FERRAMENTA;99994297;ABT;SETOR ABATE/RESFRIAMENTO      ;6;252922;9999;16006;2488;MÁQUINAS SECUNDÁRIAS
92;FRIG. AURORA CASTRO;4228;SERRA AUTO. SPLITTER - FERRAMENTA - BRAÇO DE LIMITE DE CORTE;99994298;ABT;SETOR ABATE/RESFRIAMENTO      ;6;252922;9999;16006;2488;MÁQUINAS SECUNDÁRIAS
92;FRIG. AURORA CASTRO;4228;SERRA AUTO. SPLITTER - FERRAMENTA - MOTOR;99988576;ABT;SETOR ABATE/RESFRIAMENTO      ;6;252922;9999;19000;2488;MÁQUINAS SECUNDÁRIAS
92;FRIG. AURORA CASTRO;4228;SERRA AUTO. SPLITTER - GUIA DO BRAÇO TRASEIRO;99994299;ABT;SETOR ABATE/RESFRIAMENTO      ;6;252922;9999;16006;2488;MÁQUINAS SECUNDÁRIAS
92;FRIG. AURORA CASTRO;4228;SERRA AUTO. SPLITTER - SIST. DE ESTABILIZAÇÃO DE CARCAÇA;99994304;ABT;SETOR ABATE/RESFRIAMENTO      ;6;252922;9999;16006;2488;MÁQUINAS SECUNDÁRIAS
92;FRIG. AURORA CASTRO;4228;SERRA AUTO. SPLITTER - SIST. DE ESTABILIZAÇÃO DE CARCAÇA - FREIO MECÂNICO;99994305;ABT;SETOR ABATE/RESFRIAMENTO      ;6;252922;9999;16006;2488;MÁQUINAS SECUNDÁRIAS
92;FRIG. AURORA CASTRO;4228;SERRA AUTO. SPLITTER - SIST. DE ESTABILIZAÇÃO DE CARCAÇA - MOTOREDUTOR;99994306;ABT;SETOR ABATE/RESFRIAMENTO      ;6;252922;9999;18000;2488;MÁQUINAS SECUNDÁRIAS
92;FRIG. AURORA CASTRO;4228;SERRA AUTO. SPLITTER - SISTEMA ELÉTRICO;99985953;ABT;SETOR ABATE/RESFRIAMENTO      ;6;252922;9999;16006;2488;MÁQUINAS SECUNDÁRIAS
92;FRIG. AURORA CASTRO;4228;SERRA AUTO. SPLITTER - SISTEMA HIDRÍCO;99994302;ABT;SETOR ABATE/RESFRIAMENTO      ;6;252922;9999;16006;2488;MÁQUINAS SECUNDÁRIAS
92;FRIG. AURORA CASTRO;4228;SERRA AUTO. SPLITTER - SISTEMA PNEUMÁTICO;99994303;ABT;SETOR ABATE/RESFRIAMENTO      ;6;252922;9999;16006;2488;MÁQUINAS SECUNDÁRIAS
92;FRIG. AURORA CASTRO;4228;SERRA CARCAÇA KENTMASTER BANDMASTER V SD 01;99985946;ABT;SETOR ABATE/RESFRIAMENTO      ;6;254239;9999;16006;2488;MÁQUINAS PRINCIPAL
92;FRIG. AURORA CASTRO;4228;SERRA CARCAÇA KENTMASTER BANDMASTER V SD 01 - MOTOR;99988572;ABT;SETOR ABATE/RESFRIAMENTO      ;4;254239;9999;19001;2488;MÁQUINAS SECUNDÁRIAS
92;FRIG. AURORA CASTRO;4228;SERRA CARCAÇA KENTMASTER BANDMASTER V SD 01 - SISTEMA ELÉTRICO;99988852;ABT;SETOR ABATE/RESFRIAMENTO      ;6;254239;9999;18000;2488;MÁQUINAS SECUNDÁRIAS
92;FRIG. AURORA CASTRO;4228;SERRA CARCAÇA KENTMASTER BANDMASTER V SD 01 - SISTEMA PNEUMÁTICO;1489;ABT;SETOR ABATE/RESFRIAMENTO      ;6;254239;9999;15003;2488;MÁQUINAS SECUNDÁRIAS
92;FRIG. AURORA CASTRO;4228;SERRA CARCAÇA KENTMASTER BANDMASTER V SD 02;99985950;ABT;SETOR ABATE/RESFRIAMENTO      ;6;254242;9999;16006;2488;MÁQUINAS PRINCIPAL
92;FRIG. AURORA CASTRO;4228;SERRA CARCAÇA KENTMASTER BANDMASTER V SD 02 - MOTOR;99988573;ABT;SETOR ABATE/RESFRIAMENTO      ;4;254242;9999;19001;2488;MÁQUINAS SECUNDÁRIAS
92;FRIG. AURORA CASTRO;4228;SERRA CARCAÇA KENTMASTER BANDMASTER V SD 02 - SISTEMA ELÉTRICO;1490;ABT;SETOR ABATE/RESFRIAMENTO      ;6;254242;9999;15003;2488;MÁQUINAS SECUNDÁRIAS
92;FRIG. AURORA CASTRO;4228;SERRA CARCAÇA KENTMASTER BANDMASTER V SD 02 - SISTEMA PNEUMÁTICO;1491;ABT;SETOR ABATE/RESFRIAMENTO      ;6;254242;9999;15003;2488;MÁQUINAS SECUNDÁRIAS
92;FRIG. AURORA CASTRO;4228;SERRA CARCAÇA KENTMASTER BANDMASTER V SD 03;99998130;ABT;SETOR ABATE/RESFRIAMENTO      ;4;0;9999;16060;2488;OUTROS
92;FRIG. AURORA CASTRO;4228;SERRA CARCAÇA KENTMASTER BANDMASTER V SD 03 - MOTOR;1921;ABT;SETOR ABATE/RESFRIAMENTO      ;6;0;9999;15003;2488;OUTROS
92;FRIG. AURORA CASTRO;4228;SERRA CARCAÇA KENTMASTER BANDMASTER V SD 03 - SISTEMA ELÉTRICO;1922;ABT;SETOR ABATE/RESFRIAMENTO      ;6;0;9999;15003;2488;OUTROS
92;FRIG. AURORA CASTRO;4228;SERRA CARCAÇA KENTMASTER BANDMASTER V SD 03 - SISTEMA PNEUMÁTICO;1923;ABT;SETOR ABATE/RESFRIAMENTO      ;6;0;9999;15003;2488;OUTROS
92;FRIG. AURORA CASTRO;4228;SILO DE ACUMULO DE FARINHA - EXTERNO FFO (SI1704000003);99985527;FFG;SETOR DE FABRICA DE FARINHAS E GORDURAS;6;;9999;38003;2330;MÁQUINAS PRINCIPAL
92;FRIG. AURORA CASTRO;4228;SILO DE ACUMULO DE OLEO 01 - EXTERNO FFO (SI1704000004);99985531;FFG;SETOR DE FABRICA DE FARINHAS E GORDURAS;6;;9999;38003;2330;MÁQUINAS PRINCIPAL
92;FRIG. AURORA CASTRO;4228;SILO DE ACUMULO DE OLEO 02 - EXTERNO FFO (SI1704000005);99985534;FFG;SETOR DE FABRICA DE FARINHAS E GORDURAS;6;;9999;38003;2330;MÁQUINAS PRINCIPAL
92;FRIG. AURORA CASTRO;4228;SILO DE PESAGEM 6M³ MOR-6 (SI1704000001);99985516;FFG;SETOR DE FABRICA DE FARINHAS E GORDURAS;6;;9999;38003;2330;MÁQUINAS PRINCIPAL
92;FRIG. AURORA CASTRO;4228;SILO DHEYTECNICA FINAL LINHA DE SANGUE (SI1704000006);99985571;FFG;SETOR DE FABRICA DE FARINHAS E GORDURAS;6;;9999;38003;2330;MÁQUINAS PRINCIPAL
92;FRIG. AURORA CASTRO;4228;SILO PARA TORTA DE VISCERAS 5M³ MOR-5 (SI1704000002);99985519;FFG;SETOR DE FABRICA DE FARINHAS E GORDURAS;6;;9999;38003;2330;MÁQUINAS PRINCIPAL
92;FRIG. AURORA CASTRO;4228;SIST. LAVAGEM E LUB. DE CARRETILHAS (SIS1701000027);99986288;EPJ;SETOR DE ESPOSTEJAMENTO       ;6;;9999;14001;2224;MÁQUINAS PRINCIPAL
92;FRIG. AURORA CASTRO;4228;SISTEMA ABASTECIMENTO EMERGÊNCIA;99994094;GEV;SETOR DE OPERACAO DE CALOR    ;8;253117;9999;6000;1236;MÁQUINAS PRINCIPAL
92;FRIG. AURORA CASTRO;4228;SISTEMA ABASTECIMENTO EMERGÊNCIA - BOMBA;99994095;GEV;SETOR DE OPERACAO DE CALOR    ;8;253117;9999;6000;1236;MÁQUINAS SECUNDÁRIAS
92;FRIG. AURORA CASTRO;4228;SISTEMA ABASTECIMENTO EMERGÊNCIA - BOMBA - MOTOR DIESEL;99985839;GEV;SETOR DE OPERACAO DE CALOR    ;8;253117;9999;1013;1236;MÁQUINAS SECUNDÁRIAS
92;FRIG. AURORA CASTRO;4228;SISTEMA ABRANDAMENTO;99985837;GEV;SETOR DE OPERACAO DE CALOR    ;8;253131;9999;21001;1236;MÁQUINAS PRINCIPAL
92;FRIG. AURORA CASTRO;4228;SISTEMA ABRANDAMENTO - ABRANDADOR 01;99994096;GEV;SETOR DE OPERACAO DE CALOR    ;8;253131;9999;21001;1236;MÁQUINAS SECUNDÁRIAS
92;FRIG. AURORA CASTRO;4228;SISTEMA ABRANDAMENTO - ABRANDADOR 02;99994097;GEV;SETOR DE OPERACAO DE CALOR    ;8;253131;9999;21001;1236;MÁQUINAS SECUNDÁRIAS
92;FRIG. AURORA CASTRO;4228;SISTEMA ABRANDAMENTO - RESERVATÓRIO DE ÁGUA ABRANDADA;99994098;GEV;SETOR DE OPERACAO DE CALOR    ;8;253136;9999;23008;1236;MÁQUINAS PRINCIPAL
92;FRIG. AURORA CASTRO;4228;SISTEMA ABRANDAMENTO - RESERVATÓRIO ÁGUA ABRANDADA - BOMBA 01;99994099;GEV;SETOR DE OPERACAO DE CALOR    ;8;253136;9999;6000;1236;MÁQUINAS SECUNDÁRIAS
92;FRIG. AURORA CASTRO;4228;SISTEMA ABRANDAMENTO - RESERVATÓRIO ÁGUA ABRANDADA - BOMBA 01 - MOTOR;99994100;GEV;SETOR DE OPERACAO DE CALOR    ;8;253136;9999;19000;1236;MÁQUINAS SECUNDÁRIAS
92;FRIG. AURORA CASTRO;4228;SISTEMA ABRANDAMENTO - RESERVATÓRIO ÁGUA ABRANDADA - BOMBA 02;99994101;GEV;SETOR DE OPERACAO DE CALOR    ;8;253136;9999;6000;1236;MÁQUINAS SECUNDÁRIAS
92;FRIG. AURORA CASTRO;4228;SISTEMA ABRANDAMENTO - RESERVATÓRIO ÁGUA ABRANDADA - BOMBA 02 - MOTOR;99994102;GEV;SETOR DE OPERACAO DE CALOR    ;8;253136;9999;19000;1236;MÁQUINAS SECUNDÁRIAS
92;FRIG. AURORA CASTRO;4228;SISTEMA ABRANDAMENTO - TANQUE DE SAL;99994103;GEV;SETOR DE OPERACAO DE CALOR    ;8;253132;9999;23008;1236;MÁQUINAS PRINCIPAL
92;FRIG. AURORA CASTRO;4228;SISTEMA ABRANDAMENTO - TANQUE DE SAL - BOMBA 01;99994105;GEV;SETOR DE OPERACAO DE CALOR    ;8;253134;9999;6000;1236;MÁQUINAS PRINCIPAL
92;FRIG. AURORA CASTRO;4228;SISTEMA ABRANDAMENTO - TANQUE DE SAL - BOMBA 01 - MOTOR;99994106;GEV;SETOR DE OPERACAO DE CALOR    ;8;253134;9999;19000;1236;MÁQUINAS SECUNDÁRIAS
92;FRIG. AURORA CASTRO;4228;SISTEMA ABRANDAMENTO - TANQUE DE SAL - BOMBA 02;99994107;GEV;SETOR DE OPERACAO DE CALOR    ;8;253135;9999;6000;1236;MÁQUINAS PRINCIPAL
92;FRIG. AURORA CASTRO;4228;SISTEMA ABRANDAMENTO - TANQUE DE SAL - BOMBA 02 - MOTOR;99994109;GEV;SETOR DE OPERACAO DE CALOR    ;8;253135;9999;19000;1236;MÁQUINAS SECUNDÁRIAS
92;FRIG. AURORA CASTRO;4228;SISTEMA ABRANDAMENTO - TANQUE DE SAL - MEDIDOR DE VAZÃO;99994104;GEV;SETOR DE OPERACAO DE CALOR    ;8;253133;1;21;1236;MÁQUINAS PRINCIPAL
92;FRIG. AURORA CASTRO;4228;SISTEMA ABRANDAMENTO - TANQUE DE SAL - MISTURADOR;99994110;GEV;SETOR DE OPERACAO DE CALOR    ;8;253132;9999;38009;1236;MÁQUINAS SECUNDÁRIAS
92;FRIG. AURORA CASTRO;4228;SISTEMA ABRANDAMENTO - TANQUE DE SAL - MISTURADOR - MOTOR;99994111;GEV;SETOR DE OPERACAO DE CALOR    ;8;253132;9999;19000;1236;MÁQUINAS SECUNDÁRIAS
92;FRIG. AURORA CASTRO;4228;SISTEMA ALARME ABATE CF3000;99985997;ABT;SETOR ABATE/RESFRIAMENTO      ;2;;9999;46021;2488;MÁQUINAS PRINCIPAL
92;FRIG. AURORA CASTRO;4228;SISTEMA ALIMENTAÇÃO CAVACO;99993150;GEV;SETOR DE OPERACAO DE CALOR    ;8;253086;9999;29004;1236;MÁQUINAS PRINCIPAL
92;FRIG. AURORA CASTRO;4228;SISTEMA ALIMENTAÇÃO CAVACO - CLASSIFICADOR DISCOS;99993151;GEV;SETOR DE OPERACAO DE CALOR    ;8;253090;9999;32010;1236;MÁQUINAS PRINCIPAL
92;FRIG. AURORA CASTRO;4228;SISTEMA ALIMENTAÇÃO CAVACO - CLASSIFICADOR DISCOS - REDUTOR;99993152;GEV;SETOR DE OPERACAO DE CALOR    ;8;253090;9999;18000;1236;MÁQUINAS SECUNDÁRIAS
92;FRIG. AURORA CASTRO;4228;SISTEMA ALIMENTAÇÃO CAVACO - CLASSIFICADOR DISCOS - REDUTOR - MOTOR;99993153;GEV;SETOR DE OPERACAO DE CALOR    ;8;253090;9999;19000;1236;MÁQUINAS SECUNDÁRIAS
92;FRIG. AURORA CASTRO;4228;SISTEMA ALIMENTAÇÃO CAVACO - ESTEIRA 01;99985625;GEV;SETOR DE OPERACAO DE CALOR    ;8;253089;9999;29004;1236;MÁQUINAS PRINCIPAL
92;FRIG. AURORA CASTRO;4228;SISTEMA ALIMENTAÇÃO CAVACO - ESTEIRA 01 - REDUTOR;99993154;GEV;SETOR DE OPERACAO DE CALOR    ;8;253089;9999;18000;1236;MÁQUINAS SECUNDÁRIAS
92;FRIG. AURORA CASTRO;4228;SISTEMA ALIMENTAÇÃO CAVACO - ESTEIRA 01 - REDUTOR - MOTOR;99993155;GEV;SETOR DE OPERACAO DE CALOR    ;8;253089;9999;19000;1236;MÁQUINAS SECUNDÁRIAS
92;FRIG. AURORA CASTRO;4228;SISTEMA ALIMENTAÇÃO CAVACO - ESTEIRA 02;99985619;GEV;SETOR DE OPERACAO DE CALOR    ;8;253091;9999;29004;1236;MÁQUINAS PRINCIPAL
92;FRIG. AURORA CASTRO;4228;SISTEMA ALIMENTAÇÃO CAVACO - ESTEIRA 02 - REDUTOR;99993156;GEV;SETOR DE OPERACAO DE CALOR    ;8;253091;9999;18000;1236;MÁQUINAS SECUNDÁRIAS
92;FRIG. AURORA CASTRO;4228;SISTEMA ALIMENTAÇÃO CAVACO - ESTEIRA 02 - REDUTOR - MOTOR;99993157;GEV;SETOR DE OPERACAO DE CALOR    ;8;253091;9999;19000;1236;MÁQUINAS SECUNDÁRIAS
92;FRIG. AURORA CASTRO;4228;SISTEMA ALIMENTAÇÃO CAVACO - ESTEIRA 03;99985617;GEV;SETOR DE OPERACAO DE CALOR    ;8;253092;9999;29004;1236;MÁQUINAS PRINCIPAL
92;FRIG. AURORA CASTRO;4228;SISTEMA ALIMENTAÇÃO CAVACO - ESTEIRA 03 - DESVIADOR PNEUMÁTICO;99985614;GEV;SETOR DE OPERACAO DE CALOR    ;8;253092;9999;29004;1236;MÁQUINAS SECUNDÁRIAS
92;FRIG. AURORA CASTRO;4228;SISTEMA ALIMENTAÇÃO CAVACO - ESTEIRA 03 - REDUTOR;99993158;GEV;SETOR DE OPERACAO DE CALOR    ;8;253092;9999;18000;1236;MÁQUINAS SECUNDÁRIAS
92;FRIG. AURORA CASTRO;4228;SISTEMA ALIMENTAÇÃO CAVACO - ESTEIRA 03 - REDUTOR - MOTOR;99993159;GEV;SETOR DE OPERACAO DE CALOR    ;8;253092;9999;19000;1236;MÁQUINAS SECUNDÁRIAS
92;FRIG. AURORA CASTRO;4228;SISTEMA ALIMENTAÇÃO CAVACO - ESTEIRA 04;99985615;GEV;SETOR DE OPERACAO DE CALOR    ;8;253095;9999;29004;1236;MÁQUINAS PRINCIPAL
92;FRIG. AURORA CASTRO;4228;SISTEMA ALIMENTAÇÃO CAVACO - ESTEIRA 04 - REDUTOR;99993171;GEV;SETOR DE OPERACAO DE CALOR    ;8;253095;9999;18000;1236;MÁQUINAS SECUNDÁRIAS
92;FRIG. AURORA CASTRO;4228;SISTEMA ALIMENTAÇÃO CAVACO - ESTEIRA 04 - REDUTOR - MOTOR;99993172;GEV;SETOR DE OPERACAO DE CALOR    ;8;253095;9999;19000;1236;MÁQUINAS SECUNDÁRIAS
92;FRIG. AURORA CASTRO;4228;SISTEMA ALIMENTAÇÃO CAVACO - ESTEIRA 05;99985618;GEV;SETOR DE OPERACAO DE CALOR    ;8;253096;9999;29004;1236;MÁQUINAS PRINCIPAL
92;FRIG. AURORA CASTRO;4228;SISTEMA ALIMENTAÇÃO CAVACO - ESTEIRA 05 - REDUTOR;99993173;GEV;SETOR DE OPERACAO DE CALOR    ;8;253096;9999;18000;1236;MÁQUINAS SECUNDÁRIAS
92;FRIG. AURORA CASTRO;4228;SISTEMA ALIMENTAÇÃO CAVACO - ESTEIRA 05 - REDUTOR - MOTOR;99993174;GEV;SETOR DE OPERACAO DE CALOR    ;8;253096;9999;19000;1236;MÁQUINAS SECUNDÁRIAS
92;FRIG. AURORA CASTRO;4228;SISTEMA ALIMENTAÇÃO CAVACO - ESTEIRA 06;99985622;GEV;SETOR DE OPERACAO DE CALOR    ;8;253094;9999;29004;1236;MÁQUINAS PRINCIPAL
92;FRIG. AURORA CASTRO;4228;SISTEMA ALIMENTAÇÃO CAVACO - ESTEIRA 06 - REDUTOR;99993175;GEV;SETOR DE OPERACAO DE CALOR    ;8;253094;9999;18000;1236;MÁQUINAS SECUNDÁRIAS
92;FRIG. AURORA CASTRO;4228;SISTEMA ALIMENTAÇÃO CAVACO - ESTEIRA 06 - REDUTOR - MOTOR;99993176;GEV;SETOR DE OPERACAO DE CALOR    ;8;253094;9999;19000;1236;MÁQUINAS SECUNDÁRIAS
92;FRIG. AURORA CASTRO;4228;SISTEMA ALIMENTAÇÃO CAVACO - MOEGA;99985843;GEV;SETOR DE OPERACAO DE CALOR    ;8;253086;9999;38001;1236;MÁQUINAS SECUNDÁRIAS
92;FRIG. AURORA CASTRO;4228;SISTEMA ALIMENTAÇÃO CAVACO - MOEGA - ROSCA 01;99985802;GEV;SETOR DE OPERACAO DE CALOR    ;8;253087;9999;23005;1236;MÁQUINAS PRINCIPAL
92;FRIG. AURORA CASTRO;4228;SISTEMA ALIMENTAÇÃO CAVACO - MOEGA - ROSCA 01 - REDUTOR;99993177;GEV;SETOR DE OPERACAO DE CALOR    ;8;253087;9999;18000;1236;MÁQUINAS SECUNDÁRIAS
92;FRIG. AURORA CASTRO;4228;SISTEMA ALIMENTAÇÃO CAVACO - MOEGA - ROSCA 01 - REDUTOR - MOTOR;99993178;GEV;SETOR DE OPERACAO DE CALOR    ;8;253087;9999;19000;1236;MÁQUINAS SECUNDÁRIAS
92;FRIG. AURORA CASTRO;4228;SISTEMA ALIMENTAÇÃO CAVACO - MOEGA - ROSCA 02;99985805;GEV;SETOR DE OPERACAO DE CALOR    ;8;253088;9999;23005;1236;MÁQUINAS PRINCIPAL
92;FRIG. AURORA CASTRO;4228;SISTEMA ALIMENTAÇÃO CAVACO - MOEGA - ROSCA 02 - REDUTOR;99993179;GEV;SETOR DE OPERACAO DE CALOR    ;8;253088;9999;18000;1236;MÁQUINAS SECUNDÁRIAS
92;FRIG. AURORA CASTRO;4228;SISTEMA ALIMENTAÇÃO CAVACO - MOEGA - ROSCA 02 - REDUTOR - MOTOR;99993180;GEV;SETOR DE OPERACAO DE CALOR    ;8;253088;9999;19000;1236;MÁQUINAS SECUNDÁRIAS
92;FRIG. AURORA CASTRO;4228;SISTEMA DE  TIPIFICACAO DE CARCACA - EVISCERACAO;99986002;ABT;SETOR ABATE/RESFRIAMENTO      ;6;;1;24;2488;MÁQUINAS PRINCIPAL
92;FRIG. AURORA CASTRO;4228;SISTEMA DE ABSORCAO (SIS1701000003);99985900;GEF;SETOR DE OPERACAO DE FRIO     ;6;;9999;11000;1210;MÁQUINAS PRINCIPAL
92;FRIG. AURORA CASTRO;4228;SISTEMA DE CONDENSADO ABSORCAO - TERREO (SIS1701000009);99986006;GEF;SETOR DE OPERACAO DE FRIO     ;6;;9999;11000;1210;MÁQUINAS PRINCIPAL
92;FRIG. AURORA CASTRO;4228;SISTEMA DE GERADORES - FLARE;1591;SGB;SETOR GERAÇÃO BIOGAS;6;0;9999;21000;2321;OUTROS
92;FRIG. AURORA CASTRO;4228;SISTEMA DE GERADORES - FLARE - ACIONADOR CHAMA PILOTO;1592;SGB;SETOR GERAÇÃO BIOGAS;6;0;9999;21000;2321;OUTROS
92;FRIG. AURORA CASTRO;4228;SISTEMA DE GERADORES - FLARE - VALVULA ELETRONICA;1711;SGB;SETOR GERAÇÃO BIOGAS;6;0;9999;29004;2321;OUTROS
92;FRIG. AURORA CASTRO;4228;SISTEMA DE GERADORES - FLARE - VENTILADOR;1593;SGB;SETOR GERAÇÃO BIOGAS;6;0;9999;21000;2321;OUTROS
92;FRIG. AURORA CASTRO;4228;SISTEMA DE GERADORES - GERADORAÇÃO 01;1596;SGB;SETOR GERAÇÃO BIOGAS;6;255259;9999;21000;2321;MÁQUINAS PRINCIPAL
92;FRIG. AURORA CASTRO;4228;SISTEMA DE GERADORES - GERADORAÇÃO 01 - GERADOR 01;1600;SGB;SETOR GERAÇÃO BIOGAS;6;0;9999;21000;2321;OUTROS
92;FRIG. AURORA CASTRO;4228;SISTEMA DE GERADORES - GERADORAÇÃO 01 - PURIFICADOR DE GÁS;1599;SGB;SETOR GERAÇÃO BIOGAS;6;255259;9999;21000;2321;MÁQUINAS SECUNDÁRIAS
92;FRIG. AURORA CASTRO;4228;SISTEMA DE GERADORES - GERADORAÇÃO 01 - RESFRIADOR;1598;SGB;SETOR GERAÇÃO BIOGAS;6;255259;9999;21000;2321;MÁQUINAS SECUNDÁRIAS
92;FRIG. AURORA CASTRO;4228;SISTEMA DE GERADORES - GERADORAÇÃO 01 - VENTILADOR;1597;SGB;SETOR GERAÇÃO BIOGAS;6;255259;9999;21000;2321;MÁQUINAS SECUNDÁRIAS
92;FRIG. AURORA CASTRO;4228;SISTEMA DE GERADORES - GERADORAÇÃO 02;1601;SGB;SETOR GERAÇÃO BIOGAS;6;0;9999;21000;2321;OUTROS
92;FRIG. AURORA CASTRO;4228;SISTEMA DE GERADORES - GERADORAÇÃO 02 - GERADOR;1605;SGB;SETOR GERAÇÃO BIOGAS;6;0;9999;21000;2321;OUTROS
92;FRIG. AURORA CASTRO;4228;SISTEMA DE GERADORES - GERADORAÇÃO 02 - PURIFICADOR DE GÁS;1604;SGB;SETOR GERAÇÃO BIOGAS;6;0;9999;21000;2321;OUTROS
92;FRIG. AURORA CASTRO;4228;SISTEMA DE GERADORES - GERADORAÇÃO 02 - RESFRIADOR;1603;SGB;SETOR GERAÇÃO BIOGAS;6;0;9999;21000;2321;OUTROS
92;FRIG. AURORA CASTRO;4228;SISTEMA DE GERADORES - GERADORAÇÃO 02 - VENTILADOR;1602;SGB;SETOR GERAÇÃO BIOGAS;6;0;9999;21000;2321;OUTROS
92;FRIG. AURORA CASTRO;4228;SISTEMA DE GERADORES - GERADORAÇÃO 03;1606;SGB;SETOR GERAÇÃO BIOGAS;6;0;9999;21000;2321;OUTROS
92;FRIG. AURORA CASTRO;4228;SISTEMA DE GERADORES - GERADORAÇÃO 03 - GERADOR;1610;SGB;SETOR GERAÇÃO BIOGAS;6;0;9999;21000;2321;OUTROS
92;FRIG. AURORA CASTRO;4228;SISTEMA DE GERADORES - GERADORAÇÃO 03 - PURIFICADOR DE GÁS;1609;SGB;SETOR GERAÇÃO BIOGAS;6;0;9999;21000;2321;OUTROS
92;FRIG. AURORA CASTRO;4228;SISTEMA DE GERADORES - GERADORAÇÃO 03 - RESFRIADOR;1608;SGB;SETOR GERAÇÃO BIOGAS;6;0;9999;21000;2321;OUTROS
92;FRIG. AURORA CASTRO;4228;SISTEMA DE GERADORES - GERADORAÇÃO 03 - VENTILADOR;1607;SGB;SETOR GERAÇÃO BIOGAS;6;0;9999;21000;2321;OUTROS
92;FRIG. AURORA CASTRO;4228;SISTEMA DE GERADORES - GERADORAÇÃO 04;1611;SGB;SETOR GERAÇÃO BIOGAS;6;0;9999;21000;2321;OUTROS
92;FRIG. AURORA CASTRO;4228;SISTEMA DE GERADORES - GERADORAÇÃO 04 - GERADOR;1615;SGB;SETOR GERAÇÃO BIOGAS;6;0;9999;21000;2321;OUTROS
92;FRIG. AURORA CASTRO;4228;SISTEMA DE GERADORES - GERADORAÇÃO 04 - PURIFICADOR DE GÁS;1614;SGB;SETOR GERAÇÃO BIOGAS;6;0;9999;21000;2321;OUTROS
92;FRIG. AURORA CASTRO;4228;SISTEMA DE GERADORES - GERADORAÇÃO 04 - RESFRIADOR;1613;SGB;SETOR GERAÇÃO BIOGAS;6;0;9999;21000;2321;OUTROS
92;FRIG. AURORA CASTRO;4228;SISTEMA DE GERADORES - GERADORAÇÃO 04 - VENTILADOR;1612;SGB;SETOR GERAÇÃO BIOGAS;6;0;9999;21000;2321;OUTROS
92;FRIG. AURORA CASTRO;4228;SISTEMA DE GERADORES - PAINEL ELÉTRICO;1710;SGB;SETOR GERAÇÃO BIOGAS;6;0;9999;1006;2321;OUTROS
92;FRIG. AURORA CASTRO;4228;SISTEMA DE GERADORES - SISTEMA DE RESFRIAMENTO DOS GERADORES;1594;SGB;SETOR GERAÇÃO BIOGAS;6;0;9999;21000;2321;OUTROS
92;FRIG. AURORA CASTRO;4228;SISTEMA DE GERADORES - SISTEMA DE RESFRIAMENTO DOS GERADORES  - BOMBA;1595;SGB;SETOR GERAÇÃO BIOGAS;6;0;9999;21000;2321;OUTROS
92;FRIG. AURORA CASTRO;4228;SISTEMA DE REFRIGERACAO/ABSORCAO (SIS1701000017);99986003;GEF;SETOR DE OPERACAO DE FRIO     ;6;;9999;11000;1210;MÁQUINAS PRINCIPAL
92;FRIG. AURORA CASTRO;4228;SISTEMA DE SOLUCAO ABSORCAO - TERREO (SIS1701000013);99986004;GEF;SETOR DE OPERACAO DE FRIO     ;6;;9999;11000;1210;MÁQUINAS PRINCIPAL
92;FRIG. AURORA CASTRO;4228;SISTEMA DE VENTILAÇÃO AMBIENTE - ÁREA LIMPA;99986859;ABT;SETOR ABATE/RESFRIAMENTO      ;6;;9999;13013;2488;MÁQUINAS PRINCIPAL
92;FRIG. AURORA CASTRO;4228;SISTEMA DE VENTILAÇÃO AMBIENTE - ÁREA SUJA;99985371;ABT;SETOR ABATE/RESFRIAMENTO      ;8;;9999;13013;2488;MÁQUINAS PRINCIPAL
92;FRIG. AURORA CASTRO;4228;SISTEMA RTDF;99985945;GEV;SETOR DE OPERACAO DE CALOR    ;8;253100;9999;21001;1236;MÁQUINAS PRINCIPAL
92;FRIG. AURORA CASTRO;4228;SISTEMA RTDF - BOMBA DESCARTE;99994236;GEV;SETOR DE OPERACAO DE CALOR    ;8;253101;9999;6000;1236;MÁQUINAS PRINCIPAL
92;FRIG. AURORA CASTRO;4228;SISTEMA RTDF - BOMBA DESCARTE - MOTOR;99994237;GEV;SETOR DE OPERACAO DE CALOR    ;8;253101;9999;19000;1236;MÁQUINAS SECUNDÁRIAS
92;FRIG. AURORA CASTRO;4228;SISTEMA RTDF - MEDIDOR DE VAZÃO;99994238;GEV;SETOR DE OPERACAO DE CALOR    ;8;253100;1;21;1236;MÁQUINAS SECUNDÁRIAS
92;FRIG. AURORA CASTRO;4228;SISTEMA RTDF - RESERVATÓRIO;99994239;GEV;SETOR DE OPERACAO DE CALOR    ;8;253100;9999;36008;1236;MÁQUINAS SECUNDÁRIAS
92;FRIG. AURORA CASTRO;4228;SISTEMA RTDF - TROCADOR DE CALOR 01;99994240;GEV;SETOR DE OPERACAO DE CALOR    ;8;253100;9999;36010;1236;MÁQUINAS SECUNDÁRIAS
92;FRIG. AURORA CASTRO;4228;SISTEMA RTDF - TROCADOR DE CALOR 02;99994241;GEV;SETOR DE OPERACAO DE CALOR    ;8;253100;9999;36010;1236;MÁQUINAS SECUNDÁRIAS
92;FRIG. AURORA CASTRO;4228;SISTEMA RTDF - VASO DE PRESSÃO;99994243;GEV;SETOR DE OPERACAO DE CALOR    ;8;253100;9999;21001;1236;MÁQUINAS SECUNDÁRIAS
92;FRIG. AURORA CASTRO;4228;SISTEMA RTDF - VÁLVULA DE SEGURANÇA;99994242;GEV;SETOR DE OPERACAO DE CALOR    ;8;253100;9999;21001;1236;MÁQUINAS SECUNDÁRIAS
92;FRIG. AURORA CASTRO;4228;SISTEMA TRATAMENTO AR COMPRIMIDO;99986389;CUR;SETOR EMB CURADOS             ;6;0;9999;28004;5525;OUTROS
92;FRIG. AURORA CASTRO;4228;SISTEMA TRATAMENTO AR COMPRIMIDO - LIMPEZA ESTEIRAS;99997631;SFR;SETOR EMBUTIDOS FRESCAIS      ;6;0;9999;28004;4057;OUTROS
92;FRIG. AURORA CASTRO;4228;SISTEMA TRATAMENTO AR COMPRIMIDO - TERMOFORMADORA MULTIVAC R145;99997634;SEI;SETOR EMB INDUSTRIALIZADOS    ;6;0;9999;28004;5345;OUTROS
92;FRIG. AURORA CASTRO;4228;SISTEMA TRATAMENTO AR COMPRIMIDO - TESTE EMBALAGENS;99997633;SEI;SETOR EMB INDUSTRIALIZADOS    ;6;0;9999;28004;5345;OUTROS
92;FRIG. AURORA CASTRO;4228;SISTEMA TRATAMENTO AR COMPRIMIDO - TESTE EMBALAGENS;99997632;SFT;SETOR DE FATIADOS             ;6;0;9999;28004;4600;OUTROS
92;FRIG. AURORA CASTRO;4228;SISTEMA VENTILAÇÃO;99985815;ABT;SETOR ABATE/RESFRIAMENTO      ;6;0;9999;5015;2488;OUTROS
92;FRIG. AURORA CASTRO;4228;SISTEMA VENTILAÇÃO - VENTILADOR 01 OTAM RLD-0 900 ARR.3;99998969;ABT;SETOR ABATE/RESFRIAMENTO      ;6;0;9999;27000;2488;OUTROS
92;FRIG. AURORA CASTRO;4228;SISTEMA VENTILAÇÃO - VENTILADOR 02 OTAM RLD-0 900 ARR.3;99998970;ABT;SETOR ABATE/RESFRIAMENTO      ;6;0;9999;27000;2488;OUTROS
92;FRIG. AURORA CASTRO;4228;SISTEMA VENTILAÇÃO - VENTILADOR 03 OTAM RLD-0 900 ARR.3;99998971;ABT;SETOR ABATE/RESFRIAMENTO      ;6;0;9999;27000;2488;OUTROS
92;FRIG. AURORA CASTRO;4228;SISTEMA VENTILAÇÃO - VENTILADOR 04 OTAM RLD-0 900 ARR.3;99998972;ABT;SETOR ABATE/RESFRIAMENTO      ;6;0;9999;27000;2488;OUTROS
92;FRIG. AURORA CASTRO;4228;SISTEMA VENTILAÇÃO - VENTILADOR 05 OTAM RLD-0 900 ARR.3;99998973;ABT;SETOR ABATE/RESFRIAMENTO      ;6;0;9999;27000;2488;OUTROS
92;FRIG. AURORA CASTRO;4228;SKINNER MANUAL 01   PALETA ESQ. (SK1701000001);99986303;EPJ;SETOR DE ESPOSTEJAMENTO       ;6;;9999;15004;2224;MÁQUINAS PRINCIPAL
92;FRIG. AURORA CASTRO;4228;SKINNER MANUAL 02   PALETA ESQ. (SK1701000002);99986305;EPJ;SETOR DE ESPOSTEJAMENTO       ;6;;9999;15004;2224;MÁQUINAS PRINCIPAL
92;FRIG. AURORA CASTRO;4228;SKINNER MANUAL 03   PALETA DIR.A (SK1701000003);99986308;EPJ;SETOR DE ESPOSTEJAMENTO       ;6;;9999;15004;2224;MÁQUINAS PRINCIPAL
92;FRIG. AURORA CASTRO;4228;SKINNER MANUAL 04  PALETA DIR.A (SK1701000004);99986310;EPJ;SETOR DE ESPOSTEJAMENTO       ;6;;9999;15004;2224;MÁQUINAS PRINCIPAL
92;FRIG. AURORA CASTRO;4228;SKINNER MANUAL 05  XHAM (SK1701000005);99986312;EPJ;SETOR DE ESPOSTEJAMENTO       ;6;;9999;15004;2224;MÁQUINAS PRINCIPAL
92;FRIG. AURORA CASTRO;4228;SKINNER MANUAL 06 XHAM (SK1701000006);99986313;EPJ;SETOR DE ESPOSTEJAMENTO       ;6;;9999;15004;2224;MÁQUINAS PRINCIPAL
92;FRIG. AURORA CASTRO;4228;SKINNER MANUAL 07  XHAM (SK1701000007);99986314;EPJ;SETOR DE ESPOSTEJAMENTO       ;6;;9999;15004;2224;MÁQUINAS PRINCIPAL
92;FRIG. AURORA CASTRO;4228;SOPRADOR DE AR;99994246;GEV;SETOR DE OPERACAO DE CALOR    ;4;253120;9999;26001;1236;MÁQUINAS PRINCIPAL
92;FRIG. AURORA CASTRO;4228;SOPRADOR DE AR 01 ZS55HVSD380V;99986150;ETE;SETOR DE OPERACAO DE ETE      ;8;252954;9999;46039;1228;MÁQUINAS PRINCIPAL
92;FRIG. AURORA CASTRO;4228;SOPRADOR DE AR 01 ZS55HVSD380V - ELEMENTO;99988982;ETE;SETOR DE OPERACAO DE ETE      ;8;252954;9999;46039;1228;MÁQUINAS SECUNDÁRIAS
92;FRIG. AURORA CASTRO;4228;SOPRADOR DE AR 01 ZS55HVSD380V - ELEMENTO - MOTOR;99988981;ETE;SETOR DE OPERACAO DE ETE      ;8;252954;9999;19000;1228;MÁQUINAS SECUNDÁRIAS
92;FRIG. AURORA CASTRO;4228;SOPRADOR DE AR 01 ZS55HVSD380V - QUADRO COMANDO;99993973;ETE;SETOR DE OPERACAO DE ETE      ;8;252954;9999;46013;1228;MÁQUINAS SECUNDÁRIAS
92;FRIG. AURORA CASTRO;4228;SOPRADOR DE AR 01 ZS55HVSD380V - RESFRIADOR AR / ÓLEO;99993974;ETE;SETOR DE OPERACAO DE ETE      ;8;252954;9999;46039;1228;MÁQUINAS SECUNDÁRIAS
92;FRIG. AURORA CASTRO;4228;SOPRADOR DE AR 01 ZS55HVSD380V - SECADOR AR;99993975;ETE;SETOR DE OPERACAO DE ETE      ;8;252954;9999;22015;1228;MÁQUINAS SECUNDÁRIAS
92;FRIG. AURORA CASTRO;4228;SOPRADOR DE AR 01 ZS55HVSD380V - VENTILADOR;99993976;ETE;SETOR DE OPERACAO DE ETE      ;8;252954;9999;27000;1228;MÁQUINAS SECUNDÁRIAS
92;FRIG. AURORA CASTRO;4228;SOPRADOR DE AR 02 ZS55HVSD380V;99986151;ETE;SETOR DE OPERACAO DE ETE      ;8;252955;9999;46039;1228;MÁQUINAS PRINCIPAL
92;FRIG. AURORA CASTRO;4228;SOPRADOR DE AR 02 ZS55HVSD380V - ELEMENTO;99988984;ETE;SETOR DE OPERACAO DE ETE      ;8;252955;9999;46039;1228;MÁQUINAS SECUNDÁRIAS
92;FRIG. AURORA CASTRO;4228;SOPRADOR DE AR 02 ZS55HVSD380V - ELEMENTO - MOTOR;99988983;ETE;SETOR DE OPERACAO DE ETE      ;8;252955;9999;19000;1228;MÁQUINAS SECUNDÁRIAS
92;FRIG. AURORA CASTRO;4228;SOPRADOR DE AR 02 ZS55HVSD380V - QUADRO COMANDO;99993977;ETE;SETOR DE OPERACAO DE ETE      ;8;252955;9999;46013;1228;MÁQUINAS SECUNDÁRIAS
92;FRIG. AURORA CASTRO;4228;SOPRADOR DE AR 02 ZS55HVSD380V - RESFRIADOR AR / ÓLEO;99993978;ETE;SETOR DE OPERACAO DE ETE      ;8;252955;9999;46039;1228;MÁQUINAS SECUNDÁRIAS
92;FRIG. AURORA CASTRO;4228;SOPRADOR DE AR 02 ZS55HVSD380V - SECADOR AR;99993979;ETE;SETOR DE OPERACAO DE ETE      ;8;252955;9999;22015;1228;MÁQUINAS SECUNDÁRIAS
92;FRIG. AURORA CASTRO;4228;SOPRADOR DE AR 02 ZS55HVSD380V - VENTILADOR;99993980;ETE;SETOR DE OPERACAO DE ETE      ;8;252955;9999;27000;1228;MÁQUINAS SECUNDÁRIAS
92;FRIG. AURORA CASTRO;4228;SOPRADOR DE AR 03 ZS55HVSD380V;99986153;ETE;SETOR DE OPERACAO DE ETE      ;8;252956;9999;46039;1228;MÁQUINAS PRINCIPAL
92;FRIG. AURORA CASTRO;4228;SOPRADOR DE AR 03 ZS55HVSD380V - ELEMENTO;99988986;ETE;SETOR DE OPERACAO DE ETE      ;8;252956;9999;46039;1228;MÁQUINAS SECUNDÁRIAS
92;FRIG. AURORA CASTRO;4228;SOPRADOR DE AR 03 ZS55HVSD380V - ELEMENTO - MOTOR;99988985;ETE;SETOR DE OPERACAO DE ETE      ;8;252956;9999;19000;1228;MÁQUINAS SECUNDÁRIAS
92;FRIG. AURORA CASTRO;4228;SOPRADOR DE AR 03 ZS55HVSD380V - QUADRO COMANDO;99993981;ETE;SETOR DE OPERACAO DE ETE      ;8;252956;9999;46013;1228;MÁQUINAS SECUNDÁRIAS
92;FRIG. AURORA CASTRO;4228;SOPRADOR DE AR 03 ZS55HVSD380V - RESFRIADOR AR / ÓLEO;99993982;ETE;SETOR DE OPERACAO DE ETE      ;8;252956;9999;46039;1228;MÁQUINAS SECUNDÁRIAS
92;FRIG. AURORA CASTRO;4228;SOPRADOR DE AR 03 ZS55HVSD380V - SECADOR AR;99993983;ETE;SETOR DE OPERACAO DE ETE      ;8;252956;9999;22015;1228;MÁQUINAS SECUNDÁRIAS
92;FRIG. AURORA CASTRO;4228;SOPRADOR DE AR 03 ZS55HVSD380V - VENTILADOR;99993984;ETE;SETOR DE OPERACAO DE ETE      ;8;252956;9999;27000;1228;MÁQUINAS SECUNDÁRIAS
92;FRIG. AURORA CASTRO;4228;SUBESTACAO DE ENERGIA SOPRADORES (SU1701000004);99986168;SFL;SUBSTACAO FORCA E LUZ         ;6;;9999;1013;1295;MÁQUINAS PRINCIPAL
92;FRIG. AURORA CASTRO;4228;SUBESTAÇÃO DE ENERGIA 138KV (SU1701000001);99986164;SFL;SUBSTACAO FORCA E LUZ         ;6;;9999;1012;1295;MÁQUINAS PRINCIPAL
92;FRIG. AURORA CASTRO;4228;SUBESTAÇÃO DE ENERGIA ABSORÇÃO  (SU1701000003);99986167;SFL;SUBSTACAO FORCA E LUZ         ;6;;9999;1013;1295;MÁQUINAS PRINCIPAL
92;FRIG. AURORA CASTRO;4228;SUBESTAÇÃO DE ENERGIA ADMINISTRATIVO (SU1701000002);99986166;SFL;SUBSTACAO FORCA E LUZ         ;6;;9999;1012;1295;MÁQUINAS PRINCIPAL
92;FRIG. AURORA CASTRO;4228;SUBESTAÇÃO DE ENERGIA ALIMENTADORA INDUSTRIA  (SU1701000006);99986170;SFL;SUBSTACAO FORCA E LUZ         ;6;;9999;1013;1295;MÁQUINAS PRINCIPAL
92;FRIG. AURORA CASTRO;4228;SUBESTAÇÃO DE ENERGIA SALA DE MÁQUINAS  (SU1701000005);99986169;SFL;SUBSTACAO FORCA E LUZ         ;6;;9999;1013;1295;MÁQUINAS PRINCIPAL
92;FRIG. AURORA CASTRO;4228;SUPERAQUECEDOR DE GAS - SALA DE MAQUINAS (AS1701000001);99986066;GEF;SETOR DE OPERACAO DE FRIO     ;6;;9999;11000;1210;MÁQUINAS PRINCIPAL
92;FRIG. AURORA CASTRO;4228;TALHA ELÉTRICA SANGRIA E PENDURA WORKER;1747;ABT;SETOR ABATE/RESFRIAMENTO      ;6;253962;9999;25006;2488;MÁQUINAS PRINCIPAL
92;FRIG. AURORA CASTRO;4228;TANQUE ACUM SALM. CAP. 1000L METALQUIMIA (TA1701000013);99986219;PRU;SETOR DE PRESUNTARIA          ;6;257242;9999;25005;2291;MÁQUINAS PRINCIPAL
92;FRIG. AURORA CASTRO;4228;TANQUE ACUMULADOR DE SALMOURA 1000L - BOMBA;5675;PRU;SETOR DE PRESUNTARIA          ;8;257242;9999;23007;2291;MÁQUINAS SECUNDÁRIAS
92;FRIG. AURORA CASTRO;4228;TANQUE ACÚMULO DE MUCOSA 01 (ANDAR INFERIOR);1116;BET;SETOR BENEFICIAMENTO DE TRIPA ;6;254111;9999;29008;2232;MÁQUINAS PRINCIPAL
92;FRIG. AURORA CASTRO;4228;TANQUE ACÚMULO DE MUCOSA 02 (ANDAR INFERIOR);1117;BET;SETOR BENEFICIAMENTO DE TRIPA ;6;0;9999;23008;2232;OUTROS
92;FRIG. AURORA CASTRO;4228;TANQUE AGITADOR DE SALMORA 1 HIGHTECH;99985931;SFR;SETOR EMBUTIDOS FRESCAIS      ;6;256992;9999;23007;4057;MÁQUINAS PRINCIPAL
92;FRIG. AURORA CASTRO;4228;TANQUE AGITADOR DE SALMORA 1 HIGHTECH - MOTOR;3672;SFR;SETOR EMBUTIDOS FRESCAIS      ;8;256992;9999;36008;4057;MÁQUINAS SECUNDÁRIAS
92;FRIG. AURORA CASTRO;4228;TANQUE AGITADOR DE SALMORA 2 HIGHTECH;99985936;SFR;SETOR EMBUTIDOS FRESCAIS      ;6;256993;9999;23007;4057;MÁQUINAS SECUNDÁRIAS
92;FRIG. AURORA CASTRO;4228;TANQUE AGITADOR DE SALMORA 2 HIGHTECH - MOTOR;3673;SFR;SETOR EMBUTIDOS FRESCAIS      ;8;256993;9999;36008;4057;MÁQUINAS SECUNDÁRIAS
92;FRIG. AURORA CASTRO;4228;TANQUE AGITADOR DE SALMOURA BRINMIX;99986226;PRU;SETOR DE PRESUNTARIA          ;6;257224;9999;25005;2291;MÁQUINAS PRINCIPAL
92;FRIG. AURORA CASTRO;4228;TANQUE AGITADOR DE SALMOURA BRINMIX - BOMBA;5677;PRU;SETOR DE PRESUNTARIA          ;8;257224;9999;23008;2291;MÁQUINAS SECUNDÁRIAS
92;FRIG. AURORA CASTRO;4228;TANQUE AGITADOR DE SALMOURA BRINMIX - SISTEMA ELETRICO;5676;PRU;SETOR DE PRESUNTARIA          ;8;257224;9999;23008;2291;MÁQUINAS SECUNDÁRIAS
92;FRIG. AURORA CASTRO;4228;TANQUE COLETOR DE OLEO - SAIDA MOEGA PULMAO  (TA1704000008);99985551;FFG;SETOR DE FABRICA DE FARINHAS E GORDURAS;6;;9999;23008;2330;MÁQUINAS PRINCIPAL
92;FRIG. AURORA CASTRO;4228;TANQUE COLETOR DE OLEO - SAIDA PRENSA  (TA1704000007);99985550;FFG;SETOR DE FABRICA DE FARINHAS E GORDURAS;6;;9999;23008;2330;MÁQUINAS PRINCIPAL
92;FRIG. AURORA CASTRO;4228;TANQUE COLETOR DE OLEO 0,5 M³ TOV-0,5 - RECEBE TCO-05 (TA1704000005);99985546;FFG;SETOR DE FABRICA DE FARINHAS E GORDURAS;6;;9999;23008;2330;MÁQUINAS PRINCIPAL
92;FRIG. AURORA CASTRO;4228;TANQUE COLETOR DE OLEO 3M³ (TA1704000003);99985543;FFG;SETOR DE FABRICA DE FARINHAS E GORDURAS;6;;9999;23008;2330;MÁQUINAS PRINCIPAL
92;FRIG. AURORA CASTRO;4228;TANQUE COLETOR DE OLEO 3M³ (TA1704000004);99985545;FFG;SETOR DE FABRICA DE FARINHAS E GORDURAS;6;;9999;23008;2330;MÁQUINAS PRINCIPAL
92;FRIG. AURORA CASTRO;4228;TANQUE COLETOR PARA DEPILADORA - GALERIA TECNICA 84079358 (TA1701000004);99986471;GRX;SETOR SUB PRODUTOS GRAXARIA   ;6;;9999;23008;2330;MÁQUINAS PRINCIPAL
92;FRIG. AURORA CASTRO;4228;TANQUE COZIMENTO DE GORDURA;99986159;ETE;SETOR DE OPERACAO DE ETE      ;6;0;9999;23008;1228;OUTROS
92;FRIG. AURORA CASTRO;4228;TANQUE COZIMENTO DE GORDURA - BOMBA NEMO NM045BY01L07V 01;99994795;ETE;SETOR DE OPERACAO DE ETE      ;6;0;9999;6000;1228;OUTROS
92;FRIG. AURORA CASTRO;4228;TANQUE COZIMENTO DE GORDURA - BOMBA NEMO NM045BY01L07V 02;99994796;ETE;SETOR DE OPERACAO DE ETE      ;6;0;9999;6000;1228;OUTROS
92;FRIG. AURORA CASTRO;4228;TANQUE DE ACUMULO DE BORRA 2600 (TAN1701000004);99986160;ETE;SETOR DE OPERACAO DE ETE      ;6;;9999;23008;1228;MÁQUINAS PRINCIPAL
92;FRIG. AURORA CASTRO;4228;TANQUE DE AQUECER TRIPAS PARA POLYCLIP FCA80;99986287;CUR;SETOR EMB CURADOS             ;6;1;9999;35008;5525;MÁQUINAS PRINCIPAL
92;FRIG. AURORA CASTRO;4228;TANQUE DE CLORO (TA1701000018);99985895;ETA;SETOR DE OPERACAO DE ETA      ;6;;9999;23008;1244;MÁQUINAS PRINCIPAL
92;FRIG. AURORA CASTRO;4228;TANQUE DE CONTENCAO DE FARINHA (TA1704000001);99985536;FFG;SETOR DE FABRICA DE FARINHAS E GORDURAS;6;;9999;23008;2330;MÁQUINAS PRINCIPAL
92;FRIG. AURORA CASTRO;4228;TANQUE DE ESCALDAGEM SULMAQ;99985370;ABT;SETOR ABATE/RESFRIAMENTO      ;8;253974;9999;13007;2488;MÁQUINAS PRINCIPAL
92;FRIG. AURORA CASTRO;4228;TANQUE DE ESCALDAGEM SULMAQ - MOTOBOMBA;1369;ABT;SETOR ABATE/RESFRIAMENTO      ;6;253974;9999;13007;2488;MÁQUINAS SECUNDÁRIAS
92;FRIG. AURORA CASTRO;4228;TANQUE DE ESCALDAGEM SULMAQ - MOTOBOMBA - MOTOR;99988598;ABT;SETOR ABATE/RESFRIAMENTO      ;4;253974;9999;19001;2488;MÁQUINAS SECUNDÁRIAS
92;FRIG. AURORA CASTRO;4228;TANQUE DE ESCALDAGEM SULMAQ - PAINEL DE CONTROLE DE TEMPERATURA 01;1357;ABT;SETOR ABATE/RESFRIAMENTO      ;6;253974;9999;13007;2488;MÁQUINAS SECUNDÁRIAS
92;FRIG. AURORA CASTRO;4228;TANQUE DE ESCALDAGEM SULMAQ - PAINEL DE CONTROLE DE TEMPERATURA 02;1358;ABT;SETOR ABATE/RESFRIAMENTO      ;6;253974;9999;13007;2488;MÁQUINAS SECUNDÁRIAS
92;FRIG. AURORA CASTRO;4228;TANQUE DE ESCALDAGEM SULMAQ - PAINEL DE CONTROLE DE TEMPERATURA 03;1359;ABT;SETOR ABATE/RESFRIAMENTO      ;6;253974;9999;13007;2488;MÁQUINAS SECUNDÁRIAS
92;FRIG. AURORA CASTRO;4228;TANQUE DE ESCALDAGEM SULMAQ - PAINEL DE CONTROLE DE TEMPERATURA 04;1360;ABT;SETOR ABATE/RESFRIAMENTO      ;6;253974;9999;13007;2488;MÁQUINAS SECUNDÁRIAS
92;FRIG. AURORA CASTRO;4228;TANQUE DE ESCALDAGEM SULMAQ - PAINEL DE CONTROLE DE TEMPERATURA 05;1361;ABT;SETOR ABATE/RESFRIAMENTO      ;6;253974;9999;13007;2488;MÁQUINAS SECUNDÁRIAS
92;FRIG. AURORA CASTRO;4228;TANQUE DE ESCALDAGEM SULMAQ - PAINEL DE CONTROLE DE TEMPERATURA 06;1362;ABT;SETOR ABATE/RESFRIAMENTO      ;6;253974;9999;13007;2488;MÁQUINAS SECUNDÁRIAS
92;FRIG. AURORA CASTRO;4228;TANQUE DE ESCALDAGEM SULMAQ - PAINEL DE CONTROLE DE TEMPERATURA 07;3571;ABT;SETOR ABATE/RESFRIAMENTO      ;6;253974;9999;21008;2488;MÁQUINAS SECUNDÁRIAS
92;FRIG. AURORA CASTRO;4228;TANQUE DE ESCALDAGEM SULMAQ - SISTEMA DE SEGURANÇA;1364;ABT;SETOR ABATE/RESFRIAMENTO      ;6;253974;9999;13007;2488;MÁQUINAS SECUNDÁRIAS
92;FRIG. AURORA CASTRO;4228;TANQUE DE ESCALDAGEM SULMAQ - SISTEMA ELÉTRICO;1363;ABT;SETOR ABATE/RESFRIAMENTO      ;6;253974;9999;13007;2488;MÁQUINAS SECUNDÁRIAS
92;FRIG. AURORA CASTRO;4228;TANQUE DE ESCALDAGEM SULMAQ - SISTEMA PNEUMÁTICO;1365;ABT;SETOR ABATE/RESFRIAMENTO      ;6;253974;9999;13007;2488;MÁQUINAS SECUNDÁRIAS
92;FRIG. AURORA CASTRO;4228;TANQUE DE HIDRATACAO DE TRIPAS;99992758;PRU;SETOR DE PRESUNTARIA          ;2;0;9999;21008;2291;OUTROS
92;FRIG. AURORA CASTRO;4228;TANQUE DE LÍDUIDOS 900L (BAIXO) (TAN1701000010);99986129;ETE;SETOR DE OPERACAO DE ETE      ;6;;9999;23008;1228;MÁQUINAS PRINCIPAL
92;FRIG. AURORA CASTRO;4228;TANQUE DE LÍQUIDOS 900L (CIMA) (TAN1701000009);99986126;ETE;SETOR DE OPERACAO DE ETE      ;6;;9999;23008;1228;MÁQUINAS PRINCIPAL
92;FRIG. AURORA CASTRO;4228;TANQUE DE MICROBOLHAS 1100 1 (TAN1701000002);99986156;ETE;SETOR DE OPERACAO DE ETE      ;6;;9999;23008;1228;MÁQUINAS PRINCIPAL
92;FRIG. AURORA CASTRO;4228;TANQUE DE MICROBOLHAS 1100 2 (TAN1701000003);99986157;ETE;SETOR DE OPERACAO DE ETE      ;6;;9999;29003;1228;MÁQUINAS PRINCIPAL
92;FRIG. AURORA CASTRO;4228;TANQUE DE OLEO ACIDO 01 (TAN1701000007);99986118;ETE;SETOR DE OPERACAO DE ETE      ;6;;9999;21007;1228;MÁQUINAS PRINCIPAL
92;FRIG. AURORA CASTRO;4228;TANQUE DE OLEO ACIDO 02 (TAN1701000008);99986130;ETE;SETOR DE OPERACAO DE ETE      ;6;;9999;21007;1228;MÁQUINAS PRINCIPAL
92;FRIG. AURORA CASTRO;4228;TANQUE DE POLIMEROS 1 (TAN1701000011);99986132;ETE;SETOR DE OPERACAO DE ETE      ;6;;9999;23008;1228;MÁQUINAS PRINCIPAL
92;FRIG. AURORA CASTRO;4228;TANQUE DE POLIMEROS 2 (TAN1701000013);99986127;ETE;SETOR DE OPERACAO DE ETE      ;6;;9999;23008;1228;MÁQUINAS PRINCIPAL
92;FRIG. AURORA CASTRO;4228;TANQUE DE SALMORA BACON GUNTHER GMA 1500K;99985461;DEF;SETOR DEFUMADOS               ;8;257391;9999;38009;2496;MÁQUINAS PRINCIPAL
92;FRIG. AURORA CASTRO;4228;TANQUE DE SALMORA BACON GUNTHER GMA 1500K - MISTURADOR - MOTOR;2900;DEF;SETOR DEFUMADOS               ;8;257391;9999;38009;2496;MÁQUINAS SECUNDÁRIAS
92;FRIG. AURORA CASTRO;4228;TANQUE DE SALMORA BACON GUNTHER GMA 1500K - MOTOBOMBA;2897;DEF;SETOR DEFUMADOS               ;8;257391;9999;38009;2496;MÁQUINAS SECUNDÁRIAS
92;FRIG. AURORA CASTRO;4228;TANQUE DE SANGUE EM INOX 10 M³ (TA1704000002);99985540;FFG;SETOR DE FABRICA DE FARINHAS E GORDURAS;6;;9999;23008;2330;MÁQUINAS PRINCIPAL
92;FRIG. AURORA CASTRO;4228;TANQUE DE SANGUE INOX 0,5 M³ SAIDA DECANTER (TA1704000006);99985549;FFG;SETOR DE FABRICA DE FARINHAS E GORDURAS;6;;9999;23008;2330;MÁQUINAS PRINCIPAL
92;FRIG. AURORA CASTRO;4228;TANQUE DE SANITIZAÇÃO;99997002;REC;SETOR DE RECEPCAO             ;6;0;9999;23008;2216;OUTROS
92;FRIG. AURORA CASTRO;4228;TANQUE DE SANITIZAÇÃO - MOTOBOMBA;99997003;REC;SETOR DE RECEPCAO             ;6;0;9999;19000;2216;OUTROS
92;FRIG. AURORA CASTRO;4228;TANQUE DE SANITIZAÇÃO - SISTEMA ELÉTRICO;99997004;REC;SETOR DE RECEPCAO             ;6;0;9999;23008;2216;OUTROS
92;FRIG. AURORA CASTRO;4228;TANQUE DE SULFATO 1 (TAN1701000012);99986131;ETE;SETOR DE OPERACAO DE ETE      ;6;;9999;23008;1228;MÁQUINAS PRINCIPAL
92;FRIG. AURORA CASTRO;4228;TANQUE DE SULFATO 2 (TAN1701000014);99986111;ETE;SETOR DE OPERACAO DE ETE      ;1;;9999;23008;1228;MÁQUINAS PRINCIPAL
92;FRIG. AURORA CASTRO;4228;TANQUE DUPLO  HIDRATAÇÃO DE TRIPAS (TA1701000006);99986052;SFR;SETOR EMBUTIDOS FRESCAIS      ;6;;9999;23007;4057;MÁQUINAS PRINCIPAL
92;FRIG. AURORA CASTRO;4228;TANQUE EQUALIZAÇÃO - AGITADOR;99999035;SGB;SETOR GERAÇÃO BIOGAS;6;0;9999;38009;2321;OUTROS
92;FRIG. AURORA CASTRO;4228;TANQUE EXTERNO MEDIDOR DE MUCOSA;1114;BET;SETOR BENEFICIAMENTO DE TRIPA ;6;0;9999;23008;2232;OUTROS
92;FRIG. AURORA CASTRO;4228;TANQUE EXTERNO MEDIDOR DE MUCOSA - BOMBA;1115;BET;SETOR BENEFICIAMENTO DE TRIPA ;6;0;9999;23008;2232;OUTROS
92;FRIG. AURORA CASTRO;4228;TANQUE IMERSÃO CESTAS SUJAS MAGMAK;99985456;LBM;SETOR LAVAGEM BACIAS/MONOBLOCO;4;;9999;5013;2470;MÁQUINAS PRINCIPAL
92;FRIG. AURORA CASTRO;4228;TANQUE METABISSULFITO;99996254;BET;SETOR BENEFICIAMENTO DE TRIPA ;6;0;9999;23008;2232;OUTROS
92;FRIG. AURORA CASTRO;4228;TANQUE METABISSULFITO - MOTOR (AGITADOR);1111;BET;SETOR BENEFICIAMENTO DE TRIPA ;6;0;9999;23008;2232;OUTROS
92;FRIG. AURORA CASTRO;4228;TANQUE METABISSULFITO - SISTEMA ELÉTRICO;99998707;BET;SETOR BENEFICIAMENTO DE TRIPA ;6;0;9999;23008;2232;OUTROS
92;FRIG. AURORA CASTRO;4228;TANQUE PELO E CASCO 1,5 M³ - PRESTATTI - GALERIA TECNICA TPA-5 (TA1701000007);99986472;GRX;SETOR SUB PRODUTOS GRAXARIA   ;6;;9999;23008;2330;MÁQUINAS PRINCIPAL
92;FRIG. AURORA CASTRO;4228;TANQUE POLIETILENO BARRILHA 01 (TA1701000011);99985889;ETA;SETOR DE OPERACAO DE ETA      ;6;;9999;23008;1244;MÁQUINAS PRINCIPAL
92;FRIG. AURORA CASTRO;4228;TANQUE POLIETILENO BARRILHA 02 (TA1701000015);99985893;ETA;SETOR DE OPERACAO DE ETA      ;6;;9999;23008;1244;MÁQUINAS PRINCIPAL
92;FRIG. AURORA CASTRO;4228;TANQUE POLIETILENO DE HIPOCLORITO (TA1701000002);99985881;ETA;SETOR DE OPERACAO DE ETA      ;6;;9999;23008;1244;MÁQUINAS PRINCIPAL
92;FRIG. AURORA CASTRO;4228;TANQUE POLIETILENO DE SULFATO 01 (TA1701000005);99985883;ETA;SETOR DE OPERACAO DE ETA      ;6;;9999;23008;1244;MÁQUINAS PRINCIPAL
92;FRIG. AURORA CASTRO;4228;TANQUE POLIETILENO DE SULFATO 02 (TA1701000008);99985887;ETA;SETOR DE OPERACAO DE ETA      ;6;;9999;23008;1244;MÁQUINAS PRINCIPAL
92;FRIG. AURORA CASTRO;4228;TANQUES DE COZIMENTO METALQUIMIA;99986213;PRU;SETOR DE PRESUNTARIA          ;6;252923;9999;25005;2291;MÁQUINAS PRINCIPAL
92;FRIG. AURORA CASTRO;4228;TANQUES DE COZIMENTO METALQUIMIA - SISTEMA DE SEGURANÇA;5679;PRU;SETOR DE PRESUNTARIA          ;8;252923;9999;7004;2291;MÁQUINAS SECUNDÁRIAS
92;FRIG. AURORA CASTRO;4228;TANQUES DE COZIMENTO METALQUIMIA - SISTEMA ELETRICO;5678;PRU;SETOR DE PRESUNTARIA          ;8;252923;9999;7004;2291;MÁQUINAS SECUNDÁRIAS
92;FRIG. AURORA CASTRO;4228;TEMÔMETRO ESPETO;99990363;EMB;SETOR EMBALAGEM               ;1;0;8;1;4138;EQUIPAMENTOS
92;FRIG. AURORA CASTRO;4228;TEMÔMETRO INFRAVERMELHO;99994264;EXD;EXPEDICAO                     ;1;0;13;3;2348;EQUIPAMENTOS
92;FRIG. AURORA CASTRO;4228;TENDERIZADORA GT-600 S GUNTHER;99997042;PRU;SETOR DE PRESUNTARIA          ;6;269374;9999;5010;2291;MÁQUINAS PRINCIPAL
92;FRIG. AURORA CASTRO;4228;TENDERIZADORA GT-600 S GUNTHER - MOTOREDUTOR;99997043;PRU;SETOR DE PRESUNTARIA          ;6;269374;9999;18000;2291;MÁQUINAS SECUNDÁRIAS
92;FRIG. AURORA CASTRO;4228;TENDERIZADORA GT-600 S GUNTHER - SISTEMA DE SEGURANÇA;5819;PRU;SETOR DE PRESUNTARIA          ;8;269374;9999;32021;2291;MÁQUINAS SECUNDÁRIAS
92;FRIG. AURORA CASTRO;4228;TENDERIZADORA GT-600 S GUNTHER - SISTEMA ELÉTRICO;99997045;PRU;SETOR DE PRESUNTARIA          ;6;269374;9999;5010;2291;MÁQUINAS SECUNDÁRIAS
92;FRIG. AURORA CASTRO;4228;TERMINAL DE PESAGEM 2 (EMBALAGEM SECUNDARIA);99986930;EMB;SETOR EMBALAGEM               ;6;1;9999;1600;4138;MÁQUINAS PRINCIPAL
92;FRIG. AURORA CASTRO;4228;TERMINAL DE PESAGEM 3 (EMBALAGEM SECUNDARIA);99986931;EMB;SETOR EMBALAGEM               ;6;1;9999;1600;4138;MÁQUINAS PRINCIPAL
92;FRIG. AURORA CASTRO;4228;TERMO-HIGRÔMETRO;99998562;CQL;SETOR CONTROLE DE QUALIDADE   ;1;0;1;4;1759;EQUIPAMENTOS
92;FRIG. AURORA CASTRO;4228;TERMO-HIGRÔMETRO;99998550;ABT;SETOR ABATE/RESFRIAMENTO      ;1;0;7;4;2488;EQUIPAMENTOS
92;FRIG. AURORA CASTRO;4228;TERMOFORMADORA À VÁCUO MULTIVAC F200;99986149;STP;SETOR DE TEMPERADOS E PORCIONADOS;8;257037;9999;33000;4669;MÁQUINAS PRINCIPAL
92;FRIG. AURORA CASTRO;4228;TERMOFORMADORA À VÁCUO MULTIVAC F200;99987916;SEI;SETOR EMB INDUSTRIALIZADOS    ;8;258014;9999;33000;5345;MÁQUINAS PRINCIPAL
92;FRIG. AURORA CASTRO;4228;TERMOFORMADORA À VÁCUO MULTIVAC F200;99985943;SFT;SETOR DE FATIADOS             ;8;258054;9999;33000;4600;MÁQUINAS PRINCIPAL
92;FRIG. AURORA CASTRO;4228;TERMOFORMADORA À VÁCUO MULTIVAC F200 - SISITEMA DE SEGURANÇA;4820;CUR;SETOR EMB CURADOS             ;8;258864;9999;46001;5525;MÁQUINAS SECUNDÁRIAS
92;FRIG. AURORA CASTRO;4228;TERMOFORMADORA À VÁCUO MULTIVAC F200 - SISITEMA ELETRICO;4819;CUR;SETOR EMB CURADOS             ;6;258864;9999;46001;5525;MÁQUINAS SECUNDÁRIAS
92;FRIG. AURORA CASTRO;4228;TERMOFORMADORA À VÁCUO MULTIVAC F200 - SISTEMA DE VACUO;4227;SFT;SETOR DE FATIADOS             ;8;258054;9999;46001;4600;MÁQUINAS SECUNDÁRIAS
92;FRIG. AURORA CASTRO;4228;TERMOFORMADORA À VÁCUO MULTIVAC F200 - SISTEMA DE VACUO;4116;STP;SETOR DE TEMPERADOS E PORCIONADOS;8;257037;9999;46001;4669;MÁQUINAS SECUNDÁRIAS
92;FRIG. AURORA CASTRO;4228;TERMOFORMADORA À VÁCUO MULTIVAC F200 - SISTEMA DE VACUO;4356;SEI;SETOR EMB INDUSTRIALIZADOS    ;8;258014;9999;46001;5345;MÁQUINAS SECUNDÁRIAS
92;FRIG. AURORA CASTRO;4228;TERMOFORMADORA À VÁCUO MULTIVAC F200 - SISTEMA PENEUMATICO;4117;STP;SETOR DE TEMPERADOS E PORCIONADOS;8;257037;9999;46001;4669;MÁQUINAS SECUNDÁRIAS
92;FRIG. AURORA CASTRO;4228;TERMOFORMADORA À VÁCUO MULTIVAC F200 - SISTEMA PENEUMATICO;4228;SFT;SETOR DE FATIADOS             ;8;258054;9999;46001;4600;MÁQUINAS SECUNDÁRIAS
92;FRIG. AURORA CASTRO;4228;TERMOFORMADORA À VÁCUO MULTIVAC F200 - SISTEMA PENEUMATICO;4357;SEI;SETOR EMB INDUSTRIALIZADOS    ;8;258014;9999;46001;5345;MÁQUINAS SECUNDÁRIAS
92;FRIG. AURORA CASTRO;4228;TERMOFORMADORA À VÁCUO MULTIVAC F200 - SISTRMA DE SEGURANÇA;4226;SFT;SETOR DE FATIADOS             ;8;258054;9999;46001;4600;MÁQUINAS SECUNDÁRIAS
92;FRIG. AURORA CASTRO;4228;TERMOFORMADORA À VÁCUO MULTIVAC F200 - SISTRMA DE SEGURANÇA;4115;STP;SETOR DE TEMPERADOS E PORCIONADOS;8;257037;9999;46001;4669;MÁQUINAS SECUNDÁRIAS
92;FRIG. AURORA CASTRO;4228;TERMOFORMADORA À VÁCUO MULTIVAC F200 - SISTRMA DE SEGURANÇA;4355;SEI;SETOR EMB INDUSTRIALIZADOS    ;8;258014;9999;46001;5345;MÁQUINAS SECUNDÁRIAS
92;FRIG. AURORA CASTRO;4228;TERMOFORMADORA À VÁCUO MULTIVAC F200 - SISTRMA ELETRICO;4225;SFT;SETOR DE FATIADOS             ;8;258054;9999;46001;4600;MÁQUINAS SECUNDÁRIAS
92;FRIG. AURORA CASTRO;4228;TERMOFORMADORA À VÁCUO MULTIVAC F200 - SISTRMA ELETRICO;3674;STP;SETOR DE TEMPERADOS E PORCIONADOS;6;257037;9999;33000;4669;MÁQUINAS SECUNDÁRIAS
92;FRIG. AURORA CASTRO;4228;TERMOFORMADORA À VÁCUO MULTIVAC F200 - SISTRMA ELETRICO;4352;SEI;SETOR EMB INDUSTRIALIZADOS    ;8;258014;9999;46001;5345;MÁQUINAS SECUNDÁRIAS
92;FRIG. AURORA CASTRO;4228;TERMOFORMADORA À VÁCUO MULTIVAC R145;99985841;SEI;SETOR EMB INDUSTRIALIZADOS    ;8;258015;9999;33000;5345;MÁQUINAS PRINCIPAL
92;FRIG. AURORA CASTRO;4228;TERMOFORMADORA À VÁCUO MULTIVAC R145;99986399;CUR;SETOR EMB CURADOS             ;8;258864;9999;33000;5525;MÁQUINAS PRINCIPAL
92;FRIG. AURORA CASTRO;4228;TERMOFORMADORA À VÁCUO MULTIVAC R145 - SISTEMA DE VACUO;4334;SEI;SETOR EMB INDUSTRIALIZADOS    ;8;258015;9999;46001;5345;MÁQUINAS SECUNDÁRIAS
92;FRIG. AURORA CASTRO;4228;TERMOFORMADORA À VÁCUO MULTIVAC R145 - SISTEMA PENEUMATICO;4335;SEI;SETOR EMB INDUSTRIALIZADOS    ;8;258015;9999;46001;5345;MÁQUINAS SECUNDÁRIAS
92;FRIG. AURORA CASTRO;4228;TERMOFORMADORA À VÁCUO MULTIVAC R145 - SISTRMA DE SEGURANÇA;4333;SEI;SETOR EMB INDUSTRIALIZADOS    ;8;258015;9999;46001;5345;MÁQUINAS SECUNDÁRIAS
92;FRIG. AURORA CASTRO;4228;TERMOFORMADORA À VÁCUO MULTIVAC R145 - SISTRMA ELETRICO;4332;SEI;SETOR EMB INDUSTRIALIZADOS    ;8;258015;9999;46001;5345;MÁQUINAS SECUNDÁRIAS
92;FRIG. AURORA CASTRO;4228;TERMOFORMADORA À VÁCUO MULTIVAC R535;99986259;PRU;SETOR DE PRESUNTARIA          ;8;257132;9999;33000;2291;MÁQUINAS PRINCIPAL
92;FRIG. AURORA CASTRO;4228;TERMOFORMADORA À VÁCUO MULTIVAC R535 - SISTEMA DE SEGURANÇA;5170;PRU;SETOR DE PRESUNTARIA          ;6;257132;9999;46001;2291;MÁQUINAS SECUNDÁRIAS
92;FRIG. AURORA CASTRO;4228;TERMOFORMADORA À VÁCUO MULTIVAC R535 - SISTEMA DE VACUO;5821;PRU;SETOR DE PRESUNTARIA          ;8;257132;9999;46001;2291;MÁQUINAS SECUNDÁRIAS
92;FRIG. AURORA CASTRO;4228;TERMOFORMADORA À VÁCUO MULTIVAC R535 - SISTEMA ELETRICO;5820;PRU;SETOR DE PRESUNTARIA          ;8;257132;9999;46001;2291;MÁQUINAS SECUNDÁRIAS
92;FRIG. AURORA CASTRO;4228;TERMOHIGRÔMETRO;99996800;SIF;SETOR INSP. FEDERAL DIPOA     ;1;0;1;4;1767;EQUIPAMENTOS
92;FRIG. AURORA CASTRO;4228;TERMOHIGRÔMETRO;99993102;CUR;SETOR EMB CURADOS             ;1;0;1;4;5525;EQUIPAMENTOS
92;FRIG. AURORA CASTRO;4228;TERMOHIGRÔMETRO;99996799;SIF;SETOR INSP. FEDERAL DIPOA     ;1;0;1;4;1767;EQUIPAMENTOS
92;FRIG. AURORA CASTRO;4228;TERMOHIGRÔMETRO;99996798;SIF;SETOR INSP. FEDERAL DIPOA     ;1;0;1;4;1767;EQUIPAMENTOS
92;FRIG. AURORA CASTRO;4228;TERMOMETRO;5885;ABT;SETOR ABATE/RESFRIAMENTO      ;1;0;1;30;2488;EQUIPAMENTOS
92;FRIG. AURORA CASTRO;4228;TERMOMETRO ANALÓGICO;6966;REC;SETOR DE RECEPCAO             ;1;0;1;30;2216;EQUIPAMENTOS
92;FRIG. AURORA CASTRO;4228;TERMOMETRO DIGITAL PORTATILUIC_004;99985973;EXD;EXPEDICAO                     ;4;;9999;41005;2348;MÁQUINAS PRINCIPAL
92;FRIG. AURORA CASTRO;4228;TERMOMETRO DIGITAL PORTATILUIC_374;99985974;EXD;EXPEDICAO                     ;4;;9999;41005;2348;MÁQUINAS PRINCIPAL
92;FRIG. AURORA CASTRO;4228;TERMOMETRO DIGITAL PORTATILUIC_509;99985975;EXD;EXPEDICAO                     ;4;;9999;41005;2348;MÁQUINAS PRINCIPAL
92;FRIG. AURORA CASTRO;4228;TERMOMETRO DIGITAL PORTATILUIC_574;99985976;EXD;EXPEDICAO                     ;4;;9999;41005;2348;MÁQUINAS PRINCIPAL
92;FRIG. AURORA CASTRO;4228;TERMOMETRO DIGITAL PORTATILUIC_575 BACON (TER1701000111);99985508;DEF;SETOR DEFUMADOS               ;4;0;1;1;2496;MÁQUINAS PRINCIPAL
92;FRIG. AURORA CASTRO;4228;TERMOMETRO DIGITAL PORTATILUIC_605;99985978;EXD;EXPEDICAO                     ;4;;9999;41005;2348;MÁQUINAS PRINCIPAL
92;FRIG. AURORA CASTRO;4228;TERMOMETRO DIGITAL PORTATILUIC_607;99985979;EXD;EXPEDICAO                     ;4;;9999;41005;2348;MÁQUINAS PRINCIPAL
92;FRIG. AURORA CASTRO;4228;TERMOMETRO DIGITAL PORTATILUIC_644;99985981;EXD;EXPEDICAO                     ;4;;9999;41005;2348;MÁQUINAS PRINCIPAL
92;FRIG. AURORA CASTRO;4228;TERMOMETRO DIGITAL PORTATILUIC_647;99985983;EXD;EXPEDICAO                     ;4;;9999;41005;2348;MÁQUINAS PRINCIPAL
92;FRIG. AURORA CASTRO;4228;TERMOMETRO DIGITAL PORTATILUIC_648;99985986;EXD;EXPEDICAO                     ;4;;9999;41005;2348;MÁQUINAS PRINCIPAL
92;FRIG. AURORA CASTRO;4228;TERMOMETRO DIGITAL PORTATILUIC_649;99985987;EXD;EXPEDICAO                     ;4;;9999;41005;2348;MÁQUINAS PRINCIPAL
92;FRIG. AURORA CASTRO;4228;TERMOMETRO DIGITAL PORTATILUIC_650;99985991;EXD;EXPEDICAO                     ;4;;9999;41005;2348;MÁQUINAS PRINCIPAL
92;FRIG. AURORA CASTRO;4228;TERMOMETRO DIGITAL PORTATILUIC_674 - BACON (TER1701000109);99985471;DEF;SETOR DEFUMADOS               ;4;0;1;1;2496;MÁQUINAS PRINCIPAL
92;FRIG. AURORA CASTRO;4228;TERMOMETRO DIGITAL PORTATILUIC_675 BACON (TER1701000110);99985482;DEF;SETOR DEFUMADOS               ;4;0;1;1;2496;MÁQUINAS PRINCIPAL
92;FRIG. AURORA CASTRO;4228;TERMOMETRO DIGITAL PORTATILUIC_687;99985993;EXD;EXPEDICAO                     ;4;;9999;41005;2348;MÁQUINAS PRINCIPAL
92;FRIG. AURORA CASTRO;4228;TERMOMETRO DIGITAL PORTATILUIC_688;99985999;EXD;EXPEDICAO                     ;4;;9999;41005;2348;MÁQUINAS PRINCIPAL
92;FRIG. AURORA CASTRO;4228;TERMOMETRO ESPETO;99987871;EPJ;SETOR DE ESPOSTEJAMENTO       ;1;0;41;1;2224;EQUIPAMENTOS
92;FRIG. AURORA CASTRO;4228;TERMORESISNTÊNCIA PT100;2015;CUR;SETOR EMB CURADOS             ;1;0;1;12;5525;EQUIPAMENTOS
92;FRIG. AURORA CASTRO;4228;TERMORESISNTÊNCIA PT100;99999521;CUR;SETOR EMB CURADOS             ;1;0;1;12;5525;EQUIPAMENTOS
92;FRIG. AURORA CASTRO;4228;TERMORESISTENCIA PT100;99998500;CEB;EMBUTIDOS COZIDOS             ;1;0;1;12;2283;EQUIPAMENTOS
92;FRIG. AURORA CASTRO;4228;TERMORESISTENCIA PT100;99998498;PRU;SETOR DE PRESUNTARIA          ;1;0;1;12;2291;EQUIPAMENTOS
92;FRIG. AURORA CASTRO;4228;TERMORESISTENCIA PT100 - G.S VOLTS  3 FIOS;99999270;MEX;MIUDOS EXTERNOS               ;1;0;1;12;2739;EQUIPAMENTOS
92;FRIG. AURORA CASTRO;4228;TERMORESISTENCIA PT100 METALQUIMIA;99999321;PRU;SETOR DE PRESUNTARIA          ;1;0;1;12;2291;EQUIPAMENTOS
92;FRIG. AURORA CASTRO;4228;TERMORESISTENCIA PT100 METALQUIMIA;99999322;PRU;SETOR DE PRESUNTARIA          ;1;0;1;12;2291;EQUIPAMENTOS
92;FRIG. AURORA CASTRO;4228;TERMORESISTENCIA PT100 METALQUIMIA;99999317;PRU;SETOR DE PRESUNTARIA          ;1;0;1;12;2291;EQUIPAMENTOS
92;FRIG. AURORA CASTRO;4228;TERMORESISTÊNCIA;99993796;FFG;SETOR DE FABRICA DE FARINHAS E GORDURAS;1;0;1;12;2330;EQUIPAMENTOS
92;FRIG. AURORA CASTRO;4228;TERMORESISTÊNCIA;99994817;EST;SETOR DE ESTUFAS              ;1;0;2;12;4588;EQUIPAMENTOS
92;FRIG. AURORA CASTRO;4228;TERMORESISTÊNCIA;99994818;EST;SETOR DE ESTUFAS              ;1;0;2;12;4588;EQUIPAMENTOS
92;FRIG. AURORA CASTRO;4228;TERMORESISTÊNCIA;99994819;EST;SETOR DE ESTUFAS              ;1;0;2;12;4588;EQUIPAMENTOS
92;FRIG. AURORA CASTRO;4228;TERMORESISTÊNCIA;99994820;EST;SETOR DE ESTUFAS              ;1;0;2;12;4588;EQUIPAMENTOS
92;FRIG. AURORA CASTRO;4228;TERMORESISTÊNCIA;99994821;EST;SETOR DE ESTUFAS              ;1;0;2;12;4588;EQUIPAMENTOS
92;FRIG. AURORA CASTRO;4228;TERMORESISTÊNCIA;1304;EPJ;SETOR DE ESPOSTEJAMENTO       ;1;0;1;12;2224;EQUIPAMENTOS
92;FRIG. AURORA CASTRO;4228;TERMORESISTÊNCIA;1306;CUR;SETOR EMB CURADOS             ;1;0;1;12;5525;EQUIPAMENTOS
92;FRIG. AURORA CASTRO;4228;TERMORESISTÊNCIA;99992422;EST;SETOR DE ESTUFAS              ;1;0;2;12;4588;EQUIPAMENTOS
92;FRIG. AURORA CASTRO;4228;TERMORESISTÊNCIA;99992423;EST;SETOR DE ESTUFAS              ;1;0;2;12;4588;EQUIPAMENTOS
92;FRIG. AURORA CASTRO;4228;TERMORESISTÊNCIA;99992424;EST;SETOR DE ESTUFAS              ;1;0;2;12;4588;EQUIPAMENTOS
92;FRIG. AURORA CASTRO;4228;TERMORESISTÊNCIA;99992433;EST;SETOR DE ESTUFAS              ;1;0;2;12;4588;EQUIPAMENTOS
92;FRIG. AURORA CASTRO;4228;TERMORESISTÊNCIA;99992434;EST;SETOR DE ESTUFAS              ;1;0;2;12;4588;EQUIPAMENTOS
92;FRIG. AURORA CASTRO;4228;TERMORESISTÊNCIA;99992436;EST;SETOR DE ESTUFAS              ;1;0;2;12;4588;EQUIPAMENTOS
92;FRIG. AURORA CASTRO;4228;TERMORESISTÊNCIA;99992437;EST;SETOR DE ESTUFAS              ;1;0;2;12;4588;EQUIPAMENTOS
92;FRIG. AURORA CASTRO;4228;TERMORESISTÊNCIA;99992438;EST;SETOR DE ESTUFAS              ;1;0;2;12;4588;EQUIPAMENTOS
92;FRIG. AURORA CASTRO;4228;TERMORESISTÊNCIA;99992439;EST;SETOR DE ESTUFAS              ;1;0;2;12;4588;EQUIPAMENTOS
92;FRIG. AURORA CASTRO;4228;TERMORESISTÊNCIA;99992447;EST;SETOR DE ESTUFAS              ;1;0;2;12;4588;EQUIPAMENTOS
92;FRIG. AURORA CASTRO;4228;TERMORESISTÊNCIA;99992448;EST;SETOR DE ESTUFAS              ;1;0;2;12;4588;EQUIPAMENTOS
92;FRIG. AURORA CASTRO;4228;TERMORESISTÊNCIA;99992449;EST;SETOR DE ESTUFAS              ;1;0;2;12;4588;EQUIPAMENTOS
92;FRIG. AURORA CASTRO;4228;TERMORESISTÊNCIA;99992466;EST;SETOR DE ESTUFAS              ;1;0;2;12;4588;EQUIPAMENTOS
92;FRIG. AURORA CASTRO;4228;TERMORESISTÊNCIA;99992467;EST;SETOR DE ESTUFAS              ;1;0;2;12;4588;EQUIPAMENTOS
92;FRIG. AURORA CASTRO;4228;TERMORESISTÊNCIA;99992468;EST;SETOR DE ESTUFAS              ;1;0;2;12;4588;EQUIPAMENTOS
92;FRIG. AURORA CASTRO;4228;TERMORESISTÊNCIA;99992471;MEL;SETOR ENG E MANUT. ELETRICA   ;1;0;2;12;1163;EQUIPAMENTOS
92;FRIG. AURORA CASTRO;4228;TERMORESISTÊNCIA;99992472;MEL;SETOR ENG E MANUT. ELETRICA   ;1;0;2;12;1163;EQUIPAMENTOS
92;FRIG. AURORA CASTRO;4228;TERMORESISTÊNCIA;99992486;MEL;SETOR ENG E MANUT. ELETRICA   ;1;0;2;12;1163;EQUIPAMENTOS
92;FRIG. AURORA CASTRO;4228;TERMORESISTÊNCIA;99992487;MEL;SETOR ENG E MANUT. ELETRICA   ;1;0;2;12;1163;EQUIPAMENTOS
92;FRIG. AURORA CASTRO;4228;TERMORESISTÊNCIA;99993299;FFG;SETOR DE FABRICA DE FARINHAS E GORDURAS;1;0;2;12;2330;EQUIPAMENTOS
92;FRIG. AURORA CASTRO;4228;TERMORESISTÊNCIA;99993306;FFG;SETOR DE FABRICA DE FARINHAS E GORDURAS;1;0;2;12;2330;EQUIPAMENTOS
92;FRIG. AURORA CASTRO;4228;TERMORESISTÊNCIA;99993307;FFG;SETOR DE FABRICA DE FARINHAS E GORDURAS;1;0;2;12;2330;EQUIPAMENTOS
92;FRIG. AURORA CASTRO;4228;TERMORESISTÊNCIA;99998330;MEL;SETOR ENG E MANUT. ELETRICA   ;1;0;1;12;1163;EQUIPAMENTOS
92;FRIG. AURORA CASTRO;4228;TERMORESISTÊNCIA;99998331;MEL;SETOR ENG E MANUT. ELETRICA   ;1;0;1;12;1163;EQUIPAMENTOS
92;FRIG. AURORA CASTRO;4228;TERMORESISTÊNCIA;99998332;MEL;SETOR ENG E MANUT. ELETRICA   ;1;0;1;12;1163;EQUIPAMENTOS
92;FRIG. AURORA CASTRO;4228;TERMORESISTÊNCIA;99998333;MEL;SETOR ENG E MANUT. ELETRICA   ;1;0;1;12;1163;EQUIPAMENTOS
92;FRIG. AURORA CASTRO;4228;TERMORESISTÊNCIA;99996963;FFG;SETOR DE FABRICA DE FARINHAS E GORDURAS;1;0;1;12;2330;EQUIPAMENTOS
92;FRIG. AURORA CASTRO;4228;TERMORESISTÊNCIA;99993793;FFG;SETOR DE FABRICA DE FARINHAS E GORDURAS;1;0;1;12;2330;EQUIPAMENTOS
92;FRIG. AURORA CASTRO;4228;TERMORESISTÊNCIA;99993794;FFG;SETOR DE FABRICA DE FARINHAS E GORDURAS;1;0;1;12;2330;EQUIPAMENTOS
92;FRIG. AURORA CASTRO;4228;TERMORESISTÊNCIA;99993795;FFG;SETOR DE FABRICA DE FARINHAS E GORDURAS;1;0;1;12;2330;EQUIPAMENTOS
92;FRIG. AURORA CASTRO;4228;TERMORESISTÊNCIA PT100;1484;TCA;SETOR TUNEIS E CAMARAS        ;1;0;1;12;2313;EQUIPAMENTOS
92;FRIG. AURORA CASTRO;4228;TERMÔEMTRO ESPETO;99987720;GEF;SETOR DE OPERACAO DE FRIO     ;1;0;1;1;1210;EQUIPAMENTOS
92;FRIG. AURORA CASTRO;4228;TERMÔMETRO ANALÓGICO;99996964;FFG;SETOR DE FABRICA DE FARINHAS E GORDURAS;1;0;1;30;2330;EQUIPAMENTOS
92;FRIG. AURORA CASTRO;4228;TERMÔMETRO ANALÓGICO;99997030;MEL;SETOR ENG E MANUT. ELETRICA   ;1;0;1;30;1163;EQUIPAMENTOS
92;FRIG. AURORA CASTRO;4228;TERMÔMETRO ANALÓGICO;99997029;MEL;SETOR ENG E MANUT. ELETRICA   ;1;0;1;30;1163;EQUIPAMENTOS
92;FRIG. AURORA CASTRO;4228;TERMÔMETRO ANALÓGICO;99997028;MEL;SETOR ENG E MANUT. ELETRICA   ;1;0;1;30;1163;EQUIPAMENTOS
92;FRIG. AURORA CASTRO;4228;TERMÔMETRO ANALÓGICO;99996967;FFG;SETOR DE FABRICA DE FARINHAS E GORDURAS;1;0;1;30;2330;EQUIPAMENTOS
92;FRIG. AURORA CASTRO;4228;TERMÔMETRO ANALÓGICO;99996965;FFG;SETOR DE FABRICA DE FARINHAS E GORDURAS;1;0;1;30;2330;EQUIPAMENTOS
92;FRIG. AURORA CASTRO;4228;TERMÔMETRO ANALÓGICO;99996966;FFG;SETOR DE FABRICA DE FARINHAS E GORDURAS;1;0;1;30;2330;EQUIPAMENTOS
92;FRIG. AURORA CASTRO;4228;TERMÔMETRO DE LÍQUIDO;99990898;CQL;SETOR CONTROLE DE QUALIDADE   ;1;0;2;2;1759;EQUIPAMENTOS
92;FRIG. AURORA CASTRO;4228;TERMÔMETRO DE LÍQUIDO;99990899;GEF;SETOR DE OPERACAO DE FRIO     ;1;0;2;2;1210;EQUIPAMENTOS
92;FRIG. AURORA CASTRO;4228;TERMÔMETRO DIGITAL;6957;FFG;SETOR DE FABRICA DE FARINHAS E GORDURAS;1;0;8;1;2330;EQUIPAMENTOS
92;FRIG. AURORA CASTRO;4228;TERMÔMETRO DIGITAL;99998656;SIF;SETOR INSP. FEDERAL DIPOA     ;1;0;1;1;1767;EQUIPAMENTOS
92;FRIG. AURORA CASTRO;4228;TERMÔMETRO DIGITAL;99997883;GEF;SETOR DE OPERACAO DE FRIO     ;1;0;9;1;1210;EQUIPAMENTOS
92;FRIG. AURORA CASTRO;4228;TERMÔMETRO ESPETO;99987992;SFR;SETOR EMBUTIDOS FRESCAIS      ;1;0;1;1;4057;EQUIPAMENTOS
92;FRIG. AURORA CASTRO;4228;TERMÔMETRO ESPETO;99988012;PRU;SETOR DE PRESUNTARIA          ;1;0;8;1;2291;EQUIPAMENTOS
92;FRIG. AURORA CASTRO;4228;TERMÔMETRO ESPETO;99988024;ABT;SETOR ABATE/RESFRIAMENTO      ;1;0;2;1;2488;EQUIPAMENTOS
92;FRIG. AURORA CASTRO;4228;TERMÔMETRO ESPETO;99988130;CQL;SETOR CONTROLE DE QUALIDADE   ;1;0;41;1;1759;EQUIPAMENTOS
92;FRIG. AURORA CASTRO;4228;TERMÔMETRO ESPETO;99988301;CUR;SETOR EMB CURADOS             ;1;0;1;1;5525;EQUIPAMENTOS
92;FRIG. AURORA CASTRO;4228;TERMÔMETRO ESPETO;99988309;ABT;SETOR ABATE/RESFRIAMENTO      ;1;0;41;1;2488;EQUIPAMENTOS
92;FRIG. AURORA CASTRO;4228;TERMÔMETRO ESPETO;99988310;ABT;SETOR ABATE/RESFRIAMENTO      ;1;0;1;1;2488;EQUIPAMENTOS
92;FRIG. AURORA CASTRO;4228;TERMÔMETRO ESPETO;99988735;EST;SETOR DE ESTUFAS              ;1;0;1;1;4588;EQUIPAMENTOS
92;FRIG. AURORA CASTRO;4228;TERMÔMETRO ESPETO;99988736;EST;SETOR DE ESTUFAS              ;1;0;1;1;4588;EQUIPAMENTOS
92;FRIG. AURORA CASTRO;4228;TERMÔMETRO ESPETO;99997836;CEB;EMBUTIDOS COZIDOS             ;1;0;1;1;2283;EQUIPAMENTOS
92;FRIG. AURORA CASTRO;4228;TERMÔMETRO ESPETO;99998121;EMB;SETOR EMBALAGEM               ;1;0;8;1;4138;EQUIPAMENTOS
92;FRIG. AURORA CASTRO;4228;TERMÔMETRO ESPETO;99998123;EMB;SETOR EMBALAGEM               ;1;0;8;1;4138;EQUIPAMENTOS
92;FRIG. AURORA CASTRO;4228;TERMÔMETRO ESPETO;99987676;CQL;SETOR CONTROLE DE QUALIDADE   ;1;0;41;1;1759;EQUIPAMENTOS
92;FRIG. AURORA CASTRO;4228;TERMÔMETRO ESPETO;99987680;CQL;SETOR CONTROLE DE QUALIDADE   ;1;0;1;1;1759;EQUIPAMENTOS
92;FRIG. AURORA CASTRO;4228;TERMÔMETRO ESPETO;99987683;CQL;SETOR CONTROLE DE QUALIDADE   ;1;0;1;1;1759;EQUIPAMENTOS
92;FRIG. AURORA CASTRO;4228;TERMÔMETRO ESPETO;99987685;CQL;SETOR CONTROLE DE QUALIDADE   ;1;0;41;1;1759;EQUIPAMENTOS
92;FRIG. AURORA CASTRO;4228;TERMÔMETRO ESPETO;99987686;CQL;SETOR CONTROLE DE QUALIDADE   ;1;0;1;1;1759;EQUIPAMENTOS
92;FRIG. AURORA CASTRO;4228;TERMÔMETRO ESPETO;99987687;EXD;EXPEDICAO                     ;1;0;1;1;2348;EQUIPAMENTOS
92;FRIG. AURORA CASTRO;4228;TERMÔMETRO ESPETO;99987693;SFT;SETOR DE FATIADOS             ;1;0;1;1;4600;EQUIPAMENTOS
92;FRIG. AURORA CASTRO;4228;TERMÔMETRO ESPETO;99987694;CEB;EMBUTIDOS COZIDOS             ;1;0;1;1;2283;EQUIPAMENTOS
92;FRIG. AURORA CASTRO;4228;TERMÔMETRO ESPETO;99987695;EST;SETOR DE ESTUFAS              ;1;0;1;1;4588;EQUIPAMENTOS
92;FRIG. AURORA CASTRO;4228;TERMÔMETRO ESPETO;99987701;EXD;EXPEDICAO                     ;1;0;1;1;2348;EQUIPAMENTOS
92;FRIG. AURORA CASTRO;4228;TERMÔMETRO ESPETO;99987703;EXD;EXPEDICAO                     ;1;0;1;1;2348;EQUIPAMENTOS
92;FRIG. AURORA CASTRO;4228;TERMÔMETRO ESPETO;99987706;EXD;EXPEDICAO                     ;1;0;1;1;2348;EQUIPAMENTOS
92;FRIG. AURORA CASTRO;4228;TERMÔMETRO ESPETO;99987710;SFR;SETOR EMBUTIDOS FRESCAIS      ;1;0;1;1;4057;EQUIPAMENTOS
92;FRIG. AURORA CASTRO;4228;TERMÔMETRO ESPETO;99987711;GEF;SETOR DE OPERACAO DE FRIO     ;1;0;1;1;1210;EQUIPAMENTOS
92;FRIG. AURORA CASTRO;4228;TERMÔMETRO ESPETO;99987721;TCA;SETOR TUNEIS E CAMARAS        ;1;0;1;1;2313;EQUIPAMENTOS
92;FRIG. AURORA CASTRO;4228;TERMÔMETRO ESPETO;99987723;ABT;SETOR ABATE/RESFRIAMENTO      ;1;0;8;1;2488;EQUIPAMENTOS
92;FRIG. AURORA CASTRO;4228;TERMÔMETRO ESPETO;99987724;ABT;SETOR ABATE/RESFRIAMENTO      ;1;0;8;1;2488;EQUIPAMENTOS
92;FRIG. AURORA CASTRO;4228;TERMÔMETRO ESPETO;99987726;ABT;SETOR ABATE/RESFRIAMENTO      ;1;0;2;1;2488;EQUIPAMENTOS
92;FRIG. AURORA CASTRO;4228;TERMÔMETRO ESPETO;99987727;ABT;SETOR ABATE/RESFRIAMENTO      ;1;0;1;1;2488;EQUIPAMENTOS
92;FRIG. AURORA CASTRO;4228;TERMÔMETRO ESPETO;99987728;EPJ;SETOR DE ESPOSTEJAMENTO       ;1;0;17;1;2224;EQUIPAMENTOS
92;FRIG. AURORA CASTRO;4228;TERMÔMETRO ESPETO;99987732;EPJ;SETOR DE ESPOSTEJAMENTO       ;1;0;8;1;2224;EQUIPAMENTOS
92;FRIG. AURORA CASTRO;4228;TERMÔMETRO ESPETO;99987733;MIN;MIUDOS INTERNOS               ;1;0;1;1;2721;EQUIPAMENTOS
92;FRIG. AURORA CASTRO;4228;TERMÔMETRO ESPETO;99987767;CQL;SETOR CONTROLE DE QUALIDADE   ;1;0;1;1;1759;EQUIPAMENTOS
92;FRIG. AURORA CASTRO;4228;TERMÔMETRO ESPETO;99987768;EXD;EXPEDICAO                     ;1;0;1;1;2348;EQUIPAMENTOS
92;FRIG. AURORA CASTRO;4228;TERMÔMETRO ESPETO;99987790;CEB;EMBUTIDOS COZIDOS             ;1;0;1;1;2283;EQUIPAMENTOS
92;FRIG. AURORA CASTRO;4228;TERMÔMETRO ESPETO;99987791;EST;SETOR DE ESTUFAS              ;1;0;1;1;4588;EQUIPAMENTOS
92;FRIG. AURORA CASTRO;4228;TERMÔMETRO ESPETO;99987793;CUR;SETOR EMB CURADOS             ;1;0;41;1;5525;EQUIPAMENTOS
92;FRIG. AURORA CASTRO;4228;TERMÔMETRO ESPETO;99987879;CEB;EMBUTIDOS COZIDOS             ;1;0;8;1;2283;EQUIPAMENTOS
92;FRIG. AURORA CASTRO;4228;TERMÔMETRO ESPETO;99987880;HIG;SETOR DE HIGIENIZACAO         ;1;0;1;1;2437;EQUIPAMENTOS
92;FRIG. AURORA CASTRO;4228;TERMÔMETRO ESPETO;99987883;SFR;SETOR EMBUTIDOS FRESCAIS      ;1;0;1;1;4057;EQUIPAMENTOS
92;FRIG. AURORA CASTRO;4228;TERMÔMETRO ESPETO;99987928;PRU;SETOR DE PRESUNTARIA          ;1;0;1;1;2291;EQUIPAMENTOS
92;FRIG. AURORA CASTRO;4228;TERMÔMETRO ESPETO;99987955;SFR;SETOR EMBUTIDOS FRESCAIS      ;1;0;8;1;4057;EQUIPAMENTOS
92;FRIG. AURORA CASTRO;4228;TERMÔMETRO ESPETO;99987956;CQL;SETOR CONTROLE DE QUALIDADE   ;1;0;1;1;1759;EQUIPAMENTOS
92;FRIG. AURORA CASTRO;4228;TERMÔMETRO ESPETO;99987957;EMB;SETOR EMBALAGEM               ;1;0;1;1;4138;EQUIPAMENTOS
92;FRIG. AURORA CASTRO;4228;TERMÔMETRO ESPETO;99996791;SIF;SETOR INSP. FEDERAL DIPOA     ;1;0;41;1;1767;EQUIPAMENTOS
92;FRIG. AURORA CASTRO;4228;TERMÔMETRO ESPETO;99996792;SIF;SETOR INSP. FEDERAL DIPOA     ;1;0;41;1;1767;EQUIPAMENTOS
92;FRIG. AURORA CASTRO;4228;TERMÔMETRO ESPETO;5760;CUR;SETOR EMB CURADOS             ;1;0;1;1;5525;EQUIPAMENTOS
92;FRIG. AURORA CASTRO;4228;TERMÔMETRO ESPETO;99994800;SFR;SETOR EMBUTIDOS FRESCAIS      ;1;0;8;1;4057;EQUIPAMENTOS
92;FRIG. AURORA CASTRO;4228;TERMÔMETRO ESPETO;99989186;CQL;SETOR CONTROLE DE QUALIDADE   ;1;0;1;1;1759;EQUIPAMENTOS
92;FRIG. AURORA CASTRO;4228;TERMÔMETRO ESPETO;99989973;EMB;SETOR EMBALAGEM               ;1;0;8;1;4138;EQUIPAMENTOS
92;FRIG. AURORA CASTRO;4228;TERMÔMETRO ESPETO;99990409;CQL;SETOR CONTROLE DE QUALIDADE   ;1;0;8;1;1759;EQUIPAMENTOS
92;FRIG. AURORA CASTRO;4228;TERMÔMETRO ESPETO;99990563;EPJ;SETOR DE ESPOSTEJAMENTO       ;1;0;1;1;2224;EQUIPAMENTOS
92;FRIG. AURORA CASTRO;4228;TERMÔMETRO ESPETO;99990564;EPJ;SETOR DE ESPOSTEJAMENTO       ;1;0;1;1;2224;EQUIPAMENTOS
92;FRIG. AURORA CASTRO;4228;TERMÔMETRO ESPETO;99990666;EPJ;SETOR DE ESPOSTEJAMENTO       ;1;0;1;1;2224;EQUIPAMENTOS
92;FRIG. AURORA CASTRO;4228;TERMÔMETRO ESPETO;99990815;CQL;SETOR CONTROLE DE QUALIDADE   ;1;0;1;1;1759;EQUIPAMENTOS
92;FRIG. AURORA CASTRO;4228;TERMÔMETRO ESPETO;99990816;CQL;SETOR CONTROLE DE QUALIDADE   ;1;0;1;1;1759;EQUIPAMENTOS
92;FRIG. AURORA CASTRO;4228;TERMÔMETRO ESPETO;99990817;CQL;SETOR CONTROLE DE QUALIDADE   ;1;0;1;1;1759;EQUIPAMENTOS
92;FRIG. AURORA CASTRO;4228;TERMÔMETRO ESPETO;99990818;CQL;SETOR CONTROLE DE QUALIDADE   ;1;0;1;1;1759;EQUIPAMENTOS
92;FRIG. AURORA CASTRO;4228;TERMÔMETRO ESPETO;99990884;PRU;SETOR DE PRESUNTARIA          ;1;0;1;1;2291;EQUIPAMENTOS
92;FRIG. AURORA CASTRO;4228;TERMÔMETRO ESPETO;99991060;CQL;SETOR CONTROLE DE QUALIDADE   ;1;0;1;1;1759;EQUIPAMENTOS
92;FRIG. AURORA CASTRO;4228;TERMÔMETRO ESPETO;99999919;EMB;SETOR EMBALAGEM               ;1;0;1;1;4138;EQUIPAMENTOS
92;FRIG. AURORA CASTRO;4228;TERMÔMETRO ESPETO;1312;EXD;EXPEDICAO                     ;1;0;1;1;2348;EQUIPAMENTOS
92;FRIG. AURORA CASTRO;4228;TERMÔMETRO INFRAVERMELHO;99987677;CQL;SETOR CONTROLE DE QUALIDADE   ;1;0;1;3;1759;EQUIPAMENTOS
92;FRIG. AURORA CASTRO;4228;TERMÔMETRO INFRAVERMELHO - LASER;99990489;CQL;SETOR CONTROLE DE QUALIDADE   ;1;0;12;3;1759;EQUIPAMENTOS
92;FRIG. AURORA CASTRO;4228;TERMÔMETRO PADRÃO;99989277;CQL;SETOR CONTROLE DE QUALIDADE   ;1;0;20;1;1759;EQUIPAMENTOS
92;FRIG. AURORA CASTRO;4228;TERMÔMETRO PADRÃO;99989275;CQL;SETOR CONTROLE DE QUALIDADE   ;1;0;20;1;1759;EQUIPAMENTOS
92;FRIG. AURORA CASTRO;4228;TERMÕMETRO ESPETO;99987731;EPJ;SETOR DE ESPOSTEJAMENTO       ;1;0;8;1;2224;EQUIPAMENTOS
92;FRIG. AURORA CASTRO;4228;TERÔMETRO ESPETO;99990819;CQL;SETOR CONTROLE DE QUALIDADE   ;1;0;1;1;1759;EQUIPAMENTOS
92;FRIG. AURORA CASTRO;4228;TESOURA DESNUCA DE CABECA KENTMASTER HC-IV;99986857;ABT;SETOR ABATE/RESFRIAMENTO      ;8;254221;9999;26015;2488;MÁQUINAS PRINCIPAL
92;FRIG. AURORA CASTRO;4228;TESOURA DESNUCA DE CABECA KENTMASTER HC-IV - CENTRAL HIDRÁULICA;99988928;ABT;SETOR ABATE/RESFRIAMENTO      ;6;254221;9999;42000;2488;MÁQUINAS SECUNDÁRIAS
92;FRIG. AURORA CASTRO;4228;TESOURA DESNUCA DE CABECA KENTMASTER HC-IV - SISTEMA ELÉTRICO;99999503;ABT;SETOR ABATE/RESFRIAMENTO      ;8;254221;9999;26015;2488;MÁQUINAS SECUNDÁRIAS
92;FRIG. AURORA CASTRO;4228;TOLVA 3600  PRODUTOS INJETADOS (TOL1701000002);99986242;PRU;SETOR DE PRESUNTARIA          ;6;1;9999;44001;2291;MÁQUINAS PRINCIPAL
92;FRIG. AURORA CASTRO;4228;TOLVA 900  ALIM. DA INJETORA DE PRODUTOS (TOL1701000001);99986238;PRU;SETOR DE PRESUNTARIA          ;6;1;9999;44001;2291;MÁQUINAS PRINCIPAL
92;FRIG. AURORA CASTRO;4228;TOLVA 900KG  ALIM. EMBUTIDEIRA (TOL1701000003);99986245;PRU;SETOR DE PRESUNTARIA          ;6;1;9999;44001;2291;MÁQUINAS PRINCIPAL
92;FRIG. AURORA CASTRO;4228;TOLVA DE MASSAS FRESCAL (TOL1701000004);99986053;SFR;SETOR EMBUTIDOS FRESCAIS      ;6;;9999;44001;4057;MÁQUINAS PRINCIPAL
92;FRIG. AURORA CASTRO;4228;TOMBADOR HIDRAULICO  TOLVA EMBUTIDEIRA;99986248;PRU;SETOR DE PRESUNTARIA          ;6;257138;9999;34012;2291;MÁQUINAS PRINCIPAL
92;FRIG. AURORA CASTRO;4228;TOMBADOR HIDRAULICO  TOLVA INJETORA - BOMBA HIDRAULICA;5682;PRU;SETOR DE PRESUNTARIA          ;6;257138;9999;25008;2291;MÁQUINAS SECUNDÁRIAS
92;FRIG. AURORA CASTRO;4228;TOMBADOR HIDRAULICO  TOLVA INJETORA - SISTEMA DE SEGURNAÇA;5681;PRU;SETOR DE PRESUNTARIA          ;6;257138;9999;25008;2291;MÁQUINAS SECUNDÁRIAS
92;FRIG. AURORA CASTRO;4228;TOMBADOR HIDRAULICO  TOLVA INJETORA - SISTEMA ELETRICO;5680;PRU;SETOR DE PRESUNTARIA          ;6;257138;9999;25008;2291;MÁQUINAS SECUNDÁRIAS
92;FRIG. AURORA CASTRO;4228;TORNO MECÂNICO;99988796;MEC;SETOR ENG E MANUT. MECANICA   ;2;;9999;26007;1171;MÁQUINAS PRINCIPAL
92;FRIG. AURORA CASTRO;4228;TRANS. ESTEIRA PLASTICA PRES. TERMOF. (ES1701000051);99986190;PRU;SETOR DE PRESUNTARIA          ;6;0;9999;29004;2291;MÁQUINAS PRINCIPAL
92;FRIG. AURORA CASTRO;4228;TRENA;99996801;CQL;SETOR CONTROLE DE QUALIDADE   ;1;0;1;10;1759;EQUIPAMENTOS
92;FRIG. AURORA CASTRO;4228;TRENA;99998522;CQL;SETOR CONTROLE DE QUALIDADE   ;1;0;1;10;1759;EQUIPAMENTOS
92;FRIG. AURORA CASTRO;4228;TRENA;2821;CQL;SETOR CONTROLE DE QUALIDADE   ;1;0;1;10;1759;EQUIPAMENTOS
92;FRIG. AURORA CASTRO;4228;TRENA;99998523;CQL;SETOR CONTROLE DE QUALIDADE   ;1;0;1;10;1759;EQUIPAMENTOS
92;FRIG. AURORA CASTRO;4228;TRENA;99987737;CQL;SETOR CONTROLE DE QUALIDADE   ;1;0;1;10;1759;EQUIPAMENTOS
92;FRIG. AURORA CASTRO;4228;TRENA;99998524;CQL;SETOR CONTROLE DE QUALIDADE   ;1;0;1;10;1759;EQUIPAMENTOS
92;FRIG. AURORA CASTRO;4228;TRILHAMENTO DE ALUMINIO M95 (TRL1701000001);99986398;CUR;SETOR EMB CURADOS             ;6;0;9999;29004;5525;MÁQUINAS PRINCIPAL
92;FRIG. AURORA CASTRO;4228;TRIMMER PNEUMÁTICA MAGO 5000 BETTCHER 01;99985510;ABT;SETOR ABATE/RESFRIAMENTO      ;6;;9999;15004;2488;MÁQUINAS PRINCIPAL
92;FRIG. AURORA CASTRO;4228;TRIMMER PNEUMÁTICA MAGO 5000 BETTCHER 02;99985515;ABT;SETOR ABATE/RESFRIAMENTO      ;6;;9999;15004;2488;MÁQUINAS PRINCIPAL
92;FRIG. AURORA CASTRO;4228;TRIMMER REM. DE MEMB. CARNE 04  EVM 4006 (RM1701000004);99986244;EPJ;SETOR DE ESPOSTEJAMENTO       ;6;;9999;15004;2224;MÁQUINAS PRINCIPAL
92;FRIG. AURORA CASTRO;4228;TRIMMER REM. DE MEMB. CARNE 05  EVM 4006 (RM1701000005);99986247;EPJ;SETOR DE ESPOSTEJAMENTO       ;6;;9999;15004;2224;MÁQUINAS PRINCIPAL
92;FRIG. AURORA CASTRO;4228;TRIMMER REM. MEMB. CARNE 01 EVM 4006 PERNIL 01 (RM1701000001);99986249;EPJ;SETOR DE ESPOSTEJAMENTO       ;6;;9999;15004;2224;MÁQUINAS PRINCIPAL
92;FRIG. AURORA CASTRO;4228;TRIMMER REM. MEMB. CARNE 02 EVM 4006 (XHAM 04) (RM1701000002);99986251;EPJ;SETOR DE ESPOSTEJAMENTO       ;6;;9999;15004;2224;MÁQUINAS PRINCIPAL
92;FRIG. AURORA CASTRO;4228;TRIMMER REM. MEMB. CARNE 03 EVM 4006 PERNIL 02 (RM1701000003);99986253;EPJ;SETOR DE ESPOSTEJAMENTO       ;6;;9999;15004;2224;MÁQUINAS PRINCIPAL
92;FRIG. AURORA CASTRO;4228;TRIMMER REM. TOUCINHO LOMBAR CARRE- BXA PLUS 554 (RC1701000004);99986255;EPJ;SETOR DE ESPOSTEJAMENTO       ;6;;9999;15004;2224;MÁQUINAS PRINCIPAL
92;FRIG. AURORA CASTRO;4228;TRITURADOR DE BLOCO MONTEMIL (TRI0902001214);99986175;CEB;EMBUTIDOS COZIDOS             ;6;257343;9999;38017;2283;MÁQUINAS PRINCIPAL
92;FRIG. AURORA CASTRO;4228;TRITURADOR DE BLOCO MONTEMIL - MOTOREDUTOR;6630;CEB;EMBUTIDOS COZIDOS             ;8;257343;9999;38017;2283;MÁQUINAS SECUNDÁRIAS
92;FRIG. AURORA CASTRO;4228;TRITURADOR DE BLOCO MONTEMIL - SISTEMA DE SEGURANÇA;6060;CEB;EMBUTIDOS COZIDOS             ;6;257343;9999;38017;2283;MÁQUINAS SECUNDÁRIAS
92;FRIG. AURORA CASTRO;4228;TRITURADOR DE BLOCO MONTEMIL - SISTEMA ELETRICO;6059;CEB;EMBUTIDOS COZIDOS             ;6;257343;9999;38017;2283;MÁQUINAS SECUNDÁRIAS
92;FRIG. AURORA CASTRO;4228;TRITURADOR DE OSSOS PRESTATTI 75CV;99986473;GRX;SETOR SUB PRODUTOS GRAXARIA   ;8;253492;9999;32006;2330;MÁQUINAS PRINCIPAL
92;FRIG. AURORA CASTRO;4228;TRITURADOR DE OSSOS PRESTATTI 75CV - REDUTOR;99988877;GRX;SETOR SUB PRODUTOS GRAXARIA   ;8;253492;9999;18000;2330;MÁQUINAS SECUNDÁRIAS
92;FRIG. AURORA CASTRO;4228;TRITURADOR DE OSSOS PRESTATTI 75CV - REDUTOR - MOTOR;99988876;GRX;SETOR SUB PRODUTOS GRAXARIA   ;8;253492;9999;19000;2330;MÁQUINAS SECUNDÁRIAS
92;FRIG. AURORA CASTRO;4228;TROCADOR DE CALOR - SG (TDC1701000010);99985957;GEF;SETOR DE OPERACAO DE FRIO     ;6;;9999;36010;1210;MÁQUINAS PRINCIPAL
92;FRIG. AURORA CASTRO;4228;TROCADOR DE CALOR - TB (TDC1701000002);99985971;GEF;SETOR DE OPERACAO DE FRIO     ;6;;9999;36010;1210;MÁQUINAS PRINCIPAL
92;FRIG. AURORA CASTRO;4228;TROCADOR DE CALOR A PLACAS - SALA DE MAQUINAS (TDC1701000001);99985972;GEF;SETOR DE OPERACAO DE FRIO     ;6;;9999;36010;1210;MÁQUINAS PRINCIPAL
92;FRIG. AURORA CASTRO;4228;TROCADOR DE CALOR ABSORCAO 01 - PRIMEIRO ANDAR (TDC1701000004);99985969;GEF;SETOR DE OPERACAO DE FRIO     ;6;;9999;36010;1210;MÁQUINAS PRINCIPAL
92;FRIG. AURORA CASTRO;4228;TROCADOR DE CALOR ABSORCAO 01 - TERREO (TDC1701000007);99985963;GEF;SETOR DE OPERACAO DE FRIO     ;6;;9999;36010;1210;MÁQUINAS PRINCIPAL
92;FRIG. AURORA CASTRO;4228;TROCADOR DE CALOR ABSORCAO 02 - PRIMEIRO ANDAR (TDC1701000005);99985966;GEF;SETOR DE OPERACAO DE FRIO     ;6;;9999;36010;1210;MÁQUINAS PRINCIPAL
92;FRIG. AURORA CASTRO;4228;TROCADOR DE CALOR ABSORCAO 02 - TERREO (TDC1701000008);99985961;GEF;SETOR DE OPERACAO DE FRIO     ;6;;9999;36010;1210;MÁQUINAS PRINCIPAL
92;FRIG. AURORA CASTRO;4228;TROCADOR DE CALOR ABSORCAO 03 - PRIMEIRO ANDAR (TDC1701000006);99985965;GEF;SETOR DE OPERACAO DE FRIO     ;6;;9999;11000;1210;MÁQUINAS PRINCIPAL
92;FRIG. AURORA CASTRO;4228;TROCADOR DE CALOR AGUA QUENTE SALA GLICOL (TDC1701000011);99985954;GEF;SETOR DE OPERACAO DE FRIO     ;6;;9999;36010;1210;MÁQUINAS PRINCIPAL
92;FRIG. AURORA CASTRO;4228;TROCADOR DE CALOR AQUECIMENTO AGUA - SALA DE BOMBAS (TDC1701000003);99985970;GEF;SETOR DE OPERACAO DE FRIO     ;6;;9999;36010;1210;MÁQUINAS PRINCIPAL
92;FRIG. AURORA CASTRO;4228;TROCADOR DE CALOR CONJUNTO 3 PECAS - TERREO - ABSORCAO (TDC1701000009);99985960;GEF;SETOR DE OPERACAO DE FRIO     ;6;;9999;36010;1210;MÁQUINAS PRINCIPAL
92;FRIG. AURORA CASTRO;4228;TUMBLER A VACUO;99986431;DEF;SETOR DEFUMADOS               ;6;1;9999;25002;2496;MÁQUINAS PRINCIPAL
92;FRIG. AURORA CASTRO;4228;TUMBLER A VACUO - REDUTOR;4425;DEF;SETOR DEFUMADOS               ;6;;9999;38009;2496;OUTROS
92;FRIG. AURORA CASTRO;4228;TUMBLER A VACUO - REDUTOR -MOTOR;4426;DEF;SETOR DEFUMADOS               ;6;;9999;38009;2496;OUTROS
92;FRIG. AURORA CASTRO;4228;TUMBLER A VACUO - SISTEMA DE SEGURANÇA;4424;DEF;SETOR DEFUMADOS               ;6;;9999;38009;2496;OUTROS
92;FRIG. AURORA CASTRO;4228;TUMBLER A VACUO - SISTEMA ELETRICO;4423;DEF;SETOR DEFUMADOS               ;6;;9999;38009;2496;OUTROS
92;FRIG. AURORA CASTRO;4228;TUMBLER DE MASSAS METALQUIMIA (TUM1701000003);99986264;PRU;SETOR DE PRESUNTARIA          ;6;257123;9999;25002;2291;MÁQUINAS PRINCIPAL
92;FRIG. AURORA CASTRO;4228;TUMBLER DE MASSAS METALQUIMIA 01 - MOTOREDUTOR;5825;PRU;SETOR DE PRESUNTARIA          ;6;257123;9999;25002;2291;MÁQUINAS SECUNDÁRIAS
92;FRIG. AURORA CASTRO;4228;TUMBLER DE MASSAS METALQUIMIA 01 - SISITEMA DE VACUO;5824;PRU;SETOR DE PRESUNTARIA          ;6;257123;9999;25002;2291;MÁQUINAS SECUNDÁRIAS
92;FRIG. AURORA CASTRO;4228;TUMBLER DE MASSAS METALQUIMIA 01 - SISTEMA DE SEGURANÇA;5823;PRU;SETOR DE PRESUNTARIA          ;6;257123;9999;25002;2291;MÁQUINAS SECUNDÁRIAS
92;FRIG. AURORA CASTRO;4228;TUMBLER DE MASSAS METALQUIMIA 01 - SISTEMA ELETRICO;5822;PRU;SETOR DE PRESUNTARIA          ;6;257123;9999;25002;2291;MÁQUINAS SECUNDÁRIAS
92;FRIG. AURORA CASTRO;4228;TUMBLER DE MASSAS METALQUIMIA 02;99986266;PRU;SETOR DE PRESUNTARIA          ;6;258035;9999;25002;2291;MÁQUINAS PRINCIPAL
92;FRIG. AURORA CASTRO;4228;TUMBLER DE MASSAS METALQUIMIA 02 - MOTOREDUTOR;5696;PRU;SETOR DE PRESUNTARIA          ;6;258035;9999;25002;2291;MÁQUINAS SECUNDÁRIAS
92;FRIG. AURORA CASTRO;4228;TUMBLER DE MASSAS METALQUIMIA 02 - SISITEMA DE VACUO;5685;PRU;SETOR DE PRESUNTARIA          ;8;258035;9999;25002;2291;MÁQUINAS SECUNDÁRIAS
92;FRIG. AURORA CASTRO;4228;TUMBLER DE MASSAS METALQUIMIA 02 - SISTEMA DE SEGURANÇA;5684;PRU;SETOR DE PRESUNTARIA          ;8;258035;9999;25002;2291;MÁQUINAS SECUNDÁRIAS
92;FRIG. AURORA CASTRO;4228;TUMBLER DE MASSAS METALQUIMIA 02 - SISTEMA ELETRICO;5683;PRU;SETOR DE PRESUNTARIA          ;8;258035;9999;25002;2291;MÁQUINAS SECUNDÁRIAS
92;FRIG. AURORA CASTRO;4228;TUMBLER INOX MECANICA COPA;99986400;CUR;SETOR EMB CURADOS             ;6;257384;9999;25002;5525;MÁQUINAS PRINCIPAL
92;FRIG. AURORA CASTRO;4228;TUMBLER INOX MECANICA COPA - MOTOREDUTOR;5993;CUR;SETOR EMB CURADOS             ;6;257384;9999;25002;5525;MÁQUINAS SECUNDÁRIAS
92;FRIG. AURORA CASTRO;4228;TUMBLER INOX MECANICA COPA - SISTEMA DE SEGURANÇA;5992;CUR;SETOR EMB CURADOS             ;6;257384;9999;25002;5525;MÁQUINAS SECUNDÁRIAS
92;FRIG. AURORA CASTRO;4228;TUMBLER INOX MECANICA COPA - SISTEMA ELETRICO;5991;CUR;SETOR EMB CURADOS             ;6;257384;9999;25002;5525;MÁQUINAS SECUNDÁRIAS
92;FRIG. AURORA CASTRO;4228;TUNEL DE CONGELAMENTO SEMI CONTINUO  01 (TC1701000003);99986321;TCA;SETOR TUNEIS E CAMARAS        ;4;;9999;11003;2313;MÁQUINAS PRINCIPAL
92;FRIG. AURORA CASTRO;4228;TUNEL DE CONGELAMENTO SEMI CONTINUO  02 (TC1701000004);99986323;TCA;SETOR TUNEIS E CAMARAS        ;4;;9999;11003;2313;MÁQUINAS PRINCIPAL
92;FRIG. AURORA CASTRO;4228;TUNEL DE CONGELAMENTO SEMI CONTINUO  03 (TC1701000005);99986325;TCA;SETOR TUNEIS E CAMARAS        ;4;;9999;11003;2313;MÁQUINAS PRINCIPAL
92;FRIG. AURORA CASTRO;4228;TURBIDÍMETRO;99989633;ETA;SETOR DE OPERACAO DE ETA      ;1;0;1;8;1244;EQUIPAMENTOS
92;FRIG. AURORA CASTRO;4228;TURBIDÍMETRO;99987718;ETA;SETOR DE OPERACAO DE ETA      ;1;0;1;8;1244;EQUIPAMENTOS
92;FRIG. AURORA CASTRO;4228;TURBIDÍMETRO;99996835;SIF;SETOR INSP. FEDERAL DIPOA     ;1;0;1;8;1767;EQUIPAMENTOS
92;FRIG. AURORA CASTRO;4228;TURBIDÍMETRO;5653;ETA;SETOR DE OPERACAO DE ETA      ;1;0;2;8;1244;EQUIPAMENTOS
92;FRIG. AURORA CASTRO;4228;TURBIDÍMETRO;99992279;ETA;SETOR DE OPERACAO DE ETA      ;1;0;1;8;1244;EQUIPAMENTOS
92;FRIG. AURORA CASTRO;4228;TÚNEL CONGELAMENTO GEA I-VRT;99986333;TCA;SETOR TUNEIS E CAMARAS        ;8;252924;9999;11004;2313;MÁQUINAS PRINCIPAL
92;FRIG. AURORA CASTRO;4228;TÚNEL CONGELAMENTO GEA I-VRT - ELEVADOR CARGA - EMPURRADOR - SERVO MOTOREDUTOR;3465;TCA;SETOR TUNEIS E CAMARAS        ;6;252924;9999;11004;2313;MÁQUINAS SECUNDÁRIAS
92;FRIG. AURORA CASTRO;4228;TÚNEL DE CONGELAMENTO DE MIÚDOS 01;3755;TCA;SETOR TUNEIS E CAMARAS        ;6;0;1;46056;2313;OUTROS
92;FRIG. AURORA CASTRO;4228;USINOX 01;99986014;SFR;SETOR EMBUTIDOS FRESCAIS      ;6;257012;9999;33000;4057;MÁQUINAS PRINCIPAL
92;FRIG. AURORA CASTRO;4228;USINOX 01 - CONJ ALINHADOR MOTOREDUTOR;99996511;SFR;SETOR EMBUTIDOS FRESCAIS      ;6;257012;9999;33000;4057;MÁQUINAS SECUNDÁRIAS
92;FRIG. AURORA CASTRO;4228;USINOX 01 - CONJ DESBOBINADOR - MOTOREDUTOR;99996508;SFR;SETOR EMBUTIDOS FRESCAIS      ;6;257012;9999;33000;4057;MÁQUINAS SECUNDÁRIAS
92;FRIG. AURORA CASTRO;4228;USINOX 01 - CONJ PUXADOR PLASTICO DIREITO;99996502;SFR;SETOR EMBUTIDOS FRESCAIS      ;6;257012;9999;33000;4057;MÁQUINAS SECUNDÁRIAS
92;FRIG. AURORA CASTRO;4228;USINOX 01 - CONJ PUXADOR PLASTICO ESQUERDO;99996505;SFR;SETOR EMBUTIDOS FRESCAIS      ;6;257012;9999;33000;4057;MÁQUINAS SECUNDÁRIAS
92;FRIG. AURORA CASTRO;4228;USINOX 01 - SISTEMA ELÉTRICO;99996514;SFR;SETOR EMBUTIDOS FRESCAIS      ;6;257012;9999;33000;4057;MÁQUINAS SECUNDÁRIAS
92;FRIG. AURORA CASTRO;4228;USINOX 02;99986752;SFR;SETOR EMBUTIDOS FRESCAIS      ;6;257013;9999;33000;4057;MÁQUINAS PRINCIPAL
92;FRIG. AURORA CASTRO;4228;USINOX 02 - CONJ ALINHADOR MOTOREDUTOR;99996525;SFR;SETOR EMBUTIDOS FRESCAIS      ;6;257013;9999;33000;4057;MÁQUINAS SECUNDÁRIAS
92;FRIG. AURORA CASTRO;4228;USINOX 02 - CONJ DESBOBINADOR - MOTOREDUTOR;99996522;SFR;SETOR EMBUTIDOS FRESCAIS      ;6;257013;9999;33000;4057;MÁQUINAS SECUNDÁRIAS
92;FRIG. AURORA CASTRO;4228;USINOX 02 - CONJ PUXADOR PLASTICO DIREITO;99996516;SFR;SETOR EMBUTIDOS FRESCAIS      ;6;257013;9999;33000;4057;MÁQUINAS SECUNDÁRIAS
92;FRIG. AURORA CASTRO;4228;USINOX 02 - CONJ PUXADOR PLASTICO ESQUERDO;99996519;SFR;SETOR EMBUTIDOS FRESCAIS      ;6;257013;9999;33000;4057;MÁQUINAS SECUNDÁRIAS
92;FRIG. AURORA CASTRO;4228;USINOX 02 - SISTEMA ELÉTRICO;99996528;SFR;SETOR EMBUTIDOS FRESCAIS      ;6;257013;9999;33000;4057;MÁQUINAS SECUNDÁRIAS
92;FRIG. AURORA CASTRO;4228;V92-1 (EMPILHADEIRA PATOLADA STILL 340261J03079);99989067;SEI;SETOR EMB INDUSTRIALIZADOS    ;6;;2;46050;5345;MÁQUINAS PRINCIPAL
92;FRIG. AURORA CASTRO;4228;V92-2 (EMPILHADEIRA PATOLADA STILL 203324);99989080;SCL;SETOR ALMOX./CONTR. MATERIAIS ;6;;2;46050;2089;MÁQUINAS PRINCIPAL
92;FRIG. AURORA CASTRO;4228;V92-3 (EMPILHADEIRA PATOLADA STILL 206174);99989081;SCL;SETOR ALMOX./CONTR. MATERIAIS ;6;;2;46050;2089;MÁQUINAS PRINCIPAL
92;FRIG. AURORA CASTRO;4228;V92-4 (TRANSPALETEIRA MONTADA 5A174384);99989082;SCL;SETOR ALMOX./CONTR. MATERIAIS ;6;0;5;10008;2089;OUTROS
92;FRIG. AURORA CASTRO;4228;V92-5 (EMPILHADEIRA PATOLADA 5A161934);3103;EXD;EXPEDICAO                     ;6;0;4;46050;2348;OUTROS
92;FRIG. AURORA CASTRO;4228;VACUÔMETRO;99997950;CQL;SETOR CONTROLE DE QUALIDADE   ;1;0;3;46025;1759;EQUIPAMENTOS
92;FRIG. AURORA CASTRO;4228;VENTILADOR (VE1704000002);99985554;FFG;SETOR DE FABRICA DE FARINHAS E GORDURAS;4;;9999;27000;2330;MÁQUINAS PRINCIPAL
92;FRIG. AURORA CASTRO;4228;VENTILADOR VCP-15 (VE1704000001);99985552;FFG;SETOR DE FABRICA DE FARINHAS E GORDURAS;6;;9999;27000;2330;MÁQUINAS PRINCIPAL
92;FRIG. AURORA CASTRO;4228;X92-1 (TRANSPALETEIRA EMBARCADA 5A621230);99987476;EXD;EXPEDICAO                     ;8;;5;10008;2348;MÁQUINAS PRINCIPAL
92;FRIG. AURORA CASTRO;4228;X92-2 (TRANSPALETEIRA MONTADA 5A629925);99989072;EXD;EXPEDICAO                     ;6;0;5;10008;2348;MÁQUINAS PRINCIPAL
92;FRIG. AURORA CASTRO;4228;X92-3 (TRANSPALETEIRA MONTADA 5A629922);99989064;SEI;SETOR EMB INDUSTRIALIZADOS    ;6;;5;10008;5345;MÁQUINAS PRINCIPAL
92;FRIG. AURORA CASTRO;4228;X92-4 (TRANSPALETEIRA MONTADA 5A629924);99989069;PRU;SETOR DE PRESUNTARIA          ;6;;5;10008;2291;MÁQUINAS PRINCIPAL
92;FRIG. AURORA CASTRO;4228;X92-5 (TRANSPALETEIRA MONTADA 5A629923);99989070;PRU;SETOR DE PRESUNTARIA          ;6;;5;10008;2291;MÁQUINAS PRINCIPAL
92;FRIG. AURORA CASTRO;4228;ÁREA LIMPA - SISTEMA EXAUSTÃO;99985530;ABT;SETOR ABATE/RESFRIAMENTO      ;4;0;9999;5014;2488;OUTROS
92;FRIG. AURORA CASTRO;4228;ÁREA LIMPA - SISTEMA EXAUSTÃO;99985544;LBM;SETOR LAVAGEM BACIAS/MONOBLOCO;4;0;9999;5014;2470;OUTROS
92;FRIG. AURORA CASTRO;4228;ÁREA LIMPA - SISTEMA TRATAMENTO AR COMPRIMIDO;3127;LBM;SETOR LAVAGEM BACIAS/MONOBLOCO;6;0;9999;27000;2470;OUTROS
92;FRIG. AURORA CASTRO;4228;ÁREA SUJA - SISTEMA EXAUSTÃO;99996747;LBM;SETOR LAVAGEM BACIAS/MONOBLOCO;4;0;9999;5014;2470;OUTROS
92;FRIG. AURORA CASTRO;4228;ÁREA SUJA - SISTEMA EXAUSTÃO;99985532;ABT;SETOR ABATE/RESFRIAMENTO      ;4;0;9999;5014;2488;OUTROS
DESCR_EMPR;;;;;;;;;;;;
COOPERATIVA CENTRAL AURORA ALIMENTOS;;;;;;;;;;;;
