Emitente;Nome fantasia emitente;Nota;Série;Modelo;Total Nota;uso contabil;Data emissão;Data vencimento;Ctrle;Unidade;Nome unidade;Unidade autorização;Nome unidade autorização;Centro atividade;Nome centro atividade;Situação;Situação;Nome usuário;Data inclusão;Observações;Observações CSC;Data autorização;Observações autorização;Data ult sit fechada;Autorizador;LANCAMENTO TESF0028
34028316/0028-23;AC GUARACIABA;1163539;;;67,88;294;26/02/2026;05/03/2026;0;92;FAC;92;FAC;2054;ADMINISTRACAO;PENDENTE;Solicitação está pendente, para prosseguir solicite autorização!;CELINA CASSIA CASTRO SOARES;26/02/2026;FATURA/BOLETO CORREIO REFERENTE A ENVIO DE CORRESPONDÊNCIAS FEVEREIRO;;;;;;
07657413/0001-92;RETENLINS;2211;;;50.000,00;332,00;18/12/2025;28/02/2026;70;92;FAC;92;FAC;1155;ENGENHARIA E MANUTENCAO;AGUARDANDO AUTORIZAÇÃO;Solicitação aguardando autorização de:  CRISTIANO RODEGHIERO MOREIRA | ADRIANO TOMALOK | VANESSA CORREA DE MORAES MARTINI | ;BARBARA REGINA LIPPERT;26/02/2026;MATERIAL E MÃO DE OBRA PARA INSTALAÇÕA DE 02 RAMAIS DE AERAÇÃO, RAMAIS COMPOSTO POR SISTEMA DE DIFUSÃO DE AR POR MEMBRANAS, CONSIDERAR INSTALAR OS RAMAIS NA LAGOA DO ETE QUE ESTÁ SENDO REFORMADA.;;26/02/2026;;;;
11041796/0001-47;MASTER CONSTRUCOES LTDA;533;;;50.170,00;326,00;26/02/2026;26/03/2026;0;92;FAC;92;FAC;1155;ENGENHARIA E MANUTENCAO;AUTORIZADA;Solicitação autorizada por: CRISTIANO RODEGHIERO MOREIRA em: 26/02/2026 10:36:25 ;BARBARA REGINA LIPPERT;26/02/2026;CONTRATAÇÃO DE EMPRESA DE CONSTRUÇÃO CIVIL PARA FORNECIMENTO DE MATERIAL E MÃO DE OBRA NA EXECUÇÃO, DE ENTRADA SANITÁRIA, CÂMARA DE MATÉRIA PRIMA, LAVAGEM DE CONTENTORES E AMPLIAÇÃO DA SALA DE MÁQUINAS DO FRIGORÍFICO AURORA COOP DE CASTRO (FAC).;;26/02/2026;;;CRISTIANO RODEGHIERO MOREIRA;
44772937/0001-50;TELEMATICA SISTEMAS INTELIGENTES;41537;;;4.300,38;245,00;19/02/2026;21/03/2026;7;92;FAC;92;FAC;2054;ADMINISTRACAO;AGUARDANDO AUTORIZAÇÃO;Solicitação aguardando autorização de:  CRISTIANO RODEGHIERO MOREIRA | ADRIANO TOMALOK | VANESSA CORREA DE MORAES MARTINI | ;ANGELA MARIA BIESCEK;26/02/2026;NOTA FISCAL REFERENTE A TROCA DE PEÇAS E TROCA DE CIRCUITO IMPRESSO DOS RELOGIOS PONTO;;26/02/2026;;;;
76803766/0001-76;VIACAO SANTANA IAPO LTDA;1428;2;67;52.800,00;211,00;26/02/2026;03/03/2026;0;92;FAC;16;MATRIZ;452;CSC GESTAO PESSOAS;LANÇADA;Solicitação autorizada por: PAULA FERNANDA DA SILVA GIACOMELLI em: 26/02/2026 08:58:16 Nota lançada por ADRIANA APARECIDA DOS SANTOS em: 26/02/2026;GUSTAVO NATHAN ALVES DA COSTA;26/02/2026;;;26/02/2026;;26/02/2026 09:39;PAULA FERNANDA DA SILVA GIACOMELLI;
76803766/0001-76;VIACAO SANTANA IAPO LTDA;1427;2;67;181.812,00;211,00;26/02/2026;03/03/2026;0;92;FAC;16;MATRIZ;452;CSC GESTAO PESSOAS;LANÇADA;Solicitação autorizada por: PAULA FERNANDA DA SILVA GIACOMELLI em: 26/02/2026 08:58:16 Nota lançada por ADRIANA APARECIDA DOS SANTOS em: 26/02/2026;GUSTAVO NATHAN ALVES DA COSTA;26/02/2026;;;26/02/2026;;26/02/2026 09:35;PAULA FERNANDA DA SILVA GIACOMELLI;
50685378/0001-44;MECANICA VALENGA LTDA;449;;;2.167,24;242,00;25/02/2026;25/03/2026;0;92;FAC;92;FAC;1155;ENGENHARIA E MANUTENCAO;AUTORIZADA;Solicitação autorizada por: CRISTIANO RODEGHIERO MOREIRA em: 26/02/2026 10:45:55 ;BARBARA REGINA LIPPERT;25/02/2026;SERVIÇO DE MANUTENÇÃO PREVENTIVA DE 250H MÁQUINA PÁ CARREGADEIRA BRUTO.;;26/02/2026;;;CRISTIANO RODEGHIERO MOREIRA;
04088208/0001-65;CGMP-CENTRO DE GESTAO DE MEIOS DE PAGAMENTO S.A.;680662377;S;99;767,48;102,00;21/02/2026;02/03/2026;4;92;FAC;92;FAC;2054;ADMINISTRACAO;LANÇADA;Solicitação autorizada por: VANESSA CORREA DE MORAES MARTINI em: 25/02/2026 17:22:49 Nota lançada por ADRIANA APARECIDA DOS SANTOS em: 26/02/2026;CELINA CASSIA CASTRO SOARES;25/02/2026;BOLETO/NF REF A DESPESAS COM PEDÁGIO VEÍCULOS AURORA - TAG SEM PARAR FEVEREIRO/2026;;25/02/2026;;26/02/2026 08:11;VANESSA CORREA DE MORAES MARTINI;
55989583/0001-17;OS TAURAS DO AR;861;;;580;242,00;25/02/2026;11/04/2026;0;92;FAC;92;FAC;1155;ENGENHARIA E MANUTENCAO;AUTORIZADA;Solicitação autorizada por: CRISTIANO RODEGHIERO MOREIRA em: 26/02/2026 10:45:54 ;BARBARA REGINA LIPPERT;25/02/2026;SERVIÇO DE CONSERTO EM AR CONDICIONADO SPRINGER 18000BTUS/ REABASTECIMENTO DE GÁS R22/ REPARO DE VAZAMENTO EM TUBULAÇÃO/ REPARO E TROCA DE VÁLVULA SCHRADER.;;26/02/2026;;;CRISTIANO RODEGHIERO MOREIRA;
07756651/0001-55;BRASIL SERVS DE TELECOMUNICACOES LTDA;946962;1;62;1.490,00;32,00;18/02/2026;18/03/2026;7;92;FAC;92;FAC;2054;ADMINISTRACAO;LANÇADA;Solicitação autorizada por: VANESSA CORREA DE MORAES MARTINI em: 25/02/2026 17:22:49 Nota lançada por ADRIANA APARECIDA DOS SANTOS em: 26/02/2026;NAVIER NUNES RESENDE;25/02/2026;TELEFONIA CONTRATO: PROH430LU82A;;25/02/2026;;26/02/2026 08:26;VANESSA CORREA DE MORAES MARTINI;
04647090/0001-68;CETRIC S.A.;510763;S;99;44.336,70;290,00;25/02/2026;25/06/2026;0;92;FAC;92;FAC;1244;OPERACAO ESTACAO TRATAMENTO AGUA;AUTORIZADA;Solicitação autorizada por: CRISTIANO RODEGHIERO MOREIRA em: 26/02/2026 10:45:55 ;KAREN DA ROSA OLIVEIRA;25/02/2026;NOTA FISCAL REFERENTE A COLETA/DESTINAÇÃO DE RESÍDUOS DE CINZA, NÃO RECICLAVEL E LOCAÇÃO DE CAÇAMBA. E TRANSPORTE DE RESÍDUO DE LODO PARA O BIODIGESTOR;;26/02/2026;;;CRISTIANO RODEGHIERO MOREIRA;
44002122/0001-92;SL SERVIÇOS AGRÍCOLAS;380;;;16.794,00;9,00;25/02/2026;25/03/2026;0;92;FAC;92;FAC;1244;OPERACAO ESTACAO TRATAMENTO AGUA;AUTORIZADA;Solicitação autorizada por: CRISTIANO RODEGHIERO MOREIRA em: 26/02/2026 10:45:54 ;TIAGO FARIAS DOS SANTOS;25/02/2026;NF REFERENTE A APLICAÇÃO DE DIGESTATO EM SOLOS AGRICOLAS;;26/02/2026;;;CRISTIANO RODEGHIERO MOREIRA;
81659286/0001-13;VIACAO CIDADE DE CASTRO LTDA;19397;U;99;1.100,00;40,00;25/02/2026;;0;92;FAC;16;MATRIZ;452;CSC GESTAO PESSOAS;LANÇADA;Solicitação autorizada por: PAULA FERNANDA DA SILVA GIACOMELLI em: 25/02/2026 15:50:27 Nota lançada por ADRIANA APARECIDA DOS SANTOS em: 25/02/2026;GUSTAVO NATHAN ALVES DA COSTA;25/02/2026;NF PAGA VIA ADTO 5472337;;25/02/2026;;25/02/2026 16:06;PAULA FERNANDA DA SILVA GIACOMELLI;
03392348/0001-60;SERVIOESTE SOLUCOES AMBIENTAIS LTDA;273654;;;816;9,00;25/02/2026;25/03/2026;0;92;FAC;92;FAC;1244;OPERACAO ESTACAO TRATAMENTO AGUA;AUTORIZADA;Solicitação autorizada por: CRISTIANO RODEGHIERO MOREIRA em: 26/02/2026 10:45:55 ;KAREN DA ROSA OLIVEIRA;25/02/2026;NOTA FISCAL REFERENTE A COLETA E DESTINAÇÃO FINAL DOS RESIDUOS DE LABORATOIRO E DA SAUDE.;;26/02/2026;;;CRISTIANO RODEGHIERO MOREIRA;
03538069/0001-61;OLIBONI PRESTADORA DE SERVICOS LTDA;975;1;57;5.805,00;114,00;14/01/2026;26/02/2026;42;92;FAC;92;FAC;2054;ADMINISTRACAO;LANÇADA;Solicitação autorizada por: VANESSA CORREA DE MORAES MARTINI em: 25/02/2026 15:31:03 Nota lançada por ADRIANA APARECIDA DOS SANTOS em: 25/02/2026;ADRIANA APARECIDA DOS SANTOS;25/02/2026;CONHECIMENTO DE FRETE REFERENTE NF 161149 DE TRANSFERÊNCIA DE IMOBILIZADO, N BEM 245707;;25/02/2026;;25/02/2026 15:40;VANESSA CORREA DE MORAES MARTINI;
00664761/0001-48;RUFATTO EQUIPAMENTOS LTDA - ME;552;S;99;6.175,44;57,00;24/02/2026;05/03/2026;1;92;FAC;92;FAC;2054;ADMINISTRACAO;LANÇADA;Solicitação autorizada por: VANESSA CORREA DE MORAES MARTINI em: 25/02/2026 17:22:48 Nota lançada por ADRIANA APARECIDA DOS SANTOS em: 26/02/2026;NAVIER NUNES RESENDE;25/02/2026;IMPRESSÃO UNIDADE FAC;;25/02/2026;;26/02/2026 08:57;VANESSA CORREA DE MORAES MARTINI;
34688029/0001-20;PROJECT SERVICOS TERCEIRIZADOS LTDA;377;S;99;62.261,24;18,00;25/02/2026;;0;92;FAC;92;FAC;2054;ADMINISTRACAO;LANÇADA;Solicitação autorizada por: VANESSA CORREA DE MORAES MARTINI em: 25/02/2026 15:31:03 Nota lançada por ADRIANA APARECIDA DOS SANTOS em: 25/02/2026;CELINA CASSIA CASTRO SOARES;25/02/2026;NOTA REFERENTE A PRESTAÇÃO DE SERVIÇOS DE VIGIA PORTEIRO EM FEVEREIRO/2026;;25/02/2026;;25/02/2026 15:46;VANESSA CORREA DE MORAES MARTINI;
15077251/0001-41;RGM MANUTENCAO DE MAQUINAS LTDA;2676;;;3.830,20;242,00;20/02/2026;20/03/2026;5;92;FAC;92;FAC;1155;ENGENHARIA E MANUTENCAO;AUTORIZADA;Solicitação autorizada por: CRISTIANO RODEGHIERO MOREIRA em: 26/02/2026 10:45:55 ;BARBARA REGINA LIPPERT;25/02/2026;SERVIÇO DE CONSERTO INVERSOR SIEMENS SINAMICS POWER MODULE PM240-2 (6SL3210-1PE23-8UL0);;26/02/2026;;;CRISTIANO RODEGHIERO MOREIRA;
09568921/0001-20;HELIBOMBAS SERVICE - ASSISTENCIA TECNICA LTDA.;2098;;;30.041,90;242,00;11/02/2026;30/03/2026;14;92;FAC;92;FAC;1155;ENGENHARIA E MANUTENCAO;AUTORIZADA;Solicitação autorizada por: CRISTIANO RODEGHIERO MOREIRA em: 26/02/2026 10:45:55 ;BARBARA REGINA LIPPERT;25/02/2026;CONSERTO EM AERADOR HM-15CV PLQ: 5550022294.;;26/02/2026;;;CRISTIANO RODEGHIERO MOREIRA;
09357199/0001-84;AKTUAL SERVICE LTDA;12179;1;55;5.094,38;242,00;12/02/2026;29/03/2026;13;92;FAC;92;FAC;2054;ADMINISTRACAO;AUTORIZADA;Solicitação autorizada por: CRISTIANO RODEGHIERO MOREIRA em: 26/02/2026 10:45:55 ;RAFAEL SALVI DOS SANTOS;25/02/2026;MATERIAL PARA CONSERTO DO DETECTOR DE METAIS UTILIZADO PELO TÉCNICO DA PRESTADORA, DURANTE SERVIÇO DE CONSERTO.ORDEM DE SERVIÇO 92318;;26/02/2026;;;CRISTIANO RODEGHIERO MOREIRA;
08927889/0001-69;INSPECAR;21888;S;99;350;8,00;16/01/2026;03/03/2026;40;92;FAC;92;FAC;2054;ADMINISTRACAO;LANÇADA;Solicitação autorizada por: VANESSA CORREA DE MORAES MARTINI em: 25/02/2026 11:37:31 Nota lançada por ADRIANA APARECIDA DOS SANTOS em: 25/02/2026;VITOR FERNANDES;25/02/2026;SERVIÇO REFERENTE A INSPEÇÃO DO GAS GNV - SIENA BEE2I91;;25/02/2026;;25/02/2026 14:20;VANESSA CORREA DE MORAES MARTINI;
50087169/0001-07;50.087.169 RAFAEL JOSE CASTANHO;83;S;99;240;8,00;23/02/2026;06/03/2026;2;92;FAC;92;FAC;2054;ADMINISTRACAO;LANÇADA;Solicitação autorizada por: VANESSA CORREA DE MORAES MARTINI em: 25/02/2026 09:01:52 Nota lançada por ADRIANA APARECIDA DOS SANTOS em: 25/02/2026;VITOR FERNANDES;25/02/2026;LAVAGENS DA FROTA REFERENTE AO MÊS DE FEVEREIRO;;25/02/2026;;25/02/2026 11:22;VANESSA CORREA DE MORAES MARTINI;
08031153/0001-08;ATENAS BOMBAS;3228;;;6.500,00;242,00;19/02/2026;05/04/2026;6;92;FAC;92;FAC;1155;ENGENHARIA E MANUTENCAO;AUTORIZADA;Solicitação autorizada por: CRISTIANO RODEGHIERO MOREIRA em: 26/02/2026 10:45:55 ;BARBARA REGINA LIPPERT;25/02/2026;MANUTENÇÃO EM BOMBA KSB 080-050-250, 6.500,00COM OS SERVICOS DE- DESMONTAGEM- LIMPEZA E BANHO DE DECAPAGEM- ANALISE DE TROCA DE PECAS- RT- FABRICACAO DE ANEL DE DESGASTE- BUCHA PROTETORA- JG DE JUNTAS- SELO MECANICO- JG DE PARAFUSOS- JATEAMENTO DE CARCACA- JATEAMENTO DE TAMPA DE PRESSAO- MONTAGEM- TESTES- PINTURA;;26/02/2026;;;CRISTIANO RODEGHIERO MOREIRA;
35215015/0001-51;PROJECT;37;S;99;61.472,99;18,00;19/02/2026;;5;92;FAC;92;FAC;2054;ADMINISTRACAO;LANÇADA;Solicitação autorizada por: VANESSA CORREA DE MORAES MARTINI em: 24/02/2026 18:12:59 Nota lançada por ADRIANA APARECIDA DOS SANTOS em: 25/02/2026;CELINA CASSIA CASTRO SOARES;24/02/2026;NOTA REFERENTE A PRESTAÇÃO DE SERVIÇOS DE VIGILÂNCIA PORTARIAS E RONDA EM FEVEREIRO/2026;;24/02/2026;;25/02/2026 08:50;VANESSA CORREA DE MORAES MARTINI;
29200554/0001-14;TAPEÇARIA PÉROLA;80;;;900;7,00;17/02/2026;03/04/2026;7;92;FAC;92;FAC;1155;ENGENHARIA E MANUTENCAO;AUTORIZADA;Solicitação autorizada por: CRISTIANO RODEGHIERO MOREIRA em: 26/02/2026 10:45:55 ;BARBARA REGINA LIPPERT;24/02/2026;SERVIÇO DE CONSERTO DE POLTRONAS.;;26/02/2026;;;CRISTIANO RODEGHIERO MOREIRA;
04518259/0001-80;ELECTRA COMERCIALIZADORA DE ENERGIA LTDA;144;S;99;1.372,65;30,00;23/02/2026;06/03/2026;1;92;FAC;92;FAC;1155;ENGENHARIA E MANUTENCAO;LANÇADA;Solicitação autorizada por: CRISTIANO RODEGHIERO MOREIRA em: 24/02/2026 16:01:38 Nota lançada por ADRIANA APARECIDA DOS SANTOS em: 25/02/2026;BARBARA REGINA LIPPERT;24/02/2026;REFERENTE A ENERGIA ELETRICA DA SUBESTAÇÃO;;24/02/2026;;25/02/2026 14:33;CRISTIANO RODEGHIERO MOREIRA;
00428307/0012-40;EXPRESSO SAO MIGUEL S/A;198432;11;57;125;97;23/02/2026;16/03/2026;1;92;FAC;92;FAC;1155;ENGENHARIA E MANUTENCAO;LANÇADA;Solicitação autorizada por: CRISTIANO RODEGHIERO MOREIRA em: 24/02/2026 16:01:38 Nota lançada por ADRIANA APARECIDA DOS SANTOS em: 24/02/2026;ADRIANA APARECIDA DOS SANTOS;24/02/2026;REFERENTE ENVIO DE PRODUTOS PARA ANÁLISE;;24/02/2026;;24/02/2026 16:12;CRISTIANO RODEGHIERO MOREIRA;
00428307/0012-40;EXPRESSO SAO MIGUEL S/A;198433;11;57;125;97;23/02/2026;16/03/2026;1;92;FAC;92;FAC;1155;ENGENHARIA E MANUTENCAO;LANÇADA;Solicitação autorizada por: CRISTIANO RODEGHIERO MOREIRA em: 24/02/2026 16:01:38 Nota lançada por ADRIANA APARECIDA DOS SANTOS em: 24/02/2026;ADRIANA APARECIDA DOS SANTOS;24/02/2026;REFERENTE ENVIO DE ÁGUA PARA ANÁLISE;;24/02/2026;;24/02/2026 16:12;CRISTIANO RODEGHIERO MOREIRA;
00428307/0012-40;EXPRESSO SAO MIGUEL S/A;198311;11;57;135;242;20/02/2026;13/03/2026;4;92;FAC;92;FAC;1155;ENGENHARIA E MANUTENCAO;LANÇADA;Solicitação autorizada por: CRISTIANO RODEGHIERO MOREIRA em: 24/02/2026 16:01:38 Nota lançada por ADRIANA APARECIDA DOS SANTOS em: 24/02/2026;ADRIANA APARECIDA DOS SANTOS;24/02/2026;REFERENTE ENVIO PARA CONSERTO;;24/02/2026;;24/02/2026 16:11;CRISTIANO RODEGHIERO MOREIRA;
82110818/0002-02;ALFA TRANSPORTES LTDA;8147141;0;57;1.483,03;242;18/02/2026;11/03/2026;6;92;FAC;92;FAC;1155;ENGENHARIA E MANUTENCAO;LANÇADA;Solicitação autorizada por: CRISTIANO RODEGHIERO MOREIRA em: 24/02/2026 16:01:40 Nota lançada por ADRIANA APARECIDA DOS SANTOS em: 24/02/2026;ADRIANA APARECIDA DOS SANTOS;24/02/2026;REFERENTE ENVIO PARA CONSERTO;;24/02/2026;;24/02/2026 16:09;CRISTIANO RODEGHIERO MOREIRA;
78706751/0014-30;TRANSPEN ENCOMENDAS;176585;1;57;95,95;242;18/02/2026;11/03/2026;6;92;FAC;92;FAC;1155;ENGENHARIA E MANUTENCAO;LANÇADA;Solicitação autorizada por: CRISTIANO RODEGHIERO MOREIRA em: 24/02/2026 16:01:40 Nota lançada por ADRIANA APARECIDA DOS SANTOS em: 24/02/2026;ADRIANA APARECIDA DOS SANTOS;24/02/2026;REFERENTE ENVIO PARA CONSERTO;;24/02/2026;;24/02/2026 16:05;CRISTIANO RODEGHIERO MOREIRA;
00428307/0012-40;EXPRESSO SAO MIGUEL S/A;198054;11;57;898;242;18/02/2026;11/03/2026;6;92;FAC;92;FAC;1155;ENGENHARIA E MANUTENCAO;LANÇADA;Solicitação autorizada por: CRISTIANO RODEGHIERO MOREIRA em: 24/02/2026 16:01:40 Nota lançada por ADRIANA APARECIDA DOS SANTOS em: 24/02/2026;ADRIANA APARECIDA DOS SANTOS;24/02/2026;REFERENTE ENVIO PARA CONSERTO;;24/02/2026;;24/02/2026 16:04;CRISTIANO RODEGHIERO MOREIRA;
00428307/0012-40;EXPRESSO SAO MIGUEL S/A;197645;11;57;125;97;17/02/2026;10/03/2026;7;92;FAC;92;FAC;1155;ENGENHARIA E MANUTENCAO;LANÇADA;Solicitação autorizada por: CRISTIANO RODEGHIERO MOREIRA em: 24/02/2026 16:01:40 Nota lançada por ADRIANA APARECIDA DOS SANTOS em: 24/02/2026;ADRIANA APARECIDA DOS SANTOS;24/02/2026;REFERENTE ENVIO DE PRODUTOS PARA ANÁLISE;;24/02/2026;;24/02/2026 16:04;CRISTIANO RODEGHIERO MOREIRA;
51269343/0001-97;DUALL LOGISTICA E TRANSPORTES;555;1;57;1.051,00;242;16/02/2026;09/03/2026;8;92;FAC;92;FAC;1155;ENGENHARIA E MANUTENCAO;LANÇADA;Solicitação autorizada por: CRISTIANO RODEGHIERO MOREIRA em: 24/02/2026 16:01:40 Nota lançada por ADRIANA APARECIDA DOS SANTOS em: 25/02/2026;ADRIANA APARECIDA DOS SANTOS;24/02/2026;REFERENTE DEVOLUÇÃO DA NOTA 24842;;24/02/2026;;25/02/2026 08:37;CRISTIANO RODEGHIERO MOREIRA;
11913842/0001-50;J ORTIZ CONSTRUTORA;2149;;;840;242;24/02/2026;10/04/2026;0;92;FAC;92;FAC;1155;ENGENHARIA E MANUTENCAO;AUTORIZADA;Solicitação autorizada por: CRISTIANO RODEGHIERO MOREIRA em: 24/02/2026 16:01:38 ;BARBARA REGINA LIPPERT;24/02/2026;SERVIÇOS DE MUNCK COM CADEIRINHA:OS 734 - VERIFICAÇÃO DE FUROS NA LONA DO BIODIGESTOR;;24/02/2026;;;CRISTIANO RODEGHIERO MOREIRA;
11913842/0001-50;J ORTIZ CONSTRUTORA;2148;S;99;3.050,00;242;24/02/2026;10/04/2026;0;92;FAC;92;FAC;1155;ENGENHARIA E MANUTENCAO;AUTORIZADA;Solicitação autorizada por: CRISTIANO RODEGHIERO MOREIRA em: 24/02/2026 16:01:37 ;BARBARA REGINA LIPPERT;24/02/2026;SERVIÇOS DE MUNCK NORMAL:OS 735 - MOVIMENTAÇÃO DOSADOR DE LODOOS 736 - MOVIMENTAÇÃO MOTORES (SOLDA) OS 737 - MANUTENÇÃO FLOTADOR DE AR ;;24/02/2026;;;CRISTIANO RODEGHIERO MOREIRA;
46016473/0002-69;ELETROMOTORES BADAN LIMITADA;1467;S;99;581,65;242;20/02/2026;21/04/2026;4;92;FAC;92;FAC;1155;ENGENHARIA E MANUTENCAO;LANÇADA;Solicitação autorizada por: CRISTIANO RODEGHIERO MOREIRA em: 24/02/2026 16:01:38 Nota lançada por ADRIANA APARECIDA DOS SANTOS em: 24/02/2026;FELIPE LOPES CANALLI;24/02/2026;MOTOR MESA  3 FRESCAIS  OS 99483;;24/02/2026;;24/02/2026 16:54;CRISTIANO RODEGHIERO MOREIRA;
46016473/0002-69;ELETROMOTORES BADAN LIMITADA;1466;S;99;2.606,37;242;20/02/2026;21/04/2026;4;92;FAC;92;FAC;1155;ENGENHARIA E MANUTENCAO;LANÇADA;Solicitação autorizada por: CRISTIANO RODEGHIERO MOREIRA em: 24/02/2026 16:01:38 Nota lançada por ADRIANA APARECIDA DOS SANTOS em: 24/02/2026;FELIPE LOPES CANALLI;24/02/2026;MOTOR DA BOMBA PRINCIPAL DE AGUA DA LAVADORA DE CAIXA OS 104714;;24/02/2026;;24/02/2026 16:52;CRISTIANO RODEGHIERO MOREIRA;
11913842/0001-50;J ORTIZ CONSTRUTORA;2147;;;5.250,00;242;24/02/2026;10/04/2026;0;92;FAC;92;FAC;1155;ENGENHARIA E MANUTENCAO;AUTORIZADA;Solicitação autorizada por: CRISTIANO RODEGHIERO MOREIRA em: 24/02/2026 16:01:37 ;BARBARA REGINA LIPPERT;24/02/2026;SERVIÇOS DE MUNCK NORMAL:OS 728 - IÇAMENTO DE TUBOS OS 729 - IÇAMENTO DE VENTILADOR NA SALA DE MÁQUINASOS 730 - TIRAR REDUTOR DA LAGOA DO ETAOS 822 - TRANSPORTE DE BOMBA BIODIGESTOR DE ADEQUAÇÃO DE POSTEOS 826 - ERGUER SUPORTE DE TUBULAÇÃO EM CIMA SALA DE MAQUINAS;;24/02/2026;;;CRISTIANO RODEGHIERO MOREIRA;
11913842/0001-50;J ORTIZ CONSTRUTORA;2146;;;4.200,00;242;24/02/2026;10/04/2026;0;92;FAC;92;FAC;1155;ENGENHARIA E MANUTENCAO;AUTORIZADA;Solicitação autorizada por: CRISTIANO RODEGHIERO MOREIRA em: 24/02/2026 16:01:37 ;BARBARA REGINA LIPPERT;24/02/2026;SERVIÇOS DE MUNCK COM CADEIRINHA:OS 731 - COLOCAÇÃO DE PASSARINHEIRO EM VOLTA DO FRIGORIFICOOS 732 - COLOCAÇÃO DE TELAS DE PASSARINHEIROOS 827 - MANUTENÇÃO DE MOTOR DO BIODIGESTOR ;;24/02/2026;;;CRISTIANO RODEGHIERO MOREIRA;
04368898/0001-06;COPEL DISTRIBUICAO S.A.;350081;2;66;865.617,87;30;21/02/2026;;3;92;FAC;92;FAC;2054;ADMINISTRACAO;LANÇADA;Solicitação autorizada por: VANESSA CORREA DE MORAES MARTINI em: 24/02/2026 11:12:12 Nota lançada por ADRIANA APARECIDA DOS SANTOS em: 24/02/2026;ADRIANA APARECIDA DOS SANTOS;24/02/2026;REFERENTE ENERGIA ELÉTRICA;;24/02/2026;;24/02/2026 11:21;VANESSA CORREA DE MORAES MARTINI;
46016473/0002-69;ELETROMOTORES BADAN LIMITADA;1464;S;99;668,43;242;19/02/2026;20/04/2026;5;92;FAC;92;FAC;1155;ENGENHARIA E MANUTENCAO;LANÇADA;Solicitação autorizada por: CRISTIANO RODEGHIERO MOREIRA em: 24/02/2026 16:01:39 Nota lançada por ADRIANA APARECIDA DOS SANTOS em: 24/02/2026;FELIPE LOPES CANALLI;24/02/2026;MOTOR MESA  1 FRESCAIS  OS 99481;;24/02/2026;;24/02/2026 16:57;CRISTIANO RODEGHIERO MOREIRA;
46016473/0002-69;ELETROMOTORES BADAN LIMITADA;1463;S;99;875,85;242;19/02/2026;20/04/2026;5;92;FAC;92;FAC;1155;ENGENHARIA E MANUTENCAO;LANÇADA;Solicitação autorizada por: CRISTIANO RODEGHIERO MOREIRA em: 24/02/2026 16:01:39 Nota lançada por ADRIANA APARECIDA DOS SANTOS em: 25/02/2026;FELIPE LOPES CANALLI;24/02/2026;ESTEIRA PRESUNTO OS 99480;;24/02/2026;;25/02/2026 08:01;CRISTIANO RODEGHIERO MOREIRA;
46016473/0002-69;ELETROMOTORES BADAN LIMITADA;1462;S;99;2.102,31;242;19/02/2026;20/04/2026;5;92;FAC;92;FAC;1155;ENGENHARIA E MANUTENCAO;LANÇADA;Solicitação autorizada por: CRISTIANO RODEGHIERO MOREIRA em: 24/02/2026 16:01:39 Nota lançada por ADRIANA APARECIDA DOS SANTOS em: 25/02/2026;FELIPE LOPES CANALLI;24/02/2026;MOTOR DO AGITADOR DA SEGUNDA LAGOA DO SETOR ETE OS 100785;;24/02/2026;;25/02/2026 08:10;CRISTIANO RODEGHIERO MOREIRA;
40306125/0001-69;LABORATUS EQUIPAMENTUS CIENTIFICOS;254;1;55;831,54;-;19/02/2026;27/02/2026;5;92;FAC;92;FAC;1155;ENGENHARIA E MANUTENCAO;LANÇADA;Solicitação autorizada por: ADRIANO TOMALOK em: 24/02/2026 10:07:25 Nota lançada por WILLIAN MARCONDES DOS SANTOS em: 25/02/2026;WILLIAN MARCONDES DOS SANTOS;24/02/2026;;;24/02/2026;Autorizado automaticamente através do pedido de compra 4506973 em 23/02/2026.;25/02/2026 16:00;ADRIANO TOMALOK;
46016473/0002-69;ELETROMOTORES BADAN LIMITADA;1461;S;99;1.109,21;242;19/02/2026;20/04/2026;5;92;FAC;92;FAC;1155;ENGENHARIA E MANUTENCAO;LANÇADA;Solicitação autorizada por: CRISTIANO RODEGHIERO MOREIRA em: 24/02/2026 16:01:39 Nota lançada por ADRIANA APARECIDA DOS SANTOS em: 24/02/2026;FELIPE LOPES CANALLI;24/02/2026;MOTOR DO CORTADOR DE TRIPA OS 102356;;24/02/2026;;24/02/2026 17:04;CRISTIANO RODEGHIERO MOREIRA;
46016473/0002-69;ELETROMOTORES BADAN LIMITADA;1459;S;99;3.760,94;242;19/02/2026;20/04/2026;5;92;FAC;92;FAC;1155;ENGENHARIA E MANUTENCAO;LANÇADA;Solicitação autorizada por: CRISTIANO RODEGHIERO MOREIRA em: 24/02/2026 16:01:39 Nota lançada por ADRIANA APARECIDA DOS SANTOS em: 24/02/2026;FELIPE LOPES CANALLI;24/02/2026;MOTOR DA DEPILADEIRA OS;;24/02/2026;;24/02/2026 17:23;CRISTIANO RODEGHIERO MOREIRA;
59704510/0001-92;TOLEDO DO BRASIL INDUSTRIA DE BALANCAS LTDA;19566;U;99;12.130,00;242;13/02/2026;30/03/2026;11;92;FAC;92;FAC;1155;ENGENHARIA E MANUTENCAO;LANÇADA;Solicitação autorizada por: CRISTIANO RODEGHIERO MOREIRA em: 24/02/2026 16:01:40 Nota lançada por ADRIANA APARECIDA DOS SANTOS em: 26/02/2026;BARBARA REGINA LIPPERT;24/02/2026;SERVIÇO DE MÃO DE OBRA PARA REALIZAR A RETIRADA DA BALANÇA RODOVIÁRIA DO FOSSO, INSTALAÇÃO APÓS AS ADEQUAÇÕES DA BASE E CALIBRAÇÃO.;;24/02/2026;;26/02/2026 08:04;CRISTIANO RODEGHIERO MOREIRA;
08031153/0001-08;ATENAS BOMBAS;3227;S;99;5.800,00;242;19/02/2026;05/04/2026;5;92;FAC;92;FAC;1155;ENGENHARIA E MANUTENCAO;LANÇADA;Solicitação autorizada por: CRISTIANO RODEGHIERO MOREIRA em: 24/02/2026 16:01:39 Nota lançada por ADRIANA APARECIDA DOS SANTOS em: 25/02/2026;BARBARA REGINA LIPPERT;24/02/2026;CONSERTO EM BOMBA UTILIZADA NA TIPIFICAÇÃO DO ABATE.;;24/02/2026;;25/02/2026 10:20;CRISTIANO RODEGHIERO MOREIRA;
24231350/0001-27;LABORATORIO DE ANALISES CLINICAS DE CASTRO LTDA;154;U;99;192;168;23/02/2026;;0;92;FAC;92;FAC;2101;SEGURANCA E SAUDE;LANÇADA;Solicitação autorizada por: VANESSA CORREA DE MORAES MARTINI em: 23/02/2026 17:59:45 Nota lançada por ADRIANA APARECIDA DOS SANTOS em: 24/02/2026;TAMIRES GHENO MUCHA;23/02/2026;EXAMES DE COPROCULTURA + BETA HCG + HEPATITE;;23/02/2026;;24/02/2026 11:13;VANESSA CORREA DE MORAES MARTINI;
51057772/0001-09;JL RIBEIRO SOLUCOES LTDA;62;U;99;2.002,35;167;23/02/2026;;0;92;FAC;92;FAC;2101;SEGURANCA E SAUDE;LANÇADA;Solicitação autorizada por: VANESSA CORREA DE MORAES MARTINI em: 24/02/2026 14:06:08 Nota lançada por ADRIANA APARECIDA DOS SANTOS em: 24/02/2026;TAMIRES GHENO MUCHA;23/02/2026;CORRIDAS TAXI;;24/02/2026;;24/02/2026 15:44;VANESSA CORREA DE MORAES MARTINI;
24012574/0001-48;CICASTRO;28805;U;99;6.720,00;168;18/02/2026;;5;92;FAC;92;FAC;2101;SEGURANCA E SAUDE;LANÇADA;Solicitação autorizada por: VANESSA CORREA DE MORAES MARTINI em: 23/02/2026 16:53:35 Nota lançada por ADRIANA APARECIDA DOS SANTOS em: 23/02/2026;TAMIRES GHENO MUCHA;23/02/2026;NOTA FISCAL REFERENTE A EXAME DE RAIO X (ADMISSIONAIS);;23/02/2026;;23/02/2026 17:18;VANESSA CORREA DE MORAES MARTINI;
34055801/0001-76;ROQUE SAÚDE E SEGURANÇA DO TRABALHO;4341;U;99;95,21;169;02/02/2026;;21;92;FAC;92;FAC;2101;SEGURANCA E SAUDE;LANÇADA;Solicitação autorizada por: VANESSA CORREA DE MORAES MARTINI em: 23/02/2026 15:16:36 Nota lançada por ADRIANA APARECIDA DOS SANTOS em: 23/02/2026;TAMIRES GHENO MUCHA;23/02/2026;AVALIAÇÃO PSICOLOGICA PARA ENQUADRAMENTO DE PCD INTELECTUAL;;23/02/2026;Autorizado automaticamente através do pedido de compra 4504775 em 19/02/2026.;23/02/2026 16:15;VANESSA CORREA DE MORAES MARTINI;
19494778/0001-22;SULMED MEDICINA E SEGURANCA DO TRABALHO;146;S;99;11.183,00;169;18/02/2026;;5;92;FAC;92;FAC;2101;SEGURANCA E SAUDE;LANÇADA;Solicitação autorizada por: VANESSA CORREA DE MORAES MARTINI em: 23/02/2026 16:53:35 Nota lançada por ADRIANA APARECIDA DOS SANTOS em: 24/02/2026;TAMIRES GHENO MUCHA;23/02/2026;NOTA REFERENTE ATEDIMENTO FONO TERCEIRA;;23/02/2026;;24/02/2026 08:37;VANESSA CORREA DE MORAES MARTINI;
14278989/0001-04;DESBRAVA SERVICOS LTDA;1322;1;99;54.000,00;9;23/02/2026;;0;92;FAC;92;FAC;2054;ADMINISTRACAO;LANÇADA;Solicitação autorizada por: VANESSA CORREA DE MORAES MARTINI em: 23/02/2026 17:59:45 Nota lançada por ADRIANA APARECIDA DOS SANTOS em: 24/02/2026;ANGELA MARIA BIESCEK;23/02/2026;NOTA REFERENTE A PRESTAÇÃO DE SERVIÇO - LIMPEZA FACILITIES MÊS FEVEREIRO/2026;;23/02/2026;;24/02/2026 08:30;VANESSA CORREA DE MORAES MARTINI;
18597494/0001-07;DR SOLUCOES AMBIENTAIS;6595;U;99;6.150,00;9;23/02/2026;20/03/2026;0;92;FAC;92;FAC;1155;ENGENHARIA E MANUTENCAO;LANÇADA;Solicitação autorizada por: CRISTIANO RODEGHIERO MOREIRA em: 24/02/2026 16:01:38 Nota lançada por ADRIANA APARECIDA DOS SANTOS em: 25/02/2026;BARBARA REGINA LIPPERT;23/02/2026;OS 16968 - LIMPEZA LAVA TRUCK, LIMPEZA DA CANALETA POCILGA, LIMPEZA DAS CANALETAS LAVA TRUCK, LIMPEZA DOS RALOS DO ABATE;;24/02/2026;;25/02/2026 11:45;CRISTIANO RODEGHIERO MOREIRA;
02427026/0009-01;ALIANÇA NAVEGAÇÃO E LOGISTICA LTDA;188406;4;57;9.926,16;171;28/01/2026;03/03/2026;26;92;FAC;28;U.V. RECIFE/CB.ST.AG;698;LOGISTICA SECUNDARIA A;LANÇADA;Solicitação autorizada por: GISELE BRUZZI PORTO em: 23/02/2026 13:33:35 Nota lançada por ADRIANA APARECIDA DOS SANTOS em: 23/02/2026;GUSTAVO LUIZ GOMES DOS SANTOS;23/02/2026;CTE 188406 NFS 44704 / 44705 CARGA 14418966;;23/02/2026;;23/02/2026 16:05;GISELE BRUZZI PORTO;
12400137/0001-12;TEC FRIO REFRIGERAÇÃO E CLIMATIZAÇÃO;15;S;99;2.700,00;242,00;19/02/2026;06/03/2026;4;92;FAC;92;FAC;1155;ENGENHARIA E MANUTENCAO;LANÇADA;Solicitação autorizada por: CRISTIANO RODEGHIERO MOREIRA em: 24/02/2026 16:01:39 Nota lançada por ADRIANA APARECIDA DOS SANTOS em: 25/02/2026;BARBARA REGINA LIPPERT;23/02/2026;SERVIÇO REFERENTE À MÃO DE OBRA TÉCNICA, DEVIDO A CÂMARA DE CONGELAMENTO ESTAR COM MÁS CONDIÇÕES DE FUNCINAMENTO, GERANDO PERCA DE ALIMENTOS.;;24/02/2026;;25/02/2026 11:30;CRISTIANO RODEGHIERO MOREIRA;
50981018/0006-02;SEW EURODRIVE;26100;1;55;7.848,21;242;13/02/2026;14/04/2026;10;92;FAC;92;FAC;1155;ENGENHARIA E MANUTENCAO;LANÇADA;Solicitação autorizada por: CRISTIANO RODEGHIERO MOREIRA em: 24/02/2026 16:01:40 Nota lançada por ADRIANA APARECIDA DOS SANTOS em: 25/02/2026;ADRIANA APARECIDA DOS SANTOS;23/02/2026;SERVIÇO DE TERCEIRO COM MÃO DE OBRA E MATERIAIS PARA CONSERTO DO MOTOREDUTOR SEW SA77 DRE90L4 SN 70.0241778806.0004.14.;;24/02/2026;;25/02/2026 09:41;CRISTIANO RODEGHIERO MOREIRA;
08050646/0001-95;AUTO POSTO SUL PARANA LTDA;750;5;55;1.544,97;12;16/02/2026;;7;92;FAC;92;FAC;728;GESTAO DE VEICULOS;LANÇADA;Solicitação autorizada por: VANESSA CORREA DE MORAES MARTINI em: 23/02/2026 09:56:35 Nota lançada por ADRIANA APARECIDA DOS SANTOS em: 23/02/2026;RODRIGO WALTER;23/02/2026;REFERENTE ABASTECIMENTOS DOS VEÍCULOS DA FROTA DA UNIDADE FAC;;23/02/2026;;23/02/2026 14:10;VANESSA CORREA DE MORAES MARTINI;
08050646/0001-95;AUTO POSTO SUL PARANA LTDA;503;5;55;1.093,95;12;03/02/2026;;20;92;FAC;92;FAC;728;GESTAO DE VEICULOS;LANÇADA;Solicitação autorizada por: VANESSA CORREA DE MORAES MARTINI em: 23/02/2026 09:56:36 Nota lançada por ADRIANA APARECIDA DOS SANTOS em: 23/02/2026;RODRIGO WALTER;23/02/2026;REFERENTE AOS ABASTECIMENTOS DOS VEÍCULOS DA UNIIDADE FAC;;23/02/2026;;23/02/2026 17:20;VANESSA CORREA DE MORAES MARTINI;
37647030/0001-02;TECNICONTROL PEST LTDA;242;S;99;10.841,59;9;20/02/2026;;3;92;FAC;92;FAC;1759;CONTROLE DE QUALIDADE;LANÇADA;Solicitação autorizada por: VANESSA CORREA DE MORAES MARTINI em: 23/02/2026 09:56:35 Nota lançada por ADRIANA APARECIDA DOS SANTOS em: 23/02/2026;GABRIELLE APARECIDA CARVALHO;23/02/2026;SERVIÇO CONTROLE DE PRAGAS;;23/02/2026;;23/02/2026 14:51;VANESSA CORREA DE MORAES MARTINI;
79444717/0023-98;FARMACIAS FLEMING LTDA;15627;2;55;96,4;-;10/02/2026;;13;92;FAC;92;FAC;5345;EMBALAGEM SECUNDARIA INDUSTRIALIZADOS 1ºT;AGUARDANDO AUTORIZAÇÃO;Solicitação aguardando autorização de:  CRISTIANO RODEGHIERO MOREIRA | ADRIANO TOMALOK | VANESSA CORREA DE MORAES MARTINI | ;JOSMAR JOSE MACHADO;23/02/2026;EFERENTE ACIDENTE DE TRABALHO COLABORADOR 292878 CUSTO SETOR EMB. SEC. IND. 5345.;;26/02/2026;;;;
13704733/0001-59;TRÊS QUADROS FILMES;483;1;99;117.500,00;140;20/02/2026;10/03/2026;1;92;FAC;92;FAC;2054;ADMINISTRACAO;LANÇADA;Solicitação autorizada por: VANESSA CORREA DE MORAES MARTINI em: 23/02/2026 09:56:35 Nota lançada por ADRIANA APARECIDA DOS SANTOS em: 24/02/2026;RAFAEL SALVI DOS SANTOS;21/02/2026;CRIAÇÃO E PRODUÇÃO DO FILME ¿A TURMINHA DA RECICLAGEM¿;;23/02/2026;;24/02/2026 09:30;VANESSA CORREA DE MORAES MARTINI;
76511260/0001-93;C O MUELLER COMERCIO DE MOTORES E BOMBAS LTDA;11814;S;99;2.596,00;242;06/02/2026;06/03/2026;14;92;FAC;92;FAC;1155;ENGENHARIA E MANUTENCAO;LANÇADA;Solicitação autorizada por: CRISTIANO RODEGHIERO MOREIRA em: 21/02/2026 10:38:03 Nota lançada por ADRIANA APARECIDA DOS SANTOS em: 23/02/2026;BARBARA REGINA LIPPERT;20/02/2026;SERVIÇO DE CONSERTO BOMBA KSB HYDROBLOC C1000NT.;;21/02/2026;;23/02/2026 11:40;CRISTIANO RODEGHIERO MOREIRA;
76511260/0006-06;C O MUELLER COMERCIO DE MOTORES E BOMBAS LTDA;11830;S;99;3.667,80;242;09/02/2026;26/03/2026;11;92;FAC;92;FAC;1155;ENGENHARIA E MANUTENCAO;LANÇADA;Solicitação autorizada por: CRISTIANO RODEGHIERO MOREIRA em: 21/02/2026 10:38:03 Nota lançada por ADRIANA APARECIDA DOS SANTOS em: 23/02/2026;BARBARA REGINA LIPPERT;20/02/2026;SERVIÇO DE MANUTENÇÃO EM BOMBA KSB MOD. ETA OPBA21300715 TAM. 80-40/3.;;21/02/2026;;23/02/2026 17:05;CRISTIANO RODEGHIERO MOREIRA;
05013050/0001-27;MAREL BRASIL COMERCIAL E INDUSTRIAL LTDA;5778;E;99;4.709,79;242;13/02/2026;30/03/2026;7;92;FAC;92;FAC;1155;ENGENHARIA E MANUTENCAO;LANÇADA;Solicitação autorizada por: CRISTIANO RODEGHIERO MOREIRA em: 21/02/2026 10:38:03 Nota lançada por ADRIANA APARECIDA DOS SANTOS em: 23/02/2026;BARBARA REGINA LIPPERT;20/02/2026;MÃO DE OBRA PARA DIA EXTRA DE ACOMPANHAMENTO DE UM TÉCNICO DA MAREL, PARA O EQUIPAMENTO V-CUT 240.;;21/02/2026;;23/02/2026 15:51;CRISTIANO RODEGHIERO MOREIRA;
77557635/0001-19;TRANSPORTES COLETIVOS GRANDE LONDRINA LTDA;49875243;S;99;250;40;20/02/2026;;0;92;FAC;16;MATRIZ;452;CSC GESTAO PESSOAS;LANÇADA;Solicitação autorizada por: PAULA FERNANDA DA SILVA GIACOMELLI em: 20/02/2026 17:42:21 Nota lançada por ADRIANA APARECIDA DOS SANTOS em: 23/02/2026;DIANE PAZOLINI;20/02/2026;NF PAGA VIA ADTO 565361;;20/02/2026;;23/02/2026 14:17;PAULA FERNANDA DA SILVA GIACOMELLI;
51057772/0001-09;JL RIBEIRO SOLUCOES LTDA;17;1;57;4.700,00;97;19/02/2026;13/03/2026;1;92;FAC;92;FAC;1759;CONTROLE DE QUALIDADE;LANÇADA;Solicitação autorizada por: MARCELO TIRELLI DE SIQUEIRA em: 24/02/2026 16:33:57 Nota lançada por ADRIANA APARECIDA DOS SANTOS em: 25/02/2026;GABRIELLE APARECIDA CARVALHO;20/02/2026;FRETE DE ANÁLISE LABORATORIAL;;24/02/2026;;25/02/2026 14:56;MARCELO TIRELLI DE SIQUEIRA;
77557635/0001-19;TRANSPORTES COLETIVOS GRANDE LONDRINA LTDA;49875242;S;99;200;40;20/02/2026;;0;92;FAC;16;MATRIZ;452;CSC GESTAO PESSOAS;LANÇADA;Solicitação autorizada por: PAULA FERNANDA DA SILVA GIACOMELLI em: 20/02/2026 17:42:21 Nota lançada por ADRIANA APARECIDA DOS SANTOS em: 23/02/2026;DIANE PAZOLINI;20/02/2026;NF PAGA VIA ADTO 564561;;20/02/2026;;23/02/2026 14:00;PAULA FERNANDA DA SILVA GIACOMELLI;
57029431/0047-80;ATLAS COPCO BRASIL;268814;15;55;3.261,99;242;13/02/2026;30/03/2026;7;92;FAC;92;FAC;1155;ENGENHARIA E MANUTENCAO;AUTORIZADA;Solicitação autorizada por: CRISTIANO RODEGHIERO MOREIRA em: 21/02/2026 10:38:03 ;WILLIAN MARCONDES DOS SANTOS;20/02/2026;ERVIÇO DE MANUTENÇÃO PREVENTIVA DE 4.000H COMPRESSOR DE AR G110 VSD Nº DE SÉRIE BQR145481.;;21/02/2026;;;CRISTIANO RODEGHIERO MOREIRA;
91831016/0001-00;ARTEFATOS DE BORRACHA PCR LTDA;538;S;99;20.706,00;242;19/02/2026;19/03/2026;1;92;FAC;92;FAC;1155;ENGENHARIA E MANUTENCAO;LANÇADA;Solicitação autorizada por: CRISTIANO RODEGHIERO MOREIRA em: 21/02/2026 10:38:02 Nota lançada por ADRIANA APARECIDA DOS SANTOS em: 23/02/2026;BARBARA REGINA LIPPERT;20/02/2026;SERVIÇO DE MATERIAL E MÃO DE OBRA PARA REFORMA DE CILINDROS DO EQUIPAMENTO MÁQUINA DE TRIPAS.;;21/02/2026;;23/02/2026 15:33;CRISTIANO RODEGHIERO MOREIRA;
09294095/0001-78;LABORATORIO DE METROLOGIA LENZI LTDA - EPP;690;S;99;1.569,00;242;11/02/2026;25/03/2026;9;92;FAC;92;FAC;3591;LABORATORIO ANALISE DE ALIMENTOS FAC;LANÇADA;Solicitação autorizada por: VANESSA CORREA DE MORAES MARTINI em: 23/02/2026 09:56:36 Nota lançada por ADRIANA APARECIDA DOS SANTOS em: 23/02/2026;NADHINE DE ASSIS RIOS;20/02/2026;;;23/02/2026;;23/02/2026 17:26;VANESSA CORREA DE MORAES MARTINI;
50981018/0006-02;SEW EURODRIVE;80;S;99;1.842,12;242;13/02/2026;14/04/2026;7;92;FAC;92;FAC;1155;ENGENHARIA E MANUTENCAO;LANÇADA;Solicitação autorizada por: CRISTIANO RODEGHIERO MOREIRA em: 21/02/2026 10:38:03 Nota lançada por ADRIANA APARECIDA DOS SANTOS em: 23/02/2026;BARBARA REGINA LIPPERT;20/02/2026;CONSERTO DO MOTOREDUTOR SEW SA77 DRE90L4 SN 70.0241778806.0004.14;;21/02/2026;;23/02/2026 15:03;CRISTIANO RODEGHIERO MOREIRA;
03176066/0001-25;BUSCH DO BRASIL LTDA;81;S;99;3.465,00;242;04/02/2026;21/03/2026;16;92;FAC;92;FAC;1155;ENGENHARIA E MANUTENCAO;LANÇADA;Solicitação autorizada por: CRISTIANO RODEGHIERO MOREIRA em: 21/02/2026 10:38:03 Nota lançada por ADRIANA APARECIDA DOS SANTOS em: 23/02/2026;BARBARA REGINA LIPPERT;20/02/2026;CONSERTO DA MOTOBOMBA DE VÁCUO BUSCH RA 0160 D 563 AJXZ SN C1347000561;;21/02/2026;;23/02/2026 17:24;CRISTIANO RODEGHIERO MOREIRA;
46016473/0002-69;ELETROMOTORES BADAN LIMITADA;1438;S;99;4.800,00;242;06/02/2026;07/04/2026;14;92;FAC;92;FAC;1155;ENGENHARIA E MANUTENCAO;LANÇADA;Solicitação autorizada por: CRISTIANO RODEGHIERO MOREIRA em: 21/02/2026 10:38:03 Nota lançada por ADRIANA APARECIDA DOS SANTOS em: 23/02/2026;BARBARA REGINA LIPPERT;20/02/2026;CONSERTO TRAVO VC999 REBOBINAMENTO COMPLETO DO ESTATOR;;21/02/2026;;23/02/2026 15:05;CRISTIANO RODEGHIERO MOREIRA;
11429623/0001-09;AVF;1841;S;99;1.459,90;242;18/02/2026;18/03/2026;2;92;FAC;92;FAC;1155;ENGENHARIA E MANUTENCAO;LANÇADA;Solicitação autorizada por: CRISTIANO RODEGHIERO MOREIRA em: 21/02/2026 10:38:02 Nota lançada por ADRIANA APARECIDA DOS SANTOS em: 23/02/2026;BARBARA REGINA LIPPERT;20/02/2026;TORNO - USINAGEM EM GUIA/SUPORTE UTILIZADO NOS DISCOS DOS RISCADORES DAS DEBOFLEX.;;21/02/2026;;23/02/2026 11:45;CRISTIANO RODEGHIERO MOREIRA;
58146236/0001-10;PHDS COMERCIO DE FERRAGENS LTDA;735;S;99;2.996,00;242;18/02/2026;04/04/2026;2;92;FAC;92;FAC;1155;ENGENHARIA E MANUTENCAO;LANÇADA;Solicitação autorizada por: CRISTIANO RODEGHIERO MOREIRA em: 21/02/2026 10:38:03 Nota lançada por ADRIANA APARECIDA DOS SANTOS em: 23/02/2026;BARBARA REGINA LIPPERT;20/02/2026;TORNO - USINAGEM DE EIXO DE INOX FINITY 4, TRIPARIA;;21/02/2026;;23/02/2026 15:28;CRISTIANO RODEGHIERO MOREIRA;
18640674/0001-16;KUGLER SOLUCOES GRAFICAS;17609;1;55;81;80;13/02/2026;15/03/2026;7;92;FAC;92;FAC;1155;ENGENHARIA E MANUTENCAO;LANÇADA;Solicitação autorizada por: CRISTIANO RODEGHIERO MOREIRA em: 21/02/2026 10:38:03 Nota lançada por WILLIAN MARCONDES DOS SANTOS em: 24/02/2026;WILLIAN MARCONDES DOS SANTOS;20/02/2026;SERVICO P/AREA DE APOIO - ADESIVOS 3CM - NUMERADOS;;21/02/2026;;24/02/2026 10:20;CRISTIANO RODEGHIERO MOREIRA;
18597494/0001-07;DR SOLUCOES AMBIENTAIS;6582;U;99;3.914,59;9;19/02/2026;05/04/2026;1;92;FAC;92;FAC;1155;ENGENHARIA E MANUTENCAO;LANÇADA;Solicitação autorizada por: CRISTIANO RODEGHIERO MOREIRA em: 24/02/2026 16:01:38 Nota lançada por ADRIANA APARECIDA DOS SANTOS em: 25/02/2026;BARBARA REGINA LIPPERT;20/02/2026;OS 16940 - DESENTUPIMENTO E LIMPEZA DA CAIXA DA MUCOSA;;24/02/2026;;25/02/2026 10:18;CRISTIANO RODEGHIERO MOREIRA;
07804544/0002-36;GESTEC EQUIPAMENTOS E PRECISAO EIRELI;2685;S;99;1.508,35;242;13/02/2026;16/03/2026;6;92;FAC;92;FAC;1759;CONTROLE DE QUALIDADE;LANÇADA;Solicitação autorizada por: MARCELO TIRELLI DE SIQUEIRA em: 24/02/2026 16:42:05 Nota lançada por ADRIANA APARECIDA DOS SANTOS em: 25/02/2026;LUCAS NUNES BUENO DA SILVA;19/02/2026;;;24/02/2026;;25/02/2026 14:05;MARCELO TIRELLI DE SIQUEIRA;
01341776/0011-00;MERCOSUL LINE NAVEGACAO E LOGISTICA LTDA;67781;3;57;9.473,13;171;16/01/2026;01/03/2026;34;92;FAC;28;U.V. RECIFE/CB.ST.AG;698;LOGISTICA SECUNDARIA A;LANÇADA;Solicitação autorizada por: GISELE BRUZZI PORTO em: 20/02/2026 08:50:14 Nota lançada por ADRIANA APARECIDA DOS SANTOS em: 20/02/2026;JEVSON JOSE ALVES FEITOSA;19/02/2026;REFERENTE A CARGA 14374968 NF 044024 NF 044025;;20/02/2026;;20/02/2026 16:25;GISELE BRUZZI PORTO;
42278291/0035-73;LOG-IN - LOGISTICA INTERMODAL S/A;106987;59;57;6.451,61;233;23/01/2026;23/02/2026;27;92;FAC;69;U.V. FORTALEZA;698;LOGISTICA SECUNDARIA A;LANÇADA;Solicitação autorizada por: DIRCEU ANGNES em: 19/02/2026 17:35:49 Nota lançada por ADRIANA APARECIDA DOS SANTOS em: 20/02/2026;ANDERSON PERES MARTINS;19/02/2026; CUSTO EXTRA DE ARMAZENAGEM - CONTAINER DE Nº  SZLU931248 - (NFS 40569 / 40570   - CARGA: 14165641) FRETE DA LOG-IN - CTE COMPLEMENTAR 101308;;19/02/2026;;20/02/2026 15:06;DIRCEU ANGNES;
42278291/0035-73;LOG-IN - LOGISTICA INTERMODAL S/A;106986;59;57;8.258,06;233;23/01/2026;23/02/2026;27;92;FAC;69;U.V. FORTALEZA;698;LOGISTICA SECUNDARIA A;LANÇADA;Solicitação autorizada por: DIRCEU ANGNES em: 19/02/2026 17:35:49 Nota lançada por ADRIANA APARECIDA DOS SANTOS em: 20/02/2026;ANDERSON PERES MARTINS;19/02/2026; CUSTO EXTRA DE MONITORAMENTO E ENERGIA - CONTAINER DE Nº  SZLU931248 - (NFS 40569 / 40570   - CARGA: 14165641) FRETE DA LOG-IN - CTE COMPLEMENTAR 101308;;19/02/2026;;20/02/2026 14:57;DIRCEU ANGNES;
51057772/0001-09;JL RIBEIRO SOLUCOES LTDA;16;1;57;3.000,00;97;17/02/2026;10/03/2026;2;92;FAC;92;FAC;1759;CONTROLE DE QUALIDADE;LANÇADA;Solicitação autorizada por: MARCELO TIRELLI DE SIQUEIRA em: 19/02/2026 17:35:48 Nota lançada por ADRIANA APARECIDA DOS SANTOS em: 23/02/2026;GABRIELLE APARECIDA CARVALHO;19/02/2026;FRETE DE ANÁLISE LABORATORIAL;;19/02/2026;;23/02/2026 14:31;MARCELO TIRELLI DE SIQUEIRA;
42278291/0001-24;LOG-IN - LOGISTICA INTERMODAL S/A;42246;S;99;7.800,00;233;23/01/2026;23/02/2026;27;92;FAC;69;U.V. FORTALEZA;698;LOGISTICA SECUNDARIA A;LANÇADA;Solicitação autorizada por: DIRCEU ANGNES em: 19/02/2026 17:35:51 Nota lançada por ADRIANA APARECIDA DOS SANTOS em: 20/02/2026;ANDERSON PERES MARTINS;19/02/2026; CUSTO EXTRA DE DEMURRAGE - CONTAINER DE Nº  SZLU931248 - (NFS 40569 / 40570   - CARGA: 14165641) FRETE DA LOG-IN - CTE COMPLEMENTAR 101308;;19/02/2026;;20/02/2026 17:22;DIRCEU ANGNES;
04337111/0001-49;CBO ASSESSORIA E ANALISE;52293;S;99;666,3;97;18/02/2026;18/03/2026;1;92;FAC;92;FAC;1759;CONTROLE DE QUALIDADE;LANÇADA;Solicitação autorizada por: MARCELO TIRELLI DE SIQUEIRA em: 19/02/2026 17:34:52 Nota lançada por ADRIANA APARECIDA DOS SANTOS em: 23/02/2026;GABRIELLE APARECIDA CARVALHO;19/02/2026;SERVIÇO DE ANÁLISE LABORATORIAL;;19/02/2026;;23/02/2026 15:12;MARCELO TIRELLI DE SIQUEIRA;
44433080/0001-44;MAM RECICLAGEM;232;S;99;26.250,00;9;19/02/2026;;0;92;FAC;92;FAC;2054;ADMINISTRACAO;LANÇADA;Solicitação autorizada por: VANESSA CORREA DE MORAES MARTINI em: 19/02/2026 16:46:11 Nota lançada por ADRIANA APARECIDA DOS SANTOS em: 23/02/2026;ANGELA MARIA BIESCEK;19/02/2026;NOTA REFERENTE A LIMPEZA DE RESÍDUOS - PRESTAÇÃO DE SERVIÇO E FRETE FEVEREIRO/2026;;19/02/2026;;23/02/2026 11:34;VANESSA CORREA DE MORAES MARTINI;
21557110/0001-29;JARDIM SOLAR;290;U;99;32.000,00;60;19/02/2026;20/03/2026;0;92;FAC;92;FAC;2054;ADMINISTRACAO;LANÇADA;Solicitação autorizada por: VANESSA CORREA DE MORAES MARTINI em: 19/02/2026 16:46:11 Nota lançada por ADRIANA APARECIDA DOS SANTOS em: 23/02/2026;ANGELA MARIA BIESCEK;19/02/2026;NOTA REFERENTE A JARDINAGEM DA UNIDADE NO MÊS DE FEVEREIRO/2026;;19/02/2026;;23/02/2026 17:11;VANESSA CORREA DE MORAES MARTINI;
66616970/0001-24;DISKTRANS COMERCIAL LTDA;625243;S;99;4.019,25;153;18/02/2026;05/03/2026;1;92;FAC;92;FAC;1155;ENGENHARIA E MANUTENCAO;LANÇADA;Solicitação autorizada por: CRISTIANO RODEGHIERO MOREIRA em: 20/02/2026 07:47:18 Nota lançada por ADRIANA APARECIDA DOS SANTOS em: 23/02/2026;BARBARA REGINA LIPPERT;19/02/2026;LOCAÇÃO DE EQUIPAMENTOS UTILIZADOS PARA MOVIMENTAÇÃO DE CARGAS PALETIZADAS REFERENTE AO CONTRATO SEQUENCIA AURORA:3624 - Nº AURORA 111657;;20/02/2026;;23/02/2026 08:47;CRISTIANO RODEGHIERO MOREIRA;
58146236/0001-10;PHDS COMERCIO DE FERRAGENS LTDA;736;S;99;1.180,00;242;18/02/2026;04/04/2026;1;92;FAC;92;FAC;1155;ENGENHARIA E MANUTENCAO;LANÇADA;Solicitação autorizada por: CRISTIANO RODEGHIERO MOREIRA em: 20/02/2026 07:47:18 Nota lançada por ADRIANA APARECIDA DOS SANTOS em: 20/02/2026;BARBARA REGINA LIPPERT;19/02/2026;TORNO - SERVIÇO E USINAGEM EM POLIA PARA TACTAPE;;20/02/2026;;20/02/2026 09:14;CRISTIANO RODEGHIERO MOREIRA;
58146236/0001-10;PHDS COMERCIO DE FERRAGENS LTDA;729;S;99;2.265,00;242;17/02/2026;03/04/2026;2;92;FAC;92;FAC;1155;ENGENHARIA E MANUTENCAO;LANÇADA;Solicitação autorizada por: CRISTIANO RODEGHIERO MOREIRA em: 20/02/2026 07:47:18 Nota lançada por ADRIANA APARECIDA DOS SANTOS em: 23/02/2026;BARBARA REGINA LIPPERT;19/02/2026; SERVIÇO TERCEIRO: MATERIAL E MÃO DE OBRA PARA CONSERTO DE CHAPA PARA NIVELAMENTO DE BALANÇA RODOVIÁRIA;;20/02/2026;;23/02/2026 11:27;CRISTIANO RODEGHIERO MOREIRA;
58169490/0001-34;THDS;58;U;99;32.995,17;5;18/02/2026;04/04/2026;1;92;FAC;92;FAC;1155;ENGENHARIA E MANUTENCAO;LANÇADA;Solicitação autorizada por: CRISTIANO RODEGHIERO MOREIRA em: 20/02/2026 07:47:18 Nota lançada por ADRIANA APARECIDA DOS SANTOS em: 20/02/2026;BARBARA REGINA LIPPERT;19/02/2026;REALIZAR A SUBSTITUIÇÃO DE APROXIMADAMENTE 48 METROS DE TUBULAÇÃO DE 4¿, 48 METROS DE TUBULAÇÃO DE 3¿, 48 METROS DE TUBULAÇÃO DE 2¿, 20 METROS DE TUBULAÇÃO DE 1¿, 20 METROS DE TUBULAÇÃO DE ¾¿ E 20 METROS DE TUBULAÇÃO DE ½¿ (MEDIDAS APROXIMADAS), SUBSTITUIÇÃO DE TUBULAÇÃO DE AÇO CARBONO POR TUBOS DE INOX.;;20/02/2026;;20/02/2026 08:59;CRISTIANO RODEGHIERO MOREIRA;
52025018/0001-41;CONSTRUTORA DE PAULA;414;U;99;49.499,00;5;18/02/2026;18/03/2026;1;92;FAC;92;FAC;1155;ENGENHARIA E MANUTENCAO;LANÇADA;Solicitação autorizada por: CRISTIANO RODEGHIERO MOREIRA em: 20/02/2026 07:47:18 Nota lançada por ADRIANA APARECIDA DOS SANTOS em: 20/02/2026;BARBARA REGINA LIPPERT;19/02/2026;PREPARAÇÃO E PINTURA DE SUPERFÍCIE, EM EPÓXI BRANCO (450 M²)PREPARAÇÃO E PINTURA DE RODAPÉS, EM EPÓXI CINZA (100 M²)PINTURA INTERNA E EXTERNA DE PORTAS, NA COR AMARELA (15 UN.)PREPARAÇÃO E PINTURA DE VENTILADORES TIPO AVIÁRIO, NA COR CINZA (20 UN.);;20/02/2026;;20/02/2026 11:28;CRISTIANO RODEGHIERO MOREIRA;
82110818/0003-93;ALFA TRANSPORTES LTDA;12358662;0;57;224,19;172;30/01/2026;;20;92;FAC;92;FAC;2054;ADMINISTRACAO;LANÇADA;Solicitação autorizada por: VANESSA CORREA DE MORAES MARTINI em: 19/02/2026 12:50:47 Nota lançada por KAROLINE CRISTINA MENDES INOCÊNCIO em: 24/02/2026;KAROLINE CRISTINA MENDES INOCÊNCIO;19/02/2026;FRETE DEVE SER LANÇADO AVULSO, POIS ESTA COM FATURA VENCIDA. NÃO VINCULADO A NOTA FISCAL 122796(BUSCH) DEVIDO CONVERSAO DO PTAX SENDO AJUSTADO PELO FISCAL JUNTAMENTE COM FORNECEDOR.;;19/02/2026;;24/02/2026 12:00;VANESSA CORREA DE MORAES MARTINI;
58146236/0001-10;PHDS COMERCIO DE FERRAGENS LTDA;731;S;99;1.378,00;242;17/02/2026;03/04/2026;2;92;FAC;92;FAC;1155;ENGENHARIA E MANUTENCAO;LANÇADA;Solicitação autorizada por: CRISTIANO RODEGHIERO MOREIRA em: 20/02/2026 07:47:18 Nota lançada por ADRIANA APARECIDA DOS SANTOS em: 20/02/2026;BARBARA REGINA LIPPERT;19/02/2026;TORNO - USINAGEM DE EIXO FATIADORA V-CUT CORTES ESPECIAIS;;20/02/2026;;20/02/2026 09:10;CRISTIANO RODEGHIERO MOREIRA;
14790897/0001-09;DATEC AUTOMACAO E SOLUCOES INDUSTRIAIS LTDA - ME;315;1;99;2.700,00;242;17/02/2026;06/04/2026;2;92;FAC;92;FAC;1155;ENGENHARIA E MANUTENCAO;LANÇADA;Solicitação autorizada por: CRISTIANO RODEGHIERO MOREIRA em: 20/02/2026 07:47:18 Nota lançada por ADRIANA APARECIDA DOS SANTOS em: 24/02/2026;BARBARA REGINA LIPPERT;19/02/2026;SERVIÇO DE TERCEIRO PARA TREINAMENTO NOS MOVIMENTADORES DATEC;;20/02/2026;;24/02/2026 11:18;CRISTIANO RODEGHIERO MOREIRA;
58146236/0001-10;PHDS COMERCIO DE FERRAGENS LTDA;728;S;99;968;242;17/02/2026;17/03/2026;2;92;FAC;92;FAC;1155;ENGENHARIA E MANUTENCAO;LANÇADA;Solicitação autorizada por: CRISTIANO RODEGHIERO MOREIRA em: 20/02/2026 07:47:18 Nota lançada por ADRIANA APARECIDA DOS SANTOS em: 20/02/2026;BARBARA REGINA LIPPERT;19/02/2026;RECUPERANDO DADOS. AGUARDE ALGUNS SEGUNDOS E TENTE CORTAR OU COPIAR NOVAMENTE.;;20/02/2026;;20/02/2026 09:19;CRISTIANO RODEGHIERO MOREIRA;
11232565/0001-10;CHAPECO INDUSTRIA E COMERCIO DE LUVAS EIRELI;3883;S;99;2.835,00;2;18/02/2026;20/03/2026;0;92;FAC;92;FAC;2224;ESPOSTEJAMENTO 2ºT;LANÇADA;Solicitação autorizada por: VANESSA CORREA DE MORAES MARTINI em: 18/02/2026 16:52:55 Nota lançada por ADRIANA APARECIDA DOS SANTOS em: 19/02/2026;SANDERSON GUILHERME BUENO DA LUZ;18/02/2026;CONCERTO DE EPI DE AÇO.;;18/02/2026;;19/02/2026 11:08;VANESSA CORREA DE MORAES MARTINI;
46016473/0002-69;ELETROMOTORES BADAN LIMITADA;1439;S;99;828,32;242;06/02/2026;;12;92;FAC;92;FAC;1155;ENGENHARIA E MANUTENCAO;LANÇADA;Solicitação autorizada por: CRISTIANO RODEGHIERO MOREIRA em: 18/02/2026 18:20:57 Nota lançada por ADRIANA APARECIDA DOS SANTOS em: 19/02/2026;FELIPE LOPES CANALLI;18/02/2026;MOTOR DA MESA DE EVISCERAÇÃO OS 103264;;18/02/2026;;19/02/2026 09:43;CRISTIANO RODEGHIERO MOREIRA;
76108653/0001-50;KUGLER VEICULOS LTDA;157502;1;55;1.583,19;8;12/02/2026;28/02/2026;6;92;FAC;92;FAC;2054;ADMINISTRACAO;LANÇADA;Solicitação autorizada por: VANESSA CORREA DE MORAES MARTINI em: 18/02/2026 16:52:55 Nota lançada por ADRIANA APARECIDA DOS SANTOS em: 20/02/2026;VITOR FERNANDES;18/02/2026;REVISÃO DOS 120.000KM DO ONIX - RXS7C66;;18/02/2026;;20/02/2026 09:29;VANESSA CORREA DE MORAES MARTINI;
76108653/0001-50;KUGLER VEICULOS LTDA;85089;S;99;1.310,00;8;12/02/2026;28/02/2026;6;92;FAC;92;FAC;2054;ADMINISTRACAO;LANÇADA;Solicitação autorizada por: VANESSA CORREA DE MORAES MARTINI em: 18/02/2026 16:52:55 Nota lançada por ADRIANA APARECIDA DOS SANTOS em: 19/02/2026;VITOR FERNANDES;18/02/2026;REVISÃO DOS 120.000KM DO ONIX - RXS7C66;;18/02/2026;;19/02/2026 11:38;VANESSA CORREA DE MORAES MARTINI;
76511260/0006-06;C O MUELLER COMERCIO DE MOTORES E BOMBAS LTDA;70971;1;55;13.152,12;242;09/02/2026;26/03/2026;9;92;FAC;92;FAC;1155;ENGENHARIA E MANUTENCAO;LANÇADA;Solicitação autorizada por: CRISTIANO RODEGHIERO MOREIRA em: 18/02/2026 18:20:57 Nota lançada por KAROLINE CRISTINA MENDES INOCÊNCIO em: 19/02/2026;KAROLINE CRISTINA MENDES INOCÊNCIO;18/02/2026;BOMBA DE COMBATE DE INCÊNDIO COM MAL FUNCIONAMENTO, NECESSIDADE DE REVISÃO ENTRENA POR TERCEIROS.;;18/02/2026;;19/02/2026 09:50;CRISTIANO RODEGHIERO MOREIRA;
45033363/0001-61;JN CERTIFICADORA;41;S;99;31.949,33;286;16/02/2026;;2;92;FAC;92;FAC;2054;ADMINISTRACAO;LANÇADA;Solicitação autorizada por: VANESSA CORREA DE MORAES MARTINI em: 18/02/2026 13:31:22 Nota lançada por ADRIANA APARECIDA DOS SANTOS em: 18/02/2026;ANGELA MARIA BIESCEK;18/02/2026;NOTA REFERENTE A PRESTAÇÃO DE SERVIÇOS DO MÉDICO VETERINÁRIO TERCEIRO DO SIF DE FEVEREIRO/2026;;18/02/2026;;18/02/2026 14:10;VANESSA CORREA DE MORAES MARTINI;
00428307/0012-40;EXPRESSO SAO MIGUEL S/A;197621;11;57;623;242;16/02/2026;09/03/2026;1;92;FAC;92;FAC;1155;ENGENHARIA E MANUTENCAO;LANÇADA;Solicitação autorizada por: CRISTIANO RODEGHIERO MOREIRA em: 18/02/2026 18:20:56 Nota lançada por ADRIANA APARECIDA DOS SANTOS em: 19/02/2026;ADRIANA APARECIDA DOS SANTOS;17/02/2026;REFERENTE ENVIO PARA CONSERTO;;18/02/2026;;19/02/2026 07:53;CRISTIANO RODEGHIERO MOREIRA;
78706751/0014-30;TRANSPEN ENCOMENDAS;176460;1;57;84,41;242;13/02/2026;06/03/2026;4;92;FAC;92;FAC;1155;ENGENHARIA E MANUTENCAO;LANÇADA;Solicitação autorizada por: CRISTIANO RODEGHIERO MOREIRA em: 18/02/2026 18:20:56 Nota lançada por ADRIANA APARECIDA DOS SANTOS em: 19/02/2026;ADRIANA APARECIDA DOS SANTOS;17/02/2026;REFERENTE ENVIO PARA CONSERTO;;18/02/2026;;19/02/2026 08:00;CRISTIANO RODEGHIERO MOREIRA;
82110818/0002-02;ALFA TRANSPORTES LTDA;8136523;0;57;600;242;11/02/2026;04/03/2026;6;92;FAC;92;FAC;1155;ENGENHARIA E MANUTENCAO;LANÇADA;Solicitação autorizada por: CRISTIANO RODEGHIERO MOREIRA em: 18/02/2026 18:20:56 Nota lançada por ADRIANA APARECIDA DOS SANTOS em: 19/02/2026;ADRIANA APARECIDA DOS SANTOS;17/02/2026;REFERENTE ENVIO PARA CONSERTO;;18/02/2026;;19/02/2026 08:00;CRISTIANO RODEGHIERO MOREIRA;
78706751/0014-30;TRANSPEN ENCOMENDAS;175926;1;57;116,99;2;11/02/2026;04/03/2026;6;92;FAC;92;FAC;1155;ENGENHARIA E MANUTENCAO;LANÇADA;Solicitação autorizada por: CRISTIANO RODEGHIERO MOREIRA em: 18/02/2026 18:20:56 Nota lançada por ADRIANA APARECIDA DOS SANTOS em: 19/02/2026;ADRIANA APARECIDA DOS SANTOS;17/02/2026;REFERENTE ENVIO PARA CONSERTO;;18/02/2026;;19/02/2026 08:01;CRISTIANO RODEGHIERO MOREIRA;
82110818/0002-02;ALFA TRANSPORTES LTDA;8133268;0;57;450;242;10/02/2026;03/03/2026;7;92;FAC;92;FAC;1155;ENGENHARIA E MANUTENCAO;LANÇADA;Solicitação autorizada por: CRISTIANO RODEGHIERO MOREIRA em: 18/02/2026 18:20:57 Nota lançada por ADRIANA APARECIDA DOS SANTOS em: 19/02/2026;ADRIANA APARECIDA DOS SANTOS;17/02/2026;REFERENTE ENVIO PARA CONSERTO;;18/02/2026;;19/02/2026 08:02;CRISTIANO RODEGHIERO MOREIRA;
78706751/0014-30;TRANSPEN ENCOMENDAS;175723;1;57;651,59;242;10/02/2026;03/03/2026;7;92;FAC;92;FAC;1155;ENGENHARIA E MANUTENCAO;LANÇADA;Solicitação autorizada por: CRISTIANO RODEGHIERO MOREIRA em: 18/02/2026 18:20:57 Nota lançada por ADRIANA APARECIDA DOS SANTOS em: 19/02/2026;ADRIANA APARECIDA DOS SANTOS;17/02/2026;REFERENTE ENVIO PARA CONSERTO;;18/02/2026;;19/02/2026 08:03;CRISTIANO RODEGHIERO MOREIRA;
76174911/0001-05;ELETROMOTOR;8557;S;99;1.520,00;242;13/02/2026;;4;92;FAC;92;FAC;1155;ENGENHARIA E MANUTENCAO;LANÇADA;Solicitação autorizada por: CRISTIANO RODEGHIERO MOREIRA em: 18/02/2026 18:20:56 Nota lançada por ADRIANA APARECIDA DOS SANTOS em: 19/02/2026;FELIPE LOPES CANALLI;17/02/2026;MOTOR SERRA DO PEZINHO OS 105518;;18/02/2026;;19/02/2026 09:48;CRISTIANO RODEGHIERO MOREIRA;
78706751/0014-30;TRANSPEN ENCOMENDAS;175724;1;57;81,31;242;10/02/2026;10/03/2026;7;92;FAC;92;FAC;1155;ENGENHARIA E MANUTENCAO;LANÇADA;Solicitação autorizada por: CRISTIANO RODEGHIERO MOREIRA em: 18/02/2026 18:20:57 Nota lançada por ADRIANA APARECIDA DOS SANTOS em: 19/02/2026;ADRIANA APARECIDA DOS SANTOS;17/02/2026;REFERENTE ENVIO PARA CONSERTO;;18/02/2026;;19/02/2026 08:04;CRISTIANO RODEGHIERO MOREIRA;
00385090/0001-86;MUNTERS BRASIL INDÚSTRIA E COMÉRCIO LTDA;65082;55;55;2.620,00;242;29/01/2026;26/02/2026;19;92;FAC;92;FAC;1155;ENGENHARIA E MANUTENCAO;LANÇADA;Solicitação autorizada por: CRISTIANO RODEGHIERO MOREIRA em: 18/02/2026 18:20:58 Nota lançada por WILLIAN MARCONDES DOS SANTOS em: 19/02/2026;WILLIAN MARCONDES DOS SANTOS;17/02/2026;SERVIÇO DE MÃO DE OBRA E MATERIAL PARA SUBSTITUIÇÃO DO KIT DE SELOS COM CLIPS, CORREIA DE ACIONAMENTO, ROLETE DE SUPORTE PARA CILINDRO, MOTOR DE ACIONAMENTO E CONJUNTO VENTILADOR DO CONE PARA MOTOR DA CARCAÇA DO DESUMIDIFICADOR MUNTERS HCD 4500.;;18/02/2026;;19/02/2026 10:20;CRISTIANO RODEGHIERO MOREIRA;
04518259/0001-80;ELECTRA COMERCIALIZADORA DE ENERGIA LTDA;89;S;99;1.372,65;30;22/01/2026;18/02/2026;26;92;FAC;92;FAC;1155;ENGENHARIA E MANUTENCAO;LANÇADA;Solicitação autorizada por: CRISTIANO RODEGHIERO MOREIRA em: 18/02/2026 18:20:58 Nota lançada por ADRIANA APARECIDA DOS SANTOS em: 19/02/2026;BARBARA REGINA LIPPERT;17/02/2026;REFERENTE A ENERGIA ELETRICA DA SUBESTAÇÃO;;18/02/2026;;19/02/2026 09:07;CRISTIANO RODEGHIERO MOREIRA;
27939907/0001-77;RT INSTALACOES E MANUTENCAO INDUSTRIAL EIRELI - ME;1489;1;55;22.300,00;5;09/02/2026;26/03/2026;8;92;FAC;92;FAC;1155;ENGENHARIA E MANUTENCAO;LANÇADA;Solicitação autorizada por: CRISTIANO RODEGHIERO MOREIRA em: 18/02/2026 18:20:57 Nota lançada por WILLIAN MARCONDES DOS SANTOS em: 19/02/2026;WILLIAN MARCONDES DOS SANTOS;17/02/2026;SUBSTITUIR OS SUPORTES DOS AGITADORES DOS TANQUES DE PRODUTO QUÍMICOS DA ETE;;18/02/2026;;19/02/2026 15:25;CRISTIANO RODEGHIERO MOREIRA;
42278291/0035-73;LOG-IN - LOGISTICA INTERMODAL S/A;107400;59;57;10.600,17;171;29/01/2026;27/02/2026;19;92;FAC;28;U.V. RECIFE/CB.ST.AG;698;LOGISTICA SECUNDARIA A;LANÇADA;Solicitação autorizada por: GISELE BRUZZI PORTO em: 17/02/2026 14:08:59 Nota lançada por ADRIANA APARECIDA DOS SANTOS em: 17/02/2026;GUSTAVO LUIZ GOMES DOS SANTOS;17/02/2026;CTE 107400 NFS 44952 E 44953 CARGA 14429857;;17/02/2026;;17/02/2026 14:44;GISELE BRUZZI PORTO;
04368898/0001-06;COPEL DISTRIBUICAO S.A.;216549543;3;66;18.181,35;30;13/02/2026;;4;92;FAC;92;FAC;2054;ADMINISTRACAO;LANÇADA;Solicitação autorizada por: VANESSA CORREA DE MORAES MARTINI em: 18/02/2026 10:17:56 Nota lançada por ADRIANA APARECIDA DOS SANTOS em: 18/02/2026;ADRIANA APARECIDA DOS SANTOS;17/02/2026;REFERENTE FATURA DA COPEL;;18/02/2026;;18/02/2026 10:55;VANESSA CORREA DE MORAES MARTINI;
05013050/0001-27;MAREL BRASIL COMERCIAL E INDUSTRIAL LTDA;1439;30;55;40.282,23;242;06/02/2026;23/03/2026;11;92;FAC;92;FAC;1155;ENGENHARIA E MANUTENCAO;LANÇADA;Solicitação autorizada por: CRISTIANO RODEGHIERO MOREIRA em: 18/02/2026 18:20:57 Nota lançada por WILLIAN MARCONDES DOS SANTOS em: 24/02/2026;WILLIAN MARCONDES DOS SANTOS;17/02/2026;SERVIÇO TERCEIRO: MATERIAL E MÃO DE OBRA PARA REVISÃO DO EQUIPAMENTO SERRA AUTOMÁTICA SPLITTER MSP6040.;;18/02/2026;;24/02/2026 13:38;CRISTIANO RODEGHIERO MOREIRA;
05013050/0001-27;MAREL BRASIL COMERCIAL E INDUSTRIAL LTDA;1438;30;55;19.437,96;242;06/02/2026;23/03/2026;11;92;FAC;92;FAC;1155;ENGENHARIA E MANUTENCAO;LANÇADA;Solicitação autorizada por: CRISTIANO RODEGHIERO MOREIRA em: 18/02/2026 18:20:57 Nota lançada por WILLIAN MARCONDES DOS SANTOS em: 24/02/2026;WILLIAN MARCONDES DOS SANTOS;17/02/2026;SERVIÇO TERCEIRO: MATERIAL E MÃO DE OBRA PARA REVISÃO DO EQUIPAMENTO SERRA AUTOMÁTICA SPLITTER MSP6040.;;18/02/2026;;24/02/2026 13:38;CRISTIANO RODEGHIERO MOREIRA;
38195501/0001-43;SIMAOPRESS LTDA;22774;1;55;1.350,00;-;12/02/2026;12/03/2026;5;92;FAC;92;FAC;1155;ENGENHARIA E MANUTENCAO;LANÇADA;Solicitação autorizada por: ADRIANO TOMALOK em: 17/02/2026 10:01:52 Nota lançada por WILLIAN MARCONDES DOS SANTOS em: 17/02/2026;WILLIAN MARCONDES DOS SANTOS;17/02/2026;;;17/02/2026;Autorizado automaticamente através do pedido de compra 4500456 em 14/02/2026.;17/02/2026 10:03;ADRIANO TOMALOK;
18448557/0001-55;PREDPRONTA;2729;S;99;3.024,00;242;07/02/2026;24/03/2026;10;92;FAC;92;FAC;1155;ENGENHARIA E MANUTENCAO;LANÇADA;Solicitação autorizada por: CRISTIANO RODEGHIERO MOREIRA em: 24/02/2026 16:01:40 Nota lançada por ADRIANA APARECIDA DOS SANTOS em: 25/02/2026;BARBARA REGINA LIPPERT;17/02/2026;SERVIÇO URGENTE REFERENTE À ALINHAMENTO DA PRENSA DE VICERAS;;24/02/2026;;25/02/2026 10:26;CRISTIANO RODEGHIERO MOREIRA;
03176066/0001-25;BUSCH DO BRASIL LTDA;122888;2;55;49.492,57;242;04/02/2026;21/03/2026;13;92;FAC;92;FAC;1155;ENGENHARIA E MANUTENCAO;LANÇADA;Solicitação autorizada por: CRISTIANO RODEGHIERO MOREIRA em: 18/02/2026 18:20:58 Nota lançada por WILLIAN MARCONDES DOS SANTOS em: 19/02/2026;WILLIAN MARCONDES DOS SANTOS;17/02/2026;SERVIÇO DE MÃO DE OBRA E MATERIAL PARA CONSERTO DA MOTOBOMBA DE VÁCUO BUSCH RA 0160 D 563 AJXZ SN C1347000561.;;18/02/2026;;19/02/2026 14:52;CRISTIANO RODEGHIERO MOREIRA;
58146236/0001-10;PHDS COMERCIO DE FERRAGENS LTDA;707;S;99;1.120,00;242;11/02/2026;28/03/2026;6;92;FAC;92;FAC;1155;ENGENHARIA E MANUTENCAO;LANÇADA;Solicitação autorizada por: CRISTIANO RODEGHIERO MOREIRA em: 18/02/2026 18:20:56 Nota lançada por ADRIANA APARECIDA DOS SANTOS em: 19/02/2026;BARBARA REGINA LIPPERT;17/02/2026;TORNO - SERVIÇO PARA MÃO DE OBRA, USINAGEM EM ENGRENAGEM PARA ESTEIRA DE SAÍDA MULTIVAC R535.;;18/02/2026;;19/02/2026 11:43;CRISTIANO RODEGHIERO MOREIRA;
09375382/0001-02;VOLT ELETRONICA INDUSTRIAL;5247;S;99;4.996,00;242;04/02/2026;21/03/2026;13;92;FAC;92;FAC;1155;ENGENHARIA E MANUTENCAO;LANÇADA;Solicitação autorizada por: CRISTIANO RODEGHIERO MOREIRA em: 18/02/2026 18:20:58 Nota lançada por ADRIANA APARECIDA DOS SANTOS em: 19/02/2026;BARBARA REGINA LIPPERT;17/02/2026;CONSERTO EM IHM HANDTMANN VF 630;;18/02/2026;;19/02/2026 11:20;CRISTIANO RODEGHIERO MOREIRA;
58146236/0001-10;PHDS COMERCIO DE FERRAGENS LTDA;627;S;99;1.080,00;242;28/01/2026;27/02/2026;20;92;FAC;92;FAC;1155;ENGENHARIA E MANUTENCAO;LANÇADA;Solicitação autorizada por: CRISTIANO RODEGHIERO MOREIRA em: 18/02/2026 18:20:58 Nota lançada por ADRIANA APARECIDA DOS SANTOS em: 19/02/2026;BARBARA REGINA LIPPERT;17/02/2026;TORNO - USINAGEM EM EIXO COM BUCHA DE NYLON;;18/02/2026;;19/02/2026 08:43;CRISTIANO RODEGHIERO MOREIRA;
09375382/0001-02;VOLT ELETRONICA INDUSTRIAL;5248;S;99;4.770,00;242;04/02/2026;21/03/2026;13;92;FAC;92;FAC;1155;ENGENHARIA E MANUTENCAO;LANÇADA;Solicitação autorizada por: CRISTIANO RODEGHIERO MOREIRA em: 18/02/2026 18:20:58 Nota lançada por ADRIANA APARECIDA DOS SANTOS em: 19/02/2026;BARBARA REGINA LIPPERT;17/02/2026;CONSERTO EM IHM HANDTMANN VF 630;;18/02/2026;;19/02/2026 11:56;CRISTIANO RODEGHIERO MOREIRA;
05013050/0001-27;MAREL BRASIL COMERCIAL E INDUSTRIAL LTDA;1588;30;55;9.925,19;242;10/02/2026;27/03/2026;6;92;FAC;92;FAC;1155;ENGENHARIA E MANUTENCAO;LANÇADA;Solicitação autorizada por: CRISTIANO RODEGHIERO MOREIRA em: 17/02/2026 07:38:04 Nota lançada por KAROLINE CRISTINA MENDES INOCÊNCIO em: 20/02/2026;KAROLINE CRISTINA MENDES INOCÊNCIO;16/02/2026;MATERIAL E MÃO DE OBRA PARA MANUTENÇÃO PREVENTIVA DO NA FATIADORA V-CUT 240 MAREL;;17/02/2026;;20/02/2026 11:05;CRISTIANO RODEGHIERO MOREIRA;
05013050/0001-27;MAREL BRASIL COMERCIAL E INDUSTRIAL LTDA;5757;E;99;34.210,04;242;12/02/2026;29/03/2026;4;92;FAC;92;FAC;1155;ENGENHARIA E MANUTENCAO;LANÇADA;Solicitação autorizada por: CRISTIANO RODEGHIERO MOREIRA em: 17/02/2026 07:38:04 Nota lançada por ADRIANA APARECIDA DOS SANTOS em: 17/02/2026;BARBARA REGINA LIPPERT;16/02/2026;REFERENTE A 02ª PARCELA DA PROPOSTA O292894 DE CONTRATO PARA PRESTAÇÃO DE SERVIÇOS.;;17/02/2026;;17/02/2026 08:32;CRISTIANO RODEGHIERO MOREIRA;
03998045/0001-95;HANDTMANN DO BRASIL LTDA.;100581;1;55;1.102.237,23;327;22/01/2026;30/03/2026;25;92;FAC;92;FAC;1155;ENGENHARIA E MANUTENCAO;LANÇADA;Solicitação autorizada por: ADRIANO TOMALOK em: 16/02/2026 12:47:33 Nota lançada por KAROLINE CRISTINA MENDES INOCÊNCIO em: 19/02/2026;KAROLINE CRISTINA MENDES INOCÊNCIO;16/02/2026;EMBUTIDEIRA CONTINUA A VACUO HANDTMANN, MODELO VF-830, PARA EMCHIMENTO, PORCIONAMENTO E TORCIMENTO MAIS TORCEDOR HV414, COM ELEVADOR E TOMBADOR AUTOMATICO PARA CARRINHOS DE 200LITROS;;16/02/2026;Observação do autorizador: EQUIPAMENTO ADQUIRIDO E ENTRGUE NO FACH I, CONFORME ORIENTAÇÃO DA ENGENHARIA CORPORATIVA.;19/02/2026 09:26;ADRIANO TOMALOK;
76174911/0001-05;ELETROMOTOR;8553;S;99;849;242;12/02/2026;;4;92;FAC;92;FAC;1155;ENGENHARIA E MANUTENCAO;LANÇADA;Solicitação autorizada por: CRISTIANO RODEGHIERO MOREIRA em: 17/02/2026 07:38:04 Nota lançada por ADRIANA APARECIDA DOS SANTOS em: 17/02/2026;FELIPE LOPES CANALLI;16/02/2026;MOTOR TRIMMER PAPADA SALA DE CORTES 105549;;17/02/2026;;17/02/2026 09:39;CRISTIANO RODEGHIERO MOREIRA;
08283039/0001-75;MECANICA INDUSTRIAL VELOTANO;3266;S;99;4.892,50;242;10/02/2026;10/03/2026;6;92;FAC;92;FAC;1155;ENGENHARIA E MANUTENCAO;LANÇADA;Solicitação autorizada por: CRISTIANO RODEGHIERO MOREIRA em: 17/02/2026 07:38:04 Nota lançada por ADRIANA APARECIDA DOS SANTOS em: 17/02/2026;BARBARA REGINA LIPPERT;16/02/2026;TORNO - USINAGEM EM EIXO DA LAVADORA MONOBLOCO KUCMAQ;;17/02/2026;;17/02/2026 09:57;CRISTIANO RODEGHIERO MOREIRA;
58146236/0001-10;PHDS COMERCIO DE FERRAGENS LTDA;446;S;99;725;242;02/12/2025;18/02/2026;76;92;FAC;92;FAC;1155;ENGENHARIA E MANUTENCAO;LANÇADA;Solicitação autorizada por: CRISTIANO RODEGHIERO MOREIRA em: 17/02/2026 07:38:04 Nota lançada por ADRIANA APARECIDA DOS SANTOS em: 17/02/2026;BARBARA REGINA LIPPERT;16/02/2026;TORNO - FABRICAÇÃO, ENVOLVENDO USINAGEM, DE BUCHA PARA MÁQUINA DESOSSA DE CABEÇA PHD.;;17/02/2026;;17/02/2026 09:25;CRISTIANO RODEGHIERO MOREIRA;
57443549/0001-78;C&E SERVICE;116;U;99;30.974,08;242;13/02/2026;13/03/2026;3;92;FAC;92;FAC;1155;ENGENHARIA E MANUTENCAO;LANÇADA;Solicitação autorizada por: CRISTIANO RODEGHIERO MOREIRA em: 17/02/2026 07:38:03 Nota lançada por ADRIANA APARECIDA DOS SANTOS em: 17/02/2026;BARBARA REGINA LIPPERT;16/02/2026;MANUTENÇÃO PREVENTIVA EM 37 CABINES ELÉTRICAS DA UNIDADE;;17/02/2026;;17/02/2026 08:39;CRISTIANO RODEGHIERO MOREIRA;
06113322/0001-23;ABIX TECNOLOGIA LTDA;75639;S;99;6.250,23;262;12/02/2026;30/03/2026;4;92;FAC;92;FAC;1155;ENGENHARIA E MANUTENCAO;LANÇADA;Solicitação autorizada por: CRISTIANO RODEGHIERO MOREIRA em: 17/02/2026 07:38:04 Nota lançada por ADRIANA APARECIDA DOS SANTOS em: 17/02/2026;BARBARA REGINA LIPPERT;16/02/2026;"""SERVIÇO DE LOCAÇÃO DE RADIOTRANSMISSORES E CENTRAL, COMPOSTA POR UM SISTEMA DE REPETIDORAS E BATERIAS ESTACIONÁRIAS, PARA A PLANTA.CONTRATO 114402 - 9654""";;17/02/2026;;17/02/2026 09:35;CRISTIANO RODEGHIERO MOREIRA;
02427026/0009-01;ALIANÇA NAVEGAÇÃO E LOGISTICA LTDA;188415;4;57;9.924,09;171;28/01/2026;24/02/2026;17;92;FAC;28;U.V. RECIFE/CB.ST.AG;698;LOGISTICA SECUNDARIA A;LANÇADA;Solicitação autorizada por: GISELE BRUZZI PORTO em: 16/02/2026 11:23:37 Nota lançada por ADRIANA APARECIDA DOS SANTOS em: 16/02/2026;GUSTAVO LUIZ GOMES DOS SANTOS;14/02/2026;CTE 188415 NFS 44590,44589 CARGA 14409931;;16/02/2026;;16/02/2026 15:11;GISELE BRUZZI PORTO;
02427026/0009-01;ALIANÇA NAVEGAÇÃO E LOGISTICA LTDA;187514;4;57;9.938,67;171;13/01/2026;24/02/2026;32;92;FAC;28;U.V. RECIFE/CB.ST.AG;698;LOGISTICA SECUNDARIA A;LANÇADA;Solicitação autorizada por: GISELE BRUZZI PORTO em: 16/02/2026 11:23:41 Nota lançada por ADRIANA APARECIDA DOS SANTOS em: 16/02/2026;GUSTAVO LUIZ GOMES DOS SANTOS;14/02/2026;CTE 187514 NFS 43768,43770,43769 CARGA 14359338;;16/02/2026;;16/02/2026 14:30;GISELE BRUZZI PORTO;
02427026/0009-01;ALIANÇA NAVEGAÇÃO E LOGISTICA LTDA;187993;4;57;9.931,26;171;21/01/2026;24/02/2026;24;92;FAC;28;U.V. RECIFE/CB.ST.AG;698;LOGISTICA SECUNDARIA A;LANÇADA;Solicitação autorizada por: GISELE BRUZZI PORTO em: 16/02/2026 11:23:39 Nota lançada por ADRIANA APARECIDA DOS SANTOS em: 16/02/2026;GUSTAVO LUIZ GOMES DOS SANTOS;14/02/2026;CTE 187993 NFS 44237,44238 CARGA 14394379;;16/02/2026;;16/02/2026 16:33;GISELE BRUZZI PORTO;
77595395/0002-28;FRIMESA;3546054;5;55;1.000,00;-;05/02/2026;07/03/2026;9;92;FAC;92;FAC;1155;ENGENHARIA E MANUTENCAO;LANÇADA;Solicitação autorizada por: ADRIANO TOMALOK em: 14/02/2026 09:48:18 Nota lançada por WILLIAN MARCONDES DOS SANTOS em: 18/02/2026;WILLIAN MARCONDES DOS SANTOS;14/02/2026;;;14/02/2026;Autorizado automaticamente através do pedido de compra 4495671 em 06/02/2026.;18/02/2026 15:41;ADRIANO TOMALOK;
12381892/0001-05;RODRIGO MONTEIRO DA SILVA;3;S;99;350;26;02/02/2026;;12;92;FAC;92;FAC;453;GESTAO PESSOAS;LANÇADA;Solicitação autorizada por: VANESSA CORREA DE MORAES MARTINI em: 16/02/2026 14:04:51 Nota lançada por ADRIANA APARECIDA DOS SANTOS em: 16/02/2026;KARIME PODOLAN;14/02/2026;NOTA FISCAL REFERENTE A PALESTRA DO MÁGICO EM JANEIRO, SOBRE SAÚDE MENTAL AOS GESTORES;;16/02/2026;;16/02/2026 17:05;VANESSA CORREA DE MORAES MARTINI;
02427026/0009-01;ALIANÇA NAVEGAÇÃO E LOGISTICA LTDA;187517;4;57;9.930,84;171;13/01/2026;24/02/2026;32;92;FAC;28;U.V. RECIFE/CB.ST.AG;698;LOGISTICA SECUNDARIA A;LANÇADA;Solicitação autorizada por: GISELE BRUZZI PORTO em: 16/02/2026 11:23:41 Nota lançada por ADRIANA APARECIDA DOS SANTOS em: 16/02/2026;GUSTAVO LUIZ GOMES DOS SANTOS;14/02/2026;CTE 187517 NFS 43750 / 43751 CARGA 14359304;;16/02/2026;;16/02/2026 16:27;GISELE BRUZZI PORTO;
13010449/0001-82;LUCAS G P PENTEADO LTDA;144;S;99;500;26;02/02/2026;;12;92;FAC;92;FAC;453;GESTAO PESSOAS;LANÇADA;Solicitação autorizada por: VANESSA CORREA DE MORAES MARTINI em: 16/02/2026 14:04:51 Nota lançada por ADRIANA APARECIDA DOS SANTOS em: 16/02/2026;KARIME PODOLAN;14/02/2026;NOTA REFERENTE A PALESTRA DO SR LUCAS G PENTEADO DA SILVA SOBRE MOTIVAÇÃO JANEIRO BRANCO;;16/02/2026;;16/02/2026 17:18;VANESSA CORREA DE MORAES MARTINI;
78451937/0001-70;SOCRAM BATERIAS;6228;1;55;1.836,00;-;11/02/2026;;3;92;FAC;92;FAC;1155;ENGENHARIA E MANUTENCAO;LANÇADA;Solicitação autorizada por: ADRIANO TOMALOK em: 14/02/2026 08:44:26 Nota lançada por WILLIAN MARCONDES DOS SANTOS em: 14/02/2026;WILLIAN MARCONDES DOS SANTOS;14/02/2026;;;14/02/2026;Autorizado automaticamente através do pedido de compra 4498573 em 13/02/2026.;14/02/2026 08:48;ADRIANO TOMALOK;
05967403/0001-28;REFINARIA DE SAL GARCA LTDA - EPP;77220;1;57;9.943,00;172;20/01/2026;;24;92;FAC;92;FAC;2054;ADMINISTRACAO;LANÇADA;Solicitação autorizada por: VANESSA CORREA DE MORAES MARTINI em: 13/02/2026 16:53:57 Nota lançada por KAROLINE CRISTINA MENDES INOCÊNCIO em: 14/02/2026;KAROLINE CRISTINA MENDES INOCÊNCIO;13/02/2026;FRETE DEVE SER LANÇADO AVULSO,TRATA-SE DE REDESPACHO ONDE O VALOR DO ICMS NAO PERMITE AJUSTE MANUAL INTEGRANDO INCORRETAMENTE, REFERENTE A NOTA FISCAL 88256 (COMPRA DE SAL);;13/02/2026;;14/02/2026 13:46;VANESSA CORREA DE MORAES MARTINI;
05199271/0001-31;DANLUZ COMERCIO DE MOTORES ELETRICOS;57;S;99;4.315,00;5;13/02/2026;13/03/2026;0;92;FAC;92;FAC;1155;ENGENHARIA E MANUTENCAO;LANÇADA;Solicitação autorizada por: CRISTIANO RODEGHIERO MOREIRA em: 17/02/2026 07:38:04 Nota lançada por ADRIANA APARECIDA DOS SANTOS em: 17/02/2026;BARBARA REGINA LIPPERT;13/02/2026;REALIZAÇÃO DE ASSISTENCIA TECNICA REFERENTE A MÃO DE OBRA DE MANUTENÇÃO DOS PORTÕE S E CANCELAS DAS GUARITAS;;17/02/2026;;17/02/2026 09:40;CRISTIANO RODEGHIERO MOREIRA;
58146236/0001-10;PHDS COMERCIO DE FERRAGENS LTDA;719;S;99;100.000,00;326;13/02/2026;30/03/2026;0;92;FAC;92;FAC;1155;ENGENHARIA E MANUTENCAO;LANÇADA;Solicitação autorizada por: CRISTIANO RODEGHIERO MOREIRA em: 13/02/2026 17:09:08 Nota lançada por ADRIANA APARECIDA DOS SANTOS em: 14/02/2026;BARBARA REGINA LIPPERT;13/02/2026;INSTALAÇÃO DE PLATAFORMAS E ESCADAS PARA ACESSO AOS PAINÉIS DE VÁLVULA DE AMONIA NOS SETORES DE CORTES, PALETIZAÇÃO E ESTOCAGEM PARA FACILIAR A MANUTENÇÃO E MANOBRAS NAS VÁLVULAS;;13/02/2026;;14/02/2026 09:58;CRISTIANO RODEGHIERO MOREIRA;
18597494/0001-07;DR SOLUCOES AMBIENTAIS;6568;U;99;6.216,67;;13/02/2026;13/03/2026;0;92;FAC;92;FAC;1155;ENGENHARIA E MANUTENCAO;LANÇADA;Solicitação autorizada por: CRISTIANO RODEGHIERO MOREIRA em: 24/02/2026 16:01:40 Nota lançada por ADRIANA APARECIDA DOS SANTOS em: 24/02/2026;BARBARA REGINA LIPPERT;13/02/2026;OS 16932 - COLETA DE MUCOSA;;24/02/2026;;24/02/2026 16:46;CRISTIANO RODEGHIERO MOREIRA;
51057772/0001-09;JL RIBEIRO SOLUCOES LTDA;15;1;57;1.400,00;97;12/02/2026;05/03/2026;1;92;FAC;92;FAC;1759;CONTROLE DE QUALIDADE;LANÇADA;Solicitação autorizada por: ADRIANO TOMALOK em: 17/02/2026 07:44:01 Nota lançada por ADRIANA APARECIDA DOS SANTOS em: 17/02/2026;GABRIELLE APARECIDA CARVALHO;13/02/2026;FRETE DE ANÁLISE LABORATORIAL;;17/02/2026;;17/02/2026 14:06;ADRIANO TOMALOK;
81743668/0001-20;AUTO MECANICA MOERS LTDA;31844;S;99;695;8;12/02/2026;18/02/2026;1;92;FAC;92;FAC;2054;ADMINISTRACAO;LANÇADA;Solicitação autorizada por: VANESSA CORREA DE MORAES MARTINI em: 13/02/2026 16:51:03 Nota lançada por ADRIANA APARECIDA DOS SANTOS em: 14/02/2026;RAFAEL SALVI DOS SANTOS;13/02/2026;SERVIÇO DE VERIFICAÇÃO E ANALISE DO SISTEMA DE PARTIDA DO CAMINHÃO DE TRANSPORTE DE INSUMOS DA UNIDADE;;13/02/2026;;14/02/2026 09:49;VANESSA CORREA DE MORAES MARTINI;
57418185/0001-76;SST LOCACAO DE EQUIPAMENTOS;5307;S;99;485;153;11/02/2026;18/02/2026;2;92;FAC;92;FAC;2054;ADMINISTRACAO;LANÇADA;Solicitação autorizada por: VANESSA CORREA DE MORAES MARTINI em: 13/02/2026 16:51:11 Nota lançada por ADRIANA APARECIDA DOS SANTOS em: 14/02/2026;RAFAEL SALVI DOS SANTOS;13/02/2026;LOCAÇÃO DE EQUIPAMENTO PARA MEDIÇÃO DE CO2;;13/02/2026;;14/02/2026 14:23;VANESSA CORREA DE MORAES MARTINI;
03203747/0001-35;ODIMAR MALAGUTTI & CIA LTDA;125;1;99;58.757,83;326;13/02/2026;;0;92;FAC;92;FAC;2054;ADMINISTRACAO;LANÇADA;Solicitação autorizada por: VANESSA CORREA DE MORAES MARTINI em: 13/02/2026 16:50:53 Nota lançada por KAROLINE CRISTINA MENDES INOCÊNCIO em: 16/02/2026;KAROLINE CRISTINA MENDES INOCÊNCIO;13/02/2026;SERVIÇO DE MATERIAL E MÃO DE OBRA PARA REPAROS EM 5000 M² NO TELHADO DO ABATE;;13/02/2026;;16/02/2026 14:20;VANESSA CORREA DE MORAES MARTINI;
03203747/0001-35;ODIMAR MALAGUTTI & CIA LTDA;124;1;99;103.235,23;326;13/02/2026;;0;92;FAC;92;FAC;2054;ADMINISTRACAO;LANÇADA;Solicitação autorizada por: VANESSA CORREA DE MORAES MARTINI em: 13/02/2026 16:50:52 Nota lançada por KAROLINE CRISTINA MENDES INOCÊNCIO em: 16/02/2026;KAROLINE CRISTINA MENDES INOCÊNCIO;13/02/2026;SERVIÇO DE MATERIAL E MÃO DE OBRA PARA REPAROS EM 5000 M² NO TELHADO DO ABATE;;13/02/2026;;16/02/2026 14:20;VANESSA CORREA DE MORAES MARTINI;
02427026/0009-01;ALIANÇA NAVEGAÇÃO E LOGISTICA LTDA;188455;4;57;10.129,81;171;28/01/2026;18/02/2026;15;92;FAC;69;U.V. FORTALEZA;698;LOGISTICA SECUNDARIA A;LANÇADA;Solicitação autorizada por: MARIA ERIVANILDA DA SILVA MONTEIRO em: 13/02/2026 14:03:31 Nota lançada por ADRIANA APARECIDA DOS SANTOS em: 16/02/2026;ABRAAO LUCAS SILVA BENTO;12/02/2026;FRETE DE CABOTAGEM RECEBIDO NA UNIDADE-69 (FORTALEZA-CE) EM FEVEREIRO DE 2026, CONTAINER DE Nº MNBU3546679 (NFS 44577 / 44578 CARGA: 14405350) ¿ ALIANÇA;;13/02/2026;;16/02/2026 09:11;MARIA ERIVANILDA DA SILVA MONTEIRO;
18597494/0001-07;DR SOLUCOES AMBIENTAIS;6564;U;99;4.785,83;9;12/02/2026;12/03/2026;0;92;FAC;92;FAC;1155;ENGENHARIA E MANUTENCAO;LANÇADA;Solicitação autorizada por: CRISTIANO RODEGHIERO MOREIRA em: 12/02/2026 19:17:05 Nota lançada por ADRIANA APARECIDA DOS SANTOS em: 16/02/2026;BARBARA REGINA LIPPERT;12/02/2026;COLETA DE LODO - OS 16925;;12/02/2026;;16/02/2026 09:38;CRISTIANO RODEGHIERO MOREIRA;
03203747/0001-35;ODIMAR MALAGUTTI & CIA LTDA;123;1;99;49.912,50;326;12/02/2026;;0;92;FAC;92;FAC;2054;ADMINISTRACAO;LANÇADA;Solicitação autorizada por: VANESSA CORREA DE MORAES MARTINI em: 12/02/2026 16:36:49 Nota lançada por ADRIANA APARECIDA DOS SANTOS em: 16/02/2026;ADRIANA APARECIDA DOS SANTOS;12/02/2026;SERVIÇO DE MATERIAL E MÃO DE OBRA PARA REPAROS EM 5000 M² NO TELHADO DO ABATE;;12/02/2026;;16/02/2026 14:16;VANESSA CORREA DE MORAES MARTINI;
27880008/0001-46;AWITE BIOENERGIA;415;1;55;26.041,73;242;28/01/2026;14/03/2026;15;92;FAC;92;FAC;1155;ENGENHARIA E MANUTENCAO;LANÇADA;Solicitação autorizada por: CRISTIANO RODEGHIERO MOREIRA em: 12/02/2026 19:17:10 Nota lançada por WILLIAN MARCONDES DOS SANTOS em: 14/02/2026;WILLIAN MARCONDES DOS SANTOS;12/02/2026;SERVIÇO DE TERCEIRO COM MÃO DE OBRA E MATERIAL PARA CONSERTO DO PAINEL DE GERENCIAMENTO DE MEDIÇÕES DE GÁS DO BIODIGESTOR.;;12/02/2026;;14/02/2026 09:00;CRISTIANO RODEGHIERO MOREIRA;
11429623/0001-09;AVF;1832;S;99;7.159,90;170;12/02/2026;12/03/2026;0;92;FAC;92;FAC;1155;ENGENHARIA E MANUTENCAO;LANÇADA;Solicitação autorizada por: CRISTIANO RODEGHIERO MOREIRA em: 12/02/2026 19:17:05 Nota lançada por ADRIANA APARECIDA DOS SANTOS em: 13/02/2026;BARBARA REGINA LIPPERT;12/02/2026;TORNO - SERVIÇO DE TERCEIRO COM MÃO DE OBRA E MATERIAL PARA AFIAÇÃO DO DISCO DE CORTE DA SERRA DE CARRÉ/BARRIGA DO MEZANINO DO ESPOSTEJAMENTO;;12/02/2026;;13/02/2026 11:38;CRISTIANO RODEGHIERO MOREIRA;
77781706/0001-62;HOSPITAL GERAL UNIMED;909679;S;99;193.070,72;151;05/02/2026;24/02/2026;7;92;FAC;16;MATRIZ;452;CSC GESTAO PESSOAS;LANÇADA;Solicitação autorizada por: FABIANA MARIA SKOWRONSKI VAZ em: 12/02/2026 13:36:35 Nota lançada por ADRIANA APARECIDA DOS SANTOS em: 12/02/2026;JOSIANE DE ALMEIDA OSMARIN;12/02/2026;PLANO REGIONAL - NÃO PAGAR VIA DEPÓSITO / PAGAR SOMENTE VIA BOLETO;;12/02/2026;;12/02/2026 14:45;FABIANA MARIA SKOWRONSKI VAZ;
62857374/0001-85;BEMAG METALURGICA;6;S;99;12.500,00;242;10/02/2026;28/03/2026;2;92;FAC;92;FAC;1155;ENGENHARIA E MANUTENCAO;LANÇADA;Solicitação autorizada por: CRISTIANO RODEGHIERO MOREIRA em: 12/02/2026 19:17:06 Nota lançada por ADRIANA APARECIDA DOS SANTOS em: 13/02/2026;BARBARA REGINA LIPPERT;12/02/2026;5013IP - MATERIAL E MÃO DE OBRA PARA A CONFECÇÃO DE 30 UNIDADES DE TRAVESSAS DA MESA DE DEPENDURA E 30 CHAPAS DE TRAÇÃO EM AÇO INOX 304;;12/02/2026;;13/02/2026 09:25;CRISTIANO RODEGHIERO MOREIRA;
77781706/0001-62;HOSPITAL GERAL UNIMED;909678;S;99;110.421,39;141;05/02/2026;24/02/2026;7;92;FAC;16;MATRIZ;452;CSC GESTAO PESSOAS;LANÇADA;Solicitação autorizada por: FABIANA MARIA SKOWRONSKI VAZ em: 12/02/2026 13:35:31 Nota lançada por ADRIANA APARECIDA DOS SANTOS em: 12/02/2026;JOSIANE DE ALMEIDA OSMARIN;12/02/2026;PLANO NACIONAL - NÃO PAGAR VIA DEPÓSITO / PAGAR SOMENTE VIA BOLETO;;12/02/2026;;12/02/2026 15:03;FABIANA MARIA SKOWRONSKI VAZ;
32772231/0001-00;HANSEN MANUTENÇÃO INDUSTRIAL EIRELI;409;S;99;17.000,00;242;12/02/2026;12/03/2026;0;92;FAC;92;FAC;1155;ENGENHARIA E MANUTENCAO;LANÇADA;Solicitação autorizada por: CRISTIANO RODEGHIERO MOREIRA em: 12/02/2026 19:17:05 Nota lançada por ADRIANA APARECIDA DOS SANTOS em: 13/02/2026;BARBARA REGINA LIPPERT;12/02/2026;SERVIÇO DE TERCEIRO COM MÃO DE OBRA ESPECIALIZADA COM ATENDIMENTO EMERGÊNCIAL PARA REALIZAÇÃO DE INSPEÇÃO E AJUSTES NO TÚNEL DE CONGELAMENTO GEA I-VRT;;12/02/2026;;13/02/2026 14:09;CRISTIANO RODEGHIERO MOREIRA;
27880008/0001-46;AWITE BIOENERGIA;16;S;99;2.850,00;242;09/02/2026;09/03/2026;3;92;FAC;92;FAC;1155;ENGENHARIA E MANUTENCAO;LANÇADA;Solicitação autorizada por: CRISTIANO RODEGHIERO MOREIRA em: 12/02/2026 19:17:07 Nota lançada por ADRIANA APARECIDA DOS SANTOS em: 16/02/2026;BARBARA REGINA LIPPERT;12/02/2026;SERVIÇO DE TERCEIRO COM MÃO DE OBRA E MATERIAL PARA CONSERTO DO PAINEL DE GERENCIAMENTO DE MEDIÇÕES DE GÁS DO BIODIGESTOR.;;12/02/2026;;16/02/2026 14:07;CRISTIANO RODEGHIERO MOREIRA;
08283039/0001-75;MECANICA INDUSTRIAL VELOTANO;3268;S;99;9.576,00;242;12/02/2026;12/03/2026;0;92;FAC;92;FAC;1155;ENGENHARIA E MANUTENCAO;LANÇADA;Solicitação autorizada por: CRISTIANO RODEGHIERO MOREIRA em: 12/02/2026 19:17:05 Nota lançada por ADRIANA APARECIDA DOS SANTOS em: 13/02/2026;BARBARA REGINA LIPPERT;12/02/2026;TORNO - SERVIÇO DE TERCEIRO COM MÃO DE OBRA E MATERIAL PARA USINAGEM EM CONJUNOT DE ÊMBOLOS DO DISPOSITIVO VOLUMÉTRICO DE DOSAGEM.;;12/02/2026;;13/02/2026 13:57;CRISTIANO RODEGHIERO MOREIRA;
00869496/0001-34;METALURGICA BALENA;20100;S;99;36.750,00;242;12/02/2026;12/03/2026;0;92;FAC;92;FAC;1155;ENGENHARIA E MANUTENCAO;LANÇADA;Solicitação autorizada por: CRISTIANO RODEGHIERO MOREIRA em: 12/02/2026 19:17:05 Nota lançada por ADRIANA APARECIDA DOS SANTOS em: 13/02/2026;BARBARA REGINA LIPPERT;12/02/2026;SERVIÇO DE TERCEIRO COM MÃO DE OBRA E MATERIAL PARA REALIZAR O CONSERTO DO TANQUE AGITADOR DE SALMOURA;;12/02/2026;;13/02/2026 14:02;CRISTIANO RODEGHIERO MOREIRA;
19391435/0001-32;FLUXO EQUIPAMENTOS ELETRONICOS LTDA - EPP;7104;1;99;5.681,00;242;06/02/2026;19/03/2026;6;92;FAC;92;FAC;1155;ENGENHARIA E MANUTENCAO;LANÇADA;Solicitação autorizada por: CRISTIANO RODEGHIERO MOREIRA em: 12/02/2026 19:17:08 Nota lançada por ADRIANA APARECIDA DOS SANTOS em: 13/02/2026;BARBARA REGINA LIPPERT;12/02/2026;SERVIÇO DE TERCEIRO: MATERIAL E MÃO DE OBRA PARA CONSERTO DO MODULO FLUXO FX 6.0S;;12/02/2026;;13/02/2026 10:31;CRISTIANO RODEGHIERO MOREIRA;
00385090/0001-86;MUNTERS BRASIL INDÚSTRIA E COMÉRCIO LTDA;3008;E1;99;9.730,00;242;10/02/2026;10/03/2026;2;92;FAC;92;FAC;1155;ENGENHARIA E MANUTENCAO;LANÇADA;Solicitação autorizada por: CRISTIANO RODEGHIERO MOREIRA em: 12/02/2026 19:17:06 Nota lançada por ADRIANA APARECIDA DOS SANTOS em: 16/02/2026;BARBARA REGINA LIPPERT;12/02/2026;SERVIÇO DE MÃO DE OBRA E MATERIAL PARA SUBSTITUIÇÃO DO KIT DE SELOS COM CLIPS, CORREIA DE ACIONAMENTO, ROLETE DE SUPORTE PARA CILINDRO, MOTOR DE ACIONAMENTO E CONJUNTO VENTILADOR DO CONE PARA MOTOR DA CARCAÇA DO DESUMIDIFICADOR MUNTERS HCD 4500;;12/02/2026;;16/02/2026 08:43;CRISTIANO RODEGHIERO MOREIRA;
08283039/0001-75;MECANICA INDUSTRIAL VELOTANO;3267;S;99;4.560,00;242;11/02/2026;11/03/2026;1;92;FAC;92;FAC;1155;ENGENHARIA E MANUTENCAO;LANÇADA;Solicitação autorizada por: CRISTIANO RODEGHIERO MOREIRA em: 12/02/2026 19:17:06 Nota lançada por ADRIANA APARECIDA DOS SANTOS em: 13/02/2026;BARBARA REGINA LIPPERT;12/02/2026;SERVIÇO DE TERCEIRO COM MÃO DE OBRA E MATERIAL PARA USINAGEM EM EIXO PRINCIPAL V-CUT (SOMENTE AS BUCHAS);;12/02/2026;;13/02/2026 16:12;CRISTIANO RODEGHIERO MOREIRA;
58146236/0001-10;PHDS COMERCIO DE FERRAGENS LTDA;705;S;99;1.862,50;242;11/02/2026;11/03/2026;1;92;FAC;92;FAC;1155;ENGENHARIA E MANUTENCAO;LANÇADA;Solicitação autorizada por: CRISTIANO RODEGHIERO MOREIRA em: 12/02/2026 19:17:05 Nota lançada por ADRIANA APARECIDA DOS SANTOS em: 13/02/2026;BARBARA REGINA LIPPERT;12/02/2026;TORNO - SERVIÇO DE TERCEIRO COM MÃO DE OBRA E MATERIAL PARA USINAGEM DO EIXO E BUCHAS DA ESTEIRA DO TENDERIZADOR;;12/02/2026;;13/02/2026 15:06;CRISTIANO RODEGHIERO MOREIRA;
58146236/0001-10;PHDS COMERCIO DE FERRAGENS LTDA;704;S;99;3.955,00;242;11/02/2026;11/03/2026;1;92;FAC;92;FAC;1155;ENGENHARIA E MANUTENCAO;LANÇADA;Solicitação autorizada por: CRISTIANO RODEGHIERO MOREIRA em: 12/02/2026 19:17:05 Nota lançada por ADRIANA APARECIDA DOS SANTOS em: 13/02/2026;BARBARA REGINA LIPPERT;12/02/2026;TORNO - SERVIÇO DE TERCEIRO COM MÃO DE OBRA E MATERIAL PARA USINAGEM DO EIXO E ENGRENAGEM DO SISTEMA DE TRAÇÃO DA FECHADORA DE CAIXAS;;12/02/2026;;13/02/2026 15:18;CRISTIANO RODEGHIERO MOREIRA;
58146236/0001-10;PHDS COMERCIO DE FERRAGENS LTDA;706;S;99;2.595,00;242;11/02/2026;11/03/2026;1;92;FAC;92;FAC;1155;ENGENHARIA E MANUTENCAO;LANÇADA;Solicitação autorizada por: CRISTIANO RODEGHIERO MOREIRA em: 12/02/2026 19:17:06 Nota lançada por ADRIANA APARECIDA DOS SANTOS em: 13/02/2026;BARBARA REGINA LIPPERT;12/02/2026;TORNO - USINAGEM DE TAMPA DO FILTRO DE VÁCUO DA MULTIVAC;;12/02/2026;;13/02/2026 15:23;CRISTIANO RODEGHIERO MOREIRA;
03203747/0001-35;ODIMAR MALAGUTTI & CIA LTDA;122;1;99;103.235,23;326;12/02/2026;;0;92;FAC;92;FAC;2054;ADMINISTRACAO;LANÇADA;Solicitação autorizada por: VANESSA CORREA DE MORAES MARTINI em: 12/02/2026 10:06:32 Nota lançada por ADRIANA APARECIDA DOS SANTOS em: 12/02/2026;ADRIANA APARECIDA DOS SANTOS;12/02/2026;RECLASSIFICAÇÃO DE VALORES ORÇADOS COMO GMD E QUE ESTÃO SENDO FEITOS VIA RI - REFORMA TELHADO FAC (CONFORME ORIENTAÇÃO DO CSC);;12/02/2026;;12/02/2026 15:36;VANESSA CORREA DE MORAES MARTINI;
11429623/0001-09;AVF;1836;S;99;5.503,20;242;09/02/2026;09/03/2026;3;92;FAC;92;FAC;1155;ENGENHARIA E MANUTENCAO;LANÇADA;Solicitação autorizada por: CRISTIANO RODEGHIERO MOREIRA em: 12/02/2026 19:17:07 Nota lançada por ADRIANA APARECIDA DOS SANTOS em: 16/02/2026;BARBARA REGINA LIPPERT;12/02/2026;TORNO - USINAGEM EM MÓDULOS/FLANGES UTILIZADOS NOS RISCADORES DAS DEBOFLEX.;;12/02/2026;;16/02/2026 17:22;CRISTIANO RODEGHIERO MOREIRA;
58146236/0001-10;PHDS COMERCIO DE FERRAGENS LTDA;626;S;99;1.850,00;242;28/01/2026;28/02/2026;15;92;FAC;92;FAC;1155;ENGENHARIA E MANUTENCAO;LANÇADA;Solicitação autorizada por: CRISTIANO RODEGHIERO MOREIRA em: 12/02/2026 19:17:11 Nota lançada por ADRIANA APARECIDA DOS SANTOS em: 16/02/2026;BARBARA REGINA LIPPERT;12/02/2026;TORNO - FABRICAÇÃO EM PEÇA DO EMBOLO DA CUBETIADEIRA TREIFF, UTILIZADA PARA REALIZAR O CORTE DE BACON EM CUBOS PARA OS FRESCAIS.;;12/02/2026;;16/02/2026 16:51;CRISTIANO RODEGHIERO MOREIRA;
58146236/0001-10;PHDS COMERCIO DE FERRAGENS LTDA;680;S;99;1.850,00;242;06/02/2026;06/03/2026;6;92;FAC;92;FAC;1155;ENGENHARIA E MANUTENCAO;LANÇADA;Solicitação autorizada por: CRISTIANO RODEGHIERO MOREIRA em: 12/02/2026 19:17:08 Nota lançada por ADRIANA APARECIDA DOS SANTOS em: 16/02/2026;BARBARA REGINA LIPPERT;12/02/2026;TORNO - FABRICAÇÃO EM PEÇA DO EMBOLO DA CUBETIADEIRA TREIFF, UTILIZADA PARA REALIZAR O CORTE DE BACON EM CUBOS PARA OS FRESCAIS.;;12/02/2026;;16/02/2026 16:54;CRISTIANO RODEGHIERO MOREIRA;
58146236/0001-10;PHDS COMERCIO DE FERRAGENS LTDA;630;S;99;3.280,00;242;28/01/2026;28/02/2026;15;92;FAC;92;FAC;1155;ENGENHARIA E MANUTENCAO;LANÇADA;Solicitação autorizada por: CRISTIANO RODEGHIERO MOREIRA em: 12/02/2026 19:17:11 Nota lançada por ADRIANA APARECIDA DOS SANTOS em: 13/02/2026;BARBARA REGINA LIPPERT;12/02/2026;TORNO - USINAGEM EM EIXO DE ROLO LISO DO BENEFICIAMENTO DE TRIPAS QUE APRESENTOU DESGASTE.;;12/02/2026;;13/02/2026 16:58;CRISTIANO RODEGHIERO MOREIRA;
58146236/0001-10;PHDS COMERCIO DE FERRAGENS LTDA;629;S;99;2.260,00;242;28/01/2026;28/02/2026;15;92;FAC;92;FAC;1155;ENGENHARIA E MANUTENCAO;LANÇADA;Solicitação autorizada por: CRISTIANO RODEGHIERO MOREIRA em: 12/02/2026 19:17:11 Nota lançada por ADRIANA APARECIDA DOS SANTOS em: 13/02/2026;BARBARA REGINA LIPPERT;12/02/2026;TORNO - USINAGEM E INSTALAÇÃO DE ROSCAS POSTIÇAS NA PLACA DE SELAGEM DA F200.;;12/02/2026;;13/02/2026 16:55;CRISTIANO RODEGHIERO MOREIRA;
58146236/0001-10;PHDS COMERCIO DE FERRAGENS LTDA;628;S;99;4.950,00;242;28/01/2026;28/02/2026;15;92;FAC;92;FAC;1155;ENGENHARIA E MANUTENCAO;LANÇADA;Solicitação autorizada por: CRISTIANO RODEGHIERO MOREIRA em: 12/02/2026 19:17:10 Nota lançada por ADRIANA APARECIDA DOS SANTOS em: 13/02/2026;BARBARA REGINA LIPPERT;12/02/2026;TORNO - FABRICAÇÃO DE NOVO EMBOLO DA VOLTERM QUE APRESENTOU QUEBRA NA DESMONTAGEM OPERACIONAL;;12/02/2026;;13/02/2026 17:00;CRISTIANO RODEGHIERO MOREIRA;
18597494/0001-07;DR SOLUCOES AMBIENTAIS;6561;U;99;6.150,00;290;11/02/2026;11/03/2026;1;92;FAC;92;FAC;1228;OPERACAO ESTACAO TRATAMENTO EFLUENTES;LANÇADA;Solicitação autorizada por: CRISTIANO RODEGHIERO MOREIRA em: 12/02/2026 19:17:06 Nota lançada por ADRIANA APARECIDA DOS SANTOS em: 13/02/2026;TIAGO FARIAS DOS SANTOS;12/02/2026;SERVIÇO REALIZADO DE LIMPEZA DOS RESERVATORIO PRESUNTARIA;;12/02/2026;;13/02/2026 14:36;CRISTIANO RODEGHIERO MOREIRA;
08283039/0001-75;MECANICA INDUSTRIAL VELOTANO;3262;S;99;2.800,00;242;03/02/2026;03/03/2026;9;92;FAC;92;FAC;1155;ENGENHARIA E MANUTENCAO;LANÇADA;Solicitação autorizada por: CRISTIANO RODEGHIERO MOREIRA em: 12/02/2026 19:17:09 Nota lançada por ADRIANA APARECIDA DOS SANTOS em: 14/02/2026;BARBARA REGINA LIPPERT;12/02/2026;TORNO - USINAGEM EM GUIA LINEAR DA SERRA DO PERNIL NO MEZANINO. ;;12/02/2026;;14/02/2026 15:59;CRISTIANO RODEGHIERO MOREIRA;
29051630/0001-77;REFRIGERAÇÃO IAPÓ;121;S;99;1.080,00;7;04/02/2026;04/03/2026;8;92;FAC;92;FAC;1155;ENGENHARIA E MANUTENCAO;LANÇADA;Solicitação autorizada por: CRISTIANO RODEGHIERO MOREIRA em: 12/02/2026 19:17:09 Nota lançada por ADRIANA APARECIDA DOS SANTOS em: 19/02/2026;BARBARA REGINA LIPPERT;12/02/2026;CONSERTO DE 3 BEBEDOUROS DE COLUNA DA RECEPÇÃO DE SUÍNOS.;;12/02/2026;;19/02/2026 08:10;CRISTIANO RODEGHIERO MOREIRA;
03331026/0001-00;USINOX CENTRO DE USINAGEM INDUSTRIAL LTDA;2359;S;99;12.900,00;242;09/02/2026;09/03/2026;3;92;FAC;92;FAC;1155;ENGENHARIA E MANUTENCAO;LANÇADA;Solicitação autorizada por: CRISTIANO RODEGHIERO MOREIRA em: 12/02/2026 19:17:06 Nota lançada por ADRIANA APARECIDA DOS SANTOS em: 16/02/2026;BARBARA REGINA LIPPERT;12/02/2026;SERVIÇO DE ASSISTÊNCIA TÉCNICA PARA ACOMPANHAMENTO E MANUTENÇÃO DAS EMBALADORAS USINOX;;12/02/2026;;16/02/2026 13:48;CRISTIANO RODEGHIERO MOREIRA;
13938390/0005-10;CROWN LIFT TRUCKS DO BRASIL;174208;S;99;64.739,10;153;09/02/2026;09/04/2026;2;92;FAC;92;FAC;1155;ENGENHARIA E MANUTENCAO;LANÇADA;Solicitação autorizada por: CRISTIANO RODEGHIERO MOREIRA em: 12/02/2026 19:17:07 Nota lançada por ADRIANA APARECIDA DOS SANTOS em: 14/02/2026;BARBARA REGINA LIPPERT;11/02/2026;FATURA REFERENTE A LOCAÇÃO DE EQUIPAMENTOS;;12/02/2026;;14/02/2026 14:47;CRISTIANO RODEGHIERO MOREIRA;
13938390/0005-10;CROWN LIFT TRUCKS DO BRASIL;20248;1;55;3.783,57;242;03/02/2026;20/03/2026;8;92;FAC;92;FAC;1155;ENGENHARIA E MANUTENCAO;LANÇADA;Solicitação autorizada por: ADRIANO TOMALOK em: 11/02/2026 16:20:16 Nota lançada por KAROLINE CRISTINA MENDES INOCÊNCIO em: 11/02/2026;KAROLINE CRISTINA MENDES INOCÊNCIO;11/02/2026;;;11/02/2026;Autorizado automaticamente através do pedido de compra 4490559 em 04/02/2026.;11/02/2026 16:22;ADRIANO TOMALOK;
13938390/0005-10;CROWN LIFT TRUCKS DO BRASIL;20235;1;55;454,48;242;02/02/2026;19/03/2026;9;92;FAC;92;FAC;1155;ENGENHARIA E MANUTENCAO;LANÇADA;Solicitação autorizada por: CRISTIANO RODEGHIERO MOREIRA em: 12/02/2026 19:17:09 Nota lançada por KAROLINE CRISTINA MENDES INOCÊNCIO em: 13/02/2026;KAROLINE CRISTINA MENDES INOCÊNCIO;11/02/2026;;;12/02/2026;;13/02/2026 14:58;CRISTIANO RODEGHIERO MOREIRA;
13938390/0005-10;CROWN LIFT TRUCKS DO BRASIL;174210;S;99;90.599,22;153;09/02/2026;09/04/2026;2;92;FAC;92;FAC;1155;ENGENHARIA E MANUTENCAO;LANÇADA;Solicitação autorizada por: CRISTIANO RODEGHIERO MOREIRA em: 12/02/2026 19:17:07 Nota lançada por ADRIANA APARECIDA DOS SANTOS em: 14/02/2026;BARBARA REGINA LIPPERT;11/02/2026;FATURA REFERENTE A LOCAÇÃO DE EQUIPAMENTOS;;12/02/2026;;14/02/2026 15:07;CRISTIANO RODEGHIERO MOREIRA;
13938390/0005-10;CROWN LIFT TRUCKS DO BRASIL;20234;1;55;454,48;242;02/02/2026;19/03/2026;9;92;FAC;92;FAC;1155;ENGENHARIA E MANUTENCAO;LANÇADA;Solicitação autorizada por: CRISTIANO RODEGHIERO MOREIRA em: 12/02/2026 19:17:09 Nota lançada por KAROLINE CRISTINA MENDES INOCÊNCIO em: 13/02/2026;KAROLINE CRISTINA MENDES INOCÊNCIO;11/02/2026;;;12/02/2026;;13/02/2026 14:56;CRISTIANO RODEGHIERO MOREIRA;
13938390/0005-10;CROWN LIFT TRUCKS DO BRASIL;20249;1;55;2.124,64;242;03/02/2026;20/03/2026;8;92;FAC;92;FAC;1155;ENGENHARIA E MANUTENCAO;LANÇADA;Solicitação autorizada por: CRISTIANO RODEGHIERO MOREIRA em: 12/02/2026 19:17:09 Nota lançada por KAROLINE CRISTINA MENDES INOCÊNCIO em: 13/02/2026;KAROLINE CRISTINA MENDES INOCÊNCIO;11/02/2026;;;12/02/2026;;13/02/2026 14:55;CRISTIANO RODEGHIERO MOREIRA;
01341776/0011-00;MERCOSUL LINE NAVEGACAO E LOGISTICA LTDA;67897;3;57;11.099,77;171;22/01/2026;17/02/2026;20;92;FAC;113;U.V. SIMÕES FILHO;698;LOGISTICA SECUNDARIA A;LANÇADA;Solicitação autorizada por: CLEITON DOS SANTOS em: 12/02/2026 17:21:30 Nota lançada por ADRIANA APARECIDA DOS SANTOS em: 14/02/2026;SILVIA NASCIMENTO ALVES;11/02/2026;LANÇAMENTO DE FRETE REFERENTE AO CONTAINER CGMU5158440;;12/02/2026;;14/02/2026 14:36;CLEITON DOS SANTOS;
38195501/0001-43;SIMAOPRESS LTDA;22674;1;55;1.700,00;-;04/02/2026;06/03/2026;7;92;FAC;92;FAC;1155;ENGENHARIA E MANUTENCAO;LANÇADA;Solicitação autorizada por: ADRIANO TOMALOK em: 11/02/2026 15:45:52 Nota lançada por WILLIAN MARCONDES DOS SANTOS em: 11/02/2026;WILLIAN MARCONDES DOS SANTOS;11/02/2026;;;11/02/2026;Autorizado automaticamente através do pedido de compra 4492394 em 06/02/2026.;11/02/2026 15:47;ADRIANO TOMALOK;
13938390/0005-10;CROWN LIFT TRUCKS DO BRASIL;20247;1;55;1.115,26;242;03/02/2026;20/03/2026;8;92;FAC;92;FAC;1155;ENGENHARIA E MANUTENCAO;LANÇADA;Solicitação autorizada por: ADRIANO TOMALOK em: 11/02/2026 15:13:56 Nota lançada por KAROLINE CRISTINA MENDES INOCÊNCIO em: 11/02/2026;KAROLINE CRISTINA MENDES INOCÊNCIO;11/02/2026;;;11/02/2026;Autorizado automaticamente através do pedido de compra 4490562 em 04/02/2026.;11/02/2026 17:03;ADRIANO TOMALOK;
13938390/0005-10;CROWN LIFT TRUCKS DO BRASIL;20233;1;55;725,03;242;02/02/2026;19/03/2026;9;92;FAC;92;FAC;1155;ENGENHARIA E MANUTENCAO;LANÇADA;Solicitação autorizada por: ADRIANO TOMALOK em: 11/02/2026 15:00:38 Nota lançada por KAROLINE CRISTINA MENDES INOCÊNCIO em: 11/02/2026;KAROLINE CRISTINA MENDES INOCÊNCIO;11/02/2026;;;11/02/2026;Autorizado automaticamente através do pedido de compra 4490558 em 04/02/2026.;11/02/2026 17:05;ADRIANO TOMALOK;
13938390/0005-10;CROWN LIFT TRUCKS DO BRASIL;20267;1;55;463,86;242;04/02/2026;23/03/2026;7;92;FAC;92;FAC;1155;ENGENHARIA E MANUTENCAO;LANÇADA;Solicitação autorizada por: CRISTIANO RODEGHIERO MOREIRA em: 12/02/2026 19:17:08 Nota lançada por KAROLINE CRISTINA MENDES INOCÊNCIO em: 13/02/2026;KAROLINE CRISTINA MENDES INOCÊNCIO;11/02/2026;;;12/02/2026;;13/02/2026 14:52;CRISTIANO RODEGHIERO MOREIRA;
13938390/0005-10;CROWN LIFT TRUCKS DO BRASIL;19979;1;55;693,84;242;14/01/2026;02/03/2026;28;92;FAC;92;FAC;1155;ENGENHARIA E MANUTENCAO;LANÇADA;Solicitação autorizada por: CRISTIANO RODEGHIERO MOREIRA em: 12/02/2026 19:17:11 Nota lançada por KAROLINE CRISTINA MENDES INOCÊNCIO em: 13/02/2026;KAROLINE CRISTINA MENDES INOCÊNCIO;11/02/2026;;;12/02/2026;;13/02/2026 14:51;CRISTIANO RODEGHIERO MOREIRA;
10743183/0001-99;FREITAG LABORATORIOS;86778;S;99;661,89;97;11/02/2026;11/03/2026;0;92;FAC;92;FAC;1228;OPERACAO ESTACAO TRATAMENTO EFLUENTES;LANÇADA;Solicitação autorizada por: CRISTIANO RODEGHIERO MOREIRA em: 12/02/2026 19:17:06 Nota lançada por ADRIANA APARECIDA DOS SANTOS em: 14/02/2026;TIAGO FARIAS DOS SANTOS;11/02/2026;REFERENTE AO SERVIÇO PRESTADO PARA AS ANÁLISES DA ETE;;12/02/2026;;14/02/2026 15:51;CRISTIANO RODEGHIERO MOREIRA;
03998045/0001-95;HANDTMANN DO BRASIL LTDA.;100984;1;55;50.986,77;242;02/02/2026;03/04/2026;9;92;FAC;92;FAC;1155;ENGENHARIA E MANUTENCAO;LANÇADA;Solicitação autorizada por: ADRIANO TOMALOK em: 12/02/2026 13:44:17 Nota lançada por KAROLINE CRISTINA MENDES INOCÊNCIO em: 12/02/2026;KAROLINE CRISTINA MENDES INOCÊNCIO;11/02/2026;;;12/02/2026;Autorizado automaticamente através do pedido de compra 4497439 em 12/02/2026.;12/02/2026 13:46;ADRIANO TOMALOK;
08283039/0001-75;MECANICA INDUSTRIAL VELOTANO;3260;S;99;1.720,00;242;03/02/2026;03/03/2026;8;92;FAC;92;FAC;1155;ENGENHARIA E MANUTENCAO;LANÇADA;Solicitação autorizada por: CRISTIANO RODEGHIERO MOREIRA em: 12/02/2026 19:17:09 Nota lançada por ADRIANA APARECIDA DOS SANTOS em: 13/02/2026;BARBARA REGINA LIPPERT;11/02/2026;TORNO - USINAGEM CONSERTO EM ESPIGÃO INOX;;12/02/2026;;13/02/2026 16:19;CRISTIANO RODEGHIERO MOREIRA;
79444717/0016-69;FARMACIAS FLEMING LTDA;18332;2;55;27,22;-;19/01/2026;16/02/2026;23;92;FAC;92;FAC;2488;ABATE E RESFRIAMENTO 2ºT;LANÇADA;Solicitação autorizada por: VANESSA CORREA DE MORAES MARTINI em: 11/02/2026 10:20:33 Nota lançada por ADRIANA APARECIDA DOS SANTOS em: 11/02/2026;FELIPE DOMINGUES;11/02/2026;MEDICAÇÃO ACIDENTE DE TRABALHO, LOCAL ABATE 2488.;;11/02/2026;Autorizado automaticamente através do pedido de compra 4494610 em 10/02/2026.;11/02/2026 10:49;VANESSA CORREA DE MORAES MARTINI;
05013050/0001-27;MAREL BRASIL COMERCIAL E INDUSTRIAL LTDA;1058;30;55;1.949,85;242;03/02/2026;20/03/2026;8;92;FAC;92;FAC;1155;ENGENHARIA E MANUTENCAO;LANÇADA;Solicitação autorizada por: CRISTIANO RODEGHIERO MOREIRA em: 12/02/2026 19:17:09 Nota lançada por KAROLINE CRISTINA MENDES INOCÊNCIO em: 13/02/2026;KAROLINE CRISTINA MENDES INOCÊNCIO;11/02/2026;MATERIAL E MÃO DE OBRA PARA MANUTENÇÃO PREVENTIVA DO NA FATIADORA V-CUT 240 MAREL;;12/02/2026;;13/02/2026 15:14;CRISTIANO RODEGHIERO MOREIRA;
12178148/0001-08;BORRACHARIA PINHEIRAO W M;8436;U;99;25;8;09/02/2026;28/02/2026;2;92;FAC;92;FAC;2054;ADMINISTRACAO;LANÇADA;Solicitação autorizada por: VANESSA CORREA DE MORAES MARTINI em: 11/02/2026 13:46:01 Nota lançada por ADRIANA APARECIDA DOS SANTOS em: 11/02/2026;VITOR FERNANDES;11/02/2026;CONSERTO PNEU DO ONIX - RYK2H98;;11/02/2026;;11/02/2026 16:21;VANESSA CORREA DE MORAES MARTINI;
05967403/0001-28;REFINARIA DE SAL GARCA LTDA - EPP;76998;1;57;9.943,00;172;06/01/2026;12/02/2026;36;92;FAC;92;FAC;2054;ADMINISTRACAO;LANÇADA;Solicitação autorizada por: VANESSA CORREA DE MORAES MARTINI em: 11/02/2026 13:47:04 Nota lançada por ADRIANA APARECIDA DOS SANTOS em: 11/02/2026;ADRIANA APARECIDA DOS SANTOS;11/02/2026;REDESPACHO DE MOSSORÓ RN ATÉ ITAJAÍ SC REFERENTE COMPRA DE SAL;;11/02/2026;;11/02/2026 14:56;VANESSA CORREA DE MORAES MARTINI;
92753268/0052-62;STEMAC S/A - GRUPO GERADORES;19637;S;99;2.512,50;242;10/02/2026;10/03/2026;0;92;FAC;92;FAC;1155;ENGENHARIA E MANUTENCAO;LANÇADA;Solicitação autorizada por: CRISTIANO RODEGHIERO MOREIRA em: 12/02/2026 19:17:06 Nota lançada por ADRIANA APARECIDA DOS SANTOS em: 16/02/2026;BARBARA REGINA LIPPERT;10/02/2026;SERVIÇO DE SUBSTITUIÇÃO DE BOMBA INJETORA E SUBSTITUIÇÃO DE ÓLEO, FILTROS E LÍQUIDO DE ARREFECIMENTO.;;12/02/2026;;16/02/2026 08:39;CRISTIANO RODEGHIERO MOREIRA;
11533132/0001-03;ELETRO TOMASI;22629;2;55;4.369,97;303;05/02/2026;22/03/2026;5;92;FAC;92;FAC;1155;ENGENHARIA E MANUTENCAO;LANÇADA;Solicitação autorizada por: CRISTIANO RODEGHIERO MOREIRA em: 12/02/2026 19:17:08 Nota lançada por KAROLINE CRISTINA MENDES INOCÊNCIO em: 16/02/2026;KAROLINE CRISTINA MENDES INOCÊNCIO;10/02/2026;AR CONDICIONADO, HI WALL, 12.000 BTUS, CICLO QUENTE/FRIO, COMPRESSOR CONVENCIONAL, 220V, LG/SAMSUNG/GREE/ELECTROLUX/PHILCO/ELGN/MIDEA/CARRIER/TCL/AGRATTO;;12/02/2026;;16/02/2026 17:05;CRISTIANO RODEGHIERO MOREIRA;
13704733/0001-59;TRÊS QUADROS FILMES;479;1;99;117.500,00;140;09/02/2026;11/02/2026;1;92;FAC;92;FAC;2054;ADMINISTRACAO;LANÇADA;Solicitação autorizada por: VANESSA CORREA DE MORAES MARTINI em: 10/02/2026 15:41:58 Nota lançada por ADRIANA APARECIDA DOS SANTOS em: 10/02/2026;RAFAEL SALVI DOS SANTOS;10/02/2026;CRIAÇÃO E PRODUÇÃO FILME TURMINHA DA RECLICLAGEM - SOLICITADO LANCAMENTO PARA ABATIMENTO DE CREDITO PARANA COMPETITIVO;;10/02/2026;;10/02/2026 16:10;VANESSA CORREA DE MORAES MARTINI;
92253095/0001-73;SAUR EQUIPAMENTOS S/A;176713;1;55;64.830,68;303;04/02/2026;04/03/2026;6;92;FAC;92;FAC;1155;ENGENHARIA E MANUTENCAO;LANÇADA;Solicitação autorizada por: CRISTIANO RODEGHIERO MOREIRA em: 12/02/2026 19:17:08 Nota lançada por KAROLINE CRISTINA MENDES INOCÊNCIO em: 13/02/2026;KAROLINE CRISTINA MENDES INOCÊNCIO;10/02/2026;EMPURRA PUXA CARGA SAUR PUSH-PULL MODELO EPCSS 15/1200 CÓDIGO EPCSS 15/006RC CAPACIDADE NOMINAL 1.500 KG À CG DE 500MM COMPRIMENTO ÚTIL DOS GARFOS 1.200 MM;;12/02/2026;;13/02/2026 16:28;CRISTIANO RODEGHIERO MOREIRA;
00428307/0012-40;EXPRESSO SAO MIGUEL S/A;196700;11;57;227;242;09/02/2026;02/03/2026;1;92;FAC;92;FAC;1155;ENGENHARIA E MANUTENCAO;LANÇADA;Solicitação autorizada por: VANESSA CORREA DE MORAES MARTINI em: 11/02/2026 07:54:32 Nota lançada por ADRIANA APARECIDA DOS SANTOS em: 11/02/2026;ADRIANA APARECIDA DOS SANTOS;10/02/2026;REFERENTE ENVIO PARA CONSERTO;;11/02/2026;;11/02/2026 08:55;VANESSA CORREA DE MORAES MARTINI;
00428307/0012-40;EXPRESSO SAO MIGUEL S/A;196704;11;57;125;97;09/02/2026;02/03/2026;1;92;FAC;92;FAC;1155;ENGENHARIA E MANUTENCAO;LANÇADA;Solicitação autorizada por: VANESSA CORREA DE MORAES MARTINI em: 11/02/2026 07:54:32 Nota lançada por ADRIANA APARECIDA DOS SANTOS em: 11/02/2026;ADRIANA APARECIDA DOS SANTOS;10/02/2026;REFERENTE ENVIO DE ÁGUA PARA ANÁLISE;;11/02/2026;;11/02/2026 08:54;VANESSA CORREA DE MORAES MARTINI;
79899506/0001-34;ETIQUETAS DALLA;321946;2;55;8.736,00;303;03/02/2026;20/03/2026;7;92;FAC;92;FAC;1155;ENGENHARIA E MANUTENCAO;LANÇADA;Solicitação autorizada por: CRISTIANO RODEGHIERO MOREIRA em: 12/02/2026 19:17:09 Nota lançada por KAROLINE CRISTINA MENDES INOCÊNCIO em: 17/02/2026;KAROLINE CRISTINA MENDES INOCÊNCIO;10/02/2026;REBOBINADOR DE ETIQUETA EXTERNO P/ HD-R7 - UNIVERSAL;;12/02/2026;;17/02/2026 11:09;CRISTIANO RODEGHIERO MOREIRA;
51057772/0001-09;JL RIBEIRO SOLUCOES LTDA;14;1;57;3.000,00;97;02/02/2026;23/02/2026;8;92;FAC;92;FAC;1759;CONTROLE DE QUALIDADE;LANÇADA;Solicitação autorizada por: VANESSA CORREA DE MORAES MARTINI em: 11/02/2026 07:54:15 Nota lançada por ADRIANA APARECIDA DOS SANTOS em: 11/02/2026;GABRIELLE APARECIDA CARVALHO;10/02/2026;FRETE DE ANÁLISE LABORATORIAL;;11/02/2026;;11/02/2026 11:43;VANESSA CORREA DE MORAES MARTINI;
49172605/0001-59;THOMAZ & BARONI MONTAGENS ( T&B);210;S;99;4.240,00;242;09/02/2026;09/03/2026;1;92;FAC;92;FAC;1155;ENGENHARIA E MANUTENCAO;LANÇADA;Solicitação autorizada por: CRISTIANO RODEGHIERO MOREIRA em: 12/02/2026 19:17:07 Nota lançada por ADRIANA APARECIDA DOS SANTOS em: 13/02/2026;THAIS MARCONDES DOS SANTOS;10/02/2026;SOLDAS SANITÁRIAS EM ESTRUTURAS DEEQUIPAMENTOS DO SETOR DE EMBALAGEM PRIMÁRIA INDÚSTRIA E INDUSTRIALIZADOS, SETOR DE EMBUT-COZIDOS E SETOR DE PRESUMTARIA. ;;12/02/2026;;13/02/2026 11:30;CRISTIANO RODEGHIERO MOREIRA;
10393267/0001-40;FINISSIMA ACABAMENTOS LTDA;702;S;99;52.500,00;5;04/02/2026;19/02/2026;6;92;FAC;92;FAC;1155;ENGENHARIA E MANUTENCAO;LANÇADA;Solicitação autorizada por: CRISTIANO RODEGHIERO MOREIRA em: 12/02/2026 19:17:08 Nota lançada por ADRIANA APARECIDA DOS SANTOS em: 17/02/2026;BARBARA REGINA LIPPERT;10/02/2026;¿ MOBILIZAÇÃO / DESMOBILIZAÇÃO.¿ TRANSPORTE E ALIMENTAÇÃO EQUIPE. ¿ FORNECIMENTO DE ROLOS, PINCÉIS E FITAS. ¿ PINTURA EM TINTA EPÓXI¿ 520 M2. ¿ PINTURA EM TINTA EPÓXI CINZA EM RODAPÉS ¿ 110 M. ¿ LIMPEZA FINAL DA OBRA.;;12/02/2026;;17/02/2026 10:58;CRISTIANO RODEGHIERO MOREIRA;
11429623/0001-09;AVF;1833;S;99;4.259,90;242;02/02/2026;02/03/2026;8;92;FAC;92;FAC;1155;ENGENHARIA E MANUTENCAO;LANÇADA;Solicitação autorizada por: CRISTIANO RODEGHIERO MOREIRA em: 12/02/2026 19:17:10 Nota lançada por ADRIANA APARECIDA DOS SANTOS em: 16/02/2026;THAIS MARCONDES DOS SANTOS;10/02/2026;TORNO - CONSERTO/USINAGEM EM CONJUNTO VOLANTE DA SERRA SOFFINOX PALETA.;;12/02/2026;;16/02/2026 08:47;CRISTIANO RODEGHIERO MOREIRA;
11429623/0001-09;AVF;1838;S;99;7.178,90;242;09/02/2026;09/03/2026;1;92;FAC;92;FAC;1155;ENGENHARIA E MANUTENCAO;LANÇADA;Solicitação autorizada por: CRISTIANO RODEGHIERO MOREIRA em: 12/02/2026 19:17:06 Nota lançada por ADRIANA APARECIDA DOS SANTOS em: 13/02/2026;BARBARA REGINA LIPPERT;10/02/2026;TORNO -    RECUPERAÇÃO MOLDE EM ALUMÍNIO AERONÁUTICO PARA SOLDA COM UMA FACE TEFLONADA MULTIVAC ;;12/02/2026;;13/02/2026 15:46;CRISTIANO RODEGHIERO MOREIRA;
11318959/0001-96;METAL C;767;S;99;10.500,00;5;09/02/2026;09/03/2026;1;92;FAC;92;FAC;1155;ENGENHARIA E MANUTENCAO;LANÇADA;Solicitação autorizada por: CRISTIANO RODEGHIERO MOREIRA em: 18/02/2026 18:20:57 Nota lançada por ADRIANA APARECIDA DOS SANTOS em: 20/02/2026;BARBARA REGINA LIPPERT;10/02/2026;SUBSTITUIÇÃO DO CORRIMÃO EM AÇO CARBONO POR AÇO INOX 304 DA ESCADARIA DE ACESSO PASSARELA DE VISITAÇÃO E VESTIÁRIOS;;18/02/2026;;20/02/2026 08:40;CRISTIANO RODEGHIERO MOREIRA;
78706751/0014-30;TRANSPEN ENCOMENDAS;171738;1;57;157,81;242;15/01/2026;10/02/2026;25;92;FAC;92;FAC;1155;ENGENHARIA E MANUTENCAO;LANÇADA;Solicitação autorizada por: CRISTIANO RODEGHIERO MOREIRA em: 12/02/2026 19:17:11 Nota lançada por ADRIANA APARECIDA DOS SANTOS em: 13/02/2026;ADRIANA APARECIDA DOS SANTOS;09/02/2026; REFERENTE COMPRA DO ITEM 204396;;12/02/2026;;13/02/2026 10:41;CRISTIANO RODEGHIERO MOREIRA;
18597494/0001-07;DR SOLUCOES AMBIENTAIS;6557;U;99;3.921,67;9;09/02/2026;09/03/2026;0;92;FAC;92;FAC;1155;ENGENHARIA E MANUTENCAO;LANÇADA;Solicitação autorizada por: CRISTIANO RODEGHIERO MOREIRA em: 12/02/2026 19:17:07 Nota lançada por ADRIANA APARECIDA DOS SANTOS em: 19/02/2026;BARBARA REGINA LIPPERT;09/02/2026;O.S 16912;;12/02/2026;;19/02/2026 10:49;CRISTIANO RODEGHIERO MOREIRA;
00428307/0012-40;EXPRESSO SAO MIGUEL S/A;196671;11;57;111;114;06/02/2026;28/02/2026;3;92;FAC;92;FAC;1155;ENGENHARIA E MANUTENCAO;LANÇADA;Solicitação autorizada por: CRISTIANO RODEGHIERO MOREIRA em: 12/02/2026 19:17:07 Nota lançada por ADRIANA APARECIDA DOS SANTOS em: 13/02/2026;ADRIANA APARECIDA DOS SANTOS;09/02/2026;REFERENTE DEVOLUÇÃO STRAPAK,ESTICADOR DA FITA COD.T6163001S;;12/02/2026;;13/02/2026 10:32;CRISTIANO RODEGHIERO MOREIRA;
42278291/0001-24;LOG-IN - LOGISTICA INTERMODAL S/A;41675;S;99;5.100,00;233;07/01/2026;12/02/2026;33;92;FAC;69;U.V. FORTALEZA;698;LOGISTICA SECUNDARIA A;LANÇADA;Solicitação autorizada por: MARIA ERIVANILDA DA SILVA MONTEIRO em: 10/02/2026 09:41:15 Nota lançada por ADRIANA APARECIDA DOS SANTOS em: 10/02/2026;ANDERSON PERES MARTINS;09/02/2026; CUSTO EXTRA DE DEMURRAGE - CONTAINER DE Nº TCLU1162107 - (NFS 40224 / 40225  - CARGA: 14141609) FRETE DA LOG-IN - CTE COMPLEMENTAR 100633;;10/02/2026;;10/02/2026 16:01;MARIA ERIVANILDA DA SILVA MONTEIRO;
32122600/0001-19;EQUIPARE MAQUINAS E MANUTENCAO INDUSTRIAIS LTDA;5;S;99;6.175,00;242;30/01/2026;28/02/2026;10;92;FAC;92;FAC;1155;ENGENHARIA E MANUTENCAO;LANÇADA;Solicitação autorizada por: CRISTIANO RODEGHIERO MOREIRA em: 12/02/2026 19:17:10 Nota lançada por ADRIANA APARECIDA DOS SANTOS em: 13/02/2026;BARBARA REGINA LIPPERT;09/02/2026;CONSERTO DA MOTOBOMBA DE LAMELAS EQUIPARE 19 M³/H BRE-19 30CV 02;;12/02/2026;;13/02/2026 16:45;CRISTIANO RODEGHIERO MOREIRA;
32122600/0001-19;EQUIPARE MAQUINAS E MANUTENCAO INDUSTRIAIS LTDA;6727;1;55;47.025,00;242;30/01/2026;16/03/2026;10;92;FAC;92;FAC;1155;ENGENHARIA E MANUTENCAO;LANÇADA;Solicitação autorizada por: CRISTIANO RODEGHIERO MOREIRA em: 12/02/2026 19:17:10 Nota lançada por KAROLINE CRISTINA MENDES INOCÊNCIO em: 13/02/2026;KAROLINE CRISTINA MENDES INOCÊNCIO;09/02/2026;SERVIÇO DE TERCEIRO COM MÃO DE OBRA E MATERIAIS PARA CONSERTO DA MOTOBOMBA DE LAMELAS EQUIPARE 19 M³/H BRE-19 30CV 02.;;12/02/2026;;13/02/2026 14:37;CRISTIANO RODEGHIERO MOREIRA;
11533132/0001-03;ELETRO TOMASI;22627;2;55;3.090,00;303;05/02/2026;22/03/2026;4;92;FAC;92;FAC;2054;ADMINISTRACAO;LANÇADA;Solicitação autorizada por: VANESSA CORREA DE MORAES MARTINI em: 09/02/2026 17:00:32 Nota lançada por KAROLINE CRISTINA MENDES INOCÊNCIO em: 11/02/2026;KAROLINE CRISTINA MENDES INOCÊNCIO;09/02/2026;AR CONDICIONADO, HI WALL, 18.000 BTUS, CICLO QUENTE/FRIO, COMPRESSOR CONVENCIONAL, 220V, LG/SAMSUNG/GREE/ELECTROLUX/PHILCO/ELGN/MIDEA/CARRIER/TCL/AGRATTO;;09/02/2026;;11/02/2026 13:41;VANESSA CORREA DE MORAES MARTINI;
54551520/0001-11;ATIVA PRO SERVICE;162;E;99;3.898,20;242;02/02/2026;23/02/2026;7;92;FAC;92;FAC;1155;ENGENHARIA E MANUTENCAO;LANÇADA;Solicitação autorizada por: CRISTIANO RODEGHIERO MOREIRA em: 12/02/2026 19:17:09 Nota lançada por ADRIANA APARECIDA DOS SANTOS em: 13/02/2026;BARBARA REGINA LIPPERT;09/02/2026;CONSERTO DO INVERSOR DE FREQUÊNCIA SCHNEIDER ALTIVAR 320 20HP;;12/02/2026;;13/02/2026 16:33;CRISTIANO RODEGHIERO MOREIRA;
58146236/0001-10;PHDS COMERCIO DE FERRAGENS LTDA;681;S;99;26.890,00;5;06/02/2026;23/03/2026;3;92;FAC;92;FAC;1155;ENGENHARIA E MANUTENCAO;LANÇADA;Solicitação autorizada por: CRISTIANO RODEGHIERO MOREIRA em: 12/02/2026 19:17:08 Nota lançada por ADRIANA APARECIDA DOS SANTOS em: 13/02/2026;BARBARA REGINA LIPPERT;09/02/2026;TORNO - SERVIÇO TERCEIRO: MATERIAL E MÃO DE OBRA PARA RETIFICAR 24 FUROS ACPLAMENTO / FAZER FURAÇÃO DE BASE REDUTOR E PINTURA / USINAGEM DE POLIA 310 MM 5 CANAL C E USINAGEM DE BUCHA CONICA / USINAGEM DE 6 PINOS E 12 ARRUELAS / USINGEM DE BUCHAS DE NYLON PARA O DIGESTOR DE PELOS.;;12/02/2026;;13/02/2026 10:05;CRISTIANO RODEGHIERO MOREIRA;
53687752/0001-39;CERELAB- LABORATORIOS QUIMICOS LTDA.;140838;S;99;3.427,00;97;05/02/2026;22/03/2026;4;92;FAC;92;FAC;1759;CONTROLE DE QUALIDADE;LANÇADA;Solicitação autorizada por: VANESSA CORREA DE MORAES MARTINI em: 12/02/2026 16:38:30 Nota lançada por ADRIANA APARECIDA DOS SANTOS em: 13/02/2026;GABRIELLE APARECIDA CARVALHO;09/02/2026;SERVIÇO DE ANÁLISE LABORATORIAL;;12/02/2026;;13/02/2026 16:08;VANESSA CORREA DE MORAES MARTINI;
55989583/0001-17;OS TAURAS DO AR;813;1;99;8.730,00;242;06/02/2026;06/03/2026;3;92;FAC;92;FAC;1155;ENGENHARIA E MANUTENCAO;LANÇADA;Solicitação autorizada por: CRISTIANO RODEGHIERO MOREIRA em: 12/02/2026 19:17:08 Nota lançada por ADRIANA APARECIDA DOS SANTOS em: 16/02/2026;BARBARA REGINA LIPPERT;09/02/2026;SERVIÇO DE MÃO DE OBRA ESPECIALIZADA PARA MANUTENÇÃO DO SISTEMA DE CLIMATIZAÇÃO COM ELABORAÇÃO E GESTÃO DO PMOC (PLANO DE MANUTENÇÃO, OPERAÇÃO E CONTROLE) COM EMISSÃO E RECOLHIMENTO DA ART (ANOTAÇÃO DE RESPONSABILIDADE TÉCNICA ¿ CREA), CONFORME CONTRATO SEQ. AURORA Nº 15713, NÚMERO AURORA 119738.;;12/02/2026;;16/02/2026 16:48;CRISTIANO RODEGHIERO MOREIRA;
11913842/0001-50;J ORTIZ CONSTRUTORA;2126;S;99;61.000,00;5;02/02/2026;02/03/2026;7;92;FAC;92;FAC;1155;ENGENHARIA E MANUTENCAO;LANÇADA;Solicitação autorizada por: CRISTIANO RODEGHIERO MOREIRA em: 12/02/2026 19:17:10 Nota lançada por ADRIANA APARECIDA DOS SANTOS em: 18/02/2026;BARBARA REGINA LIPPERT;09/02/2026;SERVIÇO DE MÃO DE OBRA E MATERIAL PARA: DEMOLIÇÃO E CONSERTO DA ENTRADA DA BALANÇA EM UMA ÁREA DE 5X4,50(22,5M²) E DESTINAÇÃO DE ENTULHOS, DEMOLIÇÃO DE 4 BASES DE CONCRETO ARMADO EXISTENTES E DESTINAÇÃO DE ENTULHOS, EXECUÇÃO DE 04 NOVAS BASES EM CONCRETO ARMADO COM MEDIDAS DE 50 X 120 E EXECUÇÃO DE 22,5M² DE PAVIMENTO RÍGIDO (CONCRETO ARMADO COM VIGA DE CONCRETO ARMADO PARA REFORÇO NO ACESSO BALANÇA).;;12/02/2026;;18/02/2026 09:23;CRISTIANO RODEGHIERO MOREIRA;
54551520/0001-11;ATIVA PRO SERVICE;164;E;99;5.900,00;242;05/02/2026;26/02/2026;4;92;FAC;92;FAC;1155;ENGENHARIA E MANUTENCAO;LANÇADA;Solicitação autorizada por: CRISTIANO RODEGHIERO MOREIRA em: 12/02/2026 19:17:08 Nota lançada por ADRIANA APARECIDA DOS SANTOS em: 16/02/2026;BARBARA REGINA LIPPERT;09/02/2026;CONSERTO EM IHM DA EMBUTIDEIRA HANDTMANN;;12/02/2026;;16/02/2026 16:39;CRISTIANO RODEGHIERO MOREIRA;
03941052/0003-12;ALIBEM ALIMENTOS S.A.;767794;0;55;378.000,00;-;03/02/2026;05/03/2026;3;92;FAC;92;FAC;2208;GESTAO DE PRODUCAO;LANÇADA;Solicitação autorizada por: VANESSA CORREA DE MORAES MARTINI em: 11/02/2026 13:46:44 Nota lançada por KEVIN SANTOS DE PAULA em: 11/02/2026;WAGNER SUTIL MARTINS;06/02/2026;PEDIDO CARGA ALIBEM, MATERIA PRIMA PARA INDUSTRIALIZAR;;11/02/2026;;11/02/2026 14:07;VANESSA CORREA DE MORAES MARTINI;
01341776/0011-00;MERCOSUL LINE NAVEGACAO E LOGISTICA LTDA;67674;3;57;6.447,76;233;15/01/2026;16/02/2026;22;92;FAC;28;U.V. RECIFE/CB.ST.AG;698;LOGISTICA SECUNDARIA A;LANÇADA;Solicitação autorizada por: GISELE BRUZZI PORTO em: 06/02/2026 16:24:30 Nota lançada por ADRIANA APARECIDA DOS SANTOS em: 09/02/2026;TATIANA CAVALCANTE DA SILVA;06/02/2026;REFERENTE AO CUSTO COM ARMAZENAGEMCARGA: 14215105 NOTA: 67674.;;06/02/2026;;09/02/2026 13:57;GISELE BRUZZI PORTO;
67664797/0001-00;BIORASTRO;391;S;99;7.584,50;286;04/02/2026;;2;92;FAC;92;FAC;1759;CONTROLE DE QUALIDADE;LANÇADA;Solicitação autorizada por: VANESSA CORREA DE MORAES MARTINI em: 06/02/2026 15:48:41 Nota lançada por ADRIANA APARECIDA DOS SANTOS em: 09/02/2026;GABRIELLE APARECIDA CARVALHO;06/02/2026;NF AUDITORIA DE CERTIFICAÇÃO BEA - PAACO;;06/02/2026;;09/02/2026 09:12;VANESSA CORREA DE MORAES MARTINI;
23872438/0001-65;VEETIL ELETRO MOTORES;9;S;99;681,61;242;02/02/2026;02/03/2026;4;92;FAC;92;FAC;1155;ENGENHARIA E MANUTENCAO;LANÇADA;Solicitação autorizada por: CRISTIANO RODEGHIERO MOREIRA em: 12/02/2026 19:17:10 Nota lançada por ADRIANA APARECIDA DOS SANTOS em: 16/02/2026;FELIPE LOPES CANALLI;06/02/2026;MOTOR DA SAIDA DO MOINHO DE SANGUE OS 97845;;12/02/2026;;16/02/2026 10:48;CRISTIANO RODEGHIERO MOREIRA;
23872438/0001-65;VEETIL ELETRO MOTORES;8;S;99;839,86;242;02/02/2026;02/03/2026;4;92;FAC;92;FAC;1155;ENGENHARIA E MANUTENCAO;LANÇADA;Solicitação autorizada por: CRISTIANO RODEGHIERO MOREIRA em: 12/02/2026 19:17:10 Nota lançada por ADRIANA APARECIDA DOS SANTOS em: 16/02/2026;FELIPE LOPES CANALLI;06/02/2026;MOTOR EXAUSTOR DO TETO DA INDUSTRIA/ABATE OS 98513;;12/02/2026;;16/02/2026 10:43;CRISTIANO RODEGHIERO MOREIRA;
23872438/0001-65;VEETIL ELETRO MOTORES;7;S;99;954,65;242;02/02/2026;02/03/2026;4;92;FAC;92;FAC;1155;ENGENHARIA E MANUTENCAO;LANÇADA;Solicitação autorizada por: CRISTIANO RODEGHIERO MOREIRA em: 17/02/2026 07:38:04 Nota lançada por ADRIANA APARECIDA DOS SANTOS em: 17/02/2026;FELIPE LOPES CANALLI;06/02/2026;MOTOR EXAUSTOR DO TETO DA INDUSTRIA/ABATE OS 98512;;17/02/2026;;17/02/2026 08:15;CRISTIANO RODEGHIERO MOREIRA;
23872438/0001-65;VEETIL ELETRO MOTORES;6;S;99;1.367,63;242;02/02/2026;02/03/2026;4;92;FAC;92;FAC;1155;ENGENHARIA E MANUTENCAO;LANÇADA;Solicitação autorizada por: CRISTIANO RODEGHIERO MOREIRA em: 06/02/2026 14:48:31 Nota lançada por ADRIANA APARECIDA DOS SANTOS em: 06/02/2026;FELIPE LOPES CANALLI;06/02/2026;MOTOR DO AGITADOR DA LAGOA MICROBOLHA ETE OS 94949;;06/02/2026;;06/02/2026 17:14;CRISTIANO RODEGHIERO MOREIRA;
23872438/0001-65;VEETIL ELETRO MOTORES;5;S;99;965,93;242;02/02/2026;02/03/2026;4;92;FAC;92;FAC;1155;ENGENHARIA E MANUTENCAO;LANÇADA;Solicitação autorizada por: CRISTIANO RODEGHIERO MOREIRA em: 06/02/2026 14:48:31 Nota lançada por ADRIANA APARECIDA DOS SANTOS em: 06/02/2026;FELIPE LOPES CANALLI;06/02/2026;MOTOR DO SOPRADOR DO GERADOR BIODIGESTOR OS 97679;;06/02/2026;;06/02/2026 17:10;CRISTIANO RODEGHIERO MOREIRA;
23872438/0001-65;VEETIL ELETRO MOTORES;4;S;99;1.205,77;-;02/02/2026;02/03/2026;4;92;FAC;92;FAC;1155;ENGENHARIA E MANUTENCAO;LANÇADA;Solicitação autorizada por: CRISTIANO RODEGHIERO MOREIRA em: 06/02/2026 14:48:31 Nota lançada por ADRIANA APARECIDA DOS SANTOS em: 06/02/2026;FELIPE LOPES CANALLI;06/02/2026;MOTOR DE RECIRCULAÇÃO DO SETOR DA ETE OS 96620;;06/02/2026;;06/02/2026 17:08;CRISTIANO RODEGHIERO MOREIRA;
23872438/0001-65;VEETIL ELETRO MOTORES;3;S;99;1.069,01;242;02/02/2026;02/03/2026;4;92;FAC;92;FAC;1155;ENGENHARIA E MANUTENCAO;LANÇADA;Solicitação autorizada por: CRISTIANO RODEGHIERO MOREIRA em: 06/02/2026 14:48:30 Nota lançada por ADRIANA APARECIDA DOS SANTOS em: 06/02/2026;FELIPE LOPES CANALLI;06/02/2026;MOTOR DE RECIRCULAÇÃO DO SETOR DA ETE OS 96621;;06/02/2026;;06/02/2026 17:04;CRISTIANO RODEGHIERO MOREIRA;
23872438/0001-65;VEETIL ELETRO MOTORES;2;S;99;650,79;242;02/02/2026;02/03/2026;4;92;FAC;92;FAC;1155;ENGENHARIA E MANUTENCAO;LANÇADA;Solicitação autorizada por: CRISTIANO RODEGHIERO MOREIRA em: 06/02/2026 14:48:31 Nota lançada por ADRIANA APARECIDA DOS SANTOS em: 06/02/2026;FELIPE LOPES CANALLI;06/02/2026;MOTOR DO MOTOREDUTOR DA PENEIRA ROTATIVA ETE OS 98430;;06/02/2026;;06/02/2026 17:01;CRISTIANO RODEGHIERO MOREIRA;
23872438/0001-65;VEETIL ELETRO MOTORES;1;S;99;1.352,08;242;02/02/2026;02/03/2026;4;92;FAC;92;FAC;1155;ENGENHARIA E MANUTENCAO;LANÇADA;Solicitação autorizada por: CRISTIANO RODEGHIERO MOREIRA em: 06/02/2026 14:48:31 Nota lançada por ADRIANA APARECIDA DOS SANTOS em: 06/02/2026;FELIPE LOPES CANALLI;06/02/2026;MOTOR DO SOPRADOR DO GERADOR BIODIGESTOR OS 97066;;06/02/2026;;06/02/2026 16:58;CRISTIANO RODEGHIERO MOREIRA;
08283039/0001-75;MECANICA INDUSTRIAL VELOTANO;3261;S;99;3.999,00;242;03/02/2026;03/03/2026;3;92;FAC;92;FAC;1155;ENGENHARIA E MANUTENCAO;LANÇADA;Solicitação autorizada por: CRISTIANO RODEGHIERO MOREIRA em: 06/02/2026 14:48:29 Nota lançada por ADRIANA APARECIDA DOS SANTOS em: 09/02/2026;THAIS MARCONDES DOS SANTOS;06/02/2026;TORNO - USINAGEM EM CILINDRO DA TESOURA DE DESNUCA;;06/02/2026;;09/02/2026 10:24;CRISTIANO RODEGHIERO MOREIRA;
58146236/0001-10;PHDS COMERCIO DE FERRAGENS LTDA;605;S;99;1.785,00;242;20/01/2026;20/02/2026;17;92;FAC;92;FAC;1155;ENGENHARIA E MANUTENCAO;LANÇADA;Solicitação autorizada por: CRISTIANO RODEGHIERO MOREIRA em: 06/02/2026 14:48:32 Nota lançada por ADRIANA APARECIDA DOS SANTOS em: 09/02/2026;THAIS MARCONDES DOS SANTOS;06/02/2026;TORNO- SERVIÇO PARA USINAGEM EM ACOPLAMENTO DA BOMBA HIDRAULICA DO TAMBLER;;06/02/2026;;09/02/2026 09:52;CRISTIANO RODEGHIERO MOREIRA;
00869496/0001-34;METALURGICA BALENA;20054;S;99;15.400,00;3;04/02/2026;04/03/2026;2;92;FAC;92;FAC;1155;ENGENHARIA E MANUTENCAO;LANÇADA;Solicitação autorizada por: CRISTIANO RODEGHIERO MOREIRA em: 06/02/2026 14:48:29 Nota lançada por ADRIANA APARECIDA DOS SANTOS em: 09/02/2026;THAIS MARCONDES DOS SANTOS;06/02/2026;MÃO DE OBRA PARA CONSERTO DE 25 MANEIAS UTILIZADAS NO ABATE AREA SUJA;;06/02/2026;;09/02/2026 08:19;CRISTIANO RODEGHIERO MOREIRA;
08283039/0001-75;MECANICA INDUSTRIAL VELOTANO;3251;S;99;1.900,00;242;02/02/2026;02/03/2026;4;92;FAC;92;FAC;1155;ENGENHARIA E MANUTENCAO;LANÇADA;Solicitação autorizada por: CRISTIANO RODEGHIERO MOREIRA em: 06/02/2026 14:48:31 Nota lançada por ADRIANA APARECIDA DOS SANTOS em: 09/02/2026;BARBARA REGINA LIPPERT;06/02/2026;TORNO- USINAGEM EM CONK. REDUTOR SERVO V-CUT (ENGRENAGEM);;06/02/2026;;09/02/2026 11:09;CRISTIANO RODEGHIERO MOREIRA;
08283039/0001-75;MECANICA INDUSTRIAL VELOTANO;3252;S;99;3.200,00;242;02/02/2026;02/03/2026;4;92;FAC;92;FAC;1155;ENGENHARIA E MANUTENCAO;LANÇADA;Solicitação autorizada por: CRISTIANO RODEGHIERO MOREIRA em: 06/02/2026 14:48:31 Nota lançada por ADRIANA APARECIDA DOS SANTOS em: 09/02/2026;BARBARA REGINA LIPPERT;06/02/2026;TORNO- USINAGEM EM GUIA DA DESOSSA DEBOFLEX;;06/02/2026;;09/02/2026 10:58;CRISTIANO RODEGHIERO MOREIRA;
59376166/0001-50;59.376.166 JOSE AMILTON RODRIGUES DE LIMA;203;S;99;620;-;03/02/2026;;2;92;FAC;92;FAC;1759;CONTROLE DE QUALIDADE;LANÇADA;Solicitação autorizada por: ADRIANO TOMALOK em: 05/02/2026 15:08:20 Nota lançada por ADRIANA APARECIDA DOS SANTOS em: 09/02/2026;LUCAS NUNES BUENO DA SILVA;05/02/2026;;;05/02/2026;Autorizado automaticamente através do pedido de compra 4489429 em 04/02/2026.;09/02/2026 09:12;ADRIANO TOMALOK;
82110818/0002-02;ALFA TRANSPORTES LTDA;8109875;0;57;320;242;29/01/2026;19/02/2026;7;92;FAC;92;FAC;1155;ENGENHARIA E MANUTENCAO;LANÇADA;Solicitação autorizada por: CRISTIANO RODEGHIERO MOREIRA em: 06/02/2026 14:48:32 Nota lançada por ADRIANA APARECIDA DOS SANTOS em: 09/02/2026;ADRIANA APARECIDA DOS SANTOS;05/02/2026;REFERENTE ENVIO DE CONSERTO;;06/02/2026;;09/02/2026 08:25;CRISTIANO RODEGHIERO MOREIRA;
02427026/0009-01;ALIANÇA NAVEGAÇÃO E LOGISTICA LTDA;187336;4;57;9.910,24;171;09/01/2026;15/02/2026;27;92;FAC;28;U.V. RECIFE/CB.ST.AG;698;LOGISTICA SECUNDARIA A;LANÇADA;Solicitação autorizada por: GISELE BRUZZI PORTO em: 05/02/2026 13:42:24 Nota lançada por ADRIANA APARECIDA DOS SANTOS em: 05/02/2026;JEVSON JOSE ALVES FEITOSA;05/02/2026;REFERENTE A CARGA 14335093 NF 043434 NF 043435;;05/02/2026;;05/02/2026 16:14;GISELE BRUZZI PORTO;
51057772/0001-09;JL RIBEIRO SOLUCOES LTDA;60;U;99;2.485,13;286;03/02/2026;13/02/2026;2;92;FAC;92;FAC;2054;ADMINISTRACAO;LANÇADA;Solicitação autorizada por: VANESSA CORREA DE MORAES MARTINI em: 05/02/2026 15:18:33 Nota lançada por ADRIANA APARECIDA DOS SANTOS em: 09/02/2026;CELINA CASSIA CASTRO SOARES;05/02/2026;NOTA REFERENTE A DESLOCAMENTO AUDITORA QUALIDADE - BEM ESTAR ANIMAL DOS DIAS 28 A 30/01;;05/02/2026;;09/02/2026 13:43;VANESSA CORREA DE MORAES MARTINI;
23502259/0001-36;DELTA SERVIÇOS INDUSTRIAIS LTDA-ME;1890;S;99;2.750,00;242;04/02/2026;04/03/2026;1;92;FAC;92;FAC;1155;ENGENHARIA E MANUTENCAO;LANÇADA;Solicitação autorizada por: CRISTIANO RODEGHIERO MOREIRA em: 06/02/2026 14:48:29 Nota lançada por ADRIANA APARECIDA DOS SANTOS em: 09/02/2026;BARBARA REGINA LIPPERT;05/02/2026;SERVIÇO DE MÃO DE OBRA PARA REALIZAÇÃO DE ANÁLISES DE VIBRAÇÃO EM EQUIPAMENTOS E MÁQUINAS, VERIFICANDO A VIDA ÚTIL DOS ROLAMENTOS DE BOMBAS, MOTORES E REDUTORES. OBS: SERVIÇO DEVERÁ SER REALIZADO 1X POR MÊS DE JANEIRO A DEZEMBRO DE 2025, A CADA VISITA DEVERÁ SER APRESENTADO RELATÓRIOS DE DIAGNÓSTICOS E DE ALARMES COM OS HISTÓRICOS DAS ANÁLISES.;;06/02/2026;;09/02/2026 10:19;CRISTIANO RODEGHIERO MOREIRA;
30248458/0001-25;ENEL TRADING BRASIL S/A;225830;1;55;504.834,74;30;03/02/2026;;2;92;FAC;92;FAC;2054;ADMINISTRACAO;LANÇADA;Solicitação autorizada por: VANESSA CORREA DE MORAES MARTINI em: 05/02/2026 15:18:33 Nota lançada por ADRIANA APARECIDA DOS SANTOS em: 06/02/2026;ADRIANA APARECIDA DOS SANTOS;05/02/2026;REFERENTE ENERGIA ELETRICA ENEL;;05/02/2026;;06/02/2026 10:32;VANESSA CORREA DE MORAES MARTINI;
60619202/0035-97;MESSER GASES LTDA;46;S;99;521,95;242;04/02/2026;04/03/2026;1;92;FAC;92;FAC;1155;ENGENHARIA E MANUTENCAO;LANÇADA;Solicitação autorizada por: CRISTIANO RODEGHIERO MOREIRA em: 06/02/2026 14:48:29 Nota lançada por ADRIANA APARECIDA DOS SANTOS em: 10/02/2026;BARBARA REGINA LIPPERT;05/02/2026;ASSISTENCIA TÉCNICA DO TANQUE DE CO2. - 112582 - 14441;;06/02/2026;;10/02/2026 08:21;CRISTIANO RODEGHIERO MOREIRA;
11318959/0001-96;METAL C;763;S;99;16.000,00;242;03/02/2026;03/03/2026;2;92;FAC;92;FAC;1155;ENGENHARIA E MANUTENCAO;LANÇADA;Solicitação autorizada por: CRISTIANO RODEGHIERO MOREIRA em: 06/02/2026 14:48:30 Nota lançada por ADRIANA APARECIDA DOS SANTOS em: 09/02/2026;BARBARA REGINA LIPPERT;05/02/2026;CONFECÇÃO E INSTALAÇÃO DE 2 SAPATAS E 2 BASES PARA REPARO DAS PORTAS DOS TUMBLER, FIXAR 2 SAPATAS NO PISO COM CHUMBADOR QUÍMICO, REALIZAR CORTE DA BASE DA ESTRUTURA DA PORTA E SOLDAR A NOVA, E REALIZAR O AJUSTE DA PORTA COM O TUMBLER.;;06/02/2026;;09/02/2026 09:45;CRISTIANO RODEGHIERO MOREIRA;
19199267/0001-88;SOMA SUL RS EQUIPAMENTOS LTDA.;112;S;99;8.259,89;242;03/02/2026;03/03/2026;2;92;FAC;92;FAC;1155;ENGENHARIA E MANUTENCAO;LANÇADA;Solicitação autorizada por: CRISTIANO RODEGHIERO MOREIRA em: 06/02/2026 14:48:30 Nota lançada por ADRIANA APARECIDA DOS SANTOS em: 09/02/2026;BARBARA REGINA LIPPERT;05/02/2026;SERVIÇO DE TERCEIRO COM MÃO DE OBRA E MATERIAIS PARA CONSERTO DE IMPRESSORA MARKEM-IMAJE 9450 SN CN24300166.;;06/02/2026;;09/02/2026 09:35;CRISTIANO RODEGHIERO MOREIRA;
92753268/0052-62;STEMAC S/A - GRUPO GERADORES;19580;S;99;5.024,67;242;04/02/2026;04/03/2026;1;92;FAC;92;FAC;1155;ENGENHARIA E MANUTENCAO;LANÇADA;Solicitação autorizada por: CRISTIANO RODEGHIERO MOREIRA em: 06/02/2026 14:48:29 Nota lançada por ADRIANA APARECIDA DOS SANTOS em: 06/02/2026;BARBARA REGINA LIPPERT;05/02/2026;SERVIÇO DE CONSERTO EM BOMBA INJETORA DE DIESEL.;;06/02/2026;;06/02/2026 15:47;CRISTIANO RODEGHIERO MOREIRA;
00428307/0024-84;EXPRESSO SAO MIGUEL S/A;804044;1;57;160;172;30/01/2026;20/02/2026;6;92;FAC;92;FAC;2054;ADMINISTRACAO;LANÇADA;Solicitação autorizada por: VANESSA CORREA DE MORAES MARTINI em: 05/02/2026 15:18:33 Nota lançada por KAROLINE CRISTINA MENDES INOCÊNCIO em: 06/02/2026;KAROLINE CRISTINA MENDES INOCÊNCIO;05/02/2026;FRETE  SERÁ LANÇADO AVULSO CONFORME ORIENTADO PELO CSC, POIS A MERCADORIA FOI ENVIADA INDEVIDAMENTE PELO CD PARA CHAPECÓ, ACIONAMOS A TRANSPORTADORA PARA RETIRAR O MATERIAL(TRANSPORTADOR NAO TEM INSCRIÇÃO ATIVA NO ESTADO DO FORNECEDOR );;05/02/2026;;06/02/2026 09:03;VANESSA CORREA DE MORAES MARTINI;
01341776/0001-38;MERCOSUL LINE NAVEGACAO E LOGISTICA LTDA;398300;S;99;2.730,00;233;20/01/2026;13/02/2026;15;92;FAC;28;U.V. RECIFE/CB.ST.AG;698;LOGISTICA SECUNDARIA A;LANÇADA;Solicitação autorizada por: GISELE BRUZZI PORTO em: 09/02/2026 15:49:39 Nota lançada por ADRIANA APARECIDA DOS SANTOS em: 11/02/2026;TATIANA CAVALCANTE DA SILVA;04/02/2026;CUSTO COM DEMURRAGEM, CONT: CGMU5263640, EM VIRTUDE DA NÃO CAPACIDADE DE RECEBIMENTO, ARMAZEM CHEIO. CARGA: 14215105;;09/02/2026;;11/02/2026 08:53;GISELE BRUZZI PORTO;
02427026/0009-01;ALIANÇA NAVEGAÇÃO E LOGISTICA LTDA;188012;4;57;10.112,99;171;21/01/2026;11/02/2026;14;92;FAC;69;U.V. FORTALEZA;698;LOGISTICA SECUNDARIA A;LANÇADA;Solicitação autorizada por: DIRCEU ANGNES em: 05/02/2026 08:46:52 Nota lançada por ADRIANA APARECIDA DOS SANTOS em: 05/02/2026;JOAO VICTOR MARTINS DA SILVA;04/02/2026;FRETE DE CABOTAGEM RECEBIDO NA UNIDADE-69 (FORTALEZA-CE) EM FEVEREIRO DE 2026, CONTAINER DE Nº  MNBU3671222 (NFS 44304 / 44305 / 44306 CARGA: 14394384) ¿ ALIANÇA;;05/02/2026;;05/02/2026 17:02;DIRCEU ANGNES;
11429623/0001-09;AVF;1829;S;99;1.239,90;242;02/02/2026;02/03/2026;2;92;FAC;92;FAC;1155;ENGENHARIA E MANUTENCAO;LANÇADA;Solicitação autorizada por: CRISTIANO RODEGHIERO MOREIRA em: 06/02/2026 14:48:30 Nota lançada por ADRIANA APARECIDA DOS SANTOS em: 09/02/2026;BARBARA REGINA LIPPERT;04/02/2026;TORNO - SERVIÇO DE TERCEIRO COM MÃO DE OBRA E MATERIAL PARA USINAGEM NO SUPORTE DO PISTÃO DO ELEVADOR DE CARGAS DO CURADOS;;06/02/2026;;09/02/2026 10:54;CRISTIANO RODEGHIERO MOREIRA;
11429623/0001-09;AVF;1828;S;99;1.743,40;170;02/02/2026;02/03/2026;2;92;FAC;92;FAC;1155;ENGENHARIA E MANUTENCAO;LANÇADA;Solicitação autorizada por: CRISTIANO RODEGHIERO MOREIRA em: 06/02/2026 14:48:30 Nota lançada por ADRIANA APARECIDA DOS SANTOS em: 09/02/2026;BARBARA REGINA LIPPERT;04/02/2026;TORNO - SERVIÇO DE TERCEIRO COM MÃO DE OBRA E MATERIAL PARA AFIAÇÃO DO CONJUNTO DE NAVALHAS DO TENDERIZADOR;;06/02/2026;;09/02/2026 11:54;CRISTIANO RODEGHIERO MOREIRA;
01341776/0011-00;MERCOSUL LINE NAVEGACAO E LOGISTICA LTDA;67675;3;57;9.779,10;233;15/01/2026;13/02/2026;20;92;FAC;28;U.V. RECIFE/CB.ST.AG;698;LOGISTICA SECUNDARIA A;LANÇADA;Solicitação autorizada por: GISELE BRUZZI PORTO em: 04/02/2026 15:34:41 Nota lançada por ADRIANA APARECIDA DOS SANTOS em: 04/02/2026;TATIANA CAVALCANTE DA SILVA;04/02/2026;REFERENTE AO CUSTO COM MONITORAMENTO E ENERGIA CARGA: 14215105 NOTA: 67675.;;04/02/2026;;04/02/2026 16:50;GISELE BRUZZI PORTO;
58146236/0001-10;PHDS COMERCIO DE FERRAGENS LTDA;643;S;99;16.992,00;242;02/02/2026;02/03/2026;2;92;FAC;92;FAC;1155;ENGENHARIA E MANUTENCAO;LANÇADA;Solicitação autorizada por: CRISTIANO RODEGHIERO MOREIRA em: 06/02/2026 14:48:30 Nota lançada por ADRIANA APARECIDA DOS SANTOS em: 09/02/2026;BARBARA REGINA LIPPERT;04/02/2026;TORNO - SERVIÇO DE REFORMA DE ROSCAS TRANSPORTADORAS;;06/02/2026;;09/02/2026 11:32;CRISTIANO RODEGHIERO MOREIRA;
02427026/0009-01;ALIANÇA NAVEGAÇÃO E LOGISTICA LTDA;187008;4;57;9.998,32;171;31/12/2025;14/02/2026;35;92;FAC;28;U.V. RECIFE/CB.ST.AG;698;LOGISTICA SECUNDARIA A;LANÇADA;Solicitação autorizada por: GISELE BRUZZI PORTO em: 04/02/2026 14:32:18 Nota lançada por ADRIANA APARECIDA DOS SANTOS em: 04/02/2026;JEVSON JOSE ALVES FEITOSA;04/02/2026;REFERENTE A CARGA 14322716 NF 043166 NF 043167;;04/02/2026;;04/02/2026 16:40;GISELE BRUZZI PORTO;
92753268/0052-62;STEMAC S/A - GRUPO GERADORES;19568;S;99;8.280,93;242;03/02/2026;03/03/2026;1;92;FAC;92;FAC;1155;ENGENHARIA E MANUTENCAO;LANÇADA;Solicitação autorizada por: CRISTIANO RODEGHIERO MOREIRA em: 06/02/2026 14:48:30 Nota lançada por ADRIANA APARECIDA DOS SANTOS em: 09/02/2026;BARBARA REGINA LIPPERT;04/02/2026;SERVIÇO DE SUBSTITUIÇÃO DE BOMBA INJETORA E SUBSTITUIÇÃO DE ÓLEO, FILTROS E LÍQUIDO DE ARREFECIMENTO.;;06/02/2026;;09/02/2026 10:36;CRISTIANO RODEGHIERO MOREIRA;
92753268/0052-62;STEMAC S/A - GRUPO GERADORES;19567;S;99;9.058,19;242;03/02/2026;03/03/2026;1;92;FAC;92;FAC;1155;ENGENHARIA E MANUTENCAO;LANÇADA;Solicitação autorizada por: CRISTIANO RODEGHIERO MOREIRA em: 06/02/2026 14:48:29 Nota lançada por ADRIANA APARECIDA DOS SANTOS em: 17/02/2026;BARBARA REGINA LIPPERT;04/02/2026;SERVIÇO DE SUBSTITUIÇÃO DA JUNTA FRONTAL DO FILTRO DO GERADOR DE ENERGIA (SALA DE MÁQUINAS).;;06/02/2026;;17/02/2026 15:04;CRISTIANO RODEGHIERO MOREIRA;
36288404/0001-70;STEAM PRIME  MANUTENÇÃO E CONSERVAÇÃO DE ENERGIA;1633;S;99;33.350,00;242;02/02/2026;02/03/2026;2;92;FAC;92;FAC;1155;ENGENHARIA E MANUTENCAO;LANÇADA;Solicitação autorizada por: CRISTIANO RODEGHIERO MOREIRA em: 06/02/2026 14:48:31 Nota lançada por ADRIANA APARECIDA DOS SANTOS em: 09/02/2026;BARBARA REGINA LIPPERT;04/02/2026;"SERVIÇO DE CONSERTO VALVULA DE BLOQUEIO GLOBO AQUECIMENTO 6"" CLASSE 300 E VALVULA DE BLOQUEIO GLOBO REFRIGERAÇÃO 6""";;06/02/2026;;09/02/2026 11:48;CRISTIANO RODEGHIERO MOREIRA;
00869496/0001-34;METALURGICA BALENA;20046;S;99;17.980,00;242;03/02/2026;03/03/2026;1;92;FAC;92;FAC;1155;ENGENHARIA E MANUTENCAO;LANÇADA;Solicitação autorizada por: CRISTIANO RODEGHIERO MOREIRA em: 06/02/2026 14:48:30 Nota lançada por ADRIANA APARECIDA DOS SANTOS em: 06/02/2026;BARBARA REGINA LIPPERT;04/02/2026;SERVIÇO DE TERCEIRO COM MATERIAL E MÃO DE OBRA PARA REFORMA (ESQUADREJAR GAIOLAS TORTAS, REFAZER SOLDAS TRINCADAS, TROCAR METALON INOX 50 X 50 X # 2.0 EM 10 GAIOLAS E TROCAR 24 RODAS DE NYLON REFORÇADO COM FIBRA DE VIDRO) DE 11 GAIOLAS DE VARAS;;06/02/2026;;06/02/2026 16:12;CRISTIANO RODEGHIERO MOREIRA;
11318959/0001-96;METAL C;765;S;99;38.800,00;242;03/02/2026;03/03/2026;1;92;FAC;92;FAC;1155;ENGENHARIA E MANUTENCAO;LANÇADA;Solicitação autorizada por: CRISTIANO RODEGHIERO MOREIRA em: 06/02/2026 14:48:30 Nota lançada por ADRIANA APARECIDA DOS SANTOS em: 06/02/2026;BARBARA REGINA LIPPERT;04/02/2026;SERVIÇOS DE MECÂNICA PARA SUBSTITUIÇÃO DE TUBULAÇÕES OXIDADES POR AÇO INOX, OS MATERIAIS SERÃO FORNECIDOS PELA UNIDADE. SERVIÇO DE SUBSTITUIÇÃO EM DIVERSOS PONTOS DO ABATE, CORTES PALETIZAÇÃO. A SER EXECUTADO DENTRO DA UNIDADE EM FINAIS DE SEMANA.;;06/02/2026;;06/02/2026 16:26;CRISTIANO RODEGHIERO MOREIRA;
73212722/0001-83;REWEFLON COMERCIAL LTDA;17614;S;99;2.334,46;242;15/01/2026;15/02/2026;19;92;FAC;92;FAC;1155;ENGENHARIA E MANUTENCAO;LANÇADA;Solicitação autorizada por: CRISTIANO RODEGHIERO MOREIRA em: 03/02/2026 17:08:24 Nota lançada por ADRIANA APARECIDA DOS SANTOS em: 04/02/2026;BARBARA REGINA LIPPERT;03/02/2026;RECABELAMENTO EM EIXO PARA ESCOVA LAVA BOTAS;;03/02/2026;;04/02/2026 10:54;CRISTIANO RODEGHIERO MOREIRA;
49009424/0007-00;NORCOAST LOGISTICA S.A;3772;1;57;4.838,71;233;28/01/2026;09/02/2026;6;92;FAC;28;U.V. RECIFE/CB.ST.AG;698;LOGISTICA SECUNDARIA A;LANÇADA;Solicitação autorizada por: GISELE BRUZZI PORTO em: 03/02/2026 16:17:48 Nota lançada por ADRIANA APARECIDA DOS SANTOS em: 04/02/2026;TATIANA CAVALCANTE DA SILVA;03/02/2026;REFERENTE AO CUSTO COM MONITORAMENTO E ENERGIA CARGA: 14284935 NOTA: 3772.;;03/02/2026;;04/02/2026 11:06;GISELE BRUZZI PORTO;
06057223/0398-92;SENDAS DISTRIBUIDORA S/A;20253039;S;99;510;116;23/12/2025;;42;92;FAC;16;MATRIZ;710;LOGISTICA CORPORATIVA;LANÇADA;Solicitação autorizada por: SANTO ANDRE SOAVE em: 04/02/2026 12:56:58 Nota lançada por ADRIANA APARECIDA DOS SANTOS em: 04/02/2026;DOUGLAS RODRIGO DRESLER;03/02/2026;NF PAGA VIA CAIXA 14309466 / 471042;;04/02/2026;;04/02/2026 14:54;SANTO ANDRE SOAVE;3017483
53906484/0001-07;MULT TEC;371;U;99;6.366,24;242;02/02/2026;02/03/2026;1;92;FAC;92;FAC;1155;ENGENHARIA E MANUTENCAO;LANÇADA;Solicitação autorizada por: CRISTIANO RODEGHIERO MOREIRA em: 03/02/2026 17:08:22 Nota lançada por ADRIANA APARECIDA DOS SANTOS em: 04/02/2026;BARBARA REGINA LIPPERT;03/02/2026;SERVIÇO DE ASSITENCIA TECNICA PARA AJUSTE NA PARTE DO CORTE E REGULAGEM DO CILINDRO DA F200 DO FARTIADOS;;03/02/2026;;04/02/2026 09:39;CRISTIANO RODEGHIERO MOREIRA;
53906484/0001-07;MULT TEC;372;U;99;138.374,50;242;02/02/2026;02/03/2026;1;92;FAC;92;FAC;1155;ENGENHARIA E MANUTENCAO;LANÇADA;Solicitação autorizada por: CRISTIANO RODEGHIERO MOREIRA em: 03/02/2026 17:08:23 Nota lançada por ADRIANA APARECIDA DOS SANTOS em: 04/02/2026;BARBARA REGINA LIPPERT;03/02/2026;SERVIÇO DE REFORMA DA TERMOFORMADORA MULTIVAC F200;;03/02/2026;;04/02/2026 09:44;CRISTIANO RODEGHIERO MOREIRA;
00869496/0001-34;METALURGICA BALENA;20018;S;99;23.780,00;242;02/02/2026;02/03/2026;1;92;FAC;92;FAC;1155;ENGENHARIA E MANUTENCAO;LANÇADA;Solicitação autorizada por: CRISTIANO RODEGHIERO MOREIRA em: 03/02/2026 17:08:23 Nota lançada por ADRIANA APARECIDA DOS SANTOS em: 04/02/2026;BARBARA REGINA LIPPERT;03/02/2026;CONSERTO (REFAZER SOLDAS TRINCADAS, ENDIREITAR PARTES TORTAS, SOLDAR NERVURAS E CABOS FALTANTES E ACABAMENTO LAVADO COM GEL DECAPANTE) DE: 52 FORMAS DE PRESUNTO LOG, 43 FORMAS DE PRESUNTO OVAL E 09 FORMAS DE PRESUNTO QUADRADA;;03/02/2026;;04/02/2026 09:49;CRISTIANO RODEGHIERO MOREIRA;
00869496/0001-34;METALURGICA BALENA;20017;S;99;24.500,00;242;02/02/2026;02/03/2026;1;92;FAC;92;FAC;1155;ENGENHARIA E MANUTENCAO;LANÇADA;Solicitação autorizada por: CRISTIANO RODEGHIERO MOREIRA em: 03/02/2026 17:08:23 Nota lançada por ADRIANA APARECIDA DOS SANTOS em: 04/02/2026;BARBARA REGINA LIPPERT;03/02/2026;CONSERTO (ESQUADREJAR GAIOLAS TORTAS, REFAZER SOLDAS TRINCADAS, TROCAR METALON INOX 50 X 50 X # 2.0 DANIFICADOS, TROCAR 20 RODAS DE NYLON REFORÇADO COM FIBRA DE VIDRO) DE 16 GAIOLAS DE VARAS DO SETOR DE COZIDOS;;03/02/2026;;04/02/2026 10:28;CRISTIANO RODEGHIERO MOREIRA;
57029431/0047-80;ATLAS COPCO BRASIL;266504;15;55;31.811,06;242;30/01/2026;16/03/2026;4;92;FAC;92;FAC;1155;ENGENHARIA E MANUTENCAO;LANÇADA;Solicitação autorizada por: CRISTIANO RODEGHIERO MOREIRA em: 03/02/2026 17:08:23 Nota lançada por KAROLINE CRISTINA MENDES INOCÊNCIO em: 20/02/2026;WILLIAN MARCONDES DOS SANTOS;03/02/2026;SERVIÇO DE MANUTENÇÃO PREVENTIVA DE 4.000H COMPRESSOR DE AR G110 VSD Nº DE SÉRIE BQR145481.;;03/02/2026;;20/02/2026 11:15;CRISTIANO RODEGHIERO MOREIRA;
01249392/0001-90;MARIELA LTDA;9728;1;55;17,85;-;30/01/2026;02/03/2026;3;92;FAC;92;FAC;1155;ENGENHARIA E MANUTENCAO;LANÇADA;Solicitação autorizada por: ADRIANO TOMALOK em: 02/02/2026 16:30:28 Nota lançada por WILLIAN MARCONDES DOS SANTOS em: 02/02/2026;WILLIAN MARCONDES DOS SANTOS;02/02/2026;;;02/02/2026;Autorizado automaticamente através do pedido de compra 4486488 em 02/02/2026.;02/02/2026 16:37;ADRIANO TOMALOK;
51057772/0001-09;JL RIBEIRO SOLUCOES LTDA;13;1;57;3.000,00;97;29/01/2026;19/02/2026;4;92;FAC;92;FAC;1759;CONTROLE DE QUALIDADE;LANÇADA;Solicitação autorizada por: VANESSA CORREA DE MORAES MARTINI em: 03/02/2026 17:23:39 Nota lançada por ADRIANA APARECIDA DOS SANTOS em: 04/02/2026;GABRIELLE APARECIDA CARVALHO;02/02/2026;FRETE DE ANÁLISE LABORATORIAL;;03/02/2026;;04/02/2026 10:47;VANESSA CORREA DE MORAES MARTINI;
49793963/0001-89;G.P DA LUZ;457;U;99;13.692,88;5;02/02/2026;02/03/2026;0;92;FAC;92;FAC;1155;ENGENHARIA E MANUTENCAO;LANÇADA;Solicitação autorizada por: CRISTIANO RODEGHIERO MOREIRA em: 03/02/2026 17:08:23 Nota lançada por ADRIANA APARECIDA DOS SANTOS em: 04/02/2026;BARBARA REGINA LIPPERT;02/02/2026;SERVIÇOS DE ELÉTRICA COMO MONTAGEM DE INFRAS E PASSAGEM DE CABOS, MONTAGEM DE TOMADAS, LIGAÇÃO DE APARELHOS E REFORMA DE PAINEIS ELÉTRICOS. SERVIÇO DE DESLIGAMENTO E REMOÇÃO DE INFRAS INUTILIZADAS QUE ESTÃO OBSOLETAS E SEM USO. TODOS OS SERVIÇOS SERÃO EXECUTADOS DENTRO DA UNIDADE FAC EM DIAS DE SEMANA E FINAIS DE SEMANA;;03/02/2026;;04/02/2026 10:32;CRISTIANO RODEGHIERO MOREIRA;
76174911/0001-05;ELETROMOTOR;8496;S;99;1.230,00;242;02/02/2026;;0;92;FAC;92;FAC;1155;ENGENHARIA E MANUTENCAO;LANÇADA;Solicitação autorizada por: CRISTIANO RODEGHIERO MOREIRA em: 03/02/2026 17:08:22 Nota lançada por ADRIANA APARECIDA DOS SANTOS em: 04/02/2026;FELIPE LOPES CANALLI;02/02/2026;MOTOBOMBA DO LAVADOR DE CAMINHÕES OS 99871;;03/02/2026;;04/02/2026 09:21;CRISTIANO RODEGHIERO MOREIRA;
76174911/0001-05;ELETROMOTOR;8495;S;99;2.393,00;242;02/02/2026;;0;92;FAC;92;FAC;1155;ENGENHARIA E MANUTENCAO;LANÇADA;Solicitação autorizada por: CRISTIANO RODEGHIERO MOREIRA em: 03/02/2026 17:08:22 Nota lançada por ADRIANA APARECIDA DOS SANTOS em: 04/02/2026;FELIPE LOPES CANALLI;02/02/2026;MOTOR TURBINA TANQUE DE COZIMENTO 7 OS 96403;;03/02/2026;;04/02/2026 09:19;CRISTIANO RODEGHIERO MOREIRA;
78706751/0014-30;TRANSPEN ENCOMENDAS;173765;1;57;97,35;242;29/01/2026;19/02/2026;4;92;FAC;92;FAC;1155;ENGENHARIA E MANUTENCAO;LANÇADA;Solicitação autorizada por: CRISTIANO RODEGHIERO MOREIRA em: 03/02/2026 17:08:23 Nota lançada por ADRIANA APARECIDA DOS SANTOS em: 03/02/2026;ADRIANA APARECIDA DOS SANTOS;02/02/2026;REFERENTE ENVIO PARA CONSERTO;;03/02/2026;;03/02/2026 17:18;CRISTIANO RODEGHIERO MOREIRA;
00428307/0012-40;EXPRESSO SAO MIGUEL S/A;195440;11;57;430;242;28/01/2026;18/02/2026;5;92;FAC;92;FAC;1155;ENGENHARIA E MANUTENCAO;LANÇADA;Solicitação autorizada por: CRISTIANO RODEGHIERO MOREIRA em: 03/02/2026 17:08:23 Nota lançada por ADRIANA APARECIDA DOS SANTOS em: 03/02/2026;ADRIANA APARECIDA DOS SANTOS;02/02/2026;REFERENTE ENVIO PARA CONSERTO;;03/02/2026;;03/02/2026 17:19;CRISTIANO RODEGHIERO MOREIRA;
78706751/0014-30;TRANSPEN ENCOMENDAS;173087;1;57;480,73;242;26/01/2026;16/02/2026;7;92;FAC;92;FAC;1155;ENGENHARIA E MANUTENCAO;LANÇADA;Solicitação autorizada por: CRISTIANO RODEGHIERO MOREIRA em: 03/02/2026 17:08:24 Nota lançada por ADRIANA APARECIDA DOS SANTOS em: 03/02/2026;ADRIANA APARECIDA DOS SANTOS;02/02/2026;REFERENTE ENVIO PARA CONSERTO;;03/02/2026;;03/02/2026 17:21;CRISTIANO RODEGHIERO MOREIRA;
00428307/0012-40;EXPRESSO SAO MIGUEL S/A;194986;11;57;123;97;26/01/2026;16/02/2026;7;92;FAC;92;FAC;1155;ENGENHARIA E MANUTENCAO;LANÇADA;Solicitação autorizada por: CRISTIANO RODEGHIERO MOREIRA em: 03/02/2026 17:08:24 Nota lançada por ADRIANA APARECIDA DOS SANTOS em: 03/02/2026;ADRIANA APARECIDA DOS SANTOS;02/02/2026;REFERENTE ENVIO DE ÁGUA PARA ANÁLISE;;03/02/2026;;03/02/2026 17:20;CRISTIANO RODEGHIERO MOREIRA;
08283039/0001-75;MECANICA INDUSTRIAL VELOTANO;3254;S;99;3.306,00;242;02/02/2026;02/03/2026;0;92;FAC;92;FAC;1155;ENGENHARIA E MANUTENCAO;LANÇADA;Solicitação autorizada por: CRISTIANO RODEGHIERO MOREIRA em: 03/02/2026 17:08:23 Nota lançada por ADRIANA APARECIDA DOS SANTOS em: 04/02/2026;BARBARA REGINA LIPPERT;02/02/2026;TORNO -  USINAGEM EM KIT ENGRENAGEM SKINNER;;03/02/2026;;04/02/2026 09:25;CRISTIANO RODEGHIERO MOREIRA;
Unidade;Abreviatura unidade;Situação;Qtde;;;;;;;;;;;;;;;;;;;;;;;
Unidade;Abreviatura unidade;Situação;Qtde;;;;;;;;;;;;;;;;;;;;;;;
92;FRIG. AURORA CASTRO;PENDENTE;1;;;;;;;;;;;;;;;;;;;;;;;
92;FRIG. AURORA CASTRO;AUTORIZADA;16;;;;;;;;;;;;;;;;;;;;;;;
92;FRIG. AURORA CASTRO;LANÇADA;263;;;;;;;;;;;;;;;;;;;;;;;
92;FRIG. AURORA CASTRO;AGUARDANDO AUTORIZAÇÃO;3;;;;;;;;;;;;;;;;;;;;;;;
